
---
events:
  -
    kind: "message-v1"
    backtrace:
      - "D:/Microsoft Visual Studio/18/Community/Common7/IDE/CommonExtensions/Microsoft/CMake/CMake/share/cmake-4.3/Modules/CMakeDetermineSystem.cmake:212 (message)"
      - "CMakeLists.txt:7 (project)"
    message: |
      The system is: Windows - 10.0.26200 - AMD64
  -
    kind: "find-v1"
    backtrace:
      - "D:/Microsoft Visual Studio/18/Community/Common7/IDE/CommonExtensions/Microsoft/CMake/CMake/share/cmake-4.3/Modules/CMakeDetermineCompiler.cmake:63 (find_program)"
      - "D:/Microsoft Visual Studio/18/Community/Common7/IDE/CommonExtensions/Microsoft/CMake/CMake/share/cmake-4.3/Modules/CMakeDetermineCCompiler.cmake:64 (_cmake_find_compiler)"
      - "CMakeLists.txt:7 (project)"
    mode: "program"
    variable: "CMAKE_C_COMPILER"
    description: "C compiler"
    settings:
      SearchFramework: "LAST"
      SearchAppBundle: "LAST"
      CMAKE_FIND_USE_CMAKE_PATH: false
      CMAKE_FIND_USE_CMAKE_ENVIRONMENT_PATH: false
      CMAKE_FIND_USE_SYSTEM_ENVIRONMENT_PATH: true
      CMAKE_FIND_USE_CMAKE_SYSTEM_PATH: false
      CMAKE_FIND_USE_INSTALL_PREFIX: true
    names:
      - "cc"
      - "gcc"
      - "cl"
      - "bcc"
      - "xlc"
      - "icx"
      - "clang"
    candidate_directories:
      - "D:/WaterSurfaceRendererScratch/vcpkg_installed/x64-windows/debug/Microsoft Visual Studio/18/Community/VC/Tools/MSVC/14.51.36231/bin/Hostx64/x64/"
      - "D:/WaterSurfaceRendererScratch/vcpkg_installed/x64-windows/debug/Microsoft Visual Studio/18/Community/Common7/IDE/VC/vcpackages/"
      - "D:/WaterSurfaceRendererScratch/vcpkg_installed/x64-windows/debug/Microsoft Visual Studio/18/Community/Common7/IDE/CommonExtensions/Microsoft/TestWindow/"
      - "D:/WaterSurfaceRendererScratch/vcpkg_installed/x64-windows/debug/Microsoft Visual Studio/18/Community/Common7/IDE/CommonExtensions/Microsoft/TeamFoundation/Team Explorer/"
      - "D:/WaterSurfaceRendererScratch/vcpkg_installed/x64-windows/debug/Microsoft Visual Studio/18/Community/MSBuild/Current/Bin/Roslyn/"
      - "D:/WaterSurfaceRendererScratch/vcpkg_installed/x64-windows/debug/Program Files (x86)/Microsoft SDKs/Windows/v10.0A/bin/NETFX 4.8 Tools/x64/"
      - "D:/WaterSurfaceRendererScratch/vcpkg_installed/x64-windows/debug/Microsoft Visual Studio/18/Community/Team Tools/DiagnosticsHub/Collector/"
      - "D:/WaterSurfaceRendererScratch/vcpkg_installed/x64-windows/debug/Microsoft Visual Studio/18/Community/Common7/IDE/Extensions/Microsoft/CodeCoverage.Console/"
      - "D:/WaterSurfaceRendererScratch/vcpkg_installed/x64-windows/debug/Program Files (x86)/Windows Kits/10/bin/10.0.26100.0/x64/"
      - "D:/WaterSurfaceRendererScratch/vcpkg_installed/x64-windows/debug/Program Files (x86)/Windows Kits/10/bin/x64/"
      - "D:/WaterSurfaceRendererScratch/vcpkg_installed/x64-windows/debug/Microsoft Visual Studio/18/Community/MSBuild/Current/Bin/amd64/"
      - "D:/WaterSurfaceRendererScratch/vcpkg_installed/x64-windows/debug/Windows/Microsoft.NET/Framework64/v4.0.30319/"
      - "D:/WaterSurfaceRendererScratch/vcpkg_installed/x64-windows/debug/Microsoft Visual Studio/18/Community/Common7/IDE/"
      - "D:/WaterSurfaceRendererScratch/vcpkg_installed/x64-windows/debug/Microsoft Visual Studio/18/Community/Common7/Tools/"
      - "D:/WaterSurfaceRendererScratch/vcpkg_installed/x64-windows/debug/Users/xukeheng/AppData/Local/vcpkg/downloads/tools/powershell-core-7.5.4-windows/"
      - "D:/WaterSurfaceRendererScratch/vcpkg_installed/x64-windows/debug/Windows/System32/"
      - "D:/WaterSurfaceRendererScratch/vcpkg_installed/x64-windows/debug/Windows/"
      - "D:/WaterSurfaceRendererScratch/vcpkg_installed/x64-windows/debug/Windows/System32/wbem/"
      - "D:/WaterSurfaceRendererScratch/vcpkg_installed/x64-windows/debug/Windows/System32/WindowsPowerShell/v1.0/"
      - "D:/WaterSurfaceRendererScratch/vcpkg_installed/x64-windows/debug/Windows/System32/OpenSSH/"
      - "D:/WaterSurfaceRendererScratch/vcpkg_installed/x64-windows/debug/Microsoft Visual Studio/18/Community/Common7/IDE/CommonExtensions/Microsoft/CMake/CMake/bin/"
      - "D:/WaterSurfaceRendererScratch/vcpkg_installed/x64-windows/debug/Microsoft Visual Studio/18/Community/Common7/IDE/CommonExtensions/Microsoft/CMake/Ninja/"
      - "D:/WaterSurfaceRendererScratch/vcpkg_installed/x64-windows/debug/Microsoft Visual Studio/18/Community/Common7/IDE/VC/Linux/bin/ConnectionManagerExe/"
      - "D:/WaterSurfaceRendererScratch/vcpkg_installed/x64-windows/debug/Microsoft Visual Studio/18/Community/VC/vcpkg/"
      - "D:/WaterSurfaceRendererScratch/vcpkg_installed/x64-windows/Microsoft Visual Studio/18/Community/VC/Tools/MSVC/14.51.36231/bin/Hostx64/x64/"
      - "D:/WaterSurfaceRendererScratch/vcpkg_installed/x64-windows/Microsoft Visual Studio/18/Community/Common7/IDE/VC/vcpackages/"
      - "D:/WaterSurfaceRendererScratch/vcpkg_installed/x64-windows/Microsoft Visual Studio/18/Community/Common7/IDE/CommonExtensions/Microsoft/TestWindow/"
      - "D:/WaterSurfaceRendererScratch/vcpkg_installed/x64-windows/Microsoft Visual Studio/18/Community/Common7/IDE/CommonExtensions/Microsoft/TeamFoundation/Team Explorer/"
      - "D:/WaterSurfaceRendererScratch/vcpkg_installed/x64-windows/Microsoft Visual Studio/18/Community/MSBuild/Current/Bin/Roslyn/"
      - "D:/WaterSurfaceRendererScratch/vcpkg_installed/x64-windows/Program Files (x86)/Microsoft SDKs/Windows/v10.0A/bin/NETFX 4.8 Tools/x64/"
      - "D:/WaterSurfaceRendererScratch/vcpkg_installed/x64-windows/Microsoft Visual Studio/18/Community/Team Tools/DiagnosticsHub/Collector/"
      - "D:/WaterSurfaceRendererScratch/vcpkg_installed/x64-windows/Microsoft Visual Studio/18/Community/Common7/IDE/Extensions/Microsoft/CodeCoverage.Console/"
      - "D:/WaterSurfaceRendererScratch/vcpkg_installed/x64-windows/Program Files (x86)/Windows Kits/10/bin/10.0.26100.0/x64/"
      - "D:/WaterSurfaceRendererScratch/vcpkg_installed/x64-windows/Program Files (x86)/Windows Kits/10/bin/x64/"
      - "D:/WaterSurfaceRendererScratch/vcpkg_installed/x64-windows/Microsoft Visual Studio/18/Community/MSBuild/Current/Bin/amd64/"
      - "D:/WaterSurfaceRendererScratch/vcpkg_installed/x64-windows/Windows/Microsoft.NET/Framework64/v4.0.30319/"
      - "D:/WaterSurfaceRendererScratch/vcpkg_installed/x64-windows/Microsoft Visual Studio/18/Community/Common7/IDE/"
      - "D:/WaterSurfaceRendererScratch/vcpkg_installed/x64-windows/Microsoft Visual Studio/18/Community/Common7/Tools/"
      - "D:/WaterSurfaceRendererScratch/vcpkg_installed/x64-windows/Users/xukeheng/AppData/Local/vcpkg/downloads/tools/powershell-core-7.5.4-windows/"
      - "D:/WaterSurfaceRendererScratch/vcpkg_installed/x64-windows/Windows/System32/"
      - "D:/WaterSurfaceRendererScratch/vcpkg_installed/x64-windows/Windows/"
      - "D:/WaterSurfaceRendererScratch/vcpkg_installed/x64-windows/Windows/System32/wbem/"
      - "D:/WaterSurfaceRendererScratch/vcpkg_installed/x64-windows/Windows/System32/WindowsPowerShell/v1.0/"
      - "D:/WaterSurfaceRendererScratch/vcpkg_installed/x64-windows/Windows/System32/OpenSSH/"
      - "D:/WaterSurfaceRendererScratch/vcpkg_installed/x64-windows/Microsoft Visual Studio/18/Community/Common7/IDE/CommonExtensions/Microsoft/CMake/CMake/bin/"
      - "D:/WaterSurfaceRendererScratch/vcpkg_installed/x64-windows/Microsoft Visual Studio/18/Community/Common7/IDE/CommonExtensions/Microsoft/CMake/Ninja/"
      - "D:/WaterSurfaceRendererScratch/vcpkg_installed/x64-windows/Microsoft Visual Studio/18/Community/Common7/IDE/VC/Linux/bin/ConnectionManagerExe/"
      - "D:/WaterSurfaceRendererScratch/vcpkg_installed/x64-windows/Microsoft Visual Studio/18/Community/VC/vcpkg/"
      - "D:/Microsoft Visual Studio/18/Community/VC/Tools/MSVC/14.51.36231/bin/Hostx64/x64/"
      - "D:/Microsoft Visual Studio/18/Community/Common7/IDE/VC/vcpackages/"
      - "D:/Microsoft Visual Studio/18/Community/Common7/IDE/CommonExtensions/Microsoft/TestWindow/"
      - "D:/Microsoft Visual Studio/18/Community/Common7/IDE/CommonExtensions/Microsoft/TeamFoundation/Team Explorer/"
      - "D:/Microsoft Visual Studio/18/Community/MSBuild/Current/Bin/Roslyn/"
      - "C:/Program Files (x86)/Microsoft SDKs/Windows/v10.0A/bin/NETFX 4.8 Tools/x64/"
      - "D:/Microsoft Visual Studio/18/Community/Team Tools/DiagnosticsHub/Collector/"
      - "D:/Microsoft Visual Studio/18/Community/Common7/IDE/Extensions/Microsoft/CodeCoverage.Console/"
      - "C:/Program Files (x86)/Windows Kits/10/bin/10.0.26100.0/x64/"
      - "C:/Program Files (x86)/Windows Kits/10/bin/x64/"
      - "D:/Microsoft Visual Studio/18/Community/MSBuild/Current/Bin/amd64/"
      - "C:/Windows/Microsoft.NET/Framework64/v4.0.30319/"
      - "D:/Microsoft Visual Studio/18/Community/Common7/IDE/"
      - "D:/Microsoft Visual Studio/18/Community/Common7/Tools/"
      - "C:/Users/xukeheng/AppData/Local/vcpkg/downloads/tools/powershell-core-7.5.4-windows/"
      - "C:/Windows/System32/"
      - "C:/Windows/"
      - "C:/Windows/System32/wbem/"
      - "C:/Windows/System32/WindowsPowerShell/v1.0/"
      - "C:/Windows/System32/OpenSSH/"
      - "D:/Microsoft Visual Studio/18/Community/Common7/IDE/CommonExtensions/Microsoft/CMake/CMake/bin/"
      - "D:/Microsoft Visual Studio/18/Community/Common7/IDE/CommonExtensions/Microsoft/CMake/Ninja/"
      - "D:/Microsoft Visual Studio/18/Community/Common7/IDE/VC/Linux/bin/ConnectionManagerExe/"
      - "D:/Microsoft Visual Studio/18/Community/VC/vcpkg/"
    searched_directories:
      - "D:/WaterSurfaceRendererScratch/vcpkg_installed/x64-windows/debug/Microsoft Visual Studio/18/Community/VC/Tools/MSVC/14.51.36231/bin/Hostx64/x64/cc.com"
      - "D:/WaterSurfaceRendererScratch/vcpkg_installed/x64-windows/debug/Microsoft Visual Studio/18/Community/VC/Tools/MSVC/14.51.36231/bin/Hostx64/x64/cc.exe"
      - "D:/WaterSurfaceRendererScratch/vcpkg_installed/x64-windows/debug/Microsoft Visual Studio/18/Community/VC/Tools/MSVC/14.51.36231/bin/Hostx64/x64/cc"
      - "D:/WaterSurfaceRendererScratch/vcpkg_installed/x64-windows/debug/Microsoft Visual Studio/18/Community/VC/Tools/MSVC/14.51.36231/bin/Hostx64/x64/gcc.com"
      - "D:/WaterSurfaceRendererScratch/vcpkg_installed/x64-windows/debug/Microsoft Visual Studio/18/Community/VC/Tools/MSVC/14.51.36231/bin/Hostx64/x64/gcc.exe"
      - "D:/WaterSurfaceRendererScratch/vcpkg_installed/x64-windows/debug/Microsoft Visual Studio/18/Community/VC/Tools/MSVC/14.51.36231/bin/Hostx64/x64/gcc"
      - "D:/WaterSurfaceRendererScratch/vcpkg_installed/x64-windows/debug/Microsoft Visual Studio/18/Community/VC/Tools/MSVC/14.51.36231/bin/Hostx64/x64/cl.com"
      - "D:/WaterSurfaceRendererScratch/vcpkg_installed/x64-windows/debug/Microsoft Visual Studio/18/Community/VC/Tools/MSVC/14.51.36231/bin/Hostx64/x64/cl.exe"
      - "D:/WaterSurfaceRendererScratch/vcpkg_installed/x64-windows/debug/Microsoft Visual Studio/18/Community/VC/Tools/MSVC/14.51.36231/bin/Hostx64/x64/cl"
      - "D:/WaterSurfaceRendererScratch/vcpkg_installed/x64-windows/debug/Microsoft Visual Studio/18/Community/VC/Tools/MSVC/14.51.36231/bin/Hostx64/x64/bcc.com"
      - "D:/WaterSurfaceRendererScratch/vcpkg_installed/x64-windows/debug/Microsoft Visual Studio/18/Community/VC/Tools/MSVC/14.51.36231/bin/Hostx64/x64/bcc.exe"
      - "D:/WaterSurfaceRendererScratch/vcpkg_installed/x64-windows/debug/Microsoft Visual Studio/18/Community/VC/Tools/MSVC/14.51.36231/bin/Hostx64/x64/bcc"
      - "D:/WaterSurfaceRendererScratch/vcpkg_installed/x64-windows/debug/Microsoft Visual Studio/18/Community/VC/Tools/MSVC/14.51.36231/bin/Hostx64/x64/xlc.com"
      - "D:/WaterSurfaceRendererScratch/vcpkg_installed/x64-windows/debug/Microsoft Visual Studio/18/Community/VC/Tools/MSVC/14.51.36231/bin/Hostx64/x64/xlc.exe"
      - "D:/WaterSurfaceRendererScratch/vcpkg_installed/x64-windows/debug/Microsoft Visual Studio/18/Community/VC/Tools/MSVC/14.51.36231/bin/Hostx64/x64/xlc"
      - "D:/WaterSurfaceRendererScratch/vcpkg_installed/x64-windows/debug/Microsoft Visual Studio/18/Community/VC/Tools/MSVC/14.51.36231/bin/Hostx64/x64/icx.com"
      - "D:/WaterSurfaceRendererScratch/vcpkg_installed/x64-windows/debug/Microsoft Visual Studio/18/Community/VC/Tools/MSVC/14.51.36231/bin/Hostx64/x64/icx.exe"
      - "D:/WaterSurfaceRendererScratch/vcpkg_installed/x64-windows/debug/Microsoft Visual Studio/18/Community/VC/Tools/MSVC/14.51.36231/bin/Hostx64/x64/icx"
      - "D:/WaterSurfaceRendererScratch/vcpkg_installed/x64-windows/debug/Microsoft Visual Studio/18/Community/VC/Tools/MSVC/14.51.36231/bin/Hostx64/x64/clang.com"
      - "D:/WaterSurfaceRendererScratch/vcpkg_installed/x64-windows/debug/Microsoft Visual Studio/18/Community/VC/Tools/MSVC/14.51.36231/bin/Hostx64/x64/clang.exe"
      - "D:/WaterSurfaceRendererScratch/vcpkg_installed/x64-windows/debug/Microsoft Visual Studio/18/Community/VC/Tools/MSVC/14.51.36231/bin/Hostx64/x64/clang"
      - "D:/WaterSurfaceRendererScratch/vcpkg_installed/x64-windows/debug/Microsoft Visual Studio/18/Community/Common7/IDE/VC/vcpackages/cc.com"
      - "D:/WaterSurfaceRendererScratch/vcpkg_installed/x64-windows/debug/Microsoft Visual Studio/18/Community/Common7/IDE/VC/vcpackages/cc.exe"
      - "D:/WaterSurfaceRendererScratch/vcpkg_installed/x64-windows/debug/Microsoft Visual Studio/18/Community/Common7/IDE/VC/vcpackages/cc"
      - "D:/WaterSurfaceRendererScratch/vcpkg_installed/x64-windows/debug/Microsoft Visual Studio/18/Community/Common7/IDE/VC/vcpackages/gcc.com"
      - "D:/WaterSurfaceRendererScratch/vcpkg_installed/x64-windows/debug/Microsoft Visual Studio/18/Community/Common7/IDE/VC/vcpackages/gcc.exe"
      - "D:/WaterSurfaceRendererScratch/vcpkg_installed/x64-windows/debug/Microsoft Visual Studio/18/Community/Common7/IDE/VC/vcpackages/gcc"
      - "D:/WaterSurfaceRendererScratch/vcpkg_installed/x64-windows/debug/Microsoft Visual Studio/18/Community/Common7/IDE/VC/vcpackages/cl.com"
      - "D:/WaterSurfaceRendererScratch/vcpkg_installed/x64-windows/debug/Microsoft Visual Studio/18/Community/Common7/IDE/VC/vcpackages/cl.exe"
      - "D:/WaterSurfaceRendererScratch/vcpkg_installed/x64-windows/debug/Microsoft Visual Studio/18/Community/Common7/IDE/VC/vcpackages/cl"
      - "D:/WaterSurfaceRendererScratch/vcpkg_installed/x64-windows/debug/Microsoft Visual Studio/18/Community/Common7/IDE/VC/vcpackages/bcc.com"
      - "D:/WaterSurfaceRendererScratch/vcpkg_installed/x64-windows/debug/Microsoft Visual Studio/18/Community/Common7/IDE/VC/vcpackages/bcc.exe"
      - "D:/WaterSurfaceRendererScratch/vcpkg_installed/x64-windows/debug/Microsoft Visual Studio/18/Community/Common7/IDE/VC/vcpackages/bcc"
      - "D:/WaterSurfaceRendererScratch/vcpkg_installed/x64-windows/debug/Microsoft Visual Studio/18/Community/Common7/IDE/VC/vcpackages/xlc.com"
      - "D:/WaterSurfaceRendererScratch/vcpkg_installed/x64-windows/debug/Microsoft Visual Studio/18/Community/Common7/IDE/VC/vcpackages/xlc.exe"
      - "D:/WaterSurfaceRendererScratch/vcpkg_installed/x64-windows/debug/Microsoft Visual Studio/18/Community/Common7/IDE/VC/vcpackages/xlc"
      - "D:/WaterSurfaceRendererScratch/vcpkg_installed/x64-windows/debug/Microsoft Visual Studio/18/Community/Common7/IDE/VC/vcpackages/icx.com"
      - "D:/WaterSurfaceRendererScratch/vcpkg_installed/x64-windows/debug/Microsoft Visual Studio/18/Community/Common7/IDE/VC/vcpackages/icx.exe"
      - "D:/WaterSurfaceRendererScratch/vcpkg_installed/x64-windows/debug/Microsoft Visual Studio/18/Community/Common7/IDE/VC/vcpackages/icx"
      - "D:/WaterSurfaceRendererScratch/vcpkg_installed/x64-windows/debug/Microsoft Visual Studio/18/Community/Common7/IDE/VC/vcpackages/clang.com"
      - "D:/WaterSurfaceRendererScratch/vcpkg_installed/x64-windows/debug/Microsoft Visual Studio/18/Community/Common7/IDE/VC/vcpackages/clang.exe"
      - "D:/WaterSurfaceRendererScratch/vcpkg_installed/x64-windows/debug/Microsoft Visual Studio/18/Community/Common7/IDE/VC/vcpackages/clang"
      - "D:/WaterSurfaceRendererScratch/vcpkg_installed/x64-windows/debug/Microsoft Visual Studio/18/Community/Common7/IDE/CommonExtensions/Microsoft/TestWindow/cc.com"
      - "D:/WaterSurfaceRendererScratch/vcpkg_installed/x64-windows/debug/Microsoft Visual Studio/18/Community/Common7/IDE/CommonExtensions/Microsoft/TestWindow/cc.exe"
      - "D:/WaterSurfaceRendererScratch/vcpkg_installed/x64-windows/debug/Microsoft Visual Studio/18/Community/Common7/IDE/CommonExtensions/Microsoft/TestWindow/cc"
      - "D:/WaterSurfaceRendererScratch/vcpkg_installed/x64-windows/debug/Microsoft Visual Studio/18/Community/Common7/IDE/CommonExtensions/Microsoft/TestWindow/gcc.com"
      - "D:/WaterSurfaceRendererScratch/vcpkg_installed/x64-windows/debug/Microsoft Visual Studio/18/Community/Common7/IDE/CommonExtensions/Microsoft/TestWindow/gcc.exe"
      - "D:/WaterSurfaceRendererScratch/vcpkg_installed/x64-windows/debug/Microsoft Visual Studio/18/Community/Common7/IDE/CommonExtensions/Microsoft/TestWindow/gcc"
      - "D:/WaterSurfaceRendererScratch/vcpkg_installed/x64-windows/debug/Microsoft Visual Studio/18/Community/Common7/IDE/CommonExtensions/Microsoft/TestWindow/cl.com"
      - "D:/WaterSurfaceRendererScratch/vcpkg_installed/x64-windows/debug/Microsoft Visual Studio/18/Community/Common7/IDE/CommonExtensions/Microsoft/TestWindow/cl.exe"
      - "D:/WaterSurfaceRendererScratch/vcpkg_installed/x64-windows/debug/Microsoft Visual Studio/18/Community/Common7/IDE/CommonExtensions/Microsoft/TestWindow/cl"
      - "D:/WaterSurfaceRendererScratch/vcpkg_installed/x64-windows/debug/Microsoft Visual Studio/18/Community/Common7/IDE/CommonExtensions/Microsoft/TestWindow/bcc.com"
      - "D:/WaterSurfaceRendererScratch/vcpkg_installed/x64-windows/debug/Microsoft Visual Studio/18/Community/Common7/IDE/CommonExtensions/Microsoft/TestWindow/bcc.exe"
      - "D:/WaterSurfaceRendererScratch/vcpkg_installed/x64-windows/debug/Microsoft Visual Studio/18/Community/Common7/IDE/CommonExtensions/Microsoft/TestWindow/bcc"
      - "D:/WaterSurfaceRendererScratch/vcpkg_installed/x64-windows/debug/Microsoft Visual Studio/18/Community/Common7/IDE/CommonExtensions/Microsoft/TestWindow/xlc.com"
      - "D:/WaterSurfaceRendererScratch/vcpkg_installed/x64-windows/debug/Microsoft Visual Studio/18/Community/Common7/IDE/CommonExtensions/Microsoft/TestWindow/xlc.exe"
      - "D:/WaterSurfaceRendererScratch/vcpkg_installed/x64-windows/debug/Microsoft Visual Studio/18/Community/Common7/IDE/CommonExtensions/Microsoft/TestWindow/xlc"
      - "D:/WaterSurfaceRendererScratch/vcpkg_installed/x64-windows/debug/Microsoft Visual Studio/18/Community/Common7/IDE/CommonExtensions/Microsoft/TestWindow/icx.com"
      - "D:/WaterSurfaceRendererScratch/vcpkg_installed/x64-windows/debug/Microsoft Visual Studio/18/Community/Common7/IDE/CommonExtensions/Microsoft/TestWindow/icx.exe"
      - "D:/WaterSurfaceRendererScratch/vcpkg_installed/x64-windows/debug/Microsoft Visual Studio/18/Community/Common7/IDE/CommonExtensions/Microsoft/TestWindow/icx"
      - "D:/WaterSurfaceRendererScratch/vcpkg_installed/x64-windows/debug/Microsoft Visual Studio/18/Community/Common7/IDE/CommonExtensions/Microsoft/TestWindow/clang.com"
      - "D:/WaterSurfaceRendererScratch/vcpkg_installed/x64-windows/debug/Microsoft Visual Studio/18/Community/Common7/IDE/CommonExtensions/Microsoft/TestWindow/clang.exe"
      - "D:/WaterSurfaceRendererScratch/vcpkg_installed/x64-windows/debug/Microsoft Visual Studio/18/Community/Common7/IDE/CommonExtensions/Microsoft/TestWindow/clang"
      - "D:/WaterSurfaceRendererScratch/vcpkg_installed/x64-windows/debug/Microsoft Visual Studio/18/Community/Common7/IDE/CommonExtensions/Microsoft/TeamFoundation/Team Explorer/cc.com"
      - "D:/WaterSurfaceRendererScratch/vcpkg_installed/x64-windows/debug/Microsoft Visual Studio/18/Community/Common7/IDE/CommonExtensions/Microsoft/TeamFoundation/Team Explorer/cc.exe"
      - "D:/WaterSurfaceRendererScratch/vcpkg_installed/x64-windows/debug/Microsoft Visual Studio/18/Community/Common7/IDE/CommonExtensions/Microsoft/TeamFoundation/Team Explorer/cc"
      - "D:/WaterSurfaceRendererScratch/vcpkg_installed/x64-windows/debug/Microsoft Visual Studio/18/Community/Common7/IDE/CommonExtensions/Microsoft/TeamFoundation/Team Explorer/gcc.com"
      - "D:/WaterSurfaceRendererScratch/vcpkg_installed/x64-windows/debug/Microsoft Visual Studio/18/Community/Common7/IDE/CommonExtensions/Microsoft/TeamFoundation/Team Explorer/gcc.exe"
      - "D:/WaterSurfaceRendererScratch/vcpkg_installed/x64-windows/debug/Microsoft Visual Studio/18/Community/Common7/IDE/CommonExtensions/Microsoft/TeamFoundation/Team Explorer/gcc"
      - "D:/WaterSurfaceRendererScratch/vcpkg_installed/x64-windows/debug/Microsoft Visual Studio/18/Community/Common7/IDE/CommonExtensions/Microsoft/TeamFoundation/Team Explorer/cl.com"
      - "D:/WaterSurfaceRendererScratch/vcpkg_installed/x64-windows/debug/Microsoft Visual Studio/18/Community/Common7/IDE/CommonExtensions/Microsoft/TeamFoundation/Team Explorer/cl.exe"
      - "D:/WaterSurfaceRendererScratch/vcpkg_installed/x64-windows/debug/Microsoft Visual Studio/18/Community/Common7/IDE/CommonExtensions/Microsoft/TeamFoundation/Team Explorer/cl"
      - "D:/WaterSurfaceRendererScratch/vcpkg_installed/x64-windows/debug/Microsoft Visual Studio/18/Community/Common7/IDE/CommonExtensions/Microsoft/TeamFoundation/Team Explorer/bcc.com"
      - "D:/WaterSurfaceRendererScratch/vcpkg_installed/x64-windows/debug/Microsoft Visual Studio/18/Community/Common7/IDE/CommonExtensions/Microsoft/TeamFoundation/Team Explorer/bcc.exe"
      - "D:/WaterSurfaceRendererScratch/vcpkg_installed/x64-windows/debug/Microsoft Visual Studio/18/Community/Common7/IDE/CommonExtensions/Microsoft/TeamFoundation/Team Explorer/bcc"
      - "D:/WaterSurfaceRendererScratch/vcpkg_installed/x64-windows/debug/Microsoft Visual Studio/18/Community/Common7/IDE/CommonExtensions/Microsoft/TeamFoundation/Team Explorer/xlc.com"
      - "D:/WaterSurfaceRendererScratch/vcpkg_installed/x64-windows/debug/Microsoft Visual Studio/18/Community/Common7/IDE/CommonExtensions/Microsoft/TeamFoundation/Team Explorer/xlc.exe"
      - "D:/WaterSurfaceRendererScratch/vcpkg_installed/x64-windows/debug/Microsoft Visual Studio/18/Community/Common7/IDE/CommonExtensions/Microsoft/TeamFoundation/Team Explorer/xlc"
      - "D:/WaterSurfaceRendererScratch/vcpkg_installed/x64-windows/debug/Microsoft Visual Studio/18/Community/Common7/IDE/CommonExtensions/Microsoft/TeamFoundation/Team Explorer/icx.com"
      - "D:/WaterSurfaceRendererScratch/vcpkg_installed/x64-windows/debug/Microsoft Visual Studio/18/Community/Common7/IDE/CommonExtensions/Microsoft/TeamFoundation/Team Explorer/icx.exe"
      - "D:/WaterSurfaceRendererScratch/vcpkg_installed/x64-windows/debug/Microsoft Visual Studio/18/Community/Common7/IDE/CommonExtensions/Microsoft/TeamFoundation/Team Explorer/icx"
      - "D:/WaterSurfaceRendererScratch/vcpkg_installed/x64-windows/debug/Microsoft Visual Studio/18/Community/Common7/IDE/CommonExtensions/Microsoft/TeamFoundation/Team Explorer/clang.com"
      - "D:/WaterSurfaceRendererScratch/vcpkg_installed/x64-windows/debug/Microsoft Visual Studio/18/Community/Common7/IDE/CommonExtensions/Microsoft/TeamFoundation/Team Explorer/clang.exe"
      - "D:/WaterSurfaceRendererScratch/vcpkg_installed/x64-windows/debug/Microsoft Visual Studio/18/Community/Common7/IDE/CommonExtensions/Microsoft/TeamFoundation/Team Explorer/clang"
      - "D:/WaterSurfaceRendererScratch/vcpkg_installed/x64-windows/debug/Microsoft Visual Studio/18/Community/MSBuild/Current/Bin/Roslyn/cc.com"
      - "D:/WaterSurfaceRendererScratch/vcpkg_installed/x64-windows/debug/Microsoft Visual Studio/18/Community/MSBuild/Current/Bin/Roslyn/cc.exe"
      - "D:/WaterSurfaceRendererScratch/vcpkg_installed/x64-windows/debug/Microsoft Visual Studio/18/Community/MSBuild/Current/Bin/Roslyn/cc"
      - "D:/WaterSurfaceRendererScratch/vcpkg_installed/x64-windows/debug/Microsoft Visual Studio/18/Community/MSBuild/Current/Bin/Roslyn/gcc.com"
      - "D:/WaterSurfaceRendererScratch/vcpkg_installed/x64-windows/debug/Microsoft Visual Studio/18/Community/MSBuild/Current/Bin/Roslyn/gcc.exe"
      - "D:/WaterSurfaceRendererScratch/vcpkg_installed/x64-windows/debug/Microsoft Visual Studio/18/Community/MSBuild/Current/Bin/Roslyn/gcc"
      - "D:/WaterSurfaceRendererScratch/vcpkg_installed/x64-windows/debug/Microsoft Visual Studio/18/Community/MSBuild/Current/Bin/Roslyn/cl.com"
      - "D:/WaterSurfaceRendererScratch/vcpkg_installed/x64-windows/debug/Microsoft Visual Studio/18/Community/MSBuild/Current/Bin/Roslyn/cl.exe"
      - "D:/WaterSurfaceRendererScratch/vcpkg_installed/x64-windows/debug/Microsoft Visual Studio/18/Community/MSBuild/Current/Bin/Roslyn/cl"
      - "D:/WaterSurfaceRendererScratch/vcpkg_installed/x64-windows/debug/Microsoft Visual Studio/18/Community/MSBuild/Current/Bin/Roslyn/bcc.com"
      - "D:/WaterSurfaceRendererScratch/vcpkg_installed/x64-windows/debug/Microsoft Visual Studio/18/Community/MSBuild/Current/Bin/Roslyn/bcc.exe"
      - "D:/WaterSurfaceRendererScratch/vcpkg_installed/x64-windows/debug/Microsoft Visual Studio/18/Community/MSBuild/Current/Bin/Roslyn/bcc"
      - "D:/WaterSurfaceRendererScratch/vcpkg_installed/x64-windows/debug/Microsoft Visual Studio/18/Community/MSBuild/Current/Bin/Roslyn/xlc.com"
      - "D:/WaterSurfaceRendererScratch/vcpkg_installed/x64-windows/debug/Microsoft Visual Studio/18/Community/MSBuild/Current/Bin/Roslyn/xlc.exe"
      - "D:/WaterSurfaceRendererScratch/vcpkg_installed/x64-windows/debug/Microsoft Visual Studio/18/Community/MSBuild/Current/Bin/Roslyn/xlc"
      - "D:/WaterSurfaceRendererScratch/vcpkg_installed/x64-windows/debug/Microsoft Visual Studio/18/Community/MSBuild/Current/Bin/Roslyn/icx.com"
      - "D:/WaterSurfaceRendererScratch/vcpkg_installed/x64-windows/debug/Microsoft Visual Studio/18/Community/MSBuild/Current/Bin/Roslyn/icx.exe"
      - "D:/WaterSurfaceRendererScratch/vcpkg_installed/x64-windows/debug/Microsoft Visual Studio/18/Community/MSBuild/Current/Bin/Roslyn/icx"
      - "D:/WaterSurfaceRendererScratch/vcpkg_installed/x64-windows/debug/Microsoft Visual Studio/18/Community/MSBuild/Current/Bin/Roslyn/clang.com"
      - "D:/WaterSurfaceRendererScratch/vcpkg_installed/x64-windows/debug/Microsoft Visual Studio/18/Community/MSBuild/Current/Bin/Roslyn/clang.exe"
      - "D:/WaterSurfaceRendererScratch/vcpkg_installed/x64-windows/debug/Microsoft Visual Studio/18/Community/MSBuild/Current/Bin/Roslyn/clang"
      - "D:/WaterSurfaceRendererScratch/vcpkg_installed/x64-windows/debug/Program Files (x86)/Microsoft SDKs/Windows/v10.0A/bin/NETFX 4.8 Tools/x64/cc.com"
      - "D:/WaterSurfaceRendererScratch/vcpkg_installed/x64-windows/debug/Program Files (x86)/Microsoft SDKs/Windows/v10.0A/bin/NETFX 4.8 Tools/x64/cc.exe"
      - "D:/WaterSurfaceRendererScratch/vcpkg_installed/x64-windows/debug/Program Files (x86)/Microsoft SDKs/Windows/v10.0A/bin/NETFX 4.8 Tools/x64/cc"
      - "D:/WaterSurfaceRendererScratch/vcpkg_installed/x64-windows/debug/Program Files (x86)/Microsoft SDKs/Windows/v10.0A/bin/NETFX 4.8 Tools/x64/gcc.com"
      - "D:/WaterSurfaceRendererScratch/vcpkg_installed/x64-windows/debug/Program Files (x86)/Microsoft SDKs/Windows/v10.0A/bin/NETFX 4.8 Tools/x64/gcc.exe"
      - "D:/WaterSurfaceRendererScratch/vcpkg_installed/x64-windows/debug/Program Files (x86)/Microsoft SDKs/Windows/v10.0A/bin/NETFX 4.8 Tools/x64/gcc"
      - "D:/WaterSurfaceRendererScratch/vcpkg_installed/x64-windows/debug/Program Files (x86)/Microsoft SDKs/Windows/v10.0A/bin/NETFX 4.8 Tools/x64/cl.com"
      - "D:/WaterSurfaceRendererScratch/vcpkg_installed/x64-windows/debug/Program Files (x86)/Microsoft SDKs/Windows/v10.0A/bin/NETFX 4.8 Tools/x64/cl.exe"
      - "D:/WaterSurfaceRendererScratch/vcpkg_installed/x64-windows/debug/Program Files (x86)/Microsoft SDKs/Windows/v10.0A/bin/NETFX 4.8 Tools/x64/cl"
      - "D:/WaterSurfaceRendererScratch/vcpkg_installed/x64-windows/debug/Program Files (x86)/Microsoft SDKs/Windows/v10.0A/bin/NETFX 4.8 Tools/x64/bcc.com"
      - "D:/WaterSurfaceRendererScratch/vcpkg_installed/x64-windows/debug/Program Files (x86)/Microsoft SDKs/Windows/v10.0A/bin/NETFX 4.8 Tools/x64/bcc.exe"
      - "D:/WaterSurfaceRendererScratch/vcpkg_installed/x64-windows/debug/Program Files (x86)/Microsoft SDKs/Windows/v10.0A/bin/NETFX 4.8 Tools/x64/bcc"
      - "D:/WaterSurfaceRendererScratch/vcpkg_installed/x64-windows/debug/Program Files (x86)/Microsoft SDKs/Windows/v10.0A/bin/NETFX 4.8 Tools/x64/xlc.com"
      - "D:/WaterSurfaceRendererScratch/vcpkg_installed/x64-windows/debug/Program Files (x86)/Microsoft SDKs/Windows/v10.0A/bin/NETFX 4.8 Tools/x64/xlc.exe"
      - "D:/WaterSurfaceRendererScratch/vcpkg_installed/x64-windows/debug/Program Files (x86)/Microsoft SDKs/Windows/v10.0A/bin/NETFX 4.8 Tools/x64/xlc"
      - "D:/WaterSurfaceRendererScratch/vcpkg_installed/x64-windows/debug/Program Files (x86)/Microsoft SDKs/Windows/v10.0A/bin/NETFX 4.8 Tools/x64/icx.com"
      - "D:/WaterSurfaceRendererScratch/vcpkg_installed/x64-windows/debug/Program Files (x86)/Microsoft SDKs/Windows/v10.0A/bin/NETFX 4.8 Tools/x64/icx.exe"
      - "D:/WaterSurfaceRendererScratch/vcpkg_installed/x64-windows/debug/Program Files (x86)/Microsoft SDKs/Windows/v10.0A/bin/NETFX 4.8 Tools/x64/icx"
      - "D:/WaterSurfaceRendererScratch/vcpkg_installed/x64-windows/debug/Program Files (x86)/Microsoft SDKs/Windows/v10.0A/bin/NETFX 4.8 Tools/x64/clang.com"
      - "D:/WaterSurfaceRendererScratch/vcpkg_installed/x64-windows/debug/Program Files (x86)/Microsoft SDKs/Windows/v10.0A/bin/NETFX 4.8 Tools/x64/clang.exe"
      - "D:/WaterSurfaceRendererScratch/vcpkg_installed/x64-windows/debug/Program Files (x86)/Microsoft SDKs/Windows/v10.0A/bin/NETFX 4.8 Tools/x64/clang"
      - "D:/WaterSurfaceRendererScratch/vcpkg_installed/x64-windows/debug/Microsoft Visual Studio/18/Community/Team Tools/DiagnosticsHub/Collector/cc.com"
      - "D:/WaterSurfaceRendererScratch/vcpkg_installed/x64-windows/debug/Microsoft Visual Studio/18/Community/Team Tools/DiagnosticsHub/Collector/cc.exe"
      - "D:/WaterSurfaceRendererScratch/vcpkg_installed/x64-windows/debug/Microsoft Visual Studio/18/Community/Team Tools/DiagnosticsHub/Collector/cc"
      - "D:/WaterSurfaceRendererScratch/vcpkg_installed/x64-windows/debug/Microsoft Visual Studio/18/Community/Team Tools/DiagnosticsHub/Collector/gcc.com"
      - "D:/WaterSurfaceRendererScratch/vcpkg_installed/x64-windows/debug/Microsoft Visual Studio/18/Community/Team Tools/DiagnosticsHub/Collector/gcc.exe"
      - "D:/WaterSurfaceRendererScratch/vcpkg_installed/x64-windows/debug/Microsoft Visual Studio/18/Community/Team Tools/DiagnosticsHub/Collector/gcc"
      - "D:/WaterSurfaceRendererScratch/vcpkg_installed/x64-windows/debug/Microsoft Visual Studio/18/Community/Team Tools/DiagnosticsHub/Collector/cl.com"
      - "D:/WaterSurfaceRendererScratch/vcpkg_installed/x64-windows/debug/Microsoft Visual Studio/18/Community/Team Tools/DiagnosticsHub/Collector/cl.exe"
      - "D:/WaterSurfaceRendererScratch/vcpkg_installed/x64-windows/debug/Microsoft Visual Studio/18/Community/Team Tools/DiagnosticsHub/Collector/cl"
      - "D:/WaterSurfaceRendererScratch/vcpkg_installed/x64-windows/debug/Microsoft Visual Studio/18/Community/Team Tools/DiagnosticsHub/Collector/bcc.com"
      - "D:/WaterSurfaceRendererScratch/vcpkg_installed/x64-windows/debug/Microsoft Visual Studio/18/Community/Team Tools/DiagnosticsHub/Collector/bcc.exe"
      - "D:/WaterSurfaceRendererScratch/vcpkg_installed/x64-windows/debug/Microsoft Visual Studio/18/Community/Team Tools/DiagnosticsHub/Collector/bcc"
      - "D:/WaterSurfaceRendererScratch/vcpkg_installed/x64-windows/debug/Microsoft Visual Studio/18/Community/Team Tools/DiagnosticsHub/Collector/xlc.com"
      - "D:/WaterSurfaceRendererScratch/vcpkg_installed/x64-windows/debug/Microsoft Visual Studio/18/Community/Team Tools/DiagnosticsHub/Collector/xlc.exe"
      - "D:/WaterSurfaceRendererScratch/vcpkg_installed/x64-windows/debug/Microsoft Visual Studio/18/Community/Team Tools/DiagnosticsHub/Collector/xlc"
      - "D:/WaterSurfaceRendererScratch/vcpkg_installed/x64-windows/debug/Microsoft Visual Studio/18/Community/Team Tools/DiagnosticsHub/Collector/icx.com"
      - "D:/WaterSurfaceRendererScratch/vcpkg_installed/x64-windows/debug/Microsoft Visual Studio/18/Community/Team Tools/DiagnosticsHub/Collector/icx.exe"
      - "D:/WaterSurfaceRendererScratch/vcpkg_installed/x64-windows/debug/Microsoft Visual Studio/18/Community/Team Tools/DiagnosticsHub/Collector/icx"
      - "D:/WaterSurfaceRendererScratch/vcpkg_installed/x64-windows/debug/Microsoft Visual Studio/18/Community/Team Tools/DiagnosticsHub/Collector/clang.com"
      - "D:/WaterSurfaceRendererScratch/vcpkg_installed/x64-windows/debug/Microsoft Visual Studio/18/Community/Team Tools/DiagnosticsHub/Collector/clang.exe"
      - "D:/WaterSurfaceRendererScratch/vcpkg_installed/x64-windows/debug/Microsoft Visual Studio/18/Community/Team Tools/DiagnosticsHub/Collector/clang"
      - "D:/WaterSurfaceRendererScratch/vcpkg_installed/x64-windows/debug/Microsoft Visual Studio/18/Community/Common7/IDE/Extensions/Microsoft/CodeCoverage.Console/cc.com"
      - "D:/WaterSurfaceRendererScratch/vcpkg_installed/x64-windows/debug/Microsoft Visual Studio/18/Community/Common7/IDE/Extensions/Microsoft/CodeCoverage.Console/cc.exe"
      - "D:/WaterSurfaceRendererScratch/vcpkg_installed/x64-windows/debug/Microsoft Visual Studio/18/Community/Common7/IDE/Extensions/Microsoft/CodeCoverage.Console/cc"
      - "D:/WaterSurfaceRendererScratch/vcpkg_installed/x64-windows/debug/Microsoft Visual Studio/18/Community/Common7/IDE/Extensions/Microsoft/CodeCoverage.Console/gcc.com"
      - "D:/WaterSurfaceRendererScratch/vcpkg_installed/x64-windows/debug/Microsoft Visual Studio/18/Community/Common7/IDE/Extensions/Microsoft/CodeCoverage.Console/gcc.exe"
      - "D:/WaterSurfaceRendererScratch/vcpkg_installed/x64-windows/debug/Microsoft Visual Studio/18/Community/Common7/IDE/Extensions/Microsoft/CodeCoverage.Console/gcc"
      - "D:/WaterSurfaceRendererScratch/vcpkg_installed/x64-windows/debug/Microsoft Visual Studio/18/Community/Common7/IDE/Extensions/Microsoft/CodeCoverage.Console/cl.com"
      - "D:/WaterSurfaceRendererScratch/vcpkg_installed/x64-windows/debug/Microsoft Visual Studio/18/Community/Common7/IDE/Extensions/Microsoft/CodeCoverage.Console/cl.exe"
      - "D:/WaterSurfaceRendererScratch/vcpkg_installed/x64-windows/debug/Microsoft Visual Studio/18/Community/Common7/IDE/Extensions/Microsoft/CodeCoverage.Console/cl"
      - "D:/WaterSurfaceRendererScratch/vcpkg_installed/x64-windows/debug/Microsoft Visual Studio/18/Community/Common7/IDE/Extensions/Microsoft/CodeCoverage.Console/bcc.com"
      - "D:/WaterSurfaceRendererScratch/vcpkg_installed/x64-windows/debug/Microsoft Visual Studio/18/Community/Common7/IDE/Extensions/Microsoft/CodeCoverage.Console/bcc.exe"
      - "D:/WaterSurfaceRendererScratch/vcpkg_installed/x64-windows/debug/Microsoft Visual Studio/18/Community/Common7/IDE/Extensions/Microsoft/CodeCoverage.Console/bcc"
      - "D:/WaterSurfaceRendererScratch/vcpkg_installed/x64-windows/debug/Microsoft Visual Studio/18/Community/Common7/IDE/Extensions/Microsoft/CodeCoverage.Console/xlc.com"
      - "D:/WaterSurfaceRendererScratch/vcpkg_installed/x64-windows/debug/Microsoft Visual Studio/18/Community/Common7/IDE/Extensions/Microsoft/CodeCoverage.Console/xlc.exe"
      - "D:/WaterSurfaceRendererScratch/vcpkg_installed/x64-windows/debug/Microsoft Visual Studio/18/Community/Common7/IDE/Extensions/Microsoft/CodeCoverage.Console/xlc"
      - "D:/WaterSurfaceRendererScratch/vcpkg_installed/x64-windows/debug/Microsoft Visual Studio/18/Community/Common7/IDE/Extensions/Microsoft/CodeCoverage.Console/icx.com"
      - "D:/WaterSurfaceRendererScratch/vcpkg_installed/x64-windows/debug/Microsoft Visual Studio/18/Community/Common7/IDE/Extensions/Microsoft/CodeCoverage.Console/icx.exe"
      - "D:/WaterSurfaceRendererScratch/vcpkg_installed/x64-windows/debug/Microsoft Visual Studio/18/Community/Common7/IDE/Extensions/Microsoft/CodeCoverage.Console/icx"
      - "D:/WaterSurfaceRendererScratch/vcpkg_installed/x64-windows/debug/Microsoft Visual Studio/18/Community/Common7/IDE/Extensions/Microsoft/CodeCoverage.Console/clang.com"
      - "D:/WaterSurfaceRendererScratch/vcpkg_installed/x64-windows/debug/Microsoft Visual Studio/18/Community/Common7/IDE/Extensions/Microsoft/CodeCoverage.Console/clang.exe"
      - "D:/WaterSurfaceRendererScratch/vcpkg_installed/x64-windows/debug/Microsoft Visual Studio/18/Community/Common7/IDE/Extensions/Microsoft/CodeCoverage.Console/clang"
      - "D:/WaterSurfaceRendererScratch/vcpkg_installed/x64-windows/debug/Program Files (x86)/Windows Kits/10/bin/10.0.26100.0/x64/cc.com"
      - "D:/WaterSurfaceRendererScratch/vcpkg_installed/x64-windows/debug/Program Files (x86)/Windows Kits/10/bin/10.0.26100.0/x64/cc.exe"
      - "D:/WaterSurfaceRendererScratch/vcpkg_installed/x64-windows/debug/Program Files (x86)/Windows Kits/10/bin/10.0.26100.0/x64/cc"
      - "D:/WaterSurfaceRendererScratch/vcpkg_installed/x64-windows/debug/Program Files (x86)/Windows Kits/10/bin/10.0.26100.0/x64/gcc.com"
      - "D:/WaterSurfaceRendererScratch/vcpkg_installed/x64-windows/debug/Program Files (x86)/Windows Kits/10/bin/10.0.26100.0/x64/gcc.exe"
      - "D:/WaterSurfaceRendererScratch/vcpkg_installed/x64-windows/debug/Program Files (x86)/Windows Kits/10/bin/10.0.26100.0/x64/gcc"
      - "D:/WaterSurfaceRendererScratch/vcpkg_installed/x64-windows/debug/Program Files (x86)/Windows Kits/10/bin/10.0.26100.0/x64/cl.com"
      - "D:/WaterSurfaceRendererScratch/vcpkg_installed/x64-windows/debug/Program Files (x86)/Windows Kits/10/bin/10.0.26100.0/x64/cl.exe"
      - "D:/WaterSurfaceRendererScratch/vcpkg_installed/x64-windows/debug/Program Files (x86)/Windows Kits/10/bin/10.0.26100.0/x64/cl"
      - "D:/WaterSurfaceRendererScratch/vcpkg_installed/x64-windows/debug/Program Files (x86)/Windows Kits/10/bin/10.0.26100.0/x64/bcc.com"
      - "D:/WaterSurfaceRendererScratch/vcpkg_installed/x64-windows/debug/Program Files (x86)/Windows Kits/10/bin/10.0.26100.0/x64/bcc.exe"
      - "D:/WaterSurfaceRendererScratch/vcpkg_installed/x64-windows/debug/Program Files (x86)/Windows Kits/10/bin/10.0.26100.0/x64/bcc"
      - "D:/WaterSurfaceRendererScratch/vcpkg_installed/x64-windows/debug/Program Files (x86)/Windows Kits/10/bin/10.0.26100.0/x64/xlc.com"
      - "D:/WaterSurfaceRendererScratch/vcpkg_installed/x64-windows/debug/Program Files (x86)/Windows Kits/10/bin/10.0.26100.0/x64/xlc.exe"
      - "D:/WaterSurfaceRendererScratch/vcpkg_installed/x64-windows/debug/Program Files (x86)/Windows Kits/10/bin/10.0.26100.0/x64/xlc"
      - "D:/WaterSurfaceRendererScratch/vcpkg_installed/x64-windows/debug/Program Files (x86)/Windows Kits/10/bin/10.0.26100.0/x64/icx.com"
      - "D:/WaterSurfaceRendererScratch/vcpkg_installed/x64-windows/debug/Program Files (x86)/Windows Kits/10/bin/10.0.26100.0/x64/icx.exe"
      - "D:/WaterSurfaceRendererScratch/vcpkg_installed/x64-windows/debug/Program Files (x86)/Windows Kits/10/bin/10.0.26100.0/x64/icx"
      - "D:/WaterSurfaceRendererScratch/vcpkg_installed/x64-windows/debug/Program Files (x86)/Windows Kits/10/bin/10.0.26100.0/x64/clang.com"
      - "D:/WaterSurfaceRendererScratch/vcpkg_installed/x64-windows/debug/Program Files (x86)/Windows Kits/10/bin/10.0.26100.0/x64/clang.exe"
      - "D:/WaterSurfaceRendererScratch/vcpkg_installed/x64-windows/debug/Program Files (x86)/Windows Kits/10/bin/10.0.26100.0/x64/clang"
      - "D:/WaterSurfaceRendererScratch/vcpkg_installed/x64-windows/debug/Program Files (x86)/Windows Kits/10/bin/x64/cc.com"
      - "D:/WaterSurfaceRendererScratch/vcpkg_installed/x64-windows/debug/Program Files (x86)/Windows Kits/10/bin/x64/cc.exe"
      - "D:/WaterSurfaceRendererScratch/vcpkg_installed/x64-windows/debug/Program Files (x86)/Windows Kits/10/bin/x64/cc"
      - "D:/WaterSurfaceRendererScratch/vcpkg_installed/x64-windows/debug/Program Files (x86)/Windows Kits/10/bin/x64/gcc.com"
      - "D:/WaterSurfaceRendererScratch/vcpkg_installed/x64-windows/debug/Program Files (x86)/Windows Kits/10/bin/x64/gcc.exe"
      - "D:/WaterSurfaceRendererScratch/vcpkg_installed/x64-windows/debug/Program Files (x86)/Windows Kits/10/bin/x64/gcc"
      - "D:/WaterSurfaceRendererScratch/vcpkg_installed/x64-windows/debug/Program Files (x86)/Windows Kits/10/bin/x64/cl.com"
      - "D:/WaterSurfaceRendererScratch/vcpkg_installed/x64-windows/debug/Program Files (x86)/Windows Kits/10/bin/x64/cl.exe"
      - "D:/WaterSurfaceRendererScratch/vcpkg_installed/x64-windows/debug/Program Files (x86)/Windows Kits/10/bin/x64/cl"
      - "D:/WaterSurfaceRendererScratch/vcpkg_installed/x64-windows/debug/Program Files (x86)/Windows Kits/10/bin/x64/bcc.com"
      - "D:/WaterSurfaceRendererScratch/vcpkg_installed/x64-windows/debug/Program Files (x86)/Windows Kits/10/bin/x64/bcc.exe"
      - "D:/WaterSurfaceRendererScratch/vcpkg_installed/x64-windows/debug/Program Files (x86)/Windows Kits/10/bin/x64/bcc"
      - "D:/WaterSurfaceRendererScratch/vcpkg_installed/x64-windows/debug/Program Files (x86)/Windows Kits/10/bin/x64/xlc.com"
      - "D:/WaterSurfaceRendererScratch/vcpkg_installed/x64-windows/debug/Program Files (x86)/Windows Kits/10/bin/x64/xlc.exe"
      - "D:/WaterSurfaceRendererScratch/vcpkg_installed/x64-windows/debug/Program Files (x86)/Windows Kits/10/bin/x64/xlc"
      - "D:/WaterSurfaceRendererScratch/vcpkg_installed/x64-windows/debug/Program Files (x86)/Windows Kits/10/bin/x64/icx.com"
      - "D:/WaterSurfaceRendererScratch/vcpkg_installed/x64-windows/debug/Program Files (x86)/Windows Kits/10/bin/x64/icx.exe"
      - "D:/WaterSurfaceRendererScratch/vcpkg_installed/x64-windows/debug/Program Files (x86)/Windows Kits/10/bin/x64/icx"
      - "D:/WaterSurfaceRendererScratch/vcpkg_installed/x64-windows/debug/Program Files (x86)/Windows Kits/10/bin/x64/clang.com"
      - "D:/WaterSurfaceRendererScratch/vcpkg_installed/x64-windows/debug/Program Files (x86)/Windows Kits/10/bin/x64/clang.exe"
      - "D:/WaterSurfaceRendererScratch/vcpkg_installed/x64-windows/debug/Program Files (x86)/Windows Kits/10/bin/x64/clang"
      - "D:/WaterSurfaceRendererScratch/vcpkg_installed/x64-windows/debug/Microsoft Visual Studio/18/Community/MSBuild/Current/Bin/amd64/cc.com"
      - "D:/WaterSurfaceRendererScratch/vcpkg_installed/x64-windows/debug/Microsoft Visual Studio/18/Community/MSBuild/Current/Bin/amd64/cc.exe"
      - "D:/WaterSurfaceRendererScratch/vcpkg_installed/x64-windows/debug/Microsoft Visual Studio/18/Community/MSBuild/Current/Bin/amd64/cc"
      - "D:/WaterSurfaceRendererScratch/vcpkg_installed/x64-windows/debug/Microsoft Visual Studio/18/Community/MSBuild/Current/Bin/amd64/gcc.com"
      - "D:/WaterSurfaceRendererScratch/vcpkg_installed/x64-windows/debug/Microsoft Visual Studio/18/Community/MSBuild/Current/Bin/amd64/gcc.exe"
      - "D:/WaterSurfaceRendererScratch/vcpkg_installed/x64-windows/debug/Microsoft Visual Studio/18/Community/MSBuild/Current/Bin/amd64/gcc"
      - "D:/WaterSurfaceRendererScratch/vcpkg_installed/x64-windows/debug/Microsoft Visual Studio/18/Community/MSBuild/Current/Bin/amd64/cl.com"
      - "D:/WaterSurfaceRendererScratch/vcpkg_installed/x64-windows/debug/Microsoft Visual Studio/18/Community/MSBuild/Current/Bin/amd64/cl.exe"
      - "D:/WaterSurfaceRendererScratch/vcpkg_installed/x64-windows/debug/Microsoft Visual Studio/18/Community/MSBuild/Current/Bin/amd64/cl"
      - "D:/WaterSurfaceRendererScratch/vcpkg_installed/x64-windows/debug/Microsoft Visual Studio/18/Community/MSBuild/Current/Bin/amd64/bcc.com"
      - "D:/WaterSurfaceRendererScratch/vcpkg_installed/x64-windows/debug/Microsoft Visual Studio/18/Community/MSBuild/Current/Bin/amd64/bcc.exe"
      - "D:/WaterSurfaceRendererScratch/vcpkg_installed/x64-windows/debug/Microsoft Visual Studio/18/Community/MSBuild/Current/Bin/amd64/bcc"
      - "D:/WaterSurfaceRendererScratch/vcpkg_installed/x64-windows/debug/Microsoft Visual Studio/18/Community/MSBuild/Current/Bin/amd64/xlc.com"
      - "D:/WaterSurfaceRendererScratch/vcpkg_installed/x64-windows/debug/Microsoft Visual Studio/18/Community/MSBuild/Current/Bin/amd64/xlc.exe"
      - "D:/WaterSurfaceRendererScratch/vcpkg_installed/x64-windows/debug/Microsoft Visual Studio/18/Community/MSBuild/Current/Bin/amd64/xlc"
      - "D:/WaterSurfaceRendererScratch/vcpkg_installed/x64-windows/debug/Microsoft Visual Studio/18/Community/MSBuild/Current/Bin/amd64/icx.com"
      - "D:/WaterSurfaceRendererScratch/vcpkg_installed/x64-windows/debug/Microsoft Visual Studio/18/Community/MSBuild/Current/Bin/amd64/icx.exe"
      - "D:/WaterSurfaceRendererScratch/vcpkg_installed/x64-windows/debug/Microsoft Visual Studio/18/Community/MSBuild/Current/Bin/amd64/icx"
      - "D:/WaterSurfaceRendererScratch/vcpkg_installed/x64-windows/debug/Microsoft Visual Studio/18/Community/MSBuild/Current/Bin/amd64/clang.com"
      - "D:/WaterSurfaceRendererScratch/vcpkg_installed/x64-windows/debug/Microsoft Visual Studio/18/Community/MSBuild/Current/Bin/amd64/clang.exe"
      - "D:/WaterSurfaceRendererScratch/vcpkg_installed/x64-windows/debug/Microsoft Visual Studio/18/Community/MSBuild/Current/Bin/amd64/clang"
      - "D:/WaterSurfaceRendererScratch/vcpkg_installed/x64-windows/debug/Windows/Microsoft.NET/Framework64/v4.0.30319/cc.com"
      - "D:/WaterSurfaceRendererScratch/vcpkg_installed/x64-windows/debug/Windows/Microsoft.NET/Framework64/v4.0.30319/cc.exe"
      - "D:/WaterSurfaceRendererScratch/vcpkg_installed/x64-windows/debug/Windows/Microsoft.NET/Framework64/v4.0.30319/cc"
      - "D:/WaterSurfaceRendererScratch/vcpkg_installed/x64-windows/debug/Windows/Microsoft.NET/Framework64/v4.0.30319/gcc.com"
      - "D:/WaterSurfaceRendererScratch/vcpkg_installed/x64-windows/debug/Windows/Microsoft.NET/Framework64/v4.0.30319/gcc.exe"
      - "D:/WaterSurfaceRendererScratch/vcpkg_installed/x64-windows/debug/Windows/Microsoft.NET/Framework64/v4.0.30319/gcc"
      - "D:/WaterSurfaceRendererScratch/vcpkg_installed/x64-windows/debug/Windows/Microsoft.NET/Framework64/v4.0.30319/cl.com"
      - "D:/WaterSurfaceRendererScratch/vcpkg_installed/x64-windows/debug/Windows/Microsoft.NET/Framework64/v4.0.30319/cl.exe"
      - "D:/WaterSurfaceRendererScratch/vcpkg_installed/x64-windows/debug/Windows/Microsoft.NET/Framework64/v4.0.30319/cl"
      - "D:/WaterSurfaceRendererScratch/vcpkg_installed/x64-windows/debug/Windows/Microsoft.NET/Framework64/v4.0.30319/bcc.com"
      - "D:/WaterSurfaceRendererScratch/vcpkg_installed/x64-windows/debug/Windows/Microsoft.NET/Framework64/v4.0.30319/bcc.exe"
      - "D:/WaterSurfaceRendererScratch/vcpkg_installed/x64-windows/debug/Windows/Microsoft.NET/Framework64/v4.0.30319/bcc"
      - "D:/WaterSurfaceRendererScratch/vcpkg_installed/x64-windows/debug/Windows/Microsoft.NET/Framework64/v4.0.30319/xlc.com"
      - "D:/WaterSurfaceRendererScratch/vcpkg_installed/x64-windows/debug/Windows/Microsoft.NET/Framework64/v4.0.30319/xlc.exe"
      - "D:/WaterSurfaceRendererScratch/vcpkg_installed/x64-windows/debug/Windows/Microsoft.NET/Framework64/v4.0.30319/xlc"
      - "D:/WaterSurfaceRendererScratch/vcpkg_installed/x64-windows/debug/Windows/Microsoft.NET/Framework64/v4.0.30319/icx.com"
      - "D:/WaterSurfaceRendererScratch/vcpkg_installed/x64-windows/debug/Windows/Microsoft.NET/Framework64/v4.0.30319/icx.exe"
      - "D:/WaterSurfaceRendererScratch/vcpkg_installed/x64-windows/debug/Windows/Microsoft.NET/Framework64/v4.0.30319/icx"
      - "D:/WaterSurfaceRendererScratch/vcpkg_installed/x64-windows/debug/Windows/Microsoft.NET/Framework64/v4.0.30319/clang.com"
      - "D:/WaterSurfaceRendererScratch/vcpkg_installed/x64-windows/debug/Windows/Microsoft.NET/Framework64/v4.0.30319/clang.exe"
      - "D:/WaterSurfaceRendererScratch/vcpkg_installed/x64-windows/debug/Windows/Microsoft.NET/Framework64/v4.0.30319/clang"
      - "D:/WaterSurfaceRendererScratch/vcpkg_installed/x64-windows/debug/Microsoft Visual Studio/18/Community/Common7/IDE/cc.com"
      - "D:/WaterSurfaceRendererScratch/vcpkg_installed/x64-windows/debug/Microsoft Visual Studio/18/Community/Common7/IDE/cc.exe"
      - "D:/WaterSurfaceRendererScratch/vcpkg_installed/x64-windows/debug/Microsoft Visual Studio/18/Community/Common7/IDE/cc"
      - "D:/WaterSurfaceRendererScratch/vcpkg_installed/x64-windows/debug/Microsoft Visual Studio/18/Community/Common7/IDE/gcc.com"
      - "D:/WaterSurfaceRendererScratch/vcpkg_installed/x64-windows/debug/Microsoft Visual Studio/18/Community/Common7/IDE/gcc.exe"
      - "D:/WaterSurfaceRendererScratch/vcpkg_installed/x64-windows/debug/Microsoft Visual Studio/18/Community/Common7/IDE/gcc"
      - "D:/WaterSurfaceRendererScratch/vcpkg_installed/x64-windows/debug/Microsoft Visual Studio/18/Community/Common7/IDE/cl.com"
      - "D:/WaterSurfaceRendererScratch/vcpkg_installed/x64-windows/debug/Microsoft Visual Studio/18/Community/Common7/IDE/cl.exe"
      - "D:/WaterSurfaceRendererScratch/vcpkg_installed/x64-windows/debug/Microsoft Visual Studio/18/Community/Common7/IDE/cl"
      - "D:/WaterSurfaceRendererScratch/vcpkg_installed/x64-windows/debug/Microsoft Visual Studio/18/Community/Common7/IDE/bcc.com"
      - "D:/WaterSurfaceRendererScratch/vcpkg_installed/x64-windows/debug/Microsoft Visual Studio/18/Community/Common7/IDE/bcc.exe"
      - "D:/WaterSurfaceRendererScratch/vcpkg_installed/x64-windows/debug/Microsoft Visual Studio/18/Community/Common7/IDE/bcc"
      - "D:/WaterSurfaceRendererScratch/vcpkg_installed/x64-windows/debug/Microsoft Visual Studio/18/Community/Common7/IDE/xlc.com"
      - "D:/WaterSurfaceRendererScratch/vcpkg_installed/x64-windows/debug/Microsoft Visual Studio/18/Community/Common7/IDE/xlc.exe"
      - "D:/WaterSurfaceRendererScratch/vcpkg_installed/x64-windows/debug/Microsoft Visual Studio/18/Community/Common7/IDE/xlc"
      - "D:/WaterSurfaceRendererScratch/vcpkg_installed/x64-windows/debug/Microsoft Visual Studio/18/Community/Common7/IDE/icx.com"
      - "D:/WaterSurfaceRendererScratch/vcpkg_installed/x64-windows/debug/Microsoft Visual Studio/18/Community/Common7/IDE/icx.exe"
      - "D:/WaterSurfaceRendererScratch/vcpkg_installed/x64-windows/debug/Microsoft Visual Studio/18/Community/Common7/IDE/icx"
      - "D:/WaterSurfaceRendererScratch/vcpkg_installed/x64-windows/debug/Microsoft Visual Studio/18/Community/Common7/IDE/clang.com"
      - "D:/WaterSurfaceRendererScratch/vcpkg_installed/x64-windows/debug/Microsoft Visual Studio/18/Community/Common7/IDE/clang.exe"
      - "D:/WaterSurfaceRendererScratch/vcpkg_installed/x64-windows/debug/Microsoft Visual Studio/18/Community/Common7/IDE/clang"
      - "D:/WaterSurfaceRendererScratch/vcpkg_installed/x64-windows/debug/Microsoft Visual Studio/18/Community/Common7/Tools/cc.com"
      - "D:/WaterSurfaceRendererScratch/vcpkg_installed/x64-windows/debug/Microsoft Visual Studio/18/Community/Common7/Tools/cc.exe"
      - "D:/WaterSurfaceRendererScratch/vcpkg_installed/x64-windows/debug/Microsoft Visual Studio/18/Community/Common7/Tools/cc"
      - "D:/WaterSurfaceRendererScratch/vcpkg_installed/x64-windows/debug/Microsoft Visual Studio/18/Community/Common7/Tools/gcc.com"
      - "D:/WaterSurfaceRendererScratch/vcpkg_installed/x64-windows/debug/Microsoft Visual Studio/18/Community/Common7/Tools/gcc.exe"
      - "D:/WaterSurfaceRendererScratch/vcpkg_installed/x64-windows/debug/Microsoft Visual Studio/18/Community/Common7/Tools/gcc"
      - "D:/WaterSurfaceRendererScratch/vcpkg_installed/x64-windows/debug/Microsoft Visual Studio/18/Community/Common7/Tools/cl.com"
      - "D:/WaterSurfaceRendererScratch/vcpkg_installed/x64-windows/debug/Microsoft Visual Studio/18/Community/Common7/Tools/cl.exe"
      - "D:/WaterSurfaceRendererScratch/vcpkg_installed/x64-windows/debug/Microsoft Visual Studio/18/Community/Common7/Tools/cl"
      - "D:/WaterSurfaceRendererScratch/vcpkg_installed/x64-windows/debug/Microsoft Visual Studio/18/Community/Common7/Tools/bcc.com"
      - "D:/WaterSurfaceRendererScratch/vcpkg_installed/x64-windows/debug/Microsoft Visual Studio/18/Community/Common7/Tools/bcc.exe"
      - "D:/WaterSurfaceRendererScratch/vcpkg_installed/x64-windows/debug/Microsoft Visual Studio/18/Community/Common7/Tools/bcc"
      - "D:/WaterSurfaceRendererScratch/vcpkg_installed/x64-windows/debug/Microsoft Visual Studio/18/Community/Common7/Tools/xlc.com"
      - "D:/WaterSurfaceRendererScratch/vcpkg_installed/x64-windows/debug/Microsoft Visual Studio/18/Community/Common7/Tools/xlc.exe"
      - "D:/WaterSurfaceRendererScratch/vcpkg_installed/x64-windows/debug/Microsoft Visual Studio/18/Community/Common7/Tools/xlc"
      - "D:/WaterSurfaceRendererScratch/vcpkg_installed/x64-windows/debug/Microsoft Visual Studio/18/Community/Common7/Tools/icx.com"
      - "D:/WaterSurfaceRendererScratch/vcpkg_installed/x64-windows/debug/Microsoft Visual Studio/18/Community/Common7/Tools/icx.exe"
      - "D:/WaterSurfaceRendererScratch/vcpkg_installed/x64-windows/debug/Microsoft Visual Studio/18/Community/Common7/Tools/icx"
      - "D:/WaterSurfaceRendererScratch/vcpkg_installed/x64-windows/debug/Microsoft Visual Studio/18/Community/Common7/Tools/clang.com"
      - "D:/WaterSurfaceRendererScratch/vcpkg_installed/x64-windows/debug/Microsoft Visual Studio/18/Community/Common7/Tools/clang.exe"
      - "D:/WaterSurfaceRendererScratch/vcpkg_installed/x64-windows/debug/Microsoft Visual Studio/18/Community/Common7/Tools/clang"
      - "D:/WaterSurfaceRendererScratch/vcpkg_installed/x64-windows/debug/Users/xukeheng/AppData/Local/vcpkg/downloads/tools/powershell-core-7.5.4-windows/cc.com"
      - "D:/WaterSurfaceRendererScratch/vcpkg_installed/x64-windows/debug/Users/xukeheng/AppData/Local/vcpkg/downloads/tools/powershell-core-7.5.4-windows/cc.exe"
      - "D:/WaterSurfaceRendererScratch/vcpkg_installed/x64-windows/debug/Users/xukeheng/AppData/Local/vcpkg/downloads/tools/powershell-core-7.5.4-windows/cc"
      - "D:/WaterSurfaceRendererScratch/vcpkg_installed/x64-windows/debug/Users/xukeheng/AppData/Local/vcpkg/downloads/tools/powershell-core-7.5.4-windows/gcc.com"
      - "D:/WaterSurfaceRendererScratch/vcpkg_installed/x64-windows/debug/Users/xukeheng/AppData/Local/vcpkg/downloads/tools/powershell-core-7.5.4-windows/gcc.exe"
      - "D:/WaterSurfaceRendererScratch/vcpkg_installed/x64-windows/debug/Users/xukeheng/AppData/Local/vcpkg/downloads/tools/powershell-core-7.5.4-windows/gcc"
      - "D:/WaterSurfaceRendererScratch/vcpkg_installed/x64-windows/debug/Users/xukeheng/AppData/Local/vcpkg/downloads/tools/powershell-core-7.5.4-windows/cl.com"
      - "D:/WaterSurfaceRendererScratch/vcpkg_installed/x64-windows/debug/Users/xukeheng/AppData/Local/vcpkg/downloads/tools/powershell-core-7.5.4-windows/cl.exe"
      - "D:/WaterSurfaceRendererScratch/vcpkg_installed/x64-windows/debug/Users/xukeheng/AppData/Local/vcpkg/downloads/tools/powershell-core-7.5.4-windows/cl"
      - "D:/WaterSurfaceRendererScratch/vcpkg_installed/x64-windows/debug/Users/xukeheng/AppData/Local/vcpkg/downloads/tools/powershell-core-7.5.4-windows/bcc.com"
      - "D:/WaterSurfaceRendererScratch/vcpkg_installed/x64-windows/debug/Users/xukeheng/AppData/Local/vcpkg/downloads/tools/powershell-core-7.5.4-windows/bcc.exe"
      - "D:/WaterSurfaceRendererScratch/vcpkg_installed/x64-windows/debug/Users/xukeheng/AppData/Local/vcpkg/downloads/tools/powershell-core-7.5.4-windows/bcc"
      - "D:/WaterSurfaceRendererScratch/vcpkg_installed/x64-windows/debug/Users/xukeheng/AppData/Local/vcpkg/downloads/tools/powershell-core-7.5.4-windows/xlc.com"
      - "D:/WaterSurfaceRendererScratch/vcpkg_installed/x64-windows/debug/Users/xukeheng/AppData/Local/vcpkg/downloads/tools/powershell-core-7.5.4-windows/xlc.exe"
      - "D:/WaterSurfaceRendererScratch/vcpkg_installed/x64-windows/debug/Users/xukeheng/AppData/Local/vcpkg/downloads/tools/powershell-core-7.5.4-windows/xlc"
      - "D:/WaterSurfaceRendererScratch/vcpkg_installed/x64-windows/debug/Users/xukeheng/AppData/Local/vcpkg/downloads/tools/powershell-core-7.5.4-windows/icx.com"
      - "D:/WaterSurfaceRendererScratch/vcpkg_installed/x64-windows/debug/Users/xukeheng/AppData/Local/vcpkg/downloads/tools/powershell-core-7.5.4-windows/icx.exe"
      - "D:/WaterSurfaceRendererScratch/vcpkg_installed/x64-windows/debug/Users/xukeheng/AppData/Local/vcpkg/downloads/tools/powershell-core-7.5.4-windows/icx"
      - "D:/WaterSurfaceRendererScratch/vcpkg_installed/x64-windows/debug/Users/xukeheng/AppData/Local/vcpkg/downloads/tools/powershell-core-7.5.4-windows/clang.com"
      - "D:/WaterSurfaceRendererScratch/vcpkg_installed/x64-windows/debug/Users/xukeheng/AppData/Local/vcpkg/downloads/tools/powershell-core-7.5.4-windows/clang.exe"
      - "D:/WaterSurfaceRendererScratch/vcpkg_installed/x64-windows/debug/Users/xukeheng/AppData/Local/vcpkg/downloads/tools/powershell-core-7.5.4-windows/clang"
      - "D:/WaterSurfaceRendererScratch/vcpkg_installed/x64-windows/debug/Windows/System32/cc.com"
      - "D:/WaterSurfaceRendererScratch/vcpkg_installed/x64-windows/debug/Windows/System32/cc.exe"
      - "D:/WaterSurfaceRendererScratch/vcpkg_installed/x64-windows/debug/Windows/System32/cc"
      - "D:/WaterSurfaceRendererScratch/vcpkg_installed/x64-windows/debug/Windows/System32/gcc.com"
      - "D:/WaterSurfaceRendererScratch/vcpkg_installed/x64-windows/debug/Windows/System32/gcc.exe"
      - "D:/WaterSurfaceRendererScratch/vcpkg_installed/x64-windows/debug/Windows/System32/gcc"
      - "D:/WaterSurfaceRendererScratch/vcpkg_installed/x64-windows/debug/Windows/System32/cl.com"
      - "D:/WaterSurfaceRendererScratch/vcpkg_installed/x64-windows/debug/Windows/System32/cl.exe"
      - "D:/WaterSurfaceRendererScratch/vcpkg_installed/x64-windows/debug/Windows/System32/cl"
      - "D:/WaterSurfaceRendererScratch/vcpkg_installed/x64-windows/debug/Windows/System32/bcc.com"
      - "D:/WaterSurfaceRendererScratch/vcpkg_installed/x64-windows/debug/Windows/System32/bcc.exe"
      - "D:/WaterSurfaceRendererScratch/vcpkg_installed/x64-windows/debug/Windows/System32/bcc"
      - "D:/WaterSurfaceRendererScratch/vcpkg_installed/x64-windows/debug/Windows/System32/xlc.com"
      - "D:/WaterSurfaceRendererScratch/vcpkg_installed/x64-windows/debug/Windows/System32/xlc.exe"
      - "D:/WaterSurfaceRendererScratch/vcpkg_installed/x64-windows/debug/Windows/System32/xlc"
      - "D:/WaterSurfaceRendererScratch/vcpkg_installed/x64-windows/debug/Windows/System32/icx.com"
      - "D:/WaterSurfaceRendererScratch/vcpkg_installed/x64-windows/debug/Windows/System32/icx.exe"
      - "D:/WaterSurfaceRendererScratch/vcpkg_installed/x64-windows/debug/Windows/System32/icx"
      - "D:/WaterSurfaceRendererScratch/vcpkg_installed/x64-windows/debug/Windows/System32/clang.com"
      - "D:/WaterSurfaceRendererScratch/vcpkg_installed/x64-windows/debug/Windows/System32/clang.exe"
      - "D:/WaterSurfaceRendererScratch/vcpkg_installed/x64-windows/debug/Windows/System32/clang"
      - "D:/WaterSurfaceRendererScratch/vcpkg_installed/x64-windows/debug/Windows/cc.com"
      - "D:/WaterSurfaceRendererScratch/vcpkg_installed/x64-windows/debug/Windows/cc.exe"
      - "D:/WaterSurfaceRendererScratch/vcpkg_installed/x64-windows/debug/Windows/cc"
      - "D:/WaterSurfaceRendererScratch/vcpkg_installed/x64-windows/debug/Windows/gcc.com"
      - "D:/WaterSurfaceRendererScratch/vcpkg_installed/x64-windows/debug/Windows/gcc.exe"
      - "D:/WaterSurfaceRendererScratch/vcpkg_installed/x64-windows/debug/Windows/gcc"
      - "D:/WaterSurfaceRendererScratch/vcpkg_installed/x64-windows/debug/Windows/cl.com"
      - "D:/WaterSurfaceRendererScratch/vcpkg_installed/x64-windows/debug/Windows/cl.exe"
      - "D:/WaterSurfaceRendererScratch/vcpkg_installed/x64-windows/debug/Windows/cl"
      - "D:/WaterSurfaceRendererScratch/vcpkg_installed/x64-windows/debug/Windows/bcc.com"
      - "D:/WaterSurfaceRendererScratch/vcpkg_installed/x64-windows/debug/Windows/bcc.exe"
      - "D:/WaterSurfaceRendererScratch/vcpkg_installed/x64-windows/debug/Windows/bcc"
      - "D:/WaterSurfaceRendererScratch/vcpkg_installed/x64-windows/debug/Windows/xlc.com"
      - "D:/WaterSurfaceRendererScratch/vcpkg_installed/x64-windows/debug/Windows/xlc.exe"
      - "D:/WaterSurfaceRendererScratch/vcpkg_installed/x64-windows/debug/Windows/xlc"
      - "D:/WaterSurfaceRendererScratch/vcpkg_installed/x64-windows/debug/Windows/icx.com"
      - "D:/WaterSurfaceRendererScratch/vcpkg_installed/x64-windows/debug/Windows/icx.exe"
      - "D:/WaterSurfaceRendererScratch/vcpkg_installed/x64-windows/debug/Windows/icx"
      - "D:/WaterSurfaceRendererScratch/vcpkg_installed/x64-windows/debug/Windows/clang.com"
      - "D:/WaterSurfaceRendererScratch/vcpkg_installed/x64-windows/debug/Windows/clang.exe"
      - "D:/WaterSurfaceRendererScratch/vcpkg_installed/x64-windows/debug/Windows/clang"
      - "D:/WaterSurfaceRendererScratch/vcpkg_installed/x64-windows/debug/Windows/System32/wbem/cc.com"
      - "D:/WaterSurfaceRendererScratch/vcpkg_installed/x64-windows/debug/Windows/System32/wbem/cc.exe"
      - "D:/WaterSurfaceRendererScratch/vcpkg_installed/x64-windows/debug/Windows/System32/wbem/cc"
      - "D:/WaterSurfaceRendererScratch/vcpkg_installed/x64-windows/debug/Windows/System32/wbem/gcc.com"
      - "D:/WaterSurfaceRendererScratch/vcpkg_installed/x64-windows/debug/Windows/System32/wbem/gcc.exe"
      - "D:/WaterSurfaceRendererScratch/vcpkg_installed/x64-windows/debug/Windows/System32/wbem/gcc"
      - "D:/WaterSurfaceRendererScratch/vcpkg_installed/x64-windows/debug/Windows/System32/wbem/cl.com"
      - "D:/WaterSurfaceRendererScratch/vcpkg_installed/x64-windows/debug/Windows/System32/wbem/cl.exe"
      - "D:/WaterSurfaceRendererScratch/vcpkg_installed/x64-windows/debug/Windows/System32/wbem/cl"
      - "D:/WaterSurfaceRendererScratch/vcpkg_installed/x64-windows/debug/Windows/System32/wbem/bcc.com"
      - "D:/WaterSurfaceRendererScratch/vcpkg_installed/x64-windows/debug/Windows/System32/wbem/bcc.exe"
      - "D:/WaterSurfaceRendererScratch/vcpkg_installed/x64-windows/debug/Windows/System32/wbem/bcc"
      - "D:/WaterSurfaceRendererScratch/vcpkg_installed/x64-windows/debug/Windows/System32/wbem/xlc.com"
      - "D:/WaterSurfaceRendererScratch/vcpkg_installed/x64-windows/debug/Windows/System32/wbem/xlc.exe"
      - "D:/WaterSurfaceRendererScratch/vcpkg_installed/x64-windows/debug/Windows/System32/wbem/xlc"
      - "D:/WaterSurfaceRendererScratch/vcpkg_installed/x64-windows/debug/Windows/System32/wbem/icx.com"
      - "D:/WaterSurfaceRendererScratch/vcpkg_installed/x64-windows/debug/Windows/System32/wbem/icx.exe"
      - "D:/WaterSurfaceRendererScratch/vcpkg_installed/x64-windows/debug/Windows/System32/wbem/icx"
      - "D:/WaterSurfaceRendererScratch/vcpkg_installed/x64-windows/debug/Windows/System32/wbem/clang.com"
      - "D:/WaterSurfaceRendererScratch/vcpkg_installed/x64-windows/debug/Windows/System32/wbem/clang.exe"
      - "D:/WaterSurfaceRendererScratch/vcpkg_installed/x64-windows/debug/Windows/System32/wbem/clang"
      - "D:/WaterSurfaceRendererScratch/vcpkg_installed/x64-windows/debug/Windows/System32/WindowsPowerShell/v1.0/cc.com"
      - "D:/WaterSurfaceRendererScratch/vcpkg_installed/x64-windows/debug/Windows/System32/WindowsPowerShell/v1.0/cc.exe"
      - "D:/WaterSurfaceRendererScratch/vcpkg_installed/x64-windows/debug/Windows/System32/WindowsPowerShell/v1.0/cc"
      - "D:/WaterSurfaceRendererScratch/vcpkg_installed/x64-windows/debug/Windows/System32/WindowsPowerShell/v1.0/gcc.com"
      - "D:/WaterSurfaceRendererScratch/vcpkg_installed/x64-windows/debug/Windows/System32/WindowsPowerShell/v1.0/gcc.exe"
      - "D:/WaterSurfaceRendererScratch/vcpkg_installed/x64-windows/debug/Windows/System32/WindowsPowerShell/v1.0/gcc"
      - "D:/WaterSurfaceRendererScratch/vcpkg_installed/x64-windows/debug/Windows/System32/WindowsPowerShell/v1.0/cl.com"
      - "D:/WaterSurfaceRendererScratch/vcpkg_installed/x64-windows/debug/Windows/System32/WindowsPowerShell/v1.0/cl.exe"
      - "D:/WaterSurfaceRendererScratch/vcpkg_installed/x64-windows/debug/Windows/System32/WindowsPowerShell/v1.0/cl"
      - "D:/WaterSurfaceRendererScratch/vcpkg_installed/x64-windows/debug/Windows/System32/WindowsPowerShell/v1.0/bcc.com"
      - "D:/WaterSurfaceRendererScratch/vcpkg_installed/x64-windows/debug/Windows/System32/WindowsPowerShell/v1.0/bcc.exe"
      - "D:/WaterSurfaceRendererScratch/vcpkg_installed/x64-windows/debug/Windows/System32/WindowsPowerShell/v1.0/bcc"
      - "D:/WaterSurfaceRendererScratch/vcpkg_installed/x64-windows/debug/Windows/System32/WindowsPowerShell/v1.0/xlc.com"
      - "D:/WaterSurfaceRendererScratch/vcpkg_installed/x64-windows/debug/Windows/System32/WindowsPowerShell/v1.0/xlc.exe"
      - "D:/WaterSurfaceRendererScratch/vcpkg_installed/x64-windows/debug/Windows/System32/WindowsPowerShell/v1.0/xlc"
      - "D:/WaterSurfaceRendererScratch/vcpkg_installed/x64-windows/debug/Windows/System32/WindowsPowerShell/v1.0/icx.com"
      - "D:/WaterSurfaceRendererScratch/vcpkg_installed/x64-windows/debug/Windows/System32/WindowsPowerShell/v1.0/icx.exe"
      - "D:/WaterSurfaceRendererScratch/vcpkg_installed/x64-windows/debug/Windows/System32/WindowsPowerShell/v1.0/icx"
      - "D:/WaterSurfaceRendererScratch/vcpkg_installed/x64-windows/debug/Windows/System32/WindowsPowerShell/v1.0/clang.com"
      - "D:/WaterSurfaceRendererScratch/vcpkg_installed/x64-windows/debug/Windows/System32/WindowsPowerShell/v1.0/clang.exe"
      - "D:/WaterSurfaceRendererScratch/vcpkg_installed/x64-windows/debug/Windows/System32/WindowsPowerShell/v1.0/clang"
      - "D:/WaterSurfaceRendererScratch/vcpkg_installed/x64-windows/debug/Windows/System32/OpenSSH/cc.com"
      - "D:/WaterSurfaceRendererScratch/vcpkg_installed/x64-windows/debug/Windows/System32/OpenSSH/cc.exe"
      - "D:/WaterSurfaceRendererScratch/vcpkg_installed/x64-windows/debug/Windows/System32/OpenSSH/cc"
      - "D:/WaterSurfaceRendererScratch/vcpkg_installed/x64-windows/debug/Windows/System32/OpenSSH/gcc.com"
      - "D:/WaterSurfaceRendererScratch/vcpkg_installed/x64-windows/debug/Windows/System32/OpenSSH/gcc.exe"
      - "D:/WaterSurfaceRendererScratch/vcpkg_installed/x64-windows/debug/Windows/System32/OpenSSH/gcc"
      - "D:/WaterSurfaceRendererScratch/vcpkg_installed/x64-windows/debug/Windows/System32/OpenSSH/cl.com"
      - "D:/WaterSurfaceRendererScratch/vcpkg_installed/x64-windows/debug/Windows/System32/OpenSSH/cl.exe"
      - "D:/WaterSurfaceRendererScratch/vcpkg_installed/x64-windows/debug/Windows/System32/OpenSSH/cl"
      - "D:/WaterSurfaceRendererScratch/vcpkg_installed/x64-windows/debug/Windows/System32/OpenSSH/bcc.com"
      - "D:/WaterSurfaceRendererScratch/vcpkg_installed/x64-windows/debug/Windows/System32/OpenSSH/bcc.exe"
      - "D:/WaterSurfaceRendererScratch/vcpkg_installed/x64-windows/debug/Windows/System32/OpenSSH/bcc"
      - "D:/WaterSurfaceRendererScratch/vcpkg_installed/x64-windows/debug/Windows/System32/OpenSSH/xlc.com"
      - "D:/WaterSurfaceRendererScratch/vcpkg_installed/x64-windows/debug/Windows/System32/OpenSSH/xlc.exe"
      - "D:/WaterSurfaceRendererScratch/vcpkg_installed/x64-windows/debug/Windows/System32/OpenSSH/xlc"
      - "D:/WaterSurfaceRendererScratch/vcpkg_installed/x64-windows/debug/Windows/System32/OpenSSH/icx.com"
      - "D:/WaterSurfaceRendererScratch/vcpkg_installed/x64-windows/debug/Windows/System32/OpenSSH/icx.exe"
      - "D:/WaterSurfaceRendererScratch/vcpkg_installed/x64-windows/debug/Windows/System32/OpenSSH/icx"
      - "D:/WaterSurfaceRendererScratch/vcpkg_installed/x64-windows/debug/Windows/System32/OpenSSH/clang.com"
      - "D:/WaterSurfaceRendererScratch/vcpkg_installed/x64-windows/debug/Windows/System32/OpenSSH/clang.exe"
      - "D:/WaterSurfaceRendererScratch/vcpkg_installed/x64-windows/debug/Windows/System32/OpenSSH/clang"
      - "D:/WaterSurfaceRendererScratch/vcpkg_installed/x64-windows/debug/Microsoft Visual Studio/18/Community/Common7/IDE/CommonExtensions/Microsoft/CMake/CMake/bin/cc.com"
      - "D:/WaterSurfaceRendererScratch/vcpkg_installed/x64-windows/debug/Microsoft Visual Studio/18/Community/Common7/IDE/CommonExtensions/Microsoft/CMake/CMake/bin/cc.exe"
      - "D:/WaterSurfaceRendererScratch/vcpkg_installed/x64-windows/debug/Microsoft Visual Studio/18/Community/Common7/IDE/CommonExtensions/Microsoft/CMake/CMake/bin/cc"
      - "D:/WaterSurfaceRendererScratch/vcpkg_installed/x64-windows/debug/Microsoft Visual Studio/18/Community/Common7/IDE/CommonExtensions/Microsoft/CMake/CMake/bin/gcc.com"
      - "D:/WaterSurfaceRendererScratch/vcpkg_installed/x64-windows/debug/Microsoft Visual Studio/18/Community/Common7/IDE/CommonExtensions/Microsoft/CMake/CMake/bin/gcc.exe"
      - "D:/WaterSurfaceRendererScratch/vcpkg_installed/x64-windows/debug/Microsoft Visual Studio/18/Community/Common7/IDE/CommonExtensions/Microsoft/CMake/CMake/bin/gcc"
      - "D:/WaterSurfaceRendererScratch/vcpkg_installed/x64-windows/debug/Microsoft Visual Studio/18/Community/Common7/IDE/CommonExtensions/Microsoft/CMake/CMake/bin/cl.com"
      - "D:/WaterSurfaceRendererScratch/vcpkg_installed/x64-windows/debug/Microsoft Visual Studio/18/Community/Common7/IDE/CommonExtensions/Microsoft/CMake/CMake/bin/cl.exe"
      - "D:/WaterSurfaceRendererScratch/vcpkg_installed/x64-windows/debug/Microsoft Visual Studio/18/Community/Common7/IDE/CommonExtensions/Microsoft/CMake/CMake/bin/cl"
      - "D:/WaterSurfaceRendererScratch/vcpkg_installed/x64-windows/debug/Microsoft Visual Studio/18/Community/Common7/IDE/CommonExtensions/Microsoft/CMake/CMake/bin/bcc.com"
      - "D:/WaterSurfaceRendererScratch/vcpkg_installed/x64-windows/debug/Microsoft Visual Studio/18/Community/Common7/IDE/CommonExtensions/Microsoft/CMake/CMake/bin/bcc.exe"
      - "D:/WaterSurfaceRendererScratch/vcpkg_installed/x64-windows/debug/Microsoft Visual Studio/18/Community/Common7/IDE/CommonExtensions/Microsoft/CMake/CMake/bin/bcc"
      - "D:/WaterSurfaceRendererScratch/vcpkg_installed/x64-windows/debug/Microsoft Visual Studio/18/Community/Common7/IDE/CommonExtensions/Microsoft/CMake/CMake/bin/xlc.com"
      - "D:/WaterSurfaceRendererScratch/vcpkg_installed/x64-windows/debug/Microsoft Visual Studio/18/Community/Common7/IDE/CommonExtensions/Microsoft/CMake/CMake/bin/xlc.exe"
      - "D:/WaterSurfaceRendererScratch/vcpkg_installed/x64-windows/debug/Microsoft Visual Studio/18/Community/Common7/IDE/CommonExtensions/Microsoft/CMake/CMake/bin/xlc"
      - "D:/WaterSurfaceRendererScratch/vcpkg_installed/x64-windows/debug/Microsoft Visual Studio/18/Community/Common7/IDE/CommonExtensions/Microsoft/CMake/CMake/bin/icx.com"
      - "D:/WaterSurfaceRendererScratch/vcpkg_installed/x64-windows/debug/Microsoft Visual Studio/18/Community/Common7/IDE/CommonExtensions/Microsoft/CMake/CMake/bin/icx.exe"
      - "D:/WaterSurfaceRendererScratch/vcpkg_installed/x64-windows/debug/Microsoft Visual Studio/18/Community/Common7/IDE/CommonExtensions/Microsoft/CMake/CMake/bin/icx"
      - "D:/WaterSurfaceRendererScratch/vcpkg_installed/x64-windows/debug/Microsoft Visual Studio/18/Community/Common7/IDE/CommonExtensions/Microsoft/CMake/CMake/bin/clang.com"
      - "D:/WaterSurfaceRendererScratch/vcpkg_installed/x64-windows/debug/Microsoft Visual Studio/18/Community/Common7/IDE/CommonExtensions/Microsoft/CMake/CMake/bin/clang.exe"
      - "D:/WaterSurfaceRendererScratch/vcpkg_installed/x64-windows/debug/Microsoft Visual Studio/18/Community/Common7/IDE/CommonExtensions/Microsoft/CMake/CMake/bin/clang"
      - "D:/WaterSurfaceRendererScratch/vcpkg_installed/x64-windows/debug/Microsoft Visual Studio/18/Community/Common7/IDE/CommonExtensions/Microsoft/CMake/Ninja/cc.com"
      - "D:/WaterSurfaceRendererScratch/vcpkg_installed/x64-windows/debug/Microsoft Visual Studio/18/Community/Common7/IDE/CommonExtensions/Microsoft/CMake/Ninja/cc.exe"
      - "D:/WaterSurfaceRendererScratch/vcpkg_installed/x64-windows/debug/Microsoft Visual Studio/18/Community/Common7/IDE/CommonExtensions/Microsoft/CMake/Ninja/cc"
      - "D:/WaterSurfaceRendererScratch/vcpkg_installed/x64-windows/debug/Microsoft Visual Studio/18/Community/Common7/IDE/CommonExtensions/Microsoft/CMake/Ninja/gcc.com"
      - "D:/WaterSurfaceRendererScratch/vcpkg_installed/x64-windows/debug/Microsoft Visual Studio/18/Community/Common7/IDE/CommonExtensions/Microsoft/CMake/Ninja/gcc.exe"
      - "D:/WaterSurfaceRendererScratch/vcpkg_installed/x64-windows/debug/Microsoft Visual Studio/18/Community/Common7/IDE/CommonExtensions/Microsoft/CMake/Ninja/gcc"
      - "D:/WaterSurfaceRendererScratch/vcpkg_installed/x64-windows/debug/Microsoft Visual Studio/18/Community/Common7/IDE/CommonExtensions/Microsoft/CMake/Ninja/cl.com"
      - "D:/WaterSurfaceRendererScratch/vcpkg_installed/x64-windows/debug/Microsoft Visual Studio/18/Community/Common7/IDE/CommonExtensions/Microsoft/CMake/Ninja/cl.exe"
      - "D:/WaterSurfaceRendererScratch/vcpkg_installed/x64-windows/debug/Microsoft Visual Studio/18/Community/Common7/IDE/CommonExtensions/Microsoft/CMake/Ninja/cl"
      - "D:/WaterSurfaceRendererScratch/vcpkg_installed/x64-windows/debug/Microsoft Visual Studio/18/Community/Common7/IDE/CommonExtensions/Microsoft/CMake/Ninja/bcc.com"
      - "D:/WaterSurfaceRendererScratch/vcpkg_installed/x64-windows/debug/Microsoft Visual Studio/18/Community/Common7/IDE/CommonExtensions/Microsoft/CMake/Ninja/bcc.exe"
      - "D:/WaterSurfaceRendererScratch/vcpkg_installed/x64-windows/debug/Microsoft Visual Studio/18/Community/Common7/IDE/CommonExtensions/Microsoft/CMake/Ninja/bcc"
      - "D:/WaterSurfaceRendererScratch/vcpkg_installed/x64-windows/debug/Microsoft Visual Studio/18/Community/Common7/IDE/CommonExtensions/Microsoft/CMake/Ninja/xlc.com"
      - "D:/WaterSurfaceRendererScratch/vcpkg_installed/x64-windows/debug/Microsoft Visual Studio/18/Community/Common7/IDE/CommonExtensions/Microsoft/CMake/Ninja/xlc.exe"
      - "D:/WaterSurfaceRendererScratch/vcpkg_installed/x64-windows/debug/Microsoft Visual Studio/18/Community/Common7/IDE/CommonExtensions/Microsoft/CMake/Ninja/xlc"
      - "D:/WaterSurfaceRendererScratch/vcpkg_installed/x64-windows/debug/Microsoft Visual Studio/18/Community/Common7/IDE/CommonExtensions/Microsoft/CMake/Ninja/icx.com"
      - "D:/WaterSurfaceRendererScratch/vcpkg_installed/x64-windows/debug/Microsoft Visual Studio/18/Community/Common7/IDE/CommonExtensions/Microsoft/CMake/Ninja/icx.exe"
      - "D:/WaterSurfaceRendererScratch/vcpkg_installed/x64-windows/debug/Microsoft Visual Studio/18/Community/Common7/IDE/CommonExtensions/Microsoft/CMake/Ninja/icx"
      - "D:/WaterSurfaceRendererScratch/vcpkg_installed/x64-windows/debug/Microsoft Visual Studio/18/Community/Common7/IDE/CommonExtensions/Microsoft/CMake/Ninja/clang.com"
      - "D:/WaterSurfaceRendererScratch/vcpkg_installed/x64-windows/debug/Microsoft Visual Studio/18/Community/Common7/IDE/CommonExtensions/Microsoft/CMake/Ninja/clang.exe"
      - "D:/WaterSurfaceRendererScratch/vcpkg_installed/x64-windows/debug/Microsoft Visual Studio/18/Community/Common7/IDE/CommonExtensions/Microsoft/CMake/Ninja/clang"
      - "D:/WaterSurfaceRendererScratch/vcpkg_installed/x64-windows/debug/Microsoft Visual Studio/18/Community/Common7/IDE/VC/Linux/bin/ConnectionManagerExe/cc.com"
      - "D:/WaterSurfaceRendererScratch/vcpkg_installed/x64-windows/debug/Microsoft Visual Studio/18/Community/Common7/IDE/VC/Linux/bin/ConnectionManagerExe/cc.exe"
      - "D:/WaterSurfaceRendererScratch/vcpkg_installed/x64-windows/debug/Microsoft Visual Studio/18/Community/Common7/IDE/VC/Linux/bin/ConnectionManagerExe/cc"
      - "D:/WaterSurfaceRendererScratch/vcpkg_installed/x64-windows/debug/Microsoft Visual Studio/18/Community/Common7/IDE/VC/Linux/bin/ConnectionManagerExe/gcc.com"
      - "D:/WaterSurfaceRendererScratch/vcpkg_installed/x64-windows/debug/Microsoft Visual Studio/18/Community/Common7/IDE/VC/Linux/bin/ConnectionManagerExe/gcc.exe"
      - "D:/WaterSurfaceRendererScratch/vcpkg_installed/x64-windows/debug/Microsoft Visual Studio/18/Community/Common7/IDE/VC/Linux/bin/ConnectionManagerExe/gcc"
      - "D:/WaterSurfaceRendererScratch/vcpkg_installed/x64-windows/debug/Microsoft Visual Studio/18/Community/Common7/IDE/VC/Linux/bin/ConnectionManagerExe/cl.com"
      - "D:/WaterSurfaceRendererScratch/vcpkg_installed/x64-windows/debug/Microsoft Visual Studio/18/Community/Common7/IDE/VC/Linux/bin/ConnectionManagerExe/cl.exe"
      - "D:/WaterSurfaceRendererScratch/vcpkg_installed/x64-windows/debug/Microsoft Visual Studio/18/Community/Common7/IDE/VC/Linux/bin/ConnectionManagerExe/cl"
      - "D:/WaterSurfaceRendererScratch/vcpkg_installed/x64-windows/debug/Microsoft Visual Studio/18/Community/Common7/IDE/VC/Linux/bin/ConnectionManagerExe/bcc.com"
      - "D:/WaterSurfaceRendererScratch/vcpkg_installed/x64-windows/debug/Microsoft Visual Studio/18/Community/Common7/IDE/VC/Linux/bin/ConnectionManagerExe/bcc.exe"
      - "D:/WaterSurfaceRendererScratch/vcpkg_installed/x64-windows/debug/Microsoft Visual Studio/18/Community/Common7/IDE/VC/Linux/bin/ConnectionManagerExe/bcc"
      - "D:/WaterSurfaceRendererScratch/vcpkg_installed/x64-windows/debug/Microsoft Visual Studio/18/Community/Common7/IDE/VC/Linux/bin/ConnectionManagerExe/xlc.com"
      - "D:/WaterSurfaceRendererScratch/vcpkg_installed/x64-windows/debug/Microsoft Visual Studio/18/Community/Common7/IDE/VC/Linux/bin/ConnectionManagerExe/xlc.exe"
      - "D:/WaterSurfaceRendererScratch/vcpkg_installed/x64-windows/debug/Microsoft Visual Studio/18/Community/Common7/IDE/VC/Linux/bin/ConnectionManagerExe/xlc"
      - "D:/WaterSurfaceRendererScratch/vcpkg_installed/x64-windows/debug/Microsoft Visual Studio/18/Community/Common7/IDE/VC/Linux/bin/ConnectionManagerExe/icx.com"
      - "D:/WaterSurfaceRendererScratch/vcpkg_installed/x64-windows/debug/Microsoft Visual Studio/18/Community/Common7/IDE/VC/Linux/bin/ConnectionManagerExe/icx.exe"
      - "D:/WaterSurfaceRendererScratch/vcpkg_installed/x64-windows/debug/Microsoft Visual Studio/18/Community/Common7/IDE/VC/Linux/bin/ConnectionManagerExe/icx"
      - "D:/WaterSurfaceRendererScratch/vcpkg_installed/x64-windows/debug/Microsoft Visual Studio/18/Community/Common7/IDE/VC/Linux/bin/ConnectionManagerExe/clang.com"
      - "D:/WaterSurfaceRendererScratch/vcpkg_installed/x64-windows/debug/Microsoft Visual Studio/18/Community/Common7/IDE/VC/Linux/bin/ConnectionManagerExe/clang.exe"
      - "D:/WaterSurfaceRendererScratch/vcpkg_installed/x64-windows/debug/Microsoft Visual Studio/18/Community/Common7/IDE/VC/Linux/bin/ConnectionManagerExe/clang"
      - "D:/WaterSurfaceRendererScratch/vcpkg_installed/x64-windows/debug/Microsoft Visual Studio/18/Community/VC/vcpkg/cc.com"
      - "D:/WaterSurfaceRendererScratch/vcpkg_installed/x64-windows/debug/Microsoft Visual Studio/18/Community/VC/vcpkg/cc.exe"
      - "D:/WaterSurfaceRendererScratch/vcpkg_installed/x64-windows/debug/Microsoft Visual Studio/18/Community/VC/vcpkg/cc"
      - "D:/WaterSurfaceRendererScratch/vcpkg_installed/x64-windows/debug/Microsoft Visual Studio/18/Community/VC/vcpkg/gcc.com"
      - "D:/WaterSurfaceRendererScratch/vcpkg_installed/x64-windows/debug/Microsoft Visual Studio/18/Community/VC/vcpkg/gcc.exe"
      - "D:/WaterSurfaceRendererScratch/vcpkg_installed/x64-windows/debug/Microsoft Visual Studio/18/Community/VC/vcpkg/gcc"
      - "D:/WaterSurfaceRendererScratch/vcpkg_installed/x64-windows/debug/Microsoft Visual Studio/18/Community/VC/vcpkg/cl.com"
      - "D:/WaterSurfaceRendererScratch/vcpkg_installed/x64-windows/debug/Microsoft Visual Studio/18/Community/VC/vcpkg/cl.exe"
      - "D:/WaterSurfaceRendererScratch/vcpkg_installed/x64-windows/debug/Microsoft Visual Studio/18/Community/VC/vcpkg/cl"
      - "D:/WaterSurfaceRendererScratch/vcpkg_installed/x64-windows/debug/Microsoft Visual Studio/18/Community/VC/vcpkg/bcc.com"
      - "D:/WaterSurfaceRendererScratch/vcpkg_installed/x64-windows/debug/Microsoft Visual Studio/18/Community/VC/vcpkg/bcc.exe"
      - "D:/WaterSurfaceRendererScratch/vcpkg_installed/x64-windows/debug/Microsoft Visual Studio/18/Community/VC/vcpkg/bcc"
      - "D:/WaterSurfaceRendererScratch/vcpkg_installed/x64-windows/debug/Microsoft Visual Studio/18/Community/VC/vcpkg/xlc.com"
      - "D:/WaterSurfaceRendererScratch/vcpkg_installed/x64-windows/debug/Microsoft Visual Studio/18/Community/VC/vcpkg/xlc.exe"
      - "D:/WaterSurfaceRendererScratch/vcpkg_installed/x64-windows/debug/Microsoft Visual Studio/18/Community/VC/vcpkg/xlc"
      - "D:/WaterSurfaceRendererScratch/vcpkg_installed/x64-windows/debug/Microsoft Visual Studio/18/Community/VC/vcpkg/icx.com"
      - "D:/WaterSurfaceRendererScratch/vcpkg_installed/x64-windows/debug/Microsoft Visual Studio/18/Community/VC/vcpkg/icx.exe"
      - "D:/WaterSurfaceRendererScratch/vcpkg_installed/x64-windows/debug/Microsoft Visual Studio/18/Community/VC/vcpkg/icx"
      - "D:/WaterSurfaceRendererScratch/vcpkg_installed/x64-windows/debug/Microsoft Visual Studio/18/Community/VC/vcpkg/clang.com"
      - "D:/WaterSurfaceRendererScratch/vcpkg_installed/x64-windows/debug/Microsoft Visual Studio/18/Community/VC/vcpkg/clang.exe"
      - "D:/WaterSurfaceRendererScratch/vcpkg_installed/x64-windows/debug/Microsoft Visual Studio/18/Community/VC/vcpkg/clang"
      - "D:/WaterSurfaceRendererScratch/vcpkg_installed/x64-windows/Microsoft Visual Studio/18/Community/VC/Tools/MSVC/14.51.36231/bin/Hostx64/x64/cc.com"
      - "D:/WaterSurfaceRendererScratch/vcpkg_installed/x64-windows/Microsoft Visual Studio/18/Community/VC/Tools/MSVC/14.51.36231/bin/Hostx64/x64/cc.exe"
      - "D:/WaterSurfaceRendererScratch/vcpkg_installed/x64-windows/Microsoft Visual Studio/18/Community/VC/Tools/MSVC/14.51.36231/bin/Hostx64/x64/cc"
      - "D:/WaterSurfaceRendererScratch/vcpkg_installed/x64-windows/Microsoft Visual Studio/18/Community/VC/Tools/MSVC/14.51.36231/bin/Hostx64/x64/gcc.com"
      - "D:/WaterSurfaceRendererScratch/vcpkg_installed/x64-windows/Microsoft Visual Studio/18/Community/VC/Tools/MSVC/14.51.36231/bin/Hostx64/x64/gcc.exe"
      - "D:/WaterSurfaceRendererScratch/vcpkg_installed/x64-windows/Microsoft Visual Studio/18/Community/VC/Tools/MSVC/14.51.36231/bin/Hostx64/x64/gcc"
      - "D:/WaterSurfaceRendererScratch/vcpkg_installed/x64-windows/Microsoft Visual Studio/18/Community/VC/Tools/MSVC/14.51.36231/bin/Hostx64/x64/cl.com"
      - "D:/WaterSurfaceRendererScratch/vcpkg_installed/x64-windows/Microsoft Visual Studio/18/Community/VC/Tools/MSVC/14.51.36231/bin/Hostx64/x64/cl.exe"
      - "D:/WaterSurfaceRendererScratch/vcpkg_installed/x64-windows/Microsoft Visual Studio/18/Community/VC/Tools/MSVC/14.51.36231/bin/Hostx64/x64/cl"
      - "D:/WaterSurfaceRendererScratch/vcpkg_installed/x64-windows/Microsoft Visual Studio/18/Community/VC/Tools/MSVC/14.51.36231/bin/Hostx64/x64/bcc.com"
      - "D:/WaterSurfaceRendererScratch/vcpkg_installed/x64-windows/Microsoft Visual Studio/18/Community/VC/Tools/MSVC/14.51.36231/bin/Hostx64/x64/bcc.exe"
      - "D:/WaterSurfaceRendererScratch/vcpkg_installed/x64-windows/Microsoft Visual Studio/18/Community/VC/Tools/MSVC/14.51.36231/bin/Hostx64/x64/bcc"
      - "D:/WaterSurfaceRendererScratch/vcpkg_installed/x64-windows/Microsoft Visual Studio/18/Community/VC/Tools/MSVC/14.51.36231/bin/Hostx64/x64/xlc.com"
      - "D:/WaterSurfaceRendererScratch/vcpkg_installed/x64-windows/Microsoft Visual Studio/18/Community/VC/Tools/MSVC/14.51.36231/bin/Hostx64/x64/xlc.exe"
      - "D:/WaterSurfaceRendererScratch/vcpkg_installed/x64-windows/Microsoft Visual Studio/18/Community/VC/Tools/MSVC/14.51.36231/bin/Hostx64/x64/xlc"
      - "D:/WaterSurfaceRendererScratch/vcpkg_installed/x64-windows/Microsoft Visual Studio/18/Community/VC/Tools/MSVC/14.51.36231/bin/Hostx64/x64/icx.com"
      - "D:/WaterSurfaceRendererScratch/vcpkg_installed/x64-windows/Microsoft Visual Studio/18/Community/VC/Tools/MSVC/14.51.36231/bin/Hostx64/x64/icx.exe"
      - "D:/WaterSurfaceRendererScratch/vcpkg_installed/x64-windows/Microsoft Visual Studio/18/Community/VC/Tools/MSVC/14.51.36231/bin/Hostx64/x64/icx"
      - "D:/WaterSurfaceRendererScratch/vcpkg_installed/x64-windows/Microsoft Visual Studio/18/Community/VC/Tools/MSVC/14.51.36231/bin/Hostx64/x64/clang.com"
      - "D:/WaterSurfaceRendererScratch/vcpkg_installed/x64-windows/Microsoft Visual Studio/18/Community/VC/Tools/MSVC/14.51.36231/bin/Hostx64/x64/clang.exe"
      - "D:/WaterSurfaceRendererScratch/vcpkg_installed/x64-windows/Microsoft Visual Studio/18/Community/VC/Tools/MSVC/14.51.36231/bin/Hostx64/x64/clang"
      - "D:/WaterSurfaceRendererScratch/vcpkg_installed/x64-windows/Microsoft Visual Studio/18/Community/Common7/IDE/VC/vcpackages/cc.com"
      - "D:/WaterSurfaceRendererScratch/vcpkg_installed/x64-windows/Microsoft Visual Studio/18/Community/Common7/IDE/VC/vcpackages/cc.exe"
      - "D:/WaterSurfaceRendererScratch/vcpkg_installed/x64-windows/Microsoft Visual Studio/18/Community/Common7/IDE/VC/vcpackages/cc"
      - "D:/WaterSurfaceRendererScratch/vcpkg_installed/x64-windows/Microsoft Visual Studio/18/Community/Common7/IDE/VC/vcpackages/gcc.com"
      - "D:/WaterSurfaceRendererScratch/vcpkg_installed/x64-windows/Microsoft Visual Studio/18/Community/Common7/IDE/VC/vcpackages/gcc.exe"
      - "D:/WaterSurfaceRendererScratch/vcpkg_installed/x64-windows/Microsoft Visual Studio/18/Community/Common7/IDE/VC/vcpackages/gcc"
      - "D:/WaterSurfaceRendererScratch/vcpkg_installed/x64-windows/Microsoft Visual Studio/18/Community/Common7/IDE/VC/vcpackages/cl.com"
      - "D:/WaterSurfaceRendererScratch/vcpkg_installed/x64-windows/Microsoft Visual Studio/18/Community/Common7/IDE/VC/vcpackages/cl.exe"
      - "D:/WaterSurfaceRendererScratch/vcpkg_installed/x64-windows/Microsoft Visual Studio/18/Community/Common7/IDE/VC/vcpackages/cl"
      - "D:/WaterSurfaceRendererScratch/vcpkg_installed/x64-windows/Microsoft Visual Studio/18/Community/Common7/IDE/VC/vcpackages/bcc.com"
      - "D:/WaterSurfaceRendererScratch/vcpkg_installed/x64-windows/Microsoft Visual Studio/18/Community/Common7/IDE/VC/vcpackages/bcc.exe"
      - "D:/WaterSurfaceRendererScratch/vcpkg_installed/x64-windows/Microsoft Visual Studio/18/Community/Common7/IDE/VC/vcpackages/bcc"
      - "D:/WaterSurfaceRendererScratch/vcpkg_installed/x64-windows/Microsoft Visual Studio/18/Community/Common7/IDE/VC/vcpackages/xlc.com"
      - "D:/WaterSurfaceRendererScratch/vcpkg_installed/x64-windows/Microsoft Visual Studio/18/Community/Common7/IDE/VC/vcpackages/xlc.exe"
      - "D:/WaterSurfaceRendererScratch/vcpkg_installed/x64-windows/Microsoft Visual Studio/18/Community/Common7/IDE/VC/vcpackages/xlc"
      - "D:/WaterSurfaceRendererScratch/vcpkg_installed/x64-windows/Microsoft Visual Studio/18/Community/Common7/IDE/VC/vcpackages/icx.com"
      - "D:/WaterSurfaceRendererScratch/vcpkg_installed/x64-windows/Microsoft Visual Studio/18/Community/Common7/IDE/VC/vcpackages/icx.exe"
      - "D:/WaterSurfaceRendererScratch/vcpkg_installed/x64-windows/Microsoft Visual Studio/18/Community/Common7/IDE/VC/vcpackages/icx"
      - "D:/WaterSurfaceRendererScratch/vcpkg_installed/x64-windows/Microsoft Visual Studio/18/Community/Common7/IDE/VC/vcpackages/clang.com"
      - "D:/WaterSurfaceRendererScratch/vcpkg_installed/x64-windows/Microsoft Visual Studio/18/Community/Common7/IDE/VC/vcpackages/clang.exe"
      - "D:/WaterSurfaceRendererScratch/vcpkg_installed/x64-windows/Microsoft Visual Studio/18/Community/Common7/IDE/VC/vcpackages/clang"
      - "D:/WaterSurfaceRendererScratch/vcpkg_installed/x64-windows/Microsoft Visual Studio/18/Community/Common7/IDE/CommonExtensions/Microsoft/TestWindow/cc.com"
      - "D:/WaterSurfaceRendererScratch/vcpkg_installed/x64-windows/Microsoft Visual Studio/18/Community/Common7/IDE/CommonExtensions/Microsoft/TestWindow/cc.exe"
      - "D:/WaterSurfaceRendererScratch/vcpkg_installed/x64-windows/Microsoft Visual Studio/18/Community/Common7/IDE/CommonExtensions/Microsoft/TestWindow/cc"
      - "D:/WaterSurfaceRendererScratch/vcpkg_installed/x64-windows/Microsoft Visual Studio/18/Community/Common7/IDE/CommonExtensions/Microsoft/TestWindow/gcc.com"
      - "D:/WaterSurfaceRendererScratch/vcpkg_installed/x64-windows/Microsoft Visual Studio/18/Community/Common7/IDE/CommonExtensions/Microsoft/TestWindow/gcc.exe"
      - "D:/WaterSurfaceRendererScratch/vcpkg_installed/x64-windows/Microsoft Visual Studio/18/Community/Common7/IDE/CommonExtensions/Microsoft/TestWindow/gcc"
      - "D:/WaterSurfaceRendererScratch/vcpkg_installed/x64-windows/Microsoft Visual Studio/18/Community/Common7/IDE/CommonExtensions/Microsoft/TestWindow/cl.com"
      - "D:/WaterSurfaceRendererScratch/vcpkg_installed/x64-windows/Microsoft Visual Studio/18/Community/Common7/IDE/CommonExtensions/Microsoft/TestWindow/cl.exe"
      - "D:/WaterSurfaceRendererScratch/vcpkg_installed/x64-windows/Microsoft Visual Studio/18/Community/Common7/IDE/CommonExtensions/Microsoft/TestWindow/cl"
      - "D:/WaterSurfaceRendererScratch/vcpkg_installed/x64-windows/Microsoft Visual Studio/18/Community/Common7/IDE/CommonExtensions/Microsoft/TestWindow/bcc.com"
      - "D:/WaterSurfaceRendererScratch/vcpkg_installed/x64-windows/Microsoft Visual Studio/18/Community/Common7/IDE/CommonExtensions/Microsoft/TestWindow/bcc.exe"
      - "D:/WaterSurfaceRendererScratch/vcpkg_installed/x64-windows/Microsoft Visual Studio/18/Community/Common7/IDE/CommonExtensions/Microsoft/TestWindow/bcc"
      - "D:/WaterSurfaceRendererScratch/vcpkg_installed/x64-windows/Microsoft Visual Studio/18/Community/Common7/IDE/CommonExtensions/Microsoft/TestWindow/xlc.com"
      - "D:/WaterSurfaceRendererScratch/vcpkg_installed/x64-windows/Microsoft Visual Studio/18/Community/Common7/IDE/CommonExtensions/Microsoft/TestWindow/xlc.exe"
      - "D:/WaterSurfaceRendererScratch/vcpkg_installed/x64-windows/Microsoft Visual Studio/18/Community/Common7/IDE/CommonExtensions/Microsoft/TestWindow/xlc"
      - "D:/WaterSurfaceRendererScratch/vcpkg_installed/x64-windows/Microsoft Visual Studio/18/Community/Common7/IDE/CommonExtensions/Microsoft/TestWindow/icx.com"
      - "D:/WaterSurfaceRendererScratch/vcpkg_installed/x64-windows/Microsoft Visual Studio/18/Community/Common7/IDE/CommonExtensions/Microsoft/TestWindow/icx.exe"
      - "D:/WaterSurfaceRendererScratch/vcpkg_installed/x64-windows/Microsoft Visual Studio/18/Community/Common7/IDE/CommonExtensions/Microsoft/TestWindow/icx"
      - "D:/WaterSurfaceRendererScratch/vcpkg_installed/x64-windows/Microsoft Visual Studio/18/Community/Common7/IDE/CommonExtensions/Microsoft/TestWindow/clang.com"
      - "D:/WaterSurfaceRendererScratch/vcpkg_installed/x64-windows/Microsoft Visual Studio/18/Community/Common7/IDE/CommonExtensions/Microsoft/TestWindow/clang.exe"
      - "D:/WaterSurfaceRendererScratch/vcpkg_installed/x64-windows/Microsoft Visual Studio/18/Community/Common7/IDE/CommonExtensions/Microsoft/TestWindow/clang"
      - "D:/WaterSurfaceRendererScratch/vcpkg_installed/x64-windows/Microsoft Visual Studio/18/Community/Common7/IDE/CommonExtensions/Microsoft/TeamFoundation/Team Explorer/cc.com"
      - "D:/WaterSurfaceRendererScratch/vcpkg_installed/x64-windows/Microsoft Visual Studio/18/Community/Common7/IDE/CommonExtensions/Microsoft/TeamFoundation/Team Explorer/cc.exe"
      - "D:/WaterSurfaceRendererScratch/vcpkg_installed/x64-windows/Microsoft Visual Studio/18/Community/Common7/IDE/CommonExtensions/Microsoft/TeamFoundation/Team Explorer/cc"
      - "D:/WaterSurfaceRendererScratch/vcpkg_installed/x64-windows/Microsoft Visual Studio/18/Community/Common7/IDE/CommonExtensions/Microsoft/TeamFoundation/Team Explorer/gcc.com"
      - "D:/WaterSurfaceRendererScratch/vcpkg_installed/x64-windows/Microsoft Visual Studio/18/Community/Common7/IDE/CommonExtensions/Microsoft/TeamFoundation/Team Explorer/gcc.exe"
      - "D:/WaterSurfaceRendererScratch/vcpkg_installed/x64-windows/Microsoft Visual Studio/18/Community/Common7/IDE/CommonExtensions/Microsoft/TeamFoundation/Team Explorer/gcc"
      - "D:/WaterSurfaceRendererScratch/vcpkg_installed/x64-windows/Microsoft Visual Studio/18/Community/Common7/IDE/CommonExtensions/Microsoft/TeamFoundation/Team Explorer/cl.com"
      - "D:/WaterSurfaceRendererScratch/vcpkg_installed/x64-windows/Microsoft Visual Studio/18/Community/Common7/IDE/CommonExtensions/Microsoft/TeamFoundation/Team Explorer/cl.exe"
      - "D:/WaterSurfaceRendererScratch/vcpkg_installed/x64-windows/Microsoft Visual Studio/18/Community/Common7/IDE/CommonExtensions/Microsoft/TeamFoundation/Team Explorer/cl"
      - "D:/WaterSurfaceRendererScratch/vcpkg_installed/x64-windows/Microsoft Visual Studio/18/Community/Common7/IDE/CommonExtensions/Microsoft/TeamFoundation/Team Explorer/bcc.com"
      - "D:/WaterSurfaceRendererScratch/vcpkg_installed/x64-windows/Microsoft Visual Studio/18/Community/Common7/IDE/CommonExtensions/Microsoft/TeamFoundation/Team Explorer/bcc.exe"
      - "D:/WaterSurfaceRendererScratch/vcpkg_installed/x64-windows/Microsoft Visual Studio/18/Community/Common7/IDE/CommonExtensions/Microsoft/TeamFoundation/Team Explorer/bcc"
      - "D:/WaterSurfaceRendererScratch/vcpkg_installed/x64-windows/Microsoft Visual Studio/18/Community/Common7/IDE/CommonExtensions/Microsoft/TeamFoundation/Team Explorer/xlc.com"
      - "D:/WaterSurfaceRendererScratch/vcpkg_installed/x64-windows/Microsoft Visual Studio/18/Community/Common7/IDE/CommonExtensions/Microsoft/TeamFoundation/Team Explorer/xlc.exe"
      - "D:/WaterSurfaceRendererScratch/vcpkg_installed/x64-windows/Microsoft Visual Studio/18/Community/Common7/IDE/CommonExtensions/Microsoft/TeamFoundation/Team Explorer/xlc"
      - "D:/WaterSurfaceRendererScratch/vcpkg_installed/x64-windows/Microsoft Visual Studio/18/Community/Common7/IDE/CommonExtensions/Microsoft/TeamFoundation/Team Explorer/icx.com"
      - "D:/WaterSurfaceRendererScratch/vcpkg_installed/x64-windows/Microsoft Visual Studio/18/Community/Common7/IDE/CommonExtensions/Microsoft/TeamFoundation/Team Explorer/icx.exe"
      - "D:/WaterSurfaceRendererScratch/vcpkg_installed/x64-windows/Microsoft Visual Studio/18/Community/Common7/IDE/CommonExtensions/Microsoft/TeamFoundation/Team Explorer/icx"
      - "D:/WaterSurfaceRendererScratch/vcpkg_installed/x64-windows/Microsoft Visual Studio/18/Community/Common7/IDE/CommonExtensions/Microsoft/TeamFoundation/Team Explorer/clang.com"
      - "D:/WaterSurfaceRendererScratch/vcpkg_installed/x64-windows/Microsoft Visual Studio/18/Community/Common7/IDE/CommonExtensions/Microsoft/TeamFoundation/Team Explorer/clang.exe"
      - "D:/WaterSurfaceRendererScratch/vcpkg_installed/x64-windows/Microsoft Visual Studio/18/Community/Common7/IDE/CommonExtensions/Microsoft/TeamFoundation/Team Explorer/clang"
      - "D:/WaterSurfaceRendererScratch/vcpkg_installed/x64-windows/Microsoft Visual Studio/18/Community/MSBuild/Current/Bin/Roslyn/cc.com"
      - "D:/WaterSurfaceRendererScratch/vcpkg_installed/x64-windows/Microsoft Visual Studio/18/Community/MSBuild/Current/Bin/Roslyn/cc.exe"
      - "D:/WaterSurfaceRendererScratch/vcpkg_installed/x64-windows/Microsoft Visual Studio/18/Community/MSBuild/Current/Bin/Roslyn/cc"
      - "D:/WaterSurfaceRendererScratch/vcpkg_installed/x64-windows/Microsoft Visual Studio/18/Community/MSBuild/Current/Bin/Roslyn/gcc.com"
      - "D:/WaterSurfaceRendererScratch/vcpkg_installed/x64-windows/Microsoft Visual Studio/18/Community/MSBuild/Current/Bin/Roslyn/gcc.exe"
      - "D:/WaterSurfaceRendererScratch/vcpkg_installed/x64-windows/Microsoft Visual Studio/18/Community/MSBuild/Current/Bin/Roslyn/gcc"
      - "D:/WaterSurfaceRendererScratch/vcpkg_installed/x64-windows/Microsoft Visual Studio/18/Community/MSBuild/Current/Bin/Roslyn/cl.com"
      - "D:/WaterSurfaceRendererScratch/vcpkg_installed/x64-windows/Microsoft Visual Studio/18/Community/MSBuild/Current/Bin/Roslyn/cl.exe"
      - "D:/WaterSurfaceRendererScratch/vcpkg_installed/x64-windows/Microsoft Visual Studio/18/Community/MSBuild/Current/Bin/Roslyn/cl"
      - "D:/WaterSurfaceRendererScratch/vcpkg_installed/x64-windows/Microsoft Visual Studio/18/Community/MSBuild/Current/Bin/Roslyn/bcc.com"
      - "D:/WaterSurfaceRendererScratch/vcpkg_installed/x64-windows/Microsoft Visual Studio/18/Community/MSBuild/Current/Bin/Roslyn/bcc.exe"
      - "D:/WaterSurfaceRendererScratch/vcpkg_installed/x64-windows/Microsoft Visual Studio/18/Community/MSBuild/Current/Bin/Roslyn/bcc"
      - "D:/WaterSurfaceRendererScratch/vcpkg_installed/x64-windows/Microsoft Visual Studio/18/Community/MSBuild/Current/Bin/Roslyn/xlc.com"
      - "D:/WaterSurfaceRendererScratch/vcpkg_installed/x64-windows/Microsoft Visual Studio/18/Community/MSBuild/Current/Bin/Roslyn/xlc.exe"
      - "D:/WaterSurfaceRendererScratch/vcpkg_installed/x64-windows/Microsoft Visual Studio/18/Community/MSBuild/Current/Bin/Roslyn/xlc"
      - "D:/WaterSurfaceRendererScratch/vcpkg_installed/x64-windows/Microsoft Visual Studio/18/Community/MSBuild/Current/Bin/Roslyn/icx.com"
      - "D:/WaterSurfaceRendererScratch/vcpkg_installed/x64-windows/Microsoft Visual Studio/18/Community/MSBuild/Current/Bin/Roslyn/icx.exe"
      - "D:/WaterSurfaceRendererScratch/vcpkg_installed/x64-windows/Microsoft Visual Studio/18/Community/MSBuild/Current/Bin/Roslyn/icx"
      - "D:/WaterSurfaceRendererScratch/vcpkg_installed/x64-windows/Microsoft Visual Studio/18/Community/MSBuild/Current/Bin/Roslyn/clang.com"
      - "D:/WaterSurfaceRendererScratch/vcpkg_installed/x64-windows/Microsoft Visual Studio/18/Community/MSBuild/Current/Bin/Roslyn/clang.exe"
      - "D:/WaterSurfaceRendererScratch/vcpkg_installed/x64-windows/Microsoft Visual Studio/18/Community/MSBuild/Current/Bin/Roslyn/clang"
      - "D:/WaterSurfaceRendererScratch/vcpkg_installed/x64-windows/Program Files (x86)/Microsoft SDKs/Windows/v10.0A/bin/NETFX 4.8 Tools/x64/cc.com"
      - "D:/WaterSurfaceRendererScratch/vcpkg_installed/x64-windows/Program Files (x86)/Microsoft SDKs/Windows/v10.0A/bin/NETFX 4.8 Tools/x64/cc.exe"
      - "D:/WaterSurfaceRendererScratch/vcpkg_installed/x64-windows/Program Files (x86)/Microsoft SDKs/Windows/v10.0A/bin/NETFX 4.8 Tools/x64/cc"
      - "D:/WaterSurfaceRendererScratch/vcpkg_installed/x64-windows/Program Files (x86)/Microsoft SDKs/Windows/v10.0A/bin/NETFX 4.8 Tools/x64/gcc.com"
      - "D:/WaterSurfaceRendererScratch/vcpkg_installed/x64-windows/Program Files (x86)/Microsoft SDKs/Windows/v10.0A/bin/NETFX 4.8 Tools/x64/gcc.exe"
      - "D:/WaterSurfaceRendererScratch/vcpkg_installed/x64-windows/Program Files (x86)/Microsoft SDKs/Windows/v10.0A/bin/NETFX 4.8 Tools/x64/gcc"
      - "D:/WaterSurfaceRendererScratch/vcpkg_installed/x64-windows/Program Files (x86)/Microsoft SDKs/Windows/v10.0A/bin/NETFX 4.8 Tools/x64/cl.com"
      - "D:/WaterSurfaceRendererScratch/vcpkg_installed/x64-windows/Program Files (x86)/Microsoft SDKs/Windows/v10.0A/bin/NETFX 4.8 Tools/x64/cl.exe"
      - "D:/WaterSurfaceRendererScratch/vcpkg_installed/x64-windows/Program Files (x86)/Microsoft SDKs/Windows/v10.0A/bin/NETFX 4.8 Tools/x64/cl"
      - "D:/WaterSurfaceRendererScratch/vcpkg_installed/x64-windows/Program Files (x86)/Microsoft SDKs/Windows/v10.0A/bin/NETFX 4.8 Tools/x64/bcc.com"
      - "D:/WaterSurfaceRendererScratch/vcpkg_installed/x64-windows/Program Files (x86)/Microsoft SDKs/Windows/v10.0A/bin/NETFX 4.8 Tools/x64/bcc.exe"
      - "D:/WaterSurfaceRendererScratch/vcpkg_installed/x64-windows/Program Files (x86)/Microsoft SDKs/Windows/v10.0A/bin/NETFX 4.8 Tools/x64/bcc"
      - "D:/WaterSurfaceRendererScratch/vcpkg_installed/x64-windows/Program Files (x86)/Microsoft SDKs/Windows/v10.0A/bin/NETFX 4.8 Tools/x64/xlc.com"
      - "D:/WaterSurfaceRendererScratch/vcpkg_installed/x64-windows/Program Files (x86)/Microsoft SDKs/Windows/v10.0A/bin/NETFX 4.8 Tools/x64/xlc.exe"
      - "D:/WaterSurfaceRendererScratch/vcpkg_installed/x64-windows/Program Files (x86)/Microsoft SDKs/Windows/v10.0A/bin/NETFX 4.8 Tools/x64/xlc"
      - "D:/WaterSurfaceRendererScratch/vcpkg_installed/x64-windows/Program Files (x86)/Microsoft SDKs/Windows/v10.0A/bin/NETFX 4.8 Tools/x64/icx.com"
      - "D:/WaterSurfaceRendererScratch/vcpkg_installed/x64-windows/Program Files (x86)/Microsoft SDKs/Windows/v10.0A/bin/NETFX 4.8 Tools/x64/icx.exe"
      - "D:/WaterSurfaceRendererScratch/vcpkg_installed/x64-windows/Program Files (x86)/Microsoft SDKs/Windows/v10.0A/bin/NETFX 4.8 Tools/x64/icx"
      - "D:/WaterSurfaceRendererScratch/vcpkg_installed/x64-windows/Program Files (x86)/Microsoft SDKs/Windows/v10.0A/bin/NETFX 4.8 Tools/x64/clang.com"
      - "D:/WaterSurfaceRendererScratch/vcpkg_installed/x64-windows/Program Files (x86)/Microsoft SDKs/Windows/v10.0A/bin/NETFX 4.8 Tools/x64/clang.exe"
      - "D:/WaterSurfaceRendererScratch/vcpkg_installed/x64-windows/Program Files (x86)/Microsoft SDKs/Windows/v10.0A/bin/NETFX 4.8 Tools/x64/clang"
      - "D:/WaterSurfaceRendererScratch/vcpkg_installed/x64-windows/Microsoft Visual Studio/18/Community/Team Tools/DiagnosticsHub/Collector/cc.com"
      - "D:/WaterSurfaceRendererScratch/vcpkg_installed/x64-windows/Microsoft Visual Studio/18/Community/Team Tools/DiagnosticsHub/Collector/cc.exe"
      - "D:/WaterSurfaceRendererScratch/vcpkg_installed/x64-windows/Microsoft Visual Studio/18/Community/Team Tools/DiagnosticsHub/Collector/cc"
      - "D:/WaterSurfaceRendererScratch/vcpkg_installed/x64-windows/Microsoft Visual Studio/18/Community/Team Tools/DiagnosticsHub/Collector/gcc.com"
      - "D:/WaterSurfaceRendererScratch/vcpkg_installed/x64-windows/Microsoft Visual Studio/18/Community/Team Tools/DiagnosticsHub/Collector/gcc.exe"
      - "D:/WaterSurfaceRendererScratch/vcpkg_installed/x64-windows/Microsoft Visual Studio/18/Community/Team Tools/DiagnosticsHub/Collector/gcc"
      - "D:/WaterSurfaceRendererScratch/vcpkg_installed/x64-windows/Microsoft Visual Studio/18/Community/Team Tools/DiagnosticsHub/Collector/cl.com"
      - "D:/WaterSurfaceRendererScratch/vcpkg_installed/x64-windows/Microsoft Visual Studio/18/Community/Team Tools/DiagnosticsHub/Collector/cl.exe"
      - "D:/WaterSurfaceRendererScratch/vcpkg_installed/x64-windows/Microsoft Visual Studio/18/Community/Team Tools/DiagnosticsHub/Collector/cl"
      - "D:/WaterSurfaceRendererScratch/vcpkg_installed/x64-windows/Microsoft Visual Studio/18/Community/Team Tools/DiagnosticsHub/Collector/bcc.com"
      - "D:/WaterSurfaceRendererScratch/vcpkg_installed/x64-windows/Microsoft Visual Studio/18/Community/Team Tools/DiagnosticsHub/Collector/bcc.exe"
      - "D:/WaterSurfaceRendererScratch/vcpkg_installed/x64-windows/Microsoft Visual Studio/18/Community/Team Tools/DiagnosticsHub/Collector/bcc"
      - "D:/WaterSurfaceRendererScratch/vcpkg_installed/x64-windows/Microsoft Visual Studio/18/Community/Team Tools/DiagnosticsHub/Collector/xlc.com"
      - "D:/WaterSurfaceRendererScratch/vcpkg_installed/x64-windows/Microsoft Visual Studio/18/Community/Team Tools/DiagnosticsHub/Collector/xlc.exe"
      - "D:/WaterSurfaceRendererScratch/vcpkg_installed/x64-windows/Microsoft Visual Studio/18/Community/Team Tools/DiagnosticsHub/Collector/xlc"
      - "D:/WaterSurfaceRendererScratch/vcpkg_installed/x64-windows/Microsoft Visual Studio/18/Community/Team Tools/DiagnosticsHub/Collector/icx.com"
      - "D:/WaterSurfaceRendererScratch/vcpkg_installed/x64-windows/Microsoft Visual Studio/18/Community/Team Tools/DiagnosticsHub/Collector/icx.exe"
      - "D:/WaterSurfaceRendererScratch/vcpkg_installed/x64-windows/Microsoft Visual Studio/18/Community/Team Tools/DiagnosticsHub/Collector/icx"
      - "D:/WaterSurfaceRendererScratch/vcpkg_installed/x64-windows/Microsoft Visual Studio/18/Community/Team Tools/DiagnosticsHub/Collector/clang.com"
      - "D:/WaterSurfaceRendererScratch/vcpkg_installed/x64-windows/Microsoft Visual Studio/18/Community/Team Tools/DiagnosticsHub/Collector/clang.exe"
      - "D:/WaterSurfaceRendererScratch/vcpkg_installed/x64-windows/Microsoft Visual Studio/18/Community/Team Tools/DiagnosticsHub/Collector/clang"
      - "D:/WaterSurfaceRendererScratch/vcpkg_installed/x64-windows/Microsoft Visual Studio/18/Community/Common7/IDE/Extensions/Microsoft/CodeCoverage.Console/cc.com"
      - "D:/WaterSurfaceRendererScratch/vcpkg_installed/x64-windows/Microsoft Visual Studio/18/Community/Common7/IDE/Extensions/Microsoft/CodeCoverage.Console/cc.exe"
      - "D:/WaterSurfaceRendererScratch/vcpkg_installed/x64-windows/Microsoft Visual Studio/18/Community/Common7/IDE/Extensions/Microsoft/CodeCoverage.Console/cc"
      - "D:/WaterSurfaceRendererScratch/vcpkg_installed/x64-windows/Microsoft Visual Studio/18/Community/Common7/IDE/Extensions/Microsoft/CodeCoverage.Console/gcc.com"
      - "D:/WaterSurfaceRendererScratch/vcpkg_installed/x64-windows/Microsoft Visual Studio/18/Community/Common7/IDE/Extensions/Microsoft/CodeCoverage.Console/gcc.exe"
      - "D:/WaterSurfaceRendererScratch/vcpkg_installed/x64-windows/Microsoft Visual Studio/18/Community/Common7/IDE/Extensions/Microsoft/CodeCoverage.Console/gcc"
      - "D:/WaterSurfaceRendererScratch/vcpkg_installed/x64-windows/Microsoft Visual Studio/18/Community/Common7/IDE/Extensions/Microsoft/CodeCoverage.Console/cl.com"
      - "D:/WaterSurfaceRendererScratch/vcpkg_installed/x64-windows/Microsoft Visual Studio/18/Community/Common7/IDE/Extensions/Microsoft/CodeCoverage.Console/cl.exe"
      - "D:/WaterSurfaceRendererScratch/vcpkg_installed/x64-windows/Microsoft Visual Studio/18/Community/Common7/IDE/Extensions/Microsoft/CodeCoverage.Console/cl"
      - "D:/WaterSurfaceRendererScratch/vcpkg_installed/x64-windows/Microsoft Visual Studio/18/Community/Common7/IDE/Extensions/Microsoft/CodeCoverage.Console/bcc.com"
      - "D:/WaterSurfaceRendererScratch/vcpkg_installed/x64-windows/Microsoft Visual Studio/18/Community/Common7/IDE/Extensions/Microsoft/CodeCoverage.Console/bcc.exe"
      - "D:/WaterSurfaceRendererScratch/vcpkg_installed/x64-windows/Microsoft Visual Studio/18/Community/Common7/IDE/Extensions/Microsoft/CodeCoverage.Console/bcc"
      - "D:/WaterSurfaceRendererScratch/vcpkg_installed/x64-windows/Microsoft Visual Studio/18/Community/Common7/IDE/Extensions/Microsoft/CodeCoverage.Console/xlc.com"
      - "D:/WaterSurfaceRendererScratch/vcpkg_installed/x64-windows/Microsoft Visual Studio/18/Community/Common7/IDE/Extensions/Microsoft/CodeCoverage.Console/xlc.exe"
      - "D:/WaterSurfaceRendererScratch/vcpkg_installed/x64-windows/Microsoft Visual Studio/18/Community/Common7/IDE/Extensions/Microsoft/CodeCoverage.Console/xlc"
      - "D:/WaterSurfaceRendererScratch/vcpkg_installed/x64-windows/Microsoft Visual Studio/18/Community/Common7/IDE/Extensions/Microsoft/CodeCoverage.Console/icx.com"
      - "D:/WaterSurfaceRendererScratch/vcpkg_installed/x64-windows/Microsoft Visual Studio/18/Community/Common7/IDE/Extensions/Microsoft/CodeCoverage.Console/icx.exe"
      - "D:/WaterSurfaceRendererScratch/vcpkg_installed/x64-windows/Microsoft Visual Studio/18/Community/Common7/IDE/Extensions/Microsoft/CodeCoverage.Console/icx"
      - "D:/WaterSurfaceRendererScratch/vcpkg_installed/x64-windows/Microsoft Visual Studio/18/Community/Common7/IDE/Extensions/Microsoft/CodeCoverage.Console/clang.com"
      - "D:/WaterSurfaceRendererScratch/vcpkg_installed/x64-windows/Microsoft Visual Studio/18/Community/Common7/IDE/Extensions/Microsoft/CodeCoverage.Console/clang.exe"
      - "D:/WaterSurfaceRendererScratch/vcpkg_installed/x64-windows/Microsoft Visual Studio/18/Community/Common7/IDE/Extensions/Microsoft/CodeCoverage.Console/clang"
      - "D:/WaterSurfaceRendererScratch/vcpkg_installed/x64-windows/Program Files (x86)/Windows Kits/10/bin/10.0.26100.0/x64/cc.com"
      - "D:/WaterSurfaceRendererScratch/vcpkg_installed/x64-windows/Program Files (x86)/Windows Kits/10/bin/10.0.26100.0/x64/cc.exe"
      - "D:/WaterSurfaceRendererScratch/vcpkg_installed/x64-windows/Program Files (x86)/Windows Kits/10/bin/10.0.26100.0/x64/cc"
      - "D:/WaterSurfaceRendererScratch/vcpkg_installed/x64-windows/Program Files (x86)/Windows Kits/10/bin/10.0.26100.0/x64/gcc.com"
      - "D:/WaterSurfaceRendererScratch/vcpkg_installed/x64-windows/Program Files (x86)/Windows Kits/10/bin/10.0.26100.0/x64/gcc.exe"
      - "D:/WaterSurfaceRendererScratch/vcpkg_installed/x64-windows/Program Files (x86)/Windows Kits/10/bin/10.0.26100.0/x64/gcc"
      - "D:/WaterSurfaceRendererScratch/vcpkg_installed/x64-windows/Program Files (x86)/Windows Kits/10/bin/10.0.26100.0/x64/cl.com"
      - "D:/WaterSurfaceRendererScratch/vcpkg_installed/x64-windows/Program Files (x86)/Windows Kits/10/bin/10.0.26100.0/x64/cl.exe"
      - "D:/WaterSurfaceRendererScratch/vcpkg_installed/x64-windows/Program Files (x86)/Windows Kits/10/bin/10.0.26100.0/x64/cl"
      - "D:/WaterSurfaceRendererScratch/vcpkg_installed/x64-windows/Program Files (x86)/Windows Kits/10/bin/10.0.26100.0/x64/bcc.com"
      - "D:/WaterSurfaceRendererScratch/vcpkg_installed/x64-windows/Program Files (x86)/Windows Kits/10/bin/10.0.26100.0/x64/bcc.exe"
      - "D:/WaterSurfaceRendererScratch/vcpkg_installed/x64-windows/Program Files (x86)/Windows Kits/10/bin/10.0.26100.0/x64/bcc"
      - "D:/WaterSurfaceRendererScratch/vcpkg_installed/x64-windows/Program Files (x86)/Windows Kits/10/bin/10.0.26100.0/x64/xlc.com"
      - "D:/WaterSurfaceRendererScratch/vcpkg_installed/x64-windows/Program Files (x86)/Windows Kits/10/bin/10.0.26100.0/x64/xlc.exe"
      - "D:/WaterSurfaceRendererScratch/vcpkg_installed/x64-windows/Program Files (x86)/Windows Kits/10/bin/10.0.26100.0/x64/xlc"
      - "D:/WaterSurfaceRendererScratch/vcpkg_installed/x64-windows/Program Files (x86)/Windows Kits/10/bin/10.0.26100.0/x64/icx.com"
      - "D:/WaterSurfaceRendererScratch/vcpkg_installed/x64-windows/Program Files (x86)/Windows Kits/10/bin/10.0.26100.0/x64/icx.exe"
      - "D:/WaterSurfaceRendererScratch/vcpkg_installed/x64-windows/Program Files (x86)/Windows Kits/10/bin/10.0.26100.0/x64/icx"
      - "D:/WaterSurfaceRendererScratch/vcpkg_installed/x64-windows/Program Files (x86)/Windows Kits/10/bin/10.0.26100.0/x64/clang.com"
      - "D:/WaterSurfaceRendererScratch/vcpkg_installed/x64-windows/Program Files (x86)/Windows Kits/10/bin/10.0.26100.0/x64/clang.exe"
      - "D:/WaterSurfaceRendererScratch/vcpkg_installed/x64-windows/Program Files (x86)/Windows Kits/10/bin/10.0.26100.0/x64/clang"
      - "D:/WaterSurfaceRendererScratch/vcpkg_installed/x64-windows/Program Files (x86)/Windows Kits/10/bin/x64/cc.com"
      - "D:/WaterSurfaceRendererScratch/vcpkg_installed/x64-windows/Program Files (x86)/Windows Kits/10/bin/x64/cc.exe"
      - "D:/WaterSurfaceRendererScratch/vcpkg_installed/x64-windows/Program Files (x86)/Windows Kits/10/bin/x64/cc"
      - "D:/WaterSurfaceRendererScratch/vcpkg_installed/x64-windows/Program Files (x86)/Windows Kits/10/bin/x64/gcc.com"
      - "D:/WaterSurfaceRendererScratch/vcpkg_installed/x64-windows/Program Files (x86)/Windows Kits/10/bin/x64/gcc.exe"
      - "D:/WaterSurfaceRendererScratch/vcpkg_installed/x64-windows/Program Files (x86)/Windows Kits/10/bin/x64/gcc"
      - "D:/WaterSurfaceRendererScratch/vcpkg_installed/x64-windows/Program Files (x86)/Windows Kits/10/bin/x64/cl.com"
      - "D:/WaterSurfaceRendererScratch/vcpkg_installed/x64-windows/Program Files (x86)/Windows Kits/10/bin/x64/cl.exe"
      - "D:/WaterSurfaceRendererScratch/vcpkg_installed/x64-windows/Program Files (x86)/Windows Kits/10/bin/x64/cl"
      - "D:/WaterSurfaceRendererScratch/vcpkg_installed/x64-windows/Program Files (x86)/Windows Kits/10/bin/x64/bcc.com"
      - "D:/WaterSurfaceRendererScratch/vcpkg_installed/x64-windows/Program Files (x86)/Windows Kits/10/bin/x64/bcc.exe"
      - "D:/WaterSurfaceRendererScratch/vcpkg_installed/x64-windows/Program Files (x86)/Windows Kits/10/bin/x64/bcc"
      - "D:/WaterSurfaceRendererScratch/vcpkg_installed/x64-windows/Program Files (x86)/Windows Kits/10/bin/x64/xlc.com"
      - "D:/WaterSurfaceRendererScratch/vcpkg_installed/x64-windows/Program Files (x86)/Windows Kits/10/bin/x64/xlc.exe"
      - "D:/WaterSurfaceRendererScratch/vcpkg_installed/x64-windows/Program Files (x86)/Windows Kits/10/bin/x64/xlc"
      - "D:/WaterSurfaceRendererScratch/vcpkg_installed/x64-windows/Program Files (x86)/Windows Kits/10/bin/x64/icx.com"
      - "D:/WaterSurfaceRendererScratch/vcpkg_installed/x64-windows/Program Files (x86)/Windows Kits/10/bin/x64/icx.exe"
      - "D:/WaterSurfaceRendererScratch/vcpkg_installed/x64-windows/Program Files (x86)/Windows Kits/10/bin/x64/icx"
      - "D:/WaterSurfaceRendererScratch/vcpkg_installed/x64-windows/Program Files (x86)/Windows Kits/10/bin/x64/clang.com"
      - "D:/WaterSurfaceRendererScratch/vcpkg_installed/x64-windows/Program Files (x86)/Windows Kits/10/bin/x64/clang.exe"
      - "D:/WaterSurfaceRendererScratch/vcpkg_installed/x64-windows/Program Files (x86)/Windows Kits/10/bin/x64/clang"
      - "D:/WaterSurfaceRendererScratch/vcpkg_installed/x64-windows/Microsoft Visual Studio/18/Community/MSBuild/Current/Bin/amd64/cc.com"
      - "D:/WaterSurfaceRendererScratch/vcpkg_installed/x64-windows/Microsoft Visual Studio/18/Community/MSBuild/Current/Bin/amd64/cc.exe"
      - "D:/WaterSurfaceRendererScratch/vcpkg_installed/x64-windows/Microsoft Visual Studio/18/Community/MSBuild/Current/Bin/amd64/cc"
      - "D:/WaterSurfaceRendererScratch/vcpkg_installed/x64-windows/Microsoft Visual Studio/18/Community/MSBuild/Current/Bin/amd64/gcc.com"
      - "D:/WaterSurfaceRendererScratch/vcpkg_installed/x64-windows/Microsoft Visual Studio/18/Community/MSBuild/Current/Bin/amd64/gcc.exe"
      - "D:/WaterSurfaceRendererScratch/vcpkg_installed/x64-windows/Microsoft Visual Studio/18/Community/MSBuild/Current/Bin/amd64/gcc"
      - "D:/WaterSurfaceRendererScratch/vcpkg_installed/x64-windows/Microsoft Visual Studio/18/Community/MSBuild/Current/Bin/amd64/cl.com"
      - "D:/WaterSurfaceRendererScratch/vcpkg_installed/x64-windows/Microsoft Visual Studio/18/Community/MSBuild/Current/Bin/amd64/cl.exe"
      - "D:/WaterSurfaceRendererScratch/vcpkg_installed/x64-windows/Microsoft Visual Studio/18/Community/MSBuild/Current/Bin/amd64/cl"
      - "D:/WaterSurfaceRendererScratch/vcpkg_installed/x64-windows/Microsoft Visual Studio/18/Community/MSBuild/Current/Bin/amd64/bcc.com"
      - "D:/WaterSurfaceRendererScratch/vcpkg_installed/x64-windows/Microsoft Visual Studio/18/Community/MSBuild/Current/Bin/amd64/bcc.exe"
      - "D:/WaterSurfaceRendererScratch/vcpkg_installed/x64-windows/Microsoft Visual Studio/18/Community/MSBuild/Current/Bin/amd64/bcc"
      - "D:/WaterSurfaceRendererScratch/vcpkg_installed/x64-windows/Microsoft Visual Studio/18/Community/MSBuild/Current/Bin/amd64/xlc.com"
      - "D:/WaterSurfaceRendererScratch/vcpkg_installed/x64-windows/Microsoft Visual Studio/18/Community/MSBuild/Current/Bin/amd64/xlc.exe"
      - "D:/WaterSurfaceRendererScratch/vcpkg_installed/x64-windows/Microsoft Visual Studio/18/Community/MSBuild/Current/Bin/amd64/xlc"
      - "D:/WaterSurfaceRendererScratch/vcpkg_installed/x64-windows/Microsoft Visual Studio/18/Community/MSBuild/Current/Bin/amd64/icx.com"
      - "D:/WaterSurfaceRendererScratch/vcpkg_installed/x64-windows/Microsoft Visual Studio/18/Community/MSBuild/Current/Bin/amd64/icx.exe"
      - "D:/WaterSurfaceRendererScratch/vcpkg_installed/x64-windows/Microsoft Visual Studio/18/Community/MSBuild/Current/Bin/amd64/icx"
      - "D:/WaterSurfaceRendererScratch/vcpkg_installed/x64-windows/Microsoft Visual Studio/18/Community/MSBuild/Current/Bin/amd64/clang.com"
      - "D:/WaterSurfaceRendererScratch/vcpkg_installed/x64-windows/Microsoft Visual Studio/18/Community/MSBuild/Current/Bin/amd64/clang.exe"
      - "D:/WaterSurfaceRendererScratch/vcpkg_installed/x64-windows/Microsoft Visual Studio/18/Community/MSBuild/Current/Bin/amd64/clang"
      - "D:/WaterSurfaceRendererScratch/vcpkg_installed/x64-windows/Windows/Microsoft.NET/Framework64/v4.0.30319/cc.com"
      - "D:/WaterSurfaceRendererScratch/vcpkg_installed/x64-windows/Windows/Microsoft.NET/Framework64/v4.0.30319/cc.exe"
      - "D:/WaterSurfaceRendererScratch/vcpkg_installed/x64-windows/Windows/Microsoft.NET/Framework64/v4.0.30319/cc"
      - "D:/WaterSurfaceRendererScratch/vcpkg_installed/x64-windows/Windows/Microsoft.NET/Framework64/v4.0.30319/gcc.com"
      - "D:/WaterSurfaceRendererScratch/vcpkg_installed/x64-windows/Windows/Microsoft.NET/Framework64/v4.0.30319/gcc.exe"
      - "D:/WaterSurfaceRendererScratch/vcpkg_installed/x64-windows/Windows/Microsoft.NET/Framework64/v4.0.30319/gcc"
      - "D:/WaterSurfaceRendererScratch/vcpkg_installed/x64-windows/Windows/Microsoft.NET/Framework64/v4.0.30319/cl.com"
      - "D:/WaterSurfaceRendererScratch/vcpkg_installed/x64-windows/Windows/Microsoft.NET/Framework64/v4.0.30319/cl.exe"
      - "D:/WaterSurfaceRendererScratch/vcpkg_installed/x64-windows/Windows/Microsoft.NET/Framework64/v4.0.30319/cl"
      - "D:/WaterSurfaceRendererScratch/vcpkg_installed/x64-windows/Windows/Microsoft.NET/Framework64/v4.0.30319/bcc.com"
      - "D:/WaterSurfaceRendererScratch/vcpkg_installed/x64-windows/Windows/Microsoft.NET/Framework64/v4.0.30319/bcc.exe"
      - "D:/WaterSurfaceRendererScratch/vcpkg_installed/x64-windows/Windows/Microsoft.NET/Framework64/v4.0.30319/bcc"
      - "D:/WaterSurfaceRendererScratch/vcpkg_installed/x64-windows/Windows/Microsoft.NET/Framework64/v4.0.30319/xlc.com"
      - "D:/WaterSurfaceRendererScratch/vcpkg_installed/x64-windows/Windows/Microsoft.NET/Framework64/v4.0.30319/xlc.exe"
      - "D:/WaterSurfaceRendererScratch/vcpkg_installed/x64-windows/Windows/Microsoft.NET/Framework64/v4.0.30319/xlc"
      - "D:/WaterSurfaceRendererScratch/vcpkg_installed/x64-windows/Windows/Microsoft.NET/Framework64/v4.0.30319/icx.com"
      - "D:/WaterSurfaceRendererScratch/vcpkg_installed/x64-windows/Windows/Microsoft.NET/Framework64/v4.0.30319/icx.exe"
      - "D:/WaterSurfaceRendererScratch/vcpkg_installed/x64-windows/Windows/Microsoft.NET/Framework64/v4.0.30319/icx"
      - "D:/WaterSurfaceRendererScratch/vcpkg_installed/x64-windows/Windows/Microsoft.NET/Framework64/v4.0.30319/clang.com"
      - "D:/WaterSurfaceRendererScratch/vcpkg_installed/x64-windows/Windows/Microsoft.NET/Framework64/v4.0.30319/clang.exe"
      - "D:/WaterSurfaceRendererScratch/vcpkg_installed/x64-windows/Windows/Microsoft.NET/Framework64/v4.0.30319/clang"
      - "D:/WaterSurfaceRendererScratch/vcpkg_installed/x64-windows/Microsoft Visual Studio/18/Community/Common7/IDE/cc.com"
      - "D:/WaterSurfaceRendererScratch/vcpkg_installed/x64-windows/Microsoft Visual Studio/18/Community/Common7/IDE/cc.exe"
      - "D:/WaterSurfaceRendererScratch/vcpkg_installed/x64-windows/Microsoft Visual Studio/18/Community/Common7/IDE/cc"
      - "D:/WaterSurfaceRendererScratch/vcpkg_installed/x64-windows/Microsoft Visual Studio/18/Community/Common7/IDE/gcc.com"
      - "D:/WaterSurfaceRendererScratch/vcpkg_installed/x64-windows/Microsoft Visual Studio/18/Community/Common7/IDE/gcc.exe"
      - "D:/WaterSurfaceRendererScratch/vcpkg_installed/x64-windows/Microsoft Visual Studio/18/Community/Common7/IDE/gcc"
      - "D:/WaterSurfaceRendererScratch/vcpkg_installed/x64-windows/Microsoft Visual Studio/18/Community/Common7/IDE/cl.com"
      - "D:/WaterSurfaceRendererScratch/vcpkg_installed/x64-windows/Microsoft Visual Studio/18/Community/Common7/IDE/cl.exe"
      - "D:/WaterSurfaceRendererScratch/vcpkg_installed/x64-windows/Microsoft Visual Studio/18/Community/Common7/IDE/cl"
      - "D:/WaterSurfaceRendererScratch/vcpkg_installed/x64-windows/Microsoft Visual Studio/18/Community/Common7/IDE/bcc.com"
      - "D:/WaterSurfaceRendererScratch/vcpkg_installed/x64-windows/Microsoft Visual Studio/18/Community/Common7/IDE/bcc.exe"
      - "D:/WaterSurfaceRendererScratch/vcpkg_installed/x64-windows/Microsoft Visual Studio/18/Community/Common7/IDE/bcc"
      - "D:/WaterSurfaceRendererScratch/vcpkg_installed/x64-windows/Microsoft Visual Studio/18/Community/Common7/IDE/xlc.com"
      - "D:/WaterSurfaceRendererScratch/vcpkg_installed/x64-windows/Microsoft Visual Studio/18/Community/Common7/IDE/xlc.exe"
      - "D:/WaterSurfaceRendererScratch/vcpkg_installed/x64-windows/Microsoft Visual Studio/18/Community/Common7/IDE/xlc"
      - "D:/WaterSurfaceRendererScratch/vcpkg_installed/x64-windows/Microsoft Visual Studio/18/Community/Common7/IDE/icx.com"
      - "D:/WaterSurfaceRendererScratch/vcpkg_installed/x64-windows/Microsoft Visual Studio/18/Community/Common7/IDE/icx.exe"
      - "D:/WaterSurfaceRendererScratch/vcpkg_installed/x64-windows/Microsoft Visual Studio/18/Community/Common7/IDE/icx"
      - "D:/WaterSurfaceRendererScratch/vcpkg_installed/x64-windows/Microsoft Visual Studio/18/Community/Common7/IDE/clang.com"
      - "D:/WaterSurfaceRendererScratch/vcpkg_installed/x64-windows/Microsoft Visual Studio/18/Community/Common7/IDE/clang.exe"
      - "D:/WaterSurfaceRendererScratch/vcpkg_installed/x64-windows/Microsoft Visual Studio/18/Community/Common7/IDE/clang"
      - "D:/WaterSurfaceRendererScratch/vcpkg_installed/x64-windows/Microsoft Visual Studio/18/Community/Common7/Tools/cc.com"
      - "D:/WaterSurfaceRendererScratch/vcpkg_installed/x64-windows/Microsoft Visual Studio/18/Community/Common7/Tools/cc.exe"
      - "D:/WaterSurfaceRendererScratch/vcpkg_installed/x64-windows/Microsoft Visual Studio/18/Community/Common7/Tools/cc"
      - "D:/WaterSurfaceRendererScratch/vcpkg_installed/x64-windows/Microsoft Visual Studio/18/Community/Common7/Tools/gcc.com"
      - "D:/WaterSurfaceRendererScratch/vcpkg_installed/x64-windows/Microsoft Visual Studio/18/Community/Common7/Tools/gcc.exe"
      - "D:/WaterSurfaceRendererScratch/vcpkg_installed/x64-windows/Microsoft Visual Studio/18/Community/Common7/Tools/gcc"
      - "D:/WaterSurfaceRendererScratch/vcpkg_installed/x64-windows/Microsoft Visual Studio/18/Community/Common7/Tools/cl.com"
      - "D:/WaterSurfaceRendererScratch/vcpkg_installed/x64-windows/Microsoft Visual Studio/18/Community/Common7/Tools/cl.exe"
      - "D:/WaterSurfaceRendererScratch/vcpkg_installed/x64-windows/Microsoft Visual Studio/18/Community/Common7/Tools/cl"
      - "D:/WaterSurfaceRendererScratch/vcpkg_installed/x64-windows/Microsoft Visual Studio/18/Community/Common7/Tools/bcc.com"
      - "D:/WaterSurfaceRendererScratch/vcpkg_installed/x64-windows/Microsoft Visual Studio/18/Community/Common7/Tools/bcc.exe"
      - "D:/WaterSurfaceRendererScratch/vcpkg_installed/x64-windows/Microsoft Visual Studio/18/Community/Common7/Tools/bcc"
      - "D:/WaterSurfaceRendererScratch/vcpkg_installed/x64-windows/Microsoft Visual Studio/18/Community/Common7/Tools/xlc.com"
      - "D:/WaterSurfaceRendererScratch/vcpkg_installed/x64-windows/Microsoft Visual Studio/18/Community/Common7/Tools/xlc.exe"
      - "D:/WaterSurfaceRendererScratch/vcpkg_installed/x64-windows/Microsoft Visual Studio/18/Community/Common7/Tools/xlc"
      - "D:/WaterSurfaceRendererScratch/vcpkg_installed/x64-windows/Microsoft Visual Studio/18/Community/Common7/Tools/icx.com"
      - "D:/WaterSurfaceRendererScratch/vcpkg_installed/x64-windows/Microsoft Visual Studio/18/Community/Common7/Tools/icx.exe"
      - "D:/WaterSurfaceRendererScratch/vcpkg_installed/x64-windows/Microsoft Visual Studio/18/Community/Common7/Tools/icx"
      - "D:/WaterSurfaceRendererScratch/vcpkg_installed/x64-windows/Microsoft Visual Studio/18/Community/Common7/Tools/clang.com"
      - "D:/WaterSurfaceRendererScratch/vcpkg_installed/x64-windows/Microsoft Visual Studio/18/Community/Common7/Tools/clang.exe"
      - "D:/WaterSurfaceRendererScratch/vcpkg_installed/x64-windows/Microsoft Visual Studio/18/Community/Common7/Tools/clang"
      - "D:/WaterSurfaceRendererScratch/vcpkg_installed/x64-windows/Users/xukeheng/AppData/Local/vcpkg/downloads/tools/powershell-core-7.5.4-windows/cc.com"
      - "D:/WaterSurfaceRendererScratch/vcpkg_installed/x64-windows/Users/xukeheng/AppData/Local/vcpkg/downloads/tools/powershell-core-7.5.4-windows/cc.exe"
      - "D:/WaterSurfaceRendererScratch/vcpkg_installed/x64-windows/Users/xukeheng/AppData/Local/vcpkg/downloads/tools/powershell-core-7.5.4-windows/cc"
      - "D:/WaterSurfaceRendererScratch/vcpkg_installed/x64-windows/Users/xukeheng/AppData/Local/vcpkg/downloads/tools/powershell-core-7.5.4-windows/gcc.com"
      - "D:/WaterSurfaceRendererScratch/vcpkg_installed/x64-windows/Users/xukeheng/AppData/Local/vcpkg/downloads/tools/powershell-core-7.5.4-windows/gcc.exe"
      - "D:/WaterSurfaceRendererScratch/vcpkg_installed/x64-windows/Users/xukeheng/AppData/Local/vcpkg/downloads/tools/powershell-core-7.5.4-windows/gcc"
      - "D:/WaterSurfaceRendererScratch/vcpkg_installed/x64-windows/Users/xukeheng/AppData/Local/vcpkg/downloads/tools/powershell-core-7.5.4-windows/cl.com"
      - "D:/WaterSurfaceRendererScratch/vcpkg_installed/x64-windows/Users/xukeheng/AppData/Local/vcpkg/downloads/tools/powershell-core-7.5.4-windows/cl.exe"
      - "D:/WaterSurfaceRendererScratch/vcpkg_installed/x64-windows/Users/xukeheng/AppData/Local/vcpkg/downloads/tools/powershell-core-7.5.4-windows/cl"
      - "D:/WaterSurfaceRendererScratch/vcpkg_installed/x64-windows/Users/xukeheng/AppData/Local/vcpkg/downloads/tools/powershell-core-7.5.4-windows/bcc.com"
      - "D:/WaterSurfaceRendererScratch/vcpkg_installed/x64-windows/Users/xukeheng/AppData/Local/vcpkg/downloads/tools/powershell-core-7.5.4-windows/bcc.exe"
      - "D:/WaterSurfaceRendererScratch/vcpkg_installed/x64-windows/Users/xukeheng/AppData/Local/vcpkg/downloads/tools/powershell-core-7.5.4-windows/bcc"
      - "D:/WaterSurfaceRendererScratch/vcpkg_installed/x64-windows/Users/xukeheng/AppData/Local/vcpkg/downloads/tools/powershell-core-7.5.4-windows/xlc.com"
      - "D:/WaterSurfaceRendererScratch/vcpkg_installed/x64-windows/Users/xukeheng/AppData/Local/vcpkg/downloads/tools/powershell-core-7.5.4-windows/xlc.exe"
      - "D:/WaterSurfaceRendererScratch/vcpkg_installed/x64-windows/Users/xukeheng/AppData/Local/vcpkg/downloads/tools/powershell-core-7.5.4-windows/xlc"
      - "D:/WaterSurfaceRendererScratch/vcpkg_installed/x64-windows/Users/xukeheng/AppData/Local/vcpkg/downloads/tools/powershell-core-7.5.4-windows/icx.com"
      - "D:/WaterSurfaceRendererScratch/vcpkg_installed/x64-windows/Users/xukeheng/AppData/Local/vcpkg/downloads/tools/powershell-core-7.5.4-windows/icx.exe"
      - "D:/WaterSurfaceRendererScratch/vcpkg_installed/x64-windows/Users/xukeheng/AppData/Local/vcpkg/downloads/tools/powershell-core-7.5.4-windows/icx"
      - "D:/WaterSurfaceRendererScratch/vcpkg_installed/x64-windows/Users/xukeheng/AppData/Local/vcpkg/downloads/tools/powershell-core-7.5.4-windows/clang.com"
      - "D:/WaterSurfaceRendererScratch/vcpkg_installed/x64-windows/Users/xukeheng/AppData/Local/vcpkg/downloads/tools/powershell-core-7.5.4-windows/clang.exe"
      - "D:/WaterSurfaceRendererScratch/vcpkg_installed/x64-windows/Users/xukeheng/AppData/Local/vcpkg/downloads/tools/powershell-core-7.5.4-windows/clang"
      - "D:/WaterSurfaceRendererScratch/vcpkg_installed/x64-windows/Windows/System32/cc.com"
      - "D:/WaterSurfaceRendererScratch/vcpkg_installed/x64-windows/Windows/System32/cc.exe"
      - "D:/WaterSurfaceRendererScratch/vcpkg_installed/x64-windows/Windows/System32/cc"
      - "D:/WaterSurfaceRendererScratch/vcpkg_installed/x64-windows/Windows/System32/gcc.com"
      - "D:/WaterSurfaceRendererScratch/vcpkg_installed/x64-windows/Windows/System32/gcc.exe"
      - "D:/WaterSurfaceRendererScratch/vcpkg_installed/x64-windows/Windows/System32/gcc"
      - "D:/WaterSurfaceRendererScratch/vcpkg_installed/x64-windows/Windows/System32/cl.com"
      - "D:/WaterSurfaceRendererScratch/vcpkg_installed/x64-windows/Windows/System32/cl.exe"
      - "D:/WaterSurfaceRendererScratch/vcpkg_installed/x64-windows/Windows/System32/cl"
      - "D:/WaterSurfaceRendererScratch/vcpkg_installed/x64-windows/Windows/System32/bcc.com"
      - "D:/WaterSurfaceRendererScratch/vcpkg_installed/x64-windows/Windows/System32/bcc.exe"
      - "D:/WaterSurfaceRendererScratch/vcpkg_installed/x64-windows/Windows/System32/bcc"
      - "D:/WaterSurfaceRendererScratch/vcpkg_installed/x64-windows/Windows/System32/xlc.com"
      - "D:/WaterSurfaceRendererScratch/vcpkg_installed/x64-windows/Windows/System32/xlc.exe"
      - "D:/WaterSurfaceRendererScratch/vcpkg_installed/x64-windows/Windows/System32/xlc"
      - "D:/WaterSurfaceRendererScratch/vcpkg_installed/x64-windows/Windows/System32/icx.com"
      - "D:/WaterSurfaceRendererScratch/vcpkg_installed/x64-windows/Windows/System32/icx.exe"
      - "D:/WaterSurfaceRendererScratch/vcpkg_installed/x64-windows/Windows/System32/icx"
      - "D:/WaterSurfaceRendererScratch/vcpkg_installed/x64-windows/Windows/System32/clang.com"
      - "D:/WaterSurfaceRendererScratch/vcpkg_installed/x64-windows/Windows/System32/clang.exe"
      - "D:/WaterSurfaceRendererScratch/vcpkg_installed/x64-windows/Windows/System32/clang"
      - "D:/WaterSurfaceRendererScratch/vcpkg_installed/x64-windows/Windows/cc.com"
      - "D:/WaterSurfaceRendererScratch/vcpkg_installed/x64-windows/Windows/cc.exe"
      - "D:/WaterSurfaceRendererScratch/vcpkg_installed/x64-windows/Windows/cc"
      - "D:/WaterSurfaceRendererScratch/vcpkg_installed/x64-windows/Windows/gcc.com"
      - "D:/WaterSurfaceRendererScratch/vcpkg_installed/x64-windows/Windows/gcc.exe"
      - "D:/WaterSurfaceRendererScratch/vcpkg_installed/x64-windows/Windows/gcc"
      - "D:/WaterSurfaceRendererScratch/vcpkg_installed/x64-windows/Windows/cl.com"
      - "D:/WaterSurfaceRendererScratch/vcpkg_installed/x64-windows/Windows/cl.exe"
      - "D:/WaterSurfaceRendererScratch/vcpkg_installed/x64-windows/Windows/cl"
      - "D:/WaterSurfaceRendererScratch/vcpkg_installed/x64-windows/Windows/bcc.com"
      - "D:/WaterSurfaceRendererScratch/vcpkg_installed/x64-windows/Windows/bcc.exe"
      - "D:/WaterSurfaceRendererScratch/vcpkg_installed/x64-windows/Windows/bcc"
      - "D:/WaterSurfaceRendererScratch/vcpkg_installed/x64-windows/Windows/xlc.com"
      - "D:/WaterSurfaceRendererScratch/vcpkg_installed/x64-windows/Windows/xlc.exe"
      - "D:/WaterSurfaceRendererScratch/vcpkg_installed/x64-windows/Windows/xlc"
      - "D:/WaterSurfaceRendererScratch/vcpkg_installed/x64-windows/Windows/icx.com"
      - "D:/WaterSurfaceRendererScratch/vcpkg_installed/x64-windows/Windows/icx.exe"
      - "D:/WaterSurfaceRendererScratch/vcpkg_installed/x64-windows/Windows/icx"
      - "D:/WaterSurfaceRendererScratch/vcpkg_installed/x64-windows/Windows/clang.com"
      - "D:/WaterSurfaceRendererScratch/vcpkg_installed/x64-windows/Windows/clang.exe"
      - "D:/WaterSurfaceRendererScratch/vcpkg_installed/x64-windows/Windows/clang"
      - "D:/WaterSurfaceRendererScratch/vcpkg_installed/x64-windows/Windows/System32/wbem/cc.com"
      - "D:/WaterSurfaceRendererScratch/vcpkg_installed/x64-windows/Windows/System32/wbem/cc.exe"
      - "D:/WaterSurfaceRendererScratch/vcpkg_installed/x64-windows/Windows/System32/wbem/cc"
      - "D:/WaterSurfaceRendererScratch/vcpkg_installed/x64-windows/Windows/System32/wbem/gcc.com"
      - "D:/WaterSurfaceRendererScratch/vcpkg_installed/x64-windows/Windows/System32/wbem/gcc.exe"
      - "D:/WaterSurfaceRendererScratch/vcpkg_installed/x64-windows/Windows/System32/wbem/gcc"
      - "D:/WaterSurfaceRendererScratch/vcpkg_installed/x64-windows/Windows/System32/wbem/cl.com"
      - "D:/WaterSurfaceRendererScratch/vcpkg_installed/x64-windows/Windows/System32/wbem/cl.exe"
      - "D:/WaterSurfaceRendererScratch/vcpkg_installed/x64-windows/Windows/System32/wbem/cl"
      - "D:/WaterSurfaceRendererScratch/vcpkg_installed/x64-windows/Windows/System32/wbem/bcc.com"
      - "D:/WaterSurfaceRendererScratch/vcpkg_installed/x64-windows/Windows/System32/wbem/bcc.exe"
      - "D:/WaterSurfaceRendererScratch/vcpkg_installed/x64-windows/Windows/System32/wbem/bcc"
      - "D:/WaterSurfaceRendererScratch/vcpkg_installed/x64-windows/Windows/System32/wbem/xlc.com"
      - "D:/WaterSurfaceRendererScratch/vcpkg_installed/x64-windows/Windows/System32/wbem/xlc.exe"
      - "D:/WaterSurfaceRendererScratch/vcpkg_installed/x64-windows/Windows/System32/wbem/xlc"
      - "D:/WaterSurfaceRendererScratch/vcpkg_installed/x64-windows/Windows/System32/wbem/icx.com"
      - "D:/WaterSurfaceRendererScratch/vcpkg_installed/x64-windows/Windows/System32/wbem/icx.exe"
      - "D:/WaterSurfaceRendererScratch/vcpkg_installed/x64-windows/Windows/System32/wbem/icx"
      - "D:/WaterSurfaceRendererScratch/vcpkg_installed/x64-windows/Windows/System32/wbem/clang.com"
      - "D:/WaterSurfaceRendererScratch/vcpkg_installed/x64-windows/Windows/System32/wbem/clang.exe"
      - "D:/WaterSurfaceRendererScratch/vcpkg_installed/x64-windows/Windows/System32/wbem/clang"
      - "D:/WaterSurfaceRendererScratch/vcpkg_installed/x64-windows/Windows/System32/WindowsPowerShell/v1.0/cc.com"
      - "D:/WaterSurfaceRendererScratch/vcpkg_installed/x64-windows/Windows/System32/WindowsPowerShell/v1.0/cc.exe"
      - "D:/WaterSurfaceRendererScratch/vcpkg_installed/x64-windows/Windows/System32/WindowsPowerShell/v1.0/cc"
      - "D:/WaterSurfaceRendererScratch/vcpkg_installed/x64-windows/Windows/System32/WindowsPowerShell/v1.0/gcc.com"
      - "D:/WaterSurfaceRendererScratch/vcpkg_installed/x64-windows/Windows/System32/WindowsPowerShell/v1.0/gcc.exe"
      - "D:/WaterSurfaceRendererScratch/vcpkg_installed/x64-windows/Windows/System32/WindowsPowerShell/v1.0/gcc"
      - "D:/WaterSurfaceRendererScratch/vcpkg_installed/x64-windows/Windows/System32/WindowsPowerShell/v1.0/cl.com"
      - "D:/WaterSurfaceRendererScratch/vcpkg_installed/x64-windows/Windows/System32/WindowsPowerShell/v1.0/cl.exe"
      - "D:/WaterSurfaceRendererScratch/vcpkg_installed/x64-windows/Windows/System32/WindowsPowerShell/v1.0/cl"
      - "D:/WaterSurfaceRendererScratch/vcpkg_installed/x64-windows/Windows/System32/WindowsPowerShell/v1.0/bcc.com"
      - "D:/WaterSurfaceRendererScratch/vcpkg_installed/x64-windows/Windows/System32/WindowsPowerShell/v1.0/bcc.exe"
      - "D:/WaterSurfaceRendererScratch/vcpkg_installed/x64-windows/Windows/System32/WindowsPowerShell/v1.0/bcc"
      - "D:/WaterSurfaceRendererScratch/vcpkg_installed/x64-windows/Windows/System32/WindowsPowerShell/v1.0/xlc.com"
      - "D:/WaterSurfaceRendererScratch/vcpkg_installed/x64-windows/Windows/System32/WindowsPowerShell/v1.0/xlc.exe"
      - "D:/WaterSurfaceRendererScratch/vcpkg_installed/x64-windows/Windows/System32/WindowsPowerShell/v1.0/xlc"
      - "D:/WaterSurfaceRendererScratch/vcpkg_installed/x64-windows/Windows/System32/WindowsPowerShell/v1.0/icx.com"
      - "D:/WaterSurfaceRendererScratch/vcpkg_installed/x64-windows/Windows/System32/WindowsPowerShell/v1.0/icx.exe"
      - "D:/WaterSurfaceRendererScratch/vcpkg_installed/x64-windows/Windows/System32/WindowsPowerShell/v1.0/icx"
      - "D:/WaterSurfaceRendererScratch/vcpkg_installed/x64-windows/Windows/System32/WindowsPowerShell/v1.0/clang.com"
      - "D:/WaterSurfaceRendererScratch/vcpkg_installed/x64-windows/Windows/System32/WindowsPowerShell/v1.0/clang.exe"
      - "D:/WaterSurfaceRendererScratch/vcpkg_installed/x64-windows/Windows/System32/WindowsPowerShell/v1.0/clang"
      - "D:/WaterSurfaceRendererScratch/vcpkg_installed/x64-windows/Windows/System32/OpenSSH/cc.com"
      - "D:/WaterSurfaceRendererScratch/vcpkg_installed/x64-windows/Windows/System32/OpenSSH/cc.exe"
      - "D:/WaterSurfaceRendererScratch/vcpkg_installed/x64-windows/Windows/System32/OpenSSH/cc"
      - "D:/WaterSurfaceRendererScratch/vcpkg_installed/x64-windows/Windows/System32/OpenSSH/gcc.com"
      - "D:/WaterSurfaceRendererScratch/vcpkg_installed/x64-windows/Windows/System32/OpenSSH/gcc.exe"
      - "D:/WaterSurfaceRendererScratch/vcpkg_installed/x64-windows/Windows/System32/OpenSSH/gcc"
      - "D:/WaterSurfaceRendererScratch/vcpkg_installed/x64-windows/Windows/System32/OpenSSH/cl.com"
      - "D:/WaterSurfaceRendererScratch/vcpkg_installed/x64-windows/Windows/System32/OpenSSH/cl.exe"
      - "D:/WaterSurfaceRendererScratch/vcpkg_installed/x64-windows/Windows/System32/OpenSSH/cl"
      - "D:/WaterSurfaceRendererScratch/vcpkg_installed/x64-windows/Windows/System32/OpenSSH/bcc.com"
      - "D:/WaterSurfaceRendererScratch/vcpkg_installed/x64-windows/Windows/System32/OpenSSH/bcc.exe"
      - "D:/WaterSurfaceRendererScratch/vcpkg_installed/x64-windows/Windows/System32/OpenSSH/bcc"
      - "D:/WaterSurfaceRendererScratch/vcpkg_installed/x64-windows/Windows/System32/OpenSSH/xlc.com"
      - "D:/WaterSurfaceRendererScratch/vcpkg_installed/x64-windows/Windows/System32/OpenSSH/xlc.exe"
      - "D:/WaterSurfaceRendererScratch/vcpkg_installed/x64-windows/Windows/System32/OpenSSH/xlc"
      - "D:/WaterSurfaceRendererScratch/vcpkg_installed/x64-windows/Windows/System32/OpenSSH/icx.com"
      - "D:/WaterSurfaceRendererScratch/vcpkg_installed/x64-windows/Windows/System32/OpenSSH/icx.exe"
      - "D:/WaterSurfaceRendererScratch/vcpkg_installed/x64-windows/Windows/System32/OpenSSH/icx"
      - "D:/WaterSurfaceRendererScratch/vcpkg_installed/x64-windows/Windows/System32/OpenSSH/clang.com"
      - "D:/WaterSurfaceRendererScratch/vcpkg_installed/x64-windows/Windows/System32/OpenSSH/clang.exe"
      - "D:/WaterSurfaceRendererScratch/vcpkg_installed/x64-windows/Windows/System32/OpenSSH/clang"
      - "D:/WaterSurfaceRendererScratch/vcpkg_installed/x64-windows/Microsoft Visual Studio/18/Community/Common7/IDE/CommonExtensions/Microsoft/CMake/CMake/bin/cc.com"
      - "D:/WaterSurfaceRendererScratch/vcpkg_installed/x64-windows/Microsoft Visual Studio/18/Community/Common7/IDE/CommonExtensions/Microsoft/CMake/CMake/bin/cc.exe"
      - "D:/WaterSurfaceRendererScratch/vcpkg_installed/x64-windows/Microsoft Visual Studio/18/Community/Common7/IDE/CommonExtensions/Microsoft/CMake/CMake/bin/cc"
      - "D:/WaterSurfaceRendererScratch/vcpkg_installed/x64-windows/Microsoft Visual Studio/18/Community/Common7/IDE/CommonExtensions/Microsoft/CMake/CMake/bin/gcc.com"
      - "D:/WaterSurfaceRendererScratch/vcpkg_installed/x64-windows/Microsoft Visual Studio/18/Community/Common7/IDE/CommonExtensions/Microsoft/CMake/CMake/bin/gcc.exe"
      - "D:/WaterSurfaceRendererScratch/vcpkg_installed/x64-windows/Microsoft Visual Studio/18/Community/Common7/IDE/CommonExtensions/Microsoft/CMake/CMake/bin/gcc"
      - "D:/WaterSurfaceRendererScratch/vcpkg_installed/x64-windows/Microsoft Visual Studio/18/Community/Common7/IDE/CommonExtensions/Microsoft/CMake/CMake/bin/cl.com"
      - "D:/WaterSurfaceRendererScratch/vcpkg_installed/x64-windows/Microsoft Visual Studio/18/Community/Common7/IDE/CommonExtensions/Microsoft/CMake/CMake/bin/cl.exe"
      - "D:/WaterSurfaceRendererScratch/vcpkg_installed/x64-windows/Microsoft Visual Studio/18/Community/Common7/IDE/CommonExtensions/Microsoft/CMake/CMake/bin/cl"
      - "D:/WaterSurfaceRendererScratch/vcpkg_installed/x64-windows/Microsoft Visual Studio/18/Community/Common7/IDE/CommonExtensions/Microsoft/CMake/CMake/bin/bcc.com"
      - "D:/WaterSurfaceRendererScratch/vcpkg_installed/x64-windows/Microsoft Visual Studio/18/Community/Common7/IDE/CommonExtensions/Microsoft/CMake/CMake/bin/bcc.exe"
      - "D:/WaterSurfaceRendererScratch/vcpkg_installed/x64-windows/Microsoft Visual Studio/18/Community/Common7/IDE/CommonExtensions/Microsoft/CMake/CMake/bin/bcc"
      - "D:/WaterSurfaceRendererScratch/vcpkg_installed/x64-windows/Microsoft Visual Studio/18/Community/Common7/IDE/CommonExtensions/Microsoft/CMake/CMake/bin/xlc.com"
      - "D:/WaterSurfaceRendererScratch/vcpkg_installed/x64-windows/Microsoft Visual Studio/18/Community/Common7/IDE/CommonExtensions/Microsoft/CMake/CMake/bin/xlc.exe"
      - "D:/WaterSurfaceRendererScratch/vcpkg_installed/x64-windows/Microsoft Visual Studio/18/Community/Common7/IDE/CommonExtensions/Microsoft/CMake/CMake/bin/xlc"
      - "D:/WaterSurfaceRendererScratch/vcpkg_installed/x64-windows/Microsoft Visual Studio/18/Community/Common7/IDE/CommonExtensions/Microsoft/CMake/CMake/bin/icx.com"
      - "D:/WaterSurfaceRendererScratch/vcpkg_installed/x64-windows/Microsoft Visual Studio/18/Community/Common7/IDE/CommonExtensions/Microsoft/CMake/CMake/bin/icx.exe"
      - "D:/WaterSurfaceRendererScratch/vcpkg_installed/x64-windows/Microsoft Visual Studio/18/Community/Common7/IDE/CommonExtensions/Microsoft/CMake/CMake/bin/icx"
      - "D:/WaterSurfaceRendererScratch/vcpkg_installed/x64-windows/Microsoft Visual Studio/18/Community/Common7/IDE/CommonExtensions/Microsoft/CMake/CMake/bin/clang.com"
      - "D:/WaterSurfaceRendererScratch/vcpkg_installed/x64-windows/Microsoft Visual Studio/18/Community/Common7/IDE/CommonExtensions/Microsoft/CMake/CMake/bin/clang.exe"
      - "D:/WaterSurfaceRendererScratch/vcpkg_installed/x64-windows/Microsoft Visual Studio/18/Community/Common7/IDE/CommonExtensions/Microsoft/CMake/CMake/bin/clang"
      - "D:/WaterSurfaceRendererScratch/vcpkg_installed/x64-windows/Microsoft Visual Studio/18/Community/Common7/IDE/CommonExtensions/Microsoft/CMake/Ninja/cc.com"
      - "D:/WaterSurfaceRendererScratch/vcpkg_installed/x64-windows/Microsoft Visual Studio/18/Community/Common7/IDE/CommonExtensions/Microsoft/CMake/Ninja/cc.exe"
      - "D:/WaterSurfaceRendererScratch/vcpkg_installed/x64-windows/Microsoft Visual Studio/18/Community/Common7/IDE/CommonExtensions/Microsoft/CMake/Ninja/cc"
      - "D:/WaterSurfaceRendererScratch/vcpkg_installed/x64-windows/Microsoft Visual Studio/18/Community/Common7/IDE/CommonExtensions/Microsoft/CMake/Ninja/gcc.com"
      - "D:/WaterSurfaceRendererScratch/vcpkg_installed/x64-windows/Microsoft Visual Studio/18/Community/Common7/IDE/CommonExtensions/Microsoft/CMake/Ninja/gcc.exe"
      - "D:/WaterSurfaceRendererScratch/vcpkg_installed/x64-windows/Microsoft Visual Studio/18/Community/Common7/IDE/CommonExtensions/Microsoft/CMake/Ninja/gcc"
      - "D:/WaterSurfaceRendererScratch/vcpkg_installed/x64-windows/Microsoft Visual Studio/18/Community/Common7/IDE/CommonExtensions/Microsoft/CMake/Ninja/cl.com"
      - "D:/WaterSurfaceRendererScratch/vcpkg_installed/x64-windows/Microsoft Visual Studio/18/Community/Common7/IDE/CommonExtensions/Microsoft/CMake/Ninja/cl.exe"
      - "D:/WaterSurfaceRendererScratch/vcpkg_installed/x64-windows/Microsoft Visual Studio/18/Community/Common7/IDE/CommonExtensions/Microsoft/CMake/Ninja/cl"
      - "D:/WaterSurfaceRendererScratch/vcpkg_installed/x64-windows/Microsoft Visual Studio/18/Community/Common7/IDE/CommonExtensions/Microsoft/CMake/Ninja/bcc.com"
      - "D:/WaterSurfaceRendererScratch/vcpkg_installed/x64-windows/Microsoft Visual Studio/18/Community/Common7/IDE/CommonExtensions/Microsoft/CMake/Ninja/bcc.exe"
      - "D:/WaterSurfaceRendererScratch/vcpkg_installed/x64-windows/Microsoft Visual Studio/18/Community/Common7/IDE/CommonExtensions/Microsoft/CMake/Ninja/bcc"
      - "D:/WaterSurfaceRendererScratch/vcpkg_installed/x64-windows/Microsoft Visual Studio/18/Community/Common7/IDE/CommonExtensions/Microsoft/CMake/Ninja/xlc.com"
      - "D:/WaterSurfaceRendererScratch/vcpkg_installed/x64-windows/Microsoft Visual Studio/18/Community/Common7/IDE/CommonExtensions/Microsoft/CMake/Ninja/xlc.exe"
      - "D:/WaterSurfaceRendererScratch/vcpkg_installed/x64-windows/Microsoft Visual Studio/18/Community/Common7/IDE/CommonExtensions/Microsoft/CMake/Ninja/xlc"
      - "D:/WaterSurfaceRendererScratch/vcpkg_installed/x64-windows/Microsoft Visual Studio/18/Community/Common7/IDE/CommonExtensions/Microsoft/CMake/Ninja/icx.com"
      - "D:/WaterSurfaceRendererScratch/vcpkg_installed/x64-windows/Microsoft Visual Studio/18/Community/Common7/IDE/CommonExtensions/Microsoft/CMake/Ninja/icx.exe"
      - "D:/WaterSurfaceRendererScratch/vcpkg_installed/x64-windows/Microsoft Visual Studio/18/Community/Common7/IDE/CommonExtensions/Microsoft/CMake/Ninja/icx"
      - "D:/WaterSurfaceRendererScratch/vcpkg_installed/x64-windows/Microsoft Visual Studio/18/Community/Common7/IDE/CommonExtensions/Microsoft/CMake/Ninja/clang.com"
      - "D:/WaterSurfaceRendererScratch/vcpkg_installed/x64-windows/Microsoft Visual Studio/18/Community/Common7/IDE/CommonExtensions/Microsoft/CMake/Ninja/clang.exe"
      - "D:/WaterSurfaceRendererScratch/vcpkg_installed/x64-windows/Microsoft Visual Studio/18/Community/Common7/IDE/CommonExtensions/Microsoft/CMake/Ninja/clang"
      - "D:/WaterSurfaceRendererScratch/vcpkg_installed/x64-windows/Microsoft Visual Studio/18/Community/Common7/IDE/VC/Linux/bin/ConnectionManagerExe/cc.com"
      - "D:/WaterSurfaceRendererScratch/vcpkg_installed/x64-windows/Microsoft Visual Studio/18/Community/Common7/IDE/VC/Linux/bin/ConnectionManagerExe/cc.exe"
      - "D:/WaterSurfaceRendererScratch/vcpkg_installed/x64-windows/Microsoft Visual Studio/18/Community/Common7/IDE/VC/Linux/bin/ConnectionManagerExe/cc"
      - "D:/WaterSurfaceRendererScratch/vcpkg_installed/x64-windows/Microsoft Visual Studio/18/Community/Common7/IDE/VC/Linux/bin/ConnectionManagerExe/gcc.com"
      - "D:/WaterSurfaceRendererScratch/vcpkg_installed/x64-windows/Microsoft Visual Studio/18/Community/Common7/IDE/VC/Linux/bin/ConnectionManagerExe/gcc.exe"
      - "D:/WaterSurfaceRendererScratch/vcpkg_installed/x64-windows/Microsoft Visual Studio/18/Community/Common7/IDE/VC/Linux/bin/ConnectionManagerExe/gcc"
      - "D:/WaterSurfaceRendererScratch/vcpkg_installed/x64-windows/Microsoft Visual Studio/18/Community/Common7/IDE/VC/Linux/bin/ConnectionManagerExe/cl.com"
      - "D:/WaterSurfaceRendererScratch/vcpkg_installed/x64-windows/Microsoft Visual Studio/18/Community/Common7/IDE/VC/Linux/bin/ConnectionManagerExe/cl.exe"
      - "D:/WaterSurfaceRendererScratch/vcpkg_installed/x64-windows/Microsoft Visual Studio/18/Community/Common7/IDE/VC/Linux/bin/ConnectionManagerExe/cl"
      - "D:/WaterSurfaceRendererScratch/vcpkg_installed/x64-windows/Microsoft Visual Studio/18/Community/Common7/IDE/VC/Linux/bin/ConnectionManagerExe/bcc.com"
      - "D:/WaterSurfaceRendererScratch/vcpkg_installed/x64-windows/Microsoft Visual Studio/18/Community/Common7/IDE/VC/Linux/bin/ConnectionManagerExe/bcc.exe"
      - "D:/WaterSurfaceRendererScratch/vcpkg_installed/x64-windows/Microsoft Visual Studio/18/Community/Common7/IDE/VC/Linux/bin/ConnectionManagerExe/bcc"
      - "D:/WaterSurfaceRendererScratch/vcpkg_installed/x64-windows/Microsoft Visual Studio/18/Community/Common7/IDE/VC/Linux/bin/ConnectionManagerExe/xlc.com"
      - "D:/WaterSurfaceRendererScratch/vcpkg_installed/x64-windows/Microsoft Visual Studio/18/Community/Common7/IDE/VC/Linux/bin/ConnectionManagerExe/xlc.exe"
      - "D:/WaterSurfaceRendererScratch/vcpkg_installed/x64-windows/Microsoft Visual Studio/18/Community/Common7/IDE/VC/Linux/bin/ConnectionManagerExe/xlc"
      - "D:/WaterSurfaceRendererScratch/vcpkg_installed/x64-windows/Microsoft Visual Studio/18/Community/Common7/IDE/VC/Linux/bin/ConnectionManagerExe/icx.com"
      - "D:/WaterSurfaceRendererScratch/vcpkg_installed/x64-windows/Microsoft Visual Studio/18/Community/Common7/IDE/VC/Linux/bin/ConnectionManagerExe/icx.exe"
      - "D:/WaterSurfaceRendererScratch/vcpkg_installed/x64-windows/Microsoft Visual Studio/18/Community/Common7/IDE/VC/Linux/bin/ConnectionManagerExe/icx"
      - "D:/WaterSurfaceRendererScratch/vcpkg_installed/x64-windows/Microsoft Visual Studio/18/Community/Common7/IDE/VC/Linux/bin/ConnectionManagerExe/clang.com"
      - "D:/WaterSurfaceRendererScratch/vcpkg_installed/x64-windows/Microsoft Visual Studio/18/Community/Common7/IDE/VC/Linux/bin/ConnectionManagerExe/clang.exe"
      - "D:/WaterSurfaceRendererScratch/vcpkg_installed/x64-windows/Microsoft Visual Studio/18/Community/Common7/IDE/VC/Linux/bin/ConnectionManagerExe/clang"
      - "D:/WaterSurfaceRendererScratch/vcpkg_installed/x64-windows/Microsoft Visual Studio/18/Community/VC/vcpkg/cc.com"
      - "D:/WaterSurfaceRendererScratch/vcpkg_installed/x64-windows/Microsoft Visual Studio/18/Community/VC/vcpkg/cc.exe"
      - "D:/WaterSurfaceRendererScratch/vcpkg_installed/x64-windows/Microsoft Visual Studio/18/Community/VC/vcpkg/cc"
      - "D:/WaterSurfaceRendererScratch/vcpkg_installed/x64-windows/Microsoft Visual Studio/18/Community/VC/vcpkg/gcc.com"
      - "D:/WaterSurfaceRendererScratch/vcpkg_installed/x64-windows/Microsoft Visual Studio/18/Community/VC/vcpkg/gcc.exe"
      - "D:/WaterSurfaceRendererScratch/vcpkg_installed/x64-windows/Microsoft Visual Studio/18/Community/VC/vcpkg/gcc"
      - "D:/WaterSurfaceRendererScratch/vcpkg_installed/x64-windows/Microsoft Visual Studio/18/Community/VC/vcpkg/cl.com"
      - "D:/WaterSurfaceRendererScratch/vcpkg_installed/x64-windows/Microsoft Visual Studio/18/Community/VC/vcpkg/cl.exe"
      - "D:/WaterSurfaceRendererScratch/vcpkg_installed/x64-windows/Microsoft Visual Studio/18/Community/VC/vcpkg/cl"
      - "D:/WaterSurfaceRendererScratch/vcpkg_installed/x64-windows/Microsoft Visual Studio/18/Community/VC/vcpkg/bcc.com"
      - "D:/WaterSurfaceRendererScratch/vcpkg_installed/x64-windows/Microsoft Visual Studio/18/Community/VC/vcpkg/bcc.exe"
      - "D:/WaterSurfaceRendererScratch/vcpkg_installed/x64-windows/Microsoft Visual Studio/18/Community/VC/vcpkg/bcc"
      - "D:/WaterSurfaceRendererScratch/vcpkg_installed/x64-windows/Microsoft Visual Studio/18/Community/VC/vcpkg/xlc.com"
      - "D:/WaterSurfaceRendererScratch/vcpkg_installed/x64-windows/Microsoft Visual Studio/18/Community/VC/vcpkg/xlc.exe"
      - "D:/WaterSurfaceRendererScratch/vcpkg_installed/x64-windows/Microsoft Visual Studio/18/Community/VC/vcpkg/xlc"
      - "D:/WaterSurfaceRendererScratch/vcpkg_installed/x64-windows/Microsoft Visual Studio/18/Community/VC/vcpkg/icx.com"
      - "D:/WaterSurfaceRendererScratch/vcpkg_installed/x64-windows/Microsoft Visual Studio/18/Community/VC/vcpkg/icx.exe"
      - "D:/WaterSurfaceRendererScratch/vcpkg_installed/x64-windows/Microsoft Visual Studio/18/Community/VC/vcpkg/icx"
      - "D:/WaterSurfaceRendererScratch/vcpkg_installed/x64-windows/Microsoft Visual Studio/18/Community/VC/vcpkg/clang.com"
      - "D:/WaterSurfaceRendererScratch/vcpkg_installed/x64-windows/Microsoft Visual Studio/18/Community/VC/vcpkg/clang.exe"
      - "D:/WaterSurfaceRendererScratch/vcpkg_installed/x64-windows/Microsoft Visual Studio/18/Community/VC/vcpkg/clang"
      - "D:/Microsoft Visual Studio/18/Community/VC/Tools/MSVC/14.51.36231/bin/Hostx64/x64/cc.com"
      - "D:/Microsoft Visual Studio/18/Community/VC/Tools/MSVC/14.51.36231/bin/Hostx64/x64/cc.exe"
      - "D:/Microsoft Visual Studio/18/Community/VC/Tools/MSVC/14.51.36231/bin/Hostx64/x64/cc"
      - "D:/Microsoft Visual Studio/18/Community/VC/Tools/MSVC/14.51.36231/bin/Hostx64/x64/gcc.com"
      - "D:/Microsoft Visual Studio/18/Community/VC/Tools/MSVC/14.51.36231/bin/Hostx64/x64/gcc.exe"
      - "D:/Microsoft Visual Studio/18/Community/VC/Tools/MSVC/14.51.36231/bin/Hostx64/x64/gcc"
      - "D:/Microsoft Visual Studio/18/Community/VC/Tools/MSVC/14.51.36231/bin/Hostx64/x64/cl.com"
    found: "D:/Microsoft Visual Studio/18/Community/VC/Tools/MSVC/14.51.36231/bin/Hostx64/x64/cl.exe"
    search_context:
      CMAKE_PROGRAM_PATH:
        - "D:/WaterSurfaceRendererScratch/vcpkg_installed/x64-windows/tools"
      CMAKE_PREFIX_PATH:
        - "D:/WaterSurfaceRendererScratch/vcpkg_installed/x64-windows/debug"
        - "D:/WaterSurfaceRendererScratch/vcpkg_installed/x64-windows"
      ENV{PATH}:
        - "D:\\Microsoft Visual Studio\\18\\Community\\VC\\Tools\\MSVC\\14.51.36231\\bin\\HostX64\\x64"
        - "D:\\Microsoft Visual Studio\\18\\Community\\Common7\\IDE\\VC\\VCPackages"
        - "D:\\Microsoft Visual Studio\\18\\Community\\Common7\\IDE\\CommonExtensions\\Microsoft\\TestWindow"
        - "D:\\Microsoft Visual Studio\\18\\Community\\Common7\\IDE\\CommonExtensions\\Microsoft\\TeamFoundation\\Team Explorer"
        - "D:\\Microsoft Visual Studio\\18\\Community\\MSBuild\\Current\\bin\\Roslyn"
        - "C:\\Program Files (x86)\\Microsoft SDKs\\Windows\\v10.0A\\bin\\NETFX 4.8 Tools\\x64\\"
        - "D:\\Microsoft Visual Studio\\18\\Community\\Team Tools\\DiagnosticsHub\\Collector"
        - "D:\\Microsoft Visual Studio\\18\\Community\\Common7\\IDE\\Extensions\\Microsoft\\CodeCoverage.Console"
        - "C:\\Program Files (x86)\\Windows Kits\\10\\bin\\10.0.26100.0\\\\x64"
        - "C:\\Program Files (x86)\\Windows Kits\\10\\bin\\\\x64"
        - "D:\\Microsoft Visual Studio\\18\\Community\\\\MSBuild\\Current\\Bin\\amd64"
        - "C:\\Windows\\Microsoft.NET\\Framework64\\v4.0.30319"
        - "D:\\Microsoft Visual Studio\\18\\Community\\Common7\\IDE\\"
        - "D:\\Microsoft Visual Studio\\18\\Community\\Common7\\Tools\\"
        - "C:\\Users\\xukeheng\\AppData\\Local\\vcpkg\\downloads\\tools\\powershell-core-7.5.4-windows"
        - "C:\\windows\\system32"
        - "C:\\windows"
        - "C:\\windows\\system32\\Wbem"
        - "C:\\windows\\system32\\WindowsPowerShell\\v1.0\\"
        - "C:\\windows\\system32\\OpenSSH\\"
        - "D:\\Microsoft Visual Studio\\18\\Community\\Common7\\IDE\\CommonExtensions\\Microsoft\\CMake\\CMake\\bin"
        - "D:\\Microsoft Visual Studio\\18\\Community\\Common7\\IDE\\CommonExtensions\\Microsoft\\CMake\\Ninja"
        - "D:\\Microsoft Visual Studio\\18\\Community\\Common7\\IDE\\VC\\Linux\\bin\\ConnectionManagerExe"
        - "D:\\Microsoft Visual Studio\\18\\Community\\VC\\vcpkg"
        - "D:\\Microsoft Visual Studio\\18\\Community\\Common7\\IDE\\CommonExtensions\\Microsoft\\CMake\\Ninja"
        - "D:\\Microsoft Visual Studio\\18\\Community\\Common7\\IDE\\CommonExtensions\\Microsoft\\CMake\\Ninja"
        - "D:\\Microsoft Visual Studio\\18\\Community\\Common7\\IDE\\CommonExtensions\\Microsoft\\CMake\\Ninja"
      CMAKE_INSTALL_PREFIX: "D:/WaterSurfaceRendererScratch/vcpkg_installed/vcpkg/pkgs/fftw3_x64-windows/debug"
      CMAKE_FIND_ROOT_PATH: "D:/WaterSurfaceRendererScratch/vcpkg_installed/x64-windows/debug;D:/WaterSurfaceRendererScratch/vcpkg_installed/x64-windows"
  -
    kind: "find-v1"
    backtrace:
      - "D:/Microsoft Visual Studio/18/Community/Common7/IDE/CommonExtensions/Microsoft/CMake/CMake/share/cmake-4.3/Modules/CMakeDetermineCompilerId.cmake:468 (find_file)"
      - "D:/Microsoft Visual Studio/18/Community/Common7/IDE/CommonExtensions/Microsoft/CMake/CMake/share/cmake-4.3/Modules/CMakeDetermineCompilerId.cmake:506 (CMAKE_DETERMINE_COMPILER_ID_WRITE)"
      - "D:/Microsoft Visual Studio/18/Community/Common7/IDE/CommonExtensions/Microsoft/CMake/CMake/share/cmake-4.3/Modules/CMakeDetermineCompilerId.cmake:8 (CMAKE_DETERMINE_COMPILER_ID_BUILD)"
      - "D:/Microsoft Visual Studio/18/Community/Common7/IDE/CommonExtensions/Microsoft/CMake/CMake/share/cmake-4.3/Modules/CMakeDetermineCompilerId.cmake:64 (__determine_compiler_id_test)"
      - "D:/Microsoft Visual Studio/18/Community/Common7/IDE/CommonExtensions/Microsoft/CMake/CMake/share/cmake-4.3/Modules/CMakeDetermineCCompiler.cmake:122 (CMAKE_DETERMINE_COMPILER_ID)"
      - "CMakeLists.txt:7 (project)"
    mode: "file"
    variable: "src_in"
    description: "Path to a file."
    settings:
      SearchFramework: "LAST"
      SearchAppBundle: "LAST"
      CMAKE_FIND_USE_CMAKE_PATH: true
      CMAKE_FIND_USE_CMAKE_ENVIRONMENT_PATH: true
      CMAKE_FIND_USE_SYSTEM_ENVIRONMENT_PATH: true
      CMAKE_FIND_USE_CMAKE_SYSTEM_PATH: true
      CMAKE_FIND_USE_INSTALL_PREFIX: true
    names:
      - "CMakeCCompilerId.c.in"
    candidate_directories:
      - "D:/Microsoft Visual Studio/18/Community/Common7/IDE/CommonExtensions/Microsoft/CMake/CMake/share/cmake-4.3/Modules/"
    found: "D:/Microsoft Visual Studio/18/Community/Common7/IDE/CommonExtensions/Microsoft/CMake/CMake/share/cmake-4.3/Modules/CMakeCCompilerId.c.in"
    search_context:
      CMAKE_PREFIX_PATH:
        - "D:/WaterSurfaceRendererScratch/vcpkg_installed/x64-windows/debug"
        - "D:/WaterSurfaceRendererScratch/vcpkg_installed/x64-windows"
      ENV{PATH}:
        - "D:\\Microsoft Visual Studio\\18\\Community\\VC\\Tools\\MSVC\\14.51.36231\\bin\\HostX64\\x64"
        - "D:\\Microsoft Visual Studio\\18\\Community\\Common7\\IDE\\VC\\VCPackages"
        - "D:\\Microsoft Visual Studio\\18\\Community\\Common7\\IDE\\CommonExtensions\\Microsoft\\TestWindow"
        - "D:\\Microsoft Visual Studio\\18\\Community\\Common7\\IDE\\CommonExtensions\\Microsoft\\TeamFoundation\\Team Explorer"
        - "D:\\Microsoft Visual Studio\\18\\Community\\MSBuild\\Current\\bin\\Roslyn"
        - "C:\\Program Files (x86)\\Microsoft SDKs\\Windows\\v10.0A\\bin\\NETFX 4.8 Tools\\x64\\"
        - "D:\\Microsoft Visual Studio\\18\\Community\\Team Tools\\DiagnosticsHub\\Collector"
        - "D:\\Microsoft Visual Studio\\18\\Community\\Common7\\IDE\\Extensions\\Microsoft\\CodeCoverage.Console"
        - "C:\\Program Files (x86)\\Windows Kits\\10\\bin\\10.0.26100.0\\\\x64"
        - "C:\\Program Files (x86)\\Windows Kits\\10\\bin\\\\x64"
        - "D:\\Microsoft Visual Studio\\18\\Community\\\\MSBuild\\Current\\Bin\\amd64"
        - "C:\\Windows\\Microsoft.NET\\Framework64\\v4.0.30319"
        - "D:\\Microsoft Visual Studio\\18\\Community\\Common7\\IDE\\"
        - "D:\\Microsoft Visual Studio\\18\\Community\\Common7\\Tools\\"
        - "C:\\Users\\xukeheng\\AppData\\Local\\vcpkg\\downloads\\tools\\powershell-core-7.5.4-windows"
        - "C:\\windows\\system32"
        - "C:\\windows"
        - "C:\\windows\\system32\\Wbem"
        - "C:\\windows\\system32\\WindowsPowerShell\\v1.0\\"
        - "C:\\windows\\system32\\OpenSSH\\"
        - "D:\\Microsoft Visual Studio\\18\\Community\\Common7\\IDE\\CommonExtensions\\Microsoft\\CMake\\CMake\\bin"
        - "D:\\Microsoft Visual Studio\\18\\Community\\Common7\\IDE\\CommonExtensions\\Microsoft\\CMake\\Ninja"
        - "D:\\Microsoft Visual Studio\\18\\Community\\Common7\\IDE\\VC\\Linux\\bin\\ConnectionManagerExe"
        - "D:\\Microsoft Visual Studio\\18\\Community\\VC\\vcpkg"
        - "D:\\Microsoft Visual Studio\\18\\Community\\Common7\\IDE\\CommonExtensions\\Microsoft\\CMake\\Ninja"
        - "D:\\Microsoft Visual Studio\\18\\Community\\Common7\\IDE\\CommonExtensions\\Microsoft\\CMake\\Ninja"
        - "D:\\Microsoft Visual Studio\\18\\Community\\Common7\\IDE\\CommonExtensions\\Microsoft\\CMake\\Ninja"
      CMAKE_INSTALL_PREFIX: "D:/WaterSurfaceRendererScratch/vcpkg_installed/vcpkg/pkgs/fftw3_x64-windows/debug"
      CMAKE_FIND_ROOT_PATH: "D:/WaterSurfaceRendererScratch/vcpkg_installed/x64-windows/debug;D:/WaterSurfaceRendererScratch/vcpkg_installed/x64-windows"
      ENV{INCLUDE}:
        - "D:\\Microsoft Visual Studio\\18\\Community\\VC\\Tools\\MSVC\\14.51.36231\\include"
        - "D:\\Microsoft Visual Studio\\18\\Community\\VC\\Tools\\MSVC\\14.51.36231\\ATLMFC\\include"
        - "D:\\Microsoft Visual Studio\\18\\Community\\VC\\Auxiliary\\VS\\include"
        - "C:\\Program Files (x86)\\Windows Kits\\10\\include\\10.0.26100.0\\ucrt"
        - "C:\\Program Files (x86)\\Windows Kits\\10\\\\include\\10.0.26100.0\\\\um"
        - "C:\\Program Files (x86)\\Windows Kits\\10\\\\include\\10.0.26100.0\\\\shared"
        - "C:\\Program Files (x86)\\Windows Kits\\10\\\\include\\10.0.26100.0\\\\winrt"
        - "C:\\Program Files (x86)\\Windows Kits\\10\\\\include\\10.0.26100.0\\\\cppwinrt"
        - "C:\\Program Files (x86)\\Windows Kits\\NETFXSDK\\4.8\\include\\um"
  -
    kind: "message-v1"
    backtrace:
      - "D:/Microsoft Visual Studio/18/Community/Common7/IDE/CommonExtensions/Microsoft/CMake/CMake/share/cmake-4.3/Modules/CMakeDetermineCompilerId.cmake:17 (message)"
      - "D:/Microsoft Visual Studio/18/Community/Common7/IDE/CommonExtensions/Microsoft/CMake/CMake/share/cmake-4.3/Modules/CMakeDetermineCompilerId.cmake:64 (__determine_compiler_id_test)"
      - "D:/Microsoft Visual Studio/18/Community/Common7/IDE/CommonExtensions/Microsoft/CMake/CMake/share/cmake-4.3/Modules/CMakeDetermineCCompiler.cmake:122 (CMAKE_DETERMINE_COMPILER_ID)"
      - "CMakeLists.txt:7 (project)"
    message: |
      Compiling the C compiler identification source file "CMakeCCompilerId.c" succeeded.
      Compiler: D:/Microsoft Visual Studio/18/Community/VC/Tools/MSVC/14.51.36231/bin/Hostx64/x64/cl.exe 
      Build flags: /nologo;/DWIN32;/D_WINDOWS;/utf-8;/MP
      Id flags:  
      
      The output was:
      0
      CMakeCCompilerId.c
      
      
      Compilation of the C compiler identification source "CMakeCCompilerId.c" produced "CMakeCCompilerId.exe"
      
      Compilation of the C compiler identification source "CMakeCCompilerId.c" produced "CMakeCCompilerId.obj"
      
      The C compiler identification is MSVC, found in:
        D:/WaterSurfaceRendererScratch/vcpkg_installed/vcpkg/blds/fftw3/x64-windows-dbg/CMakeFiles/4.3.1-msvc1/CompilerIdC/CMakeCCompilerId.exe
      
  -
    kind: "message-v1"
    backtrace:
      - "D:/Microsoft Visual Studio/18/Community/Common7/IDE/CommonExtensions/Microsoft/CMake/CMake/share/cmake-4.3/Modules/CMakeDetermineCompilerId.cmake:1347 (message)"
      - "D:/Microsoft Visual Studio/18/Community/Common7/IDE/CommonExtensions/Microsoft/CMake/CMake/share/cmake-4.3/Modules/CMakeDetermineCompilerId.cmake:250 (CMAKE_DETERMINE_MSVC_SHOWINCLUDES_PREFIX)"
      - "D:/Microsoft Visual Studio/18/Community/Common7/IDE/CommonExtensions/Microsoft/CMake/CMake/share/cmake-4.3/Modules/CMakeDetermineCCompiler.cmake:122 (CMAKE_DETERMINE_COMPILER_ID)"
      - "CMakeLists.txt:7 (project)"
    message: |
      Detecting C compiler /showIncludes prefix:
        main.c
        注意: 包含文件:  D:\\WaterSurfaceRendererScratch\\vcpkg_installed\\vcpkg\\blds\\fftw3\\x64-windows-dbg\\CMakeFiles\\ShowIncludes\\foo.h
        
      Found prefix "注意: 包含文件:  "
  -
    kind: "find-v1"
    backtrace:
      - "D:/Microsoft Visual Studio/18/Community/Common7/IDE/CommonExtensions/Microsoft/CMake/CMake/share/cmake-4.3/Modules/CMakeFindBinUtils.cmake:37 (find_program)"
      - "D:/Microsoft Visual Studio/18/Community/Common7/IDE/CommonExtensions/Microsoft/CMake/CMake/share/cmake-4.3/Modules/CMakeFindBinUtils.cmake:65 (__resolve_tool_path)"
      - "D:/Microsoft Visual Studio/18/Community/Common7/IDE/CommonExtensions/Microsoft/CMake/CMake/share/cmake-4.3/Modules/CMakeFindBinUtils.cmake:103 (__resolve_linker_path)"
      - "D:/Microsoft Visual Studio/18/Community/Common7/IDE/CommonExtensions/Microsoft/CMake/CMake/share/cmake-4.3/Modules/CMakeDetermineCCompiler.cmake:200 (include)"
      - "CMakeLists.txt:7 (project)"
    mode: "program"
    variable: "_CMAKE_TOOL_WITH_PATH"
    description: "Path to a program."
    settings:
      SearchFramework: "LAST"
      SearchAppBundle: "LAST"
      CMAKE_FIND_USE_CMAKE_PATH: false
      CMAKE_FIND_USE_CMAKE_ENVIRONMENT_PATH: false
      CMAKE_FIND_USE_SYSTEM_ENVIRONMENT_PATH: true
      CMAKE_FIND_USE_CMAKE_SYSTEM_PATH: true
      CMAKE_FIND_USE_INSTALL_PREFIX: true
    names:
      - "link"
    candidate_directories:
      - "D:/WaterSurfaceRendererScratch/vcpkg_installed/x64-windows/debug/Microsoft Visual Studio/18/Community/VC/Tools/MSVC/14.51.36231/bin/Hostx64/x64/"
      - "D:/WaterSurfaceRendererScratch/vcpkg_installed/x64-windows/debug/Microsoft Visual Studio/18/Community/Common7/IDE/VC/vcpackages/"
      - "D:/WaterSurfaceRendererScratch/vcpkg_installed/x64-windows/debug/Microsoft Visual Studio/18/Community/Common7/IDE/CommonExtensions/Microsoft/TestWindow/"
      - "D:/WaterSurfaceRendererScratch/vcpkg_installed/x64-windows/debug/Microsoft Visual Studio/18/Community/Common7/IDE/CommonExtensions/Microsoft/TeamFoundation/Team Explorer/"
      - "D:/WaterSurfaceRendererScratch/vcpkg_installed/x64-windows/debug/Microsoft Visual Studio/18/Community/MSBuild/Current/Bin/Roslyn/"
      - "D:/WaterSurfaceRendererScratch/vcpkg_installed/x64-windows/debug/Program Files (x86)/Microsoft SDKs/Windows/v10.0A/bin/NETFX 4.8 Tools/x64/"
      - "D:/WaterSurfaceRendererScratch/vcpkg_installed/x64-windows/debug/Microsoft Visual Studio/18/Community/Team Tools/DiagnosticsHub/Collector/"
      - "D:/WaterSurfaceRendererScratch/vcpkg_installed/x64-windows/debug/Microsoft Visual Studio/18/Community/Common7/IDE/Extensions/Microsoft/CodeCoverage.Console/"
      - "D:/WaterSurfaceRendererScratch/vcpkg_installed/x64-windows/debug/Program Files (x86)/Windows Kits/10/bin/10.0.26100.0/x64/"
      - "D:/WaterSurfaceRendererScratch/vcpkg_installed/x64-windows/debug/Program Files (x86)/Windows Kits/10/bin/x64/"
      - "D:/WaterSurfaceRendererScratch/vcpkg_installed/x64-windows/debug/Microsoft Visual Studio/18/Community/MSBuild/Current/Bin/amd64/"
      - "D:/WaterSurfaceRendererScratch/vcpkg_installed/x64-windows/debug/Windows/Microsoft.NET/Framework64/v4.0.30319/"
      - "D:/WaterSurfaceRendererScratch/vcpkg_installed/x64-windows/debug/Microsoft Visual Studio/18/Community/Common7/IDE/"
      - "D:/WaterSurfaceRendererScratch/vcpkg_installed/x64-windows/debug/Microsoft Visual Studio/18/Community/Common7/Tools/"
      - "D:/WaterSurfaceRendererScratch/vcpkg_installed/x64-windows/debug/Users/xukeheng/AppData/Local/vcpkg/downloads/tools/powershell-core-7.5.4-windows/"
      - "D:/WaterSurfaceRendererScratch/vcpkg_installed/x64-windows/debug/Windows/System32/"
      - "D:/WaterSurfaceRendererScratch/vcpkg_installed/x64-windows/debug/Windows/"
      - "D:/WaterSurfaceRendererScratch/vcpkg_installed/x64-windows/debug/Windows/System32/wbem/"
      - "D:/WaterSurfaceRendererScratch/vcpkg_installed/x64-windows/debug/Windows/System32/WindowsPowerShell/v1.0/"
      - "D:/WaterSurfaceRendererScratch/vcpkg_installed/x64-windows/debug/Windows/System32/OpenSSH/"
      - "D:/WaterSurfaceRendererScratch/vcpkg_installed/x64-windows/debug/Microsoft Visual Studio/18/Community/Common7/IDE/CommonExtensions/Microsoft/CMake/CMake/bin/"
      - "D:/WaterSurfaceRendererScratch/vcpkg_installed/x64-windows/debug/Microsoft Visual Studio/18/Community/Common7/IDE/CommonExtensions/Microsoft/CMake/Ninja/"
      - "D:/WaterSurfaceRendererScratch/vcpkg_installed/x64-windows/debug/Microsoft Visual Studio/18/Community/Common7/IDE/VC/Linux/bin/ConnectionManagerExe/"
      - "D:/WaterSurfaceRendererScratch/vcpkg_installed/x64-windows/debug/Microsoft Visual Studio/18/Community/VC/vcpkg/"
      - "D:/WaterSurfaceRendererScratch/vcpkg_installed/x64-windows/Microsoft Visual Studio/18/Community/VC/Tools/MSVC/14.51.36231/bin/Hostx64/x64/"
      - "D:/WaterSurfaceRendererScratch/vcpkg_installed/x64-windows/Microsoft Visual Studio/18/Community/Common7/IDE/VC/vcpackages/"
      - "D:/WaterSurfaceRendererScratch/vcpkg_installed/x64-windows/Microsoft Visual Studio/18/Community/Common7/IDE/CommonExtensions/Microsoft/TestWindow/"
      - "D:/WaterSurfaceRendererScratch/vcpkg_installed/x64-windows/Microsoft Visual Studio/18/Community/Common7/IDE/CommonExtensions/Microsoft/TeamFoundation/Team Explorer/"
      - "D:/WaterSurfaceRendererScratch/vcpkg_installed/x64-windows/Microsoft Visual Studio/18/Community/MSBuild/Current/Bin/Roslyn/"
      - "D:/WaterSurfaceRendererScratch/vcpkg_installed/x64-windows/Program Files (x86)/Microsoft SDKs/Windows/v10.0A/bin/NETFX 4.8 Tools/x64/"
      - "D:/WaterSurfaceRendererScratch/vcpkg_installed/x64-windows/Microsoft Visual Studio/18/Community/Team Tools/DiagnosticsHub/Collector/"
      - "D:/WaterSurfaceRendererScratch/vcpkg_installed/x64-windows/Microsoft Visual Studio/18/Community/Common7/IDE/Extensions/Microsoft/CodeCoverage.Console/"
      - "D:/WaterSurfaceRendererScratch/vcpkg_installed/x64-windows/Program Files (x86)/Windows Kits/10/bin/10.0.26100.0/x64/"
      - "D:/WaterSurfaceRendererScratch/vcpkg_installed/x64-windows/Program Files (x86)/Windows Kits/10/bin/x64/"
      - "D:/WaterSurfaceRendererScratch/vcpkg_installed/x64-windows/Microsoft Visual Studio/18/Community/MSBuild/Current/Bin/amd64/"
      - "D:/WaterSurfaceRendererScratch/vcpkg_installed/x64-windows/Windows/Microsoft.NET/Framework64/v4.0.30319/"
      - "D:/WaterSurfaceRendererScratch/vcpkg_installed/x64-windows/Microsoft Visual Studio/18/Community/Common7/IDE/"
      - "D:/WaterSurfaceRendererScratch/vcpkg_installed/x64-windows/Microsoft Visual Studio/18/Community/Common7/Tools/"
      - "D:/WaterSurfaceRendererScratch/vcpkg_installed/x64-windows/Users/xukeheng/AppData/Local/vcpkg/downloads/tools/powershell-core-7.5.4-windows/"
      - "D:/WaterSurfaceRendererScratch/vcpkg_installed/x64-windows/Windows/System32/"
      - "D:/WaterSurfaceRendererScratch/vcpkg_installed/x64-windows/Windows/"
      - "D:/WaterSurfaceRendererScratch/vcpkg_installed/x64-windows/Windows/System32/wbem/"
      - "D:/WaterSurfaceRendererScratch/vcpkg_installed/x64-windows/Windows/System32/WindowsPowerShell/v1.0/"
      - "D:/WaterSurfaceRendererScratch/vcpkg_installed/x64-windows/Windows/System32/OpenSSH/"
      - "D:/WaterSurfaceRendererScratch/vcpkg_installed/x64-windows/Microsoft Visual Studio/18/Community/Common7/IDE/CommonExtensions/Microsoft/CMake/CMake/bin/"
      - "D:/WaterSurfaceRendererScratch/vcpkg_installed/x64-windows/Microsoft Visual Studio/18/Community/Common7/IDE/CommonExtensions/Microsoft/CMake/Ninja/"
      - "D:/WaterSurfaceRendererScratch/vcpkg_installed/x64-windows/Microsoft Visual Studio/18/Community/Common7/IDE/VC/Linux/bin/ConnectionManagerExe/"
      - "D:/WaterSurfaceRendererScratch/vcpkg_installed/x64-windows/Microsoft Visual Studio/18/Community/VC/vcpkg/"
      - "D:/Microsoft Visual Studio/18/Community/VC/Tools/MSVC/14.51.36231/bin/Hostx64/x64/"
      - "D:/Microsoft Visual Studio/18/Community/Common7/IDE/VC/vcpackages/"
      - "D:/Microsoft Visual Studio/18/Community/Common7/IDE/CommonExtensions/Microsoft/TestWindow/"
      - "D:/Microsoft Visual Studio/18/Community/Common7/IDE/CommonExtensions/Microsoft/TeamFoundation/Team Explorer/"
      - "D:/Microsoft Visual Studio/18/Community/MSBuild/Current/Bin/Roslyn/"
      - "C:/Program Files (x86)/Microsoft SDKs/Windows/v10.0A/bin/NETFX 4.8 Tools/x64/"
      - "D:/Microsoft Visual Studio/18/Community/Team Tools/DiagnosticsHub/Collector/"
      - "D:/Microsoft Visual Studio/18/Community/Common7/IDE/Extensions/Microsoft/CodeCoverage.Console/"
      - "C:/Program Files (x86)/Windows Kits/10/bin/10.0.26100.0/x64/"
      - "C:/Program Files (x86)/Windows Kits/10/bin/x64/"
      - "D:/Microsoft Visual Studio/18/Community/MSBuild/Current/Bin/amd64/"
      - "C:/Windows/Microsoft.NET/Framework64/v4.0.30319/"
      - "D:/Microsoft Visual Studio/18/Community/Common7/IDE/"
      - "D:/Microsoft Visual Studio/18/Community/Common7/Tools/"
      - "C:/Users/xukeheng/AppData/Local/vcpkg/downloads/tools/powershell-core-7.5.4-windows/"
      - "C:/Windows/System32/"
      - "C:/Windows/"
      - "C:/Windows/System32/wbem/"
      - "C:/Windows/System32/WindowsPowerShell/v1.0/"
      - "C:/Windows/System32/OpenSSH/"
      - "D:/Microsoft Visual Studio/18/Community/Common7/IDE/CommonExtensions/Microsoft/CMake/CMake/bin/"
      - "D:/Microsoft Visual Studio/18/Community/Common7/IDE/CommonExtensions/Microsoft/CMake/Ninja/"
      - "D:/Microsoft Visual Studio/18/Community/Common7/IDE/VC/Linux/bin/ConnectionManagerExe/"
      - "D:/Microsoft Visual Studio/18/Community/VC/vcpkg/"
    searched_directories:
      - "D:/WaterSurfaceRendererScratch/vcpkg_installed/x64-windows/debug/Microsoft Visual Studio/18/Community/VC/Tools/MSVC/14.51.36231/bin/Hostx64/x64/link.com"
      - "D:/WaterSurfaceRendererScratch/vcpkg_installed/x64-windows/debug/Microsoft Visual Studio/18/Community/VC/Tools/MSVC/14.51.36231/bin/Hostx64/x64/link.exe"
      - "D:/WaterSurfaceRendererScratch/vcpkg_installed/x64-windows/debug/Microsoft Visual Studio/18/Community/VC/Tools/MSVC/14.51.36231/bin/Hostx64/x64/link"
      - "D:/WaterSurfaceRendererScratch/vcpkg_installed/x64-windows/debug/Microsoft Visual Studio/18/Community/Common7/IDE/VC/vcpackages/link.com"
      - "D:/WaterSurfaceRendererScratch/vcpkg_installed/x64-windows/debug/Microsoft Visual Studio/18/Community/Common7/IDE/VC/vcpackages/link.exe"
      - "D:/WaterSurfaceRendererScratch/vcpkg_installed/x64-windows/debug/Microsoft Visual Studio/18/Community/Common7/IDE/VC/vcpackages/link"
      - "D:/WaterSurfaceRendererScratch/vcpkg_installed/x64-windows/debug/Microsoft Visual Studio/18/Community/Common7/IDE/CommonExtensions/Microsoft/TestWindow/link.com"
      - "D:/WaterSurfaceRendererScratch/vcpkg_installed/x64-windows/debug/Microsoft Visual Studio/18/Community/Common7/IDE/CommonExtensions/Microsoft/TestWindow/link.exe"
      - "D:/WaterSurfaceRendererScratch/vcpkg_installed/x64-windows/debug/Microsoft Visual Studio/18/Community/Common7/IDE/CommonExtensions/Microsoft/TestWindow/link"
      - "D:/WaterSurfaceRendererScratch/vcpkg_installed/x64-windows/debug/Microsoft Visual Studio/18/Community/Common7/IDE/CommonExtensions/Microsoft/TeamFoundation/Team Explorer/link.com"
      - "D:/WaterSurfaceRendererScratch/vcpkg_installed/x64-windows/debug/Microsoft Visual Studio/18/Community/Common7/IDE/CommonExtensions/Microsoft/TeamFoundation/Team Explorer/link.exe"
      - "D:/WaterSurfaceRendererScratch/vcpkg_installed/x64-windows/debug/Microsoft Visual Studio/18/Community/Common7/IDE/CommonExtensions/Microsoft/TeamFoundation/Team Explorer/link"
      - "D:/WaterSurfaceRendererScratch/vcpkg_installed/x64-windows/debug/Microsoft Visual Studio/18/Community/MSBuild/Current/Bin/Roslyn/link.com"
      - "D:/WaterSurfaceRendererScratch/vcpkg_installed/x64-windows/debug/Microsoft Visual Studio/18/Community/MSBuild/Current/Bin/Roslyn/link.exe"
      - "D:/WaterSurfaceRendererScratch/vcpkg_installed/x64-windows/debug/Microsoft Visual Studio/18/Community/MSBuild/Current/Bin/Roslyn/link"
      - "D:/WaterSurfaceRendererScratch/vcpkg_installed/x64-windows/debug/Program Files (x86)/Microsoft SDKs/Windows/v10.0A/bin/NETFX 4.8 Tools/x64/link.com"
      - "D:/WaterSurfaceRendererScratch/vcpkg_installed/x64-windows/debug/Program Files (x86)/Microsoft SDKs/Windows/v10.0A/bin/NETFX 4.8 Tools/x64/link.exe"
      - "D:/WaterSurfaceRendererScratch/vcpkg_installed/x64-windows/debug/Program Files (x86)/Microsoft SDKs/Windows/v10.0A/bin/NETFX 4.8 Tools/x64/link"
      - "D:/WaterSurfaceRendererScratch/vcpkg_installed/x64-windows/debug/Microsoft Visual Studio/18/Community/Team Tools/DiagnosticsHub/Collector/link.com"
      - "D:/WaterSurfaceRendererScratch/vcpkg_installed/x64-windows/debug/Microsoft Visual Studio/18/Community/Team Tools/DiagnosticsHub/Collector/link.exe"
      - "D:/WaterSurfaceRendererScratch/vcpkg_installed/x64-windows/debug/Microsoft Visual Studio/18/Community/Team Tools/DiagnosticsHub/Collector/link"
      - "D:/WaterSurfaceRendererScratch/vcpkg_installed/x64-windows/debug/Microsoft Visual Studio/18/Community/Common7/IDE/Extensions/Microsoft/CodeCoverage.Console/link.com"
      - "D:/WaterSurfaceRendererScratch/vcpkg_installed/x64-windows/debug/Microsoft Visual Studio/18/Community/Common7/IDE/Extensions/Microsoft/CodeCoverage.Console/link.exe"
      - "D:/WaterSurfaceRendererScratch/vcpkg_installed/x64-windows/debug/Microsoft Visual Studio/18/Community/Common7/IDE/Extensions/Microsoft/CodeCoverage.Console/link"
      - "D:/WaterSurfaceRendererScratch/vcpkg_installed/x64-windows/debug/Program Files (x86)/Windows Kits/10/bin/10.0.26100.0/x64/link.com"
      - "D:/WaterSurfaceRendererScratch/vcpkg_installed/x64-windows/debug/Program Files (x86)/Windows Kits/10/bin/10.0.26100.0/x64/link.exe"
      - "D:/WaterSurfaceRendererScratch/vcpkg_installed/x64-windows/debug/Program Files (x86)/Windows Kits/10/bin/10.0.26100.0/x64/link"
      - "D:/WaterSurfaceRendererScratch/vcpkg_installed/x64-windows/debug/Program Files (x86)/Windows Kits/10/bin/x64/link.com"
      - "D:/WaterSurfaceRendererScratch/vcpkg_installed/x64-windows/debug/Program Files (x86)/Windows Kits/10/bin/x64/link.exe"
      - "D:/WaterSurfaceRendererScratch/vcpkg_installed/x64-windows/debug/Program Files (x86)/Windows Kits/10/bin/x64/link"
      - "D:/WaterSurfaceRendererScratch/vcpkg_installed/x64-windows/debug/Microsoft Visual Studio/18/Community/MSBuild/Current/Bin/amd64/link.com"
      - "D:/WaterSurfaceRendererScratch/vcpkg_installed/x64-windows/debug/Microsoft Visual Studio/18/Community/MSBuild/Current/Bin/amd64/link.exe"
      - "D:/WaterSurfaceRendererScratch/vcpkg_installed/x64-windows/debug/Microsoft Visual Studio/18/Community/MSBuild/Current/Bin/amd64/link"
      - "D:/WaterSurfaceRendererScratch/vcpkg_installed/x64-windows/debug/Windows/Microsoft.NET/Framework64/v4.0.30319/link.com"
      - "D:/WaterSurfaceRendererScratch/vcpkg_installed/x64-windows/debug/Windows/Microsoft.NET/Framework64/v4.0.30319/link.exe"
      - "D:/WaterSurfaceRendererScratch/vcpkg_installed/x64-windows/debug/Windows/Microsoft.NET/Framework64/v4.0.30319/link"
      - "D:/WaterSurfaceRendererScratch/vcpkg_installed/x64-windows/debug/Microsoft Visual Studio/18/Community/Common7/IDE/link.com"
      - "D:/WaterSurfaceRendererScratch/vcpkg_installed/x64-windows/debug/Microsoft Visual Studio/18/Community/Common7/IDE/link.exe"
      - "D:/WaterSurfaceRendererScratch/vcpkg_installed/x64-windows/debug/Microsoft Visual Studio/18/Community/Common7/IDE/link"
      - "D:/WaterSurfaceRendererScratch/vcpkg_installed/x64-windows/debug/Microsoft Visual Studio/18/Community/Common7/Tools/link.com"
      - "D:/WaterSurfaceRendererScratch/vcpkg_installed/x64-windows/debug/Microsoft Visual Studio/18/Community/Common7/Tools/link.exe"
      - "D:/WaterSurfaceRendererScratch/vcpkg_installed/x64-windows/debug/Microsoft Visual Studio/18/Community/Common7/Tools/link"
      - "D:/WaterSurfaceRendererScratch/vcpkg_installed/x64-windows/debug/Users/xukeheng/AppData/Local/vcpkg/downloads/tools/powershell-core-7.5.4-windows/link.com"
      - "D:/WaterSurfaceRendererScratch/vcpkg_installed/x64-windows/debug/Users/xukeheng/AppData/Local/vcpkg/downloads/tools/powershell-core-7.5.4-windows/link.exe"
      - "D:/WaterSurfaceRendererScratch/vcpkg_installed/x64-windows/debug/Users/xukeheng/AppData/Local/vcpkg/downloads/tools/powershell-core-7.5.4-windows/link"
      - "D:/WaterSurfaceRendererScratch/vcpkg_installed/x64-windows/debug/Windows/System32/link.com"
      - "D:/WaterSurfaceRendererScratch/vcpkg_installed/x64-windows/debug/Windows/System32/link.exe"
      - "D:/WaterSurfaceRendererScratch/vcpkg_installed/x64-windows/debug/Windows/System32/link"
      - "D:/WaterSurfaceRendererScratch/vcpkg_installed/x64-windows/debug/Windows/link.com"
      - "D:/WaterSurfaceRendererScratch/vcpkg_installed/x64-windows/debug/Windows/link.exe"
      - "D:/WaterSurfaceRendererScratch/vcpkg_installed/x64-windows/debug/Windows/link"
      - "D:/WaterSurfaceRendererScratch/vcpkg_installed/x64-windows/debug/Windows/System32/wbem/link.com"
      - "D:/WaterSurfaceRendererScratch/vcpkg_installed/x64-windows/debug/Windows/System32/wbem/link.exe"
      - "D:/WaterSurfaceRendererScratch/vcpkg_installed/x64-windows/debug/Windows/System32/wbem/link"
      - "D:/WaterSurfaceRendererScratch/vcpkg_installed/x64-windows/debug/Windows/System32/WindowsPowerShell/v1.0/link.com"
      - "D:/WaterSurfaceRendererScratch/vcpkg_installed/x64-windows/debug/Windows/System32/WindowsPowerShell/v1.0/link.exe"
      - "D:/WaterSurfaceRendererScratch/vcpkg_installed/x64-windows/debug/Windows/System32/WindowsPowerShell/v1.0/link"
      - "D:/WaterSurfaceRendererScratch/vcpkg_installed/x64-windows/debug/Windows/System32/OpenSSH/link.com"
      - "D:/WaterSurfaceRendererScratch/vcpkg_installed/x64-windows/debug/Windows/System32/OpenSSH/link.exe"
      - "D:/WaterSurfaceRendererScratch/vcpkg_installed/x64-windows/debug/Windows/System32/OpenSSH/link"
      - "D:/WaterSurfaceRendererScratch/vcpkg_installed/x64-windows/debug/Microsoft Visual Studio/18/Community/Common7/IDE/CommonExtensions/Microsoft/CMake/CMake/bin/link.com"
      - "D:/WaterSurfaceRendererScratch/vcpkg_installed/x64-windows/debug/Microsoft Visual Studio/18/Community/Common7/IDE/CommonExtensions/Microsoft/CMake/CMake/bin/link.exe"
      - "D:/WaterSurfaceRendererScratch/vcpkg_installed/x64-windows/debug/Microsoft Visual Studio/18/Community/Common7/IDE/CommonExtensions/Microsoft/CMake/CMake/bin/link"
      - "D:/WaterSurfaceRendererScratch/vcpkg_installed/x64-windows/debug/Microsoft Visual Studio/18/Community/Common7/IDE/CommonExtensions/Microsoft/CMake/Ninja/link.com"
      - "D:/WaterSurfaceRendererScratch/vcpkg_installed/x64-windows/debug/Microsoft Visual Studio/18/Community/Common7/IDE/CommonExtensions/Microsoft/CMake/Ninja/link.exe"
      - "D:/WaterSurfaceRendererScratch/vcpkg_installed/x64-windows/debug/Microsoft Visual Studio/18/Community/Common7/IDE/CommonExtensions/Microsoft/CMake/Ninja/link"
      - "D:/WaterSurfaceRendererScratch/vcpkg_installed/x64-windows/debug/Microsoft Visual Studio/18/Community/Common7/IDE/VC/Linux/bin/ConnectionManagerExe/link.com"
      - "D:/WaterSurfaceRendererScratch/vcpkg_installed/x64-windows/debug/Microsoft Visual Studio/18/Community/Common7/IDE/VC/Linux/bin/ConnectionManagerExe/link.exe"
      - "D:/WaterSurfaceRendererScratch/vcpkg_installed/x64-windows/debug/Microsoft Visual Studio/18/Community/Common7/IDE/VC/Linux/bin/ConnectionManagerExe/link"
      - "D:/WaterSurfaceRendererScratch/vcpkg_installed/x64-windows/debug/Microsoft Visual Studio/18/Community/VC/vcpkg/link.com"
      - "D:/WaterSurfaceRendererScratch/vcpkg_installed/x64-windows/debug/Microsoft Visual Studio/18/Community/VC/vcpkg/link.exe"
      - "D:/WaterSurfaceRendererScratch/vcpkg_installed/x64-windows/debug/Microsoft Visual Studio/18/Community/VC/vcpkg/link"
      - "D:/WaterSurfaceRendererScratch/vcpkg_installed/x64-windows/Microsoft Visual Studio/18/Community/VC/Tools/MSVC/14.51.36231/bin/Hostx64/x64/link.com"
      - "D:/WaterSurfaceRendererScratch/vcpkg_installed/x64-windows/Microsoft Visual Studio/18/Community/VC/Tools/MSVC/14.51.36231/bin/Hostx64/x64/link.exe"
      - "D:/WaterSurfaceRendererScratch/vcpkg_installed/x64-windows/Microsoft Visual Studio/18/Community/VC/Tools/MSVC/14.51.36231/bin/Hostx64/x64/link"
      - "D:/WaterSurfaceRendererScratch/vcpkg_installed/x64-windows/Microsoft Visual Studio/18/Community/Common7/IDE/VC/vcpackages/link.com"
      - "D:/WaterSurfaceRendererScratch/vcpkg_installed/x64-windows/Microsoft Visual Studio/18/Community/Common7/IDE/VC/vcpackages/link.exe"
      - "D:/WaterSurfaceRendererScratch/vcpkg_installed/x64-windows/Microsoft Visual Studio/18/Community/Common7/IDE/VC/vcpackages/link"
      - "D:/WaterSurfaceRendererScratch/vcpkg_installed/x64-windows/Microsoft Visual Studio/18/Community/Common7/IDE/CommonExtensions/Microsoft/TestWindow/link.com"
      - "D:/WaterSurfaceRendererScratch/vcpkg_installed/x64-windows/Microsoft Visual Studio/18/Community/Common7/IDE/CommonExtensions/Microsoft/TestWindow/link.exe"
      - "D:/WaterSurfaceRendererScratch/vcpkg_installed/x64-windows/Microsoft Visual Studio/18/Community/Common7/IDE/CommonExtensions/Microsoft/TestWindow/link"
      - "D:/WaterSurfaceRendererScratch/vcpkg_installed/x64-windows/Microsoft Visual Studio/18/Community/Common7/IDE/CommonExtensions/Microsoft/TeamFoundation/Team Explorer/link.com"
      - "D:/WaterSurfaceRendererScratch/vcpkg_installed/x64-windows/Microsoft Visual Studio/18/Community/Common7/IDE/CommonExtensions/Microsoft/TeamFoundation/Team Explorer/link.exe"
      - "D:/WaterSurfaceRendererScratch/vcpkg_installed/x64-windows/Microsoft Visual Studio/18/Community/Common7/IDE/CommonExtensions/Microsoft/TeamFoundation/Team Explorer/link"
      - "D:/WaterSurfaceRendererScratch/vcpkg_installed/x64-windows/Microsoft Visual Studio/18/Community/MSBuild/Current/Bin/Roslyn/link.com"
      - "D:/WaterSurfaceRendererScratch/vcpkg_installed/x64-windows/Microsoft Visual Studio/18/Community/MSBuild/Current/Bin/Roslyn/link.exe"
      - "D:/WaterSurfaceRendererScratch/vcpkg_installed/x64-windows/Microsoft Visual Studio/18/Community/MSBuild/Current/Bin/Roslyn/link"
      - "D:/WaterSurfaceRendererScratch/vcpkg_installed/x64-windows/Program Files (x86)/Microsoft SDKs/Windows/v10.0A/bin/NETFX 4.8 Tools/x64/link.com"
      - "D:/WaterSurfaceRendererScratch/vcpkg_installed/x64-windows/Program Files (x86)/Microsoft SDKs/Windows/v10.0A/bin/NETFX 4.8 Tools/x64/link.exe"
      - "D:/WaterSurfaceRendererScratch/vcpkg_installed/x64-windows/Program Files (x86)/Microsoft SDKs/Windows/v10.0A/bin/NETFX 4.8 Tools/x64/link"
      - "D:/WaterSurfaceRendererScratch/vcpkg_installed/x64-windows/Microsoft Visual Studio/18/Community/Team Tools/DiagnosticsHub/Collector/link.com"
      - "D:/WaterSurfaceRendererScratch/vcpkg_installed/x64-windows/Microsoft Visual Studio/18/Community/Team Tools/DiagnosticsHub/Collector/link.exe"
      - "D:/WaterSurfaceRendererScratch/vcpkg_installed/x64-windows/Microsoft Visual Studio/18/Community/Team Tools/DiagnosticsHub/Collector/link"
      - "D:/WaterSurfaceRendererScratch/vcpkg_installed/x64-windows/Microsoft Visual Studio/18/Community/Common7/IDE/Extensions/Microsoft/CodeCoverage.Console/link.com"
      - "D:/WaterSurfaceRendererScratch/vcpkg_installed/x64-windows/Microsoft Visual Studio/18/Community/Common7/IDE/Extensions/Microsoft/CodeCoverage.Console/link.exe"
      - "D:/WaterSurfaceRendererScratch/vcpkg_installed/x64-windows/Microsoft Visual Studio/18/Community/Common7/IDE/Extensions/Microsoft/CodeCoverage.Console/link"
      - "D:/WaterSurfaceRendererScratch/vcpkg_installed/x64-windows/Program Files (x86)/Windows Kits/10/bin/10.0.26100.0/x64/link.com"
      - "D:/WaterSurfaceRendererScratch/vcpkg_installed/x64-windows/Program Files (x86)/Windows Kits/10/bin/10.0.26100.0/x64/link.exe"
      - "D:/WaterSurfaceRendererScratch/vcpkg_installed/x64-windows/Program Files (x86)/Windows Kits/10/bin/10.0.26100.0/x64/link"
      - "D:/WaterSurfaceRendererScratch/vcpkg_installed/x64-windows/Program Files (x86)/Windows Kits/10/bin/x64/link.com"
      - "D:/WaterSurfaceRendererScratch/vcpkg_installed/x64-windows/Program Files (x86)/Windows Kits/10/bin/x64/link.exe"
      - "D:/WaterSurfaceRendererScratch/vcpkg_installed/x64-windows/Program Files (x86)/Windows Kits/10/bin/x64/link"
      - "D:/WaterSurfaceRendererScratch/vcpkg_installed/x64-windows/Microsoft Visual Studio/18/Community/MSBuild/Current/Bin/amd64/link.com"
      - "D:/WaterSurfaceRendererScratch/vcpkg_installed/x64-windows/Microsoft Visual Studio/18/Community/MSBuild/Current/Bin/amd64/link.exe"
      - "D:/WaterSurfaceRendererScratch/vcpkg_installed/x64-windows/Microsoft Visual Studio/18/Community/MSBuild/Current/Bin/amd64/link"
      - "D:/WaterSurfaceRendererScratch/vcpkg_installed/x64-windows/Windows/Microsoft.NET/Framework64/v4.0.30319/link.com"
      - "D:/WaterSurfaceRendererScratch/vcpkg_installed/x64-windows/Windows/Microsoft.NET/Framework64/v4.0.30319/link.exe"
      - "D:/WaterSurfaceRendererScratch/vcpkg_installed/x64-windows/Windows/Microsoft.NET/Framework64/v4.0.30319/link"
      - "D:/WaterSurfaceRendererScratch/vcpkg_installed/x64-windows/Microsoft Visual Studio/18/Community/Common7/IDE/link.com"
      - "D:/WaterSurfaceRendererScratch/vcpkg_installed/x64-windows/Microsoft Visual Studio/18/Community/Common7/IDE/link.exe"
      - "D:/WaterSurfaceRendererScratch/vcpkg_installed/x64-windows/Microsoft Visual Studio/18/Community/Common7/IDE/link"
      - "D:/WaterSurfaceRendererScratch/vcpkg_installed/x64-windows/Microsoft Visual Studio/18/Community/Common7/Tools/link.com"
      - "D:/WaterSurfaceRendererScratch/vcpkg_installed/x64-windows/Microsoft Visual Studio/18/Community/Common7/Tools/link.exe"
      - "D:/WaterSurfaceRendererScratch/vcpkg_installed/x64-windows/Microsoft Visual Studio/18/Community/Common7/Tools/link"
      - "D:/WaterSurfaceRendererScratch/vcpkg_installed/x64-windows/Users/xukeheng/AppData/Local/vcpkg/downloads/tools/powershell-core-7.5.4-windows/link.com"
      - "D:/WaterSurfaceRendererScratch/vcpkg_installed/x64-windows/Users/xukeheng/AppData/Local/vcpkg/downloads/tools/powershell-core-7.5.4-windows/link.exe"
      - "D:/WaterSurfaceRendererScratch/vcpkg_installed/x64-windows/Users/xukeheng/AppData/Local/vcpkg/downloads/tools/powershell-core-7.5.4-windows/link"
      - "D:/WaterSurfaceRendererScratch/vcpkg_installed/x64-windows/Windows/System32/link.com"
      - "D:/WaterSurfaceRendererScratch/vcpkg_installed/x64-windows/Windows/System32/link.exe"
      - "D:/WaterSurfaceRendererScratch/vcpkg_installed/x64-windows/Windows/System32/link"
      - "D:/WaterSurfaceRendererScratch/vcpkg_installed/x64-windows/Windows/link.com"
      - "D:/WaterSurfaceRendererScratch/vcpkg_installed/x64-windows/Windows/link.exe"
      - "D:/WaterSurfaceRendererScratch/vcpkg_installed/x64-windows/Windows/link"
      - "D:/WaterSurfaceRendererScratch/vcpkg_installed/x64-windows/Windows/System32/wbem/link.com"
      - "D:/WaterSurfaceRendererScratch/vcpkg_installed/x64-windows/Windows/System32/wbem/link.exe"
      - "D:/WaterSurfaceRendererScratch/vcpkg_installed/x64-windows/Windows/System32/wbem/link"
      - "D:/WaterSurfaceRendererScratch/vcpkg_installed/x64-windows/Windows/System32/WindowsPowerShell/v1.0/link.com"
      - "D:/WaterSurfaceRendererScratch/vcpkg_installed/x64-windows/Windows/System32/WindowsPowerShell/v1.0/link.exe"
      - "D:/WaterSurfaceRendererScratch/vcpkg_installed/x64-windows/Windows/System32/WindowsPowerShell/v1.0/link"
      - "D:/WaterSurfaceRendererScratch/vcpkg_installed/x64-windows/Windows/System32/OpenSSH/link.com"
      - "D:/WaterSurfaceRendererScratch/vcpkg_installed/x64-windows/Windows/System32/OpenSSH/link.exe"
      - "D:/WaterSurfaceRendererScratch/vcpkg_installed/x64-windows/Windows/System32/OpenSSH/link"
      - "D:/WaterSurfaceRendererScratch/vcpkg_installed/x64-windows/Microsoft Visual Studio/18/Community/Common7/IDE/CommonExtensions/Microsoft/CMake/CMake/bin/link.com"
      - "D:/WaterSurfaceRendererScratch/vcpkg_installed/x64-windows/Microsoft Visual Studio/18/Community/Common7/IDE/CommonExtensions/Microsoft/CMake/CMake/bin/link.exe"
      - "D:/WaterSurfaceRendererScratch/vcpkg_installed/x64-windows/Microsoft Visual Studio/18/Community/Common7/IDE/CommonExtensions/Microsoft/CMake/CMake/bin/link"
      - "D:/WaterSurfaceRendererScratch/vcpkg_installed/x64-windows/Microsoft Visual Studio/18/Community/Common7/IDE/CommonExtensions/Microsoft/CMake/Ninja/link.com"
      - "D:/WaterSurfaceRendererScratch/vcpkg_installed/x64-windows/Microsoft Visual Studio/18/Community/Common7/IDE/CommonExtensions/Microsoft/CMake/Ninja/link.exe"
      - "D:/WaterSurfaceRendererScratch/vcpkg_installed/x64-windows/Microsoft Visual Studio/18/Community/Common7/IDE/CommonExtensions/Microsoft/CMake/Ninja/link"
      - "D:/WaterSurfaceRendererScratch/vcpkg_installed/x64-windows/Microsoft Visual Studio/18/Community/Common7/IDE/VC/Linux/bin/ConnectionManagerExe/link.com"
      - "D:/WaterSurfaceRendererScratch/vcpkg_installed/x64-windows/Microsoft Visual Studio/18/Community/Common7/IDE/VC/Linux/bin/ConnectionManagerExe/link.exe"
      - "D:/WaterSurfaceRendererScratch/vcpkg_installed/x64-windows/Microsoft Visual Studio/18/Community/Common7/IDE/VC/Linux/bin/ConnectionManagerExe/link"
      - "D:/WaterSurfaceRendererScratch/vcpkg_installed/x64-windows/Microsoft Visual Studio/18/Community/VC/vcpkg/link.com"
      - "D:/WaterSurfaceRendererScratch/vcpkg_installed/x64-windows/Microsoft Visual Studio/18/Community/VC/vcpkg/link.exe"
      - "D:/WaterSurfaceRendererScratch/vcpkg_installed/x64-windows/Microsoft Visual Studio/18/Community/VC/vcpkg/link"
      - "D:/Microsoft Visual Studio/18/Community/VC/Tools/MSVC/14.51.36231/bin/Hostx64/x64/link.com"
    found: "D:/Microsoft Visual Studio/18/Community/VC/Tools/MSVC/14.51.36231/bin/Hostx64/x64/link.exe"
    search_context:
      CMAKE_PROGRAM_PATH:
        - "D:/WaterSurfaceRendererScratch/vcpkg_installed/x64-windows/tools"
      CMAKE_PREFIX_PATH:
        - "D:/WaterSurfaceRendererScratch/vcpkg_installed/x64-windows/debug"
        - "D:/WaterSurfaceRendererScratch/vcpkg_installed/x64-windows"
      ENV{PATH}:
        - "D:\\Microsoft Visual Studio\\18\\Community\\VC\\Tools\\MSVC\\14.51.36231\\bin\\HostX64\\x64"
        - "D:\\Microsoft Visual Studio\\18\\Community\\Common7\\IDE\\VC\\VCPackages"
        - "D:\\Microsoft Visual Studio\\18\\Community\\Common7\\IDE\\CommonExtensions\\Microsoft\\TestWindow"
        - "D:\\Microsoft Visual Studio\\18\\Community\\Common7\\IDE\\CommonExtensions\\Microsoft\\TeamFoundation\\Team Explorer"
        - "D:\\Microsoft Visual Studio\\18\\Community\\MSBuild\\Current\\bin\\Roslyn"
        - "C:\\Program Files (x86)\\Microsoft SDKs\\Windows\\v10.0A\\bin\\NETFX 4.8 Tools\\x64\\"
        - "D:\\Microsoft Visual Studio\\18\\Community\\Team Tools\\DiagnosticsHub\\Collector"
        - "D:\\Microsoft Visual Studio\\18\\Community\\Common7\\IDE\\Extensions\\Microsoft\\CodeCoverage.Console"
        - "C:\\Program Files (x86)\\Windows Kits\\10\\bin\\10.0.26100.0\\\\x64"
        - "C:\\Program Files (x86)\\Windows Kits\\10\\bin\\\\x64"
        - "D:\\Microsoft Visual Studio\\18\\Community\\\\MSBuild\\Current\\Bin\\amd64"
        - "C:\\Windows\\Microsoft.NET\\Framework64\\v4.0.30319"
        - "D:\\Microsoft Visual Studio\\18\\Community\\Common7\\IDE\\"
        - "D:\\Microsoft Visual Studio\\18\\Community\\Common7\\Tools\\"
        - "C:\\Users\\xukeheng\\AppData\\Local\\vcpkg\\downloads\\tools\\powershell-core-7.5.4-windows"
        - "C:\\windows\\system32"
        - "C:\\windows"
        - "C:\\windows\\system32\\Wbem"
        - "C:\\windows\\system32\\WindowsPowerShell\\v1.0\\"
        - "C:\\windows\\system32\\OpenSSH\\"
        - "D:\\Microsoft Visual Studio\\18\\Community\\Common7\\IDE\\CommonExtensions\\Microsoft\\CMake\\CMake\\bin"
        - "D:\\Microsoft Visual Studio\\18\\Community\\Common7\\IDE\\CommonExtensions\\Microsoft\\CMake\\Ninja"
        - "D:\\Microsoft Visual Studio\\18\\Community\\Common7\\IDE\\VC\\Linux\\bin\\ConnectionManagerExe"
        - "D:\\Microsoft Visual Studio\\18\\Community\\VC\\vcpkg"
        - "D:\\Microsoft Visual Studio\\18\\Community\\Common7\\IDE\\CommonExtensions\\Microsoft\\CMake\\Ninja"
        - "D:\\Microsoft Visual Studio\\18\\Community\\Common7\\IDE\\CommonExtensions\\Microsoft\\CMake\\Ninja"
        - "D:\\Microsoft Visual Studio\\18\\Community\\Common7\\IDE\\CommonExtensions\\Microsoft\\CMake\\Ninja"
      CMAKE_INSTALL_PREFIX: "D:/WaterSurfaceRendererScratch/vcpkg_installed/vcpkg/pkgs/fftw3_x64-windows/debug"
      CMAKE_FIND_ROOT_PATH: "D:/WaterSurfaceRendererScratch/vcpkg_installed/x64-windows/debug;D:/WaterSurfaceRendererScratch/vcpkg_installed/x64-windows"
  -
    kind: "find-v1"
    backtrace:
      - "D:/Microsoft Visual Studio/18/Community/Common7/IDE/CommonExtensions/Microsoft/CMake/CMake/share/cmake-4.3/Modules/CMakeFindBinUtils.cmake:37 (find_program)"
      - "D:/Microsoft Visual Studio/18/Community/Common7/IDE/CommonExtensions/Microsoft/CMake/CMake/share/cmake-4.3/Modules/CMakeFindBinUtils.cmake:65 (__resolve_tool_path)"
      - "D:/Microsoft Visual Studio/18/Community/Common7/IDE/CommonExtensions/Microsoft/CMake/CMake/share/cmake-4.3/Modules/CMakeFindBinUtils.cmake:104 (__resolve_linker_path)"
      - "D:/Microsoft Visual Studio/18/Community/Common7/IDE/CommonExtensions/Microsoft/CMake/CMake/share/cmake-4.3/Modules/CMakeDetermineCCompiler.cmake:200 (include)"
      - "CMakeLists.txt:7 (project)"
    mode: "program"
    variable: "_CMAKE_TOOL_WITH_PATH"
    description: "Path to a program."
    settings:
      SearchFramework: "LAST"
      SearchAppBundle: "LAST"
      CMAKE_FIND_USE_CMAKE_PATH: false
      CMAKE_FIND_USE_CMAKE_ENVIRONMENT_PATH: false
      CMAKE_FIND_USE_SYSTEM_ENVIRONMENT_PATH: true
      CMAKE_FIND_USE_CMAKE_SYSTEM_PATH: true
      CMAKE_FIND_USE_INSTALL_PREFIX: true
    names:
      - "lld-link"
    candidate_directories:
      - "D:/WaterSurfaceRendererScratch/vcpkg_installed/x64-windows/debug/Microsoft Visual Studio/18/Community/VC/Tools/MSVC/14.51.36231/bin/Hostx64/x64/"
      - "D:/WaterSurfaceRendererScratch/vcpkg_installed/x64-windows/debug/Microsoft Visual Studio/18/Community/Common7/IDE/VC/vcpackages/"
      - "D:/WaterSurfaceRendererScratch/vcpkg_installed/x64-windows/debug/Microsoft Visual Studio/18/Community/Common7/IDE/CommonExtensions/Microsoft/TestWindow/"
      - "D:/WaterSurfaceRendererScratch/vcpkg_installed/x64-windows/debug/Microsoft Visual Studio/18/Community/Common7/IDE/CommonExtensions/Microsoft/TeamFoundation/Team Explorer/"
      - "D:/WaterSurfaceRendererScratch/vcpkg_installed/x64-windows/debug/Microsoft Visual Studio/18/Community/MSBuild/Current/Bin/Roslyn/"
      - "D:/WaterSurfaceRendererScratch/vcpkg_installed/x64-windows/debug/Program Files (x86)/Microsoft SDKs/Windows/v10.0A/bin/NETFX 4.8 Tools/x64/"
      - "D:/WaterSurfaceRendererScratch/vcpkg_installed/x64-windows/debug/Microsoft Visual Studio/18/Community/Team Tools/DiagnosticsHub/Collector/"
      - "D:/WaterSurfaceRendererScratch/vcpkg_installed/x64-windows/debug/Microsoft Visual Studio/18/Community/Common7/IDE/Extensions/Microsoft/CodeCoverage.Console/"
      - "D:/WaterSurfaceRendererScratch/vcpkg_installed/x64-windows/debug/Program Files (x86)/Windows Kits/10/bin/10.0.26100.0/x64/"
      - "D:/WaterSurfaceRendererScratch/vcpkg_installed/x64-windows/debug/Program Files (x86)/Windows Kits/10/bin/x64/"
      - "D:/WaterSurfaceRendererScratch/vcpkg_installed/x64-windows/debug/Microsoft Visual Studio/18/Community/MSBuild/Current/Bin/amd64/"
      - "D:/WaterSurfaceRendererScratch/vcpkg_installed/x64-windows/debug/Windows/Microsoft.NET/Framework64/v4.0.30319/"
      - "D:/WaterSurfaceRendererScratch/vcpkg_installed/x64-windows/debug/Microsoft Visual Studio/18/Community/Common7/IDE/"
      - "D:/WaterSurfaceRendererScratch/vcpkg_installed/x64-windows/debug/Microsoft Visual Studio/18/Community/Common7/Tools/"
      - "D:/WaterSurfaceRendererScratch/vcpkg_installed/x64-windows/debug/Users/xukeheng/AppData/Local/vcpkg/downloads/tools/powershell-core-7.5.4-windows/"
      - "D:/WaterSurfaceRendererScratch/vcpkg_installed/x64-windows/debug/Windows/System32/"
      - "D:/WaterSurfaceRendererScratch/vcpkg_installed/x64-windows/debug/Windows/"
      - "D:/WaterSurfaceRendererScratch/vcpkg_installed/x64-windows/debug/Windows/System32/wbem/"
      - "D:/WaterSurfaceRendererScratch/vcpkg_installed/x64-windows/debug/Windows/System32/WindowsPowerShell/v1.0/"
      - "D:/WaterSurfaceRendererScratch/vcpkg_installed/x64-windows/debug/Windows/System32/OpenSSH/"
      - "D:/WaterSurfaceRendererScratch/vcpkg_installed/x64-windows/debug/Microsoft Visual Studio/18/Community/Common7/IDE/CommonExtensions/Microsoft/CMake/CMake/bin/"
      - "D:/WaterSurfaceRendererScratch/vcpkg_installed/x64-windows/debug/Microsoft Visual Studio/18/Community/Common7/IDE/CommonExtensions/Microsoft/CMake/Ninja/"
      - "D:/WaterSurfaceRendererScratch/vcpkg_installed/x64-windows/debug/Microsoft Visual Studio/18/Community/Common7/IDE/VC/Linux/bin/ConnectionManagerExe/"
      - "D:/WaterSurfaceRendererScratch/vcpkg_installed/x64-windows/debug/Microsoft Visual Studio/18/Community/VC/vcpkg/"
      - "D:/WaterSurfaceRendererScratch/vcpkg_installed/x64-windows/Microsoft Visual Studio/18/Community/VC/Tools/MSVC/14.51.36231/bin/Hostx64/x64/"
      - "D:/WaterSurfaceRendererScratch/vcpkg_installed/x64-windows/Microsoft Visual Studio/18/Community/Common7/IDE/VC/vcpackages/"
      - "D:/WaterSurfaceRendererScratch/vcpkg_installed/x64-windows/Microsoft Visual Studio/18/Community/Common7/IDE/CommonExtensions/Microsoft/TestWindow/"
      - "D:/WaterSurfaceRendererScratch/vcpkg_installed/x64-windows/Microsoft Visual Studio/18/Community/Common7/IDE/CommonExtensions/Microsoft/TeamFoundation/Team Explorer/"
      - "D:/WaterSurfaceRendererScratch/vcpkg_installed/x64-windows/Microsoft Visual Studio/18/Community/MSBuild/Current/Bin/Roslyn/"
      - "D:/WaterSurfaceRendererScratch/vcpkg_installed/x64-windows/Program Files (x86)/Microsoft SDKs/Windows/v10.0A/bin/NETFX 4.8 Tools/x64/"
      - "D:/WaterSurfaceRendererScratch/vcpkg_installed/x64-windows/Microsoft Visual Studio/18/Community/Team Tools/DiagnosticsHub/Collector/"
      - "D:/WaterSurfaceRendererScratch/vcpkg_installed/x64-windows/Microsoft Visual Studio/18/Community/Common7/IDE/Extensions/Microsoft/CodeCoverage.Console/"
      - "D:/WaterSurfaceRendererScratch/vcpkg_installed/x64-windows/Program Files (x86)/Windows Kits/10/bin/10.0.26100.0/x64/"
      - "D:/WaterSurfaceRendererScratch/vcpkg_installed/x64-windows/Program Files (x86)/Windows Kits/10/bin/x64/"
      - "D:/WaterSurfaceRendererScratch/vcpkg_installed/x64-windows/Microsoft Visual Studio/18/Community/MSBuild/Current/Bin/amd64/"
      - "D:/WaterSurfaceRendererScratch/vcpkg_installed/x64-windows/Windows/Microsoft.NET/Framework64/v4.0.30319/"
      - "D:/WaterSurfaceRendererScratch/vcpkg_installed/x64-windows/Microsoft Visual Studio/18/Community/Common7/IDE/"
      - "D:/WaterSurfaceRendererScratch/vcpkg_installed/x64-windows/Microsoft Visual Studio/18/Community/Common7/Tools/"
      - "D:/WaterSurfaceRendererScratch/vcpkg_installed/x64-windows/Users/xukeheng/AppData/Local/vcpkg/downloads/tools/powershell-core-7.5.4-windows/"
      - "D:/WaterSurfaceRendererScratch/vcpkg_installed/x64-windows/Windows/System32/"
      - "D:/WaterSurfaceRendererScratch/vcpkg_installed/x64-windows/Windows/"
      - "D:/WaterSurfaceRendererScratch/vcpkg_installed/x64-windows/Windows/System32/wbem/"
      - "D:/WaterSurfaceRendererScratch/vcpkg_installed/x64-windows/Windows/System32/WindowsPowerShell/v1.0/"
      - "D:/WaterSurfaceRendererScratch/vcpkg_installed/x64-windows/Windows/System32/OpenSSH/"
      - "D:/WaterSurfaceRendererScratch/vcpkg_installed/x64-windows/Microsoft Visual Studio/18/Community/Common7/IDE/CommonExtensions/Microsoft/CMake/CMake/bin/"
      - "D:/WaterSurfaceRendererScratch/vcpkg_installed/x64-windows/Microsoft Visual Studio/18/Community/Common7/IDE/CommonExtensions/Microsoft/CMake/Ninja/"
      - "D:/WaterSurfaceRendererScratch/vcpkg_installed/x64-windows/Microsoft Visual Studio/18/Community/Common7/IDE/VC/Linux/bin/ConnectionManagerExe/"
      - "D:/WaterSurfaceRendererScratch/vcpkg_installed/x64-windows/Microsoft Visual Studio/18/Community/VC/vcpkg/"
      - "D:/Microsoft Visual Studio/18/Community/VC/Tools/MSVC/14.51.36231/bin/Hostx64/x64/"
      - "D:/Microsoft Visual Studio/18/Community/Common7/IDE/VC/vcpackages/"
      - "D:/Microsoft Visual Studio/18/Community/Common7/IDE/CommonExtensions/Microsoft/TestWindow/"
      - "D:/Microsoft Visual Studio/18/Community/Common7/IDE/CommonExtensions/Microsoft/TeamFoundation/Team Explorer/"
      - "D:/Microsoft Visual Studio/18/Community/MSBuild/Current/Bin/Roslyn/"
      - "C:/Program Files (x86)/Microsoft SDKs/Windows/v10.0A/bin/NETFX 4.8 Tools/x64/"
      - "D:/Microsoft Visual Studio/18/Community/Team Tools/DiagnosticsHub/Collector/"
      - "D:/Microsoft Visual Studio/18/Community/Common7/IDE/Extensions/Microsoft/CodeCoverage.Console/"
      - "C:/Program Files (x86)/Windows Kits/10/bin/10.0.26100.0/x64/"
      - "C:/Program Files (x86)/Windows Kits/10/bin/x64/"
      - "D:/Microsoft Visual Studio/18/Community/MSBuild/Current/Bin/amd64/"
      - "C:/Windows/Microsoft.NET/Framework64/v4.0.30319/"
      - "D:/Microsoft Visual Studio/18/Community/Common7/IDE/"
      - "D:/Microsoft Visual Studio/18/Community/Common7/Tools/"
      - "C:/Users/xukeheng/AppData/Local/vcpkg/downloads/tools/powershell-core-7.5.4-windows/"
      - "C:/Windows/System32/"
      - "C:/Windows/"
      - "C:/Windows/System32/wbem/"
      - "C:/Windows/System32/WindowsPowerShell/v1.0/"
      - "C:/Windows/System32/OpenSSH/"
      - "D:/Microsoft Visual Studio/18/Community/Common7/IDE/CommonExtensions/Microsoft/CMake/CMake/bin/"
      - "D:/Microsoft Visual Studio/18/Community/Common7/IDE/CommonExtensions/Microsoft/CMake/Ninja/"
      - "D:/Microsoft Visual Studio/18/Community/Common7/IDE/VC/Linux/bin/ConnectionManagerExe/"
      - "D:/Microsoft Visual Studio/18/Community/VC/vcpkg/"
    searched_directories:
      - "D:/WaterSurfaceRendererScratch/vcpkg_installed/x64-windows/debug/Microsoft Visual Studio/18/Community/VC/Tools/MSVC/14.51.36231/bin/Hostx64/x64/lld-link.com"
      - "D:/WaterSurfaceRendererScratch/vcpkg_installed/x64-windows/debug/Microsoft Visual Studio/18/Community/VC/Tools/MSVC/14.51.36231/bin/Hostx64/x64/lld-link.exe"
      - "D:/WaterSurfaceRendererScratch/vcpkg_installed/x64-windows/debug/Microsoft Visual Studio/18/Community/VC/Tools/MSVC/14.51.36231/bin/Hostx64/x64/lld-link"
      - "D:/WaterSurfaceRendererScratch/vcpkg_installed/x64-windows/debug/Microsoft Visual Studio/18/Community/Common7/IDE/VC/vcpackages/lld-link.com"
      - "D:/WaterSurfaceRendererScratch/vcpkg_installed/x64-windows/debug/Microsoft Visual Studio/18/Community/Common7/IDE/VC/vcpackages/lld-link.exe"
      - "D:/WaterSurfaceRendererScratch/vcpkg_installed/x64-windows/debug/Microsoft Visual Studio/18/Community/Common7/IDE/VC/vcpackages/lld-link"
      - "D:/WaterSurfaceRendererScratch/vcpkg_installed/x64-windows/debug/Microsoft Visual Studio/18/Community/Common7/IDE/CommonExtensions/Microsoft/TestWindow/lld-link.com"
      - "D:/WaterSurfaceRendererScratch/vcpkg_installed/x64-windows/debug/Microsoft Visual Studio/18/Community/Common7/IDE/CommonExtensions/Microsoft/TestWindow/lld-link.exe"
      - "D:/WaterSurfaceRendererScratch/vcpkg_installed/x64-windows/debug/Microsoft Visual Studio/18/Community/Common7/IDE/CommonExtensions/Microsoft/TestWindow/lld-link"
      - "D:/WaterSurfaceRendererScratch/vcpkg_installed/x64-windows/debug/Microsoft Visual Studio/18/Community/Common7/IDE/CommonExtensions/Microsoft/TeamFoundation/Team Explorer/lld-link.com"
      - "D:/WaterSurfaceRendererScratch/vcpkg_installed/x64-windows/debug/Microsoft Visual Studio/18/Community/Common7/IDE/CommonExtensions/Microsoft/TeamFoundation/Team Explorer/lld-link.exe"
      - "D:/WaterSurfaceRendererScratch/vcpkg_installed/x64-windows/debug/Microsoft Visual Studio/18/Community/Common7/IDE/CommonExtensions/Microsoft/TeamFoundation/Team Explorer/lld-link"
      - "D:/WaterSurfaceRendererScratch/vcpkg_installed/x64-windows/debug/Microsoft Visual Studio/18/Community/MSBuild/Current/Bin/Roslyn/lld-link.com"
      - "D:/WaterSurfaceRendererScratch/vcpkg_installed/x64-windows/debug/Microsoft Visual Studio/18/Community/MSBuild/Current/Bin/Roslyn/lld-link.exe"
      - "D:/WaterSurfaceRendererScratch/vcpkg_installed/x64-windows/debug/Microsoft Visual Studio/18/Community/MSBuild/Current/Bin/Roslyn/lld-link"
      - "D:/WaterSurfaceRendererScratch/vcpkg_installed/x64-windows/debug/Program Files (x86)/Microsoft SDKs/Windows/v10.0A/bin/NETFX 4.8 Tools/x64/lld-link.com"
      - "D:/WaterSurfaceRendererScratch/vcpkg_installed/x64-windows/debug/Program Files (x86)/Microsoft SDKs/Windows/v10.0A/bin/NETFX 4.8 Tools/x64/lld-link.exe"
      - "D:/WaterSurfaceRendererScratch/vcpkg_installed/x64-windows/debug/Program Files (x86)/Microsoft SDKs/Windows/v10.0A/bin/NETFX 4.8 Tools/x64/lld-link"
      - "D:/WaterSurfaceRendererScratch/vcpkg_installed/x64-windows/debug/Microsoft Visual Studio/18/Community/Team Tools/DiagnosticsHub/Collector/lld-link.com"
      - "D:/WaterSurfaceRendererScratch/vcpkg_installed/x64-windows/debug/Microsoft Visual Studio/18/Community/Team Tools/DiagnosticsHub/Collector/lld-link.exe"
      - "D:/WaterSurfaceRendererScratch/vcpkg_installed/x64-windows/debug/Microsoft Visual Studio/18/Community/Team Tools/DiagnosticsHub/Collector/lld-link"
      - "D:/WaterSurfaceRendererScratch/vcpkg_installed/x64-windows/debug/Microsoft Visual Studio/18/Community/Common7/IDE/Extensions/Microsoft/CodeCoverage.Console/lld-link.com"
      - "D:/WaterSurfaceRendererScratch/vcpkg_installed/x64-windows/debug/Microsoft Visual Studio/18/Community/Common7/IDE/Extensions/Microsoft/CodeCoverage.Console/lld-link.exe"
      - "D:/WaterSurfaceRendererScratch/vcpkg_installed/x64-windows/debug/Microsoft Visual Studio/18/Community/Common7/IDE/Extensions/Microsoft/CodeCoverage.Console/lld-link"
      - "D:/WaterSurfaceRendererScratch/vcpkg_installed/x64-windows/debug/Program Files (x86)/Windows Kits/10/bin/10.0.26100.0/x64/lld-link.com"
      - "D:/WaterSurfaceRendererScratch/vcpkg_installed/x64-windows/debug/Program Files (x86)/Windows Kits/10/bin/10.0.26100.0/x64/lld-link.exe"
      - "D:/WaterSurfaceRendererScratch/vcpkg_installed/x64-windows/debug/Program Files (x86)/Windows Kits/10/bin/10.0.26100.0/x64/lld-link"
      - "D:/WaterSurfaceRendererScratch/vcpkg_installed/x64-windows/debug/Program Files (x86)/Windows Kits/10/bin/x64/lld-link.com"
      - "D:/WaterSurfaceRendererScratch/vcpkg_installed/x64-windows/debug/Program Files (x86)/Windows Kits/10/bin/x64/lld-link.exe"
      - "D:/WaterSurfaceRendererScratch/vcpkg_installed/x64-windows/debug/Program Files (x86)/Windows Kits/10/bin/x64/lld-link"
      - "D:/WaterSurfaceRendererScratch/vcpkg_installed/x64-windows/debug/Microsoft Visual Studio/18/Community/MSBuild/Current/Bin/amd64/lld-link.com"
      - "D:/WaterSurfaceRendererScratch/vcpkg_installed/x64-windows/debug/Microsoft Visual Studio/18/Community/MSBuild/Current/Bin/amd64/lld-link.exe"
      - "D:/WaterSurfaceRendererScratch/vcpkg_installed/x64-windows/debug/Microsoft Visual Studio/18/Community/MSBuild/Current/Bin/amd64/lld-link"
      - "D:/WaterSurfaceRendererScratch/vcpkg_installed/x64-windows/debug/Windows/Microsoft.NET/Framework64/v4.0.30319/lld-link.com"
      - "D:/WaterSurfaceRendererScratch/vcpkg_installed/x64-windows/debug/Windows/Microsoft.NET/Framework64/v4.0.30319/lld-link.exe"
      - "D:/WaterSurfaceRendererScratch/vcpkg_installed/x64-windows/debug/Windows/Microsoft.NET/Framework64/v4.0.30319/lld-link"
      - "D:/WaterSurfaceRendererScratch/vcpkg_installed/x64-windows/debug/Microsoft Visual Studio/18/Community/Common7/IDE/lld-link.com"
      - "D:/WaterSurfaceRendererScratch/vcpkg_installed/x64-windows/debug/Microsoft Visual Studio/18/Community/Common7/IDE/lld-link.exe"
      - "D:/WaterSurfaceRendererScratch/vcpkg_installed/x64-windows/debug/Microsoft Visual Studio/18/Community/Common7/IDE/lld-link"
      - "D:/WaterSurfaceRendererScratch/vcpkg_installed/x64-windows/debug/Microsoft Visual Studio/18/Community/Common7/Tools/lld-link.com"
      - "D:/WaterSurfaceRendererScratch/vcpkg_installed/x64-windows/debug/Microsoft Visual Studio/18/Community/Common7/Tools/lld-link.exe"
      - "D:/WaterSurfaceRendererScratch/vcpkg_installed/x64-windows/debug/Microsoft Visual Studio/18/Community/Common7/Tools/lld-link"
      - "D:/WaterSurfaceRendererScratch/vcpkg_installed/x64-windows/debug/Users/xukeheng/AppData/Local/vcpkg/downloads/tools/powershell-core-7.5.4-windows/lld-link.com"
      - "D:/WaterSurfaceRendererScratch/vcpkg_installed/x64-windows/debug/Users/xukeheng/AppData/Local/vcpkg/downloads/tools/powershell-core-7.5.4-windows/lld-link.exe"
      - "D:/WaterSurfaceRendererScratch/vcpkg_installed/x64-windows/debug/Users/xukeheng/AppData/Local/vcpkg/downloads/tools/powershell-core-7.5.4-windows/lld-link"
      - "D:/WaterSurfaceRendererScratch/vcpkg_installed/x64-windows/debug/Windows/System32/lld-link.com"
      - "D:/WaterSurfaceRendererScratch/vcpkg_installed/x64-windows/debug/Windows/System32/lld-link.exe"
      - "D:/WaterSurfaceRendererScratch/vcpkg_installed/x64-windows/debug/Windows/System32/lld-link"
      - "D:/WaterSurfaceRendererScratch/vcpkg_installed/x64-windows/debug/Windows/lld-link.com"
      - "D:/WaterSurfaceRendererScratch/vcpkg_installed/x64-windows/debug/Windows/lld-link.exe"
      - "D:/WaterSurfaceRendererScratch/vcpkg_installed/x64-windows/debug/Windows/lld-link"
      - "D:/WaterSurfaceRendererScratch/vcpkg_installed/x64-windows/debug/Windows/System32/wbem/lld-link.com"
      - "D:/WaterSurfaceRendererScratch/vcpkg_installed/x64-windows/debug/Windows/System32/wbem/lld-link.exe"
      - "D:/WaterSurfaceRendererScratch/vcpkg_installed/x64-windows/debug/Windows/System32/wbem/lld-link"
      - "D:/WaterSurfaceRendererScratch/vcpkg_installed/x64-windows/debug/Windows/System32/WindowsPowerShell/v1.0/lld-link.com"
      - "D:/WaterSurfaceRendererScratch/vcpkg_installed/x64-windows/debug/Windows/System32/WindowsPowerShell/v1.0/lld-link.exe"
      - "D:/WaterSurfaceRendererScratch/vcpkg_installed/x64-windows/debug/Windows/System32/WindowsPowerShell/v1.0/lld-link"
      - "D:/WaterSurfaceRendererScratch/vcpkg_installed/x64-windows/debug/Windows/System32/OpenSSH/lld-link.com"
      - "D:/WaterSurfaceRendererScratch/vcpkg_installed/x64-windows/debug/Windows/System32/OpenSSH/lld-link.exe"
      - "D:/WaterSurfaceRendererScratch/vcpkg_installed/x64-windows/debug/Windows/System32/OpenSSH/lld-link"
      - "D:/WaterSurfaceRendererScratch/vcpkg_installed/x64-windows/debug/Microsoft Visual Studio/18/Community/Common7/IDE/CommonExtensions/Microsoft/CMake/CMake/bin/lld-link.com"
      - "D:/WaterSurfaceRendererScratch/vcpkg_installed/x64-windows/debug/Microsoft Visual Studio/18/Community/Common7/IDE/CommonExtensions/Microsoft/CMake/CMake/bin/lld-link.exe"
      - "D:/WaterSurfaceRendererScratch/vcpkg_installed/x64-windows/debug/Microsoft Visual Studio/18/Community/Common7/IDE/CommonExtensions/Microsoft/CMake/CMake/bin/lld-link"
      - "D:/WaterSurfaceRendererScratch/vcpkg_installed/x64-windows/debug/Microsoft Visual Studio/18/Community/Common7/IDE/CommonExtensions/Microsoft/CMake/Ninja/lld-link.com"
      - "D:/WaterSurfaceRendererScratch/vcpkg_installed/x64-windows/debug/Microsoft Visual Studio/18/Community/Common7/IDE/CommonExtensions/Microsoft/CMake/Ninja/lld-link.exe"
      - "D:/WaterSurfaceRendererScratch/vcpkg_installed/x64-windows/debug/Microsoft Visual Studio/18/Community/Common7/IDE/CommonExtensions/Microsoft/CMake/Ninja/lld-link"
      - "D:/WaterSurfaceRendererScratch/vcpkg_installed/x64-windows/debug/Microsoft Visual Studio/18/Community/Common7/IDE/VC/Linux/bin/ConnectionManagerExe/lld-link.com"
      - "D:/WaterSurfaceRendererScratch/vcpkg_installed/x64-windows/debug/Microsoft Visual Studio/18/Community/Common7/IDE/VC/Linux/bin/ConnectionManagerExe/lld-link.exe"
      - "D:/WaterSurfaceRendererScratch/vcpkg_installed/x64-windows/debug/Microsoft Visual Studio/18/Community/Common7/IDE/VC/Linux/bin/ConnectionManagerExe/lld-link"
      - "D:/WaterSurfaceRendererScratch/vcpkg_installed/x64-windows/debug/Microsoft Visual Studio/18/Community/VC/vcpkg/lld-link.com"
      - "D:/WaterSurfaceRendererScratch/vcpkg_installed/x64-windows/debug/Microsoft Visual Studio/18/Community/VC/vcpkg/lld-link.exe"
      - "D:/WaterSurfaceRendererScratch/vcpkg_installed/x64-windows/debug/Microsoft Visual Studio/18/Community/VC/vcpkg/lld-link"
      - "D:/WaterSurfaceRendererScratch/vcpkg_installed/x64-windows/Microsoft Visual Studio/18/Community/VC/Tools/MSVC/14.51.36231/bin/Hostx64/x64/lld-link.com"
      - "D:/WaterSurfaceRendererScratch/vcpkg_installed/x64-windows/Microsoft Visual Studio/18/Community/VC/Tools/MSVC/14.51.36231/bin/Hostx64/x64/lld-link.exe"
      - "D:/WaterSurfaceRendererScratch/vcpkg_installed/x64-windows/Microsoft Visual Studio/18/Community/VC/Tools/MSVC/14.51.36231/bin/Hostx64/x64/lld-link"
      - "D:/WaterSurfaceRendererScratch/vcpkg_installed/x64-windows/Microsoft Visual Studio/18/Community/Common7/IDE/VC/vcpackages/lld-link.com"
      - "D:/WaterSurfaceRendererScratch/vcpkg_installed/x64-windows/Microsoft Visual Studio/18/Community/Common7/IDE/VC/vcpackages/lld-link.exe"
      - "D:/WaterSurfaceRendererScratch/vcpkg_installed/x64-windows/Microsoft Visual Studio/18/Community/Common7/IDE/VC/vcpackages/lld-link"
      - "D:/WaterSurfaceRendererScratch/vcpkg_installed/x64-windows/Microsoft Visual Studio/18/Community/Common7/IDE/CommonExtensions/Microsoft/TestWindow/lld-link.com"
      - "D:/WaterSurfaceRendererScratch/vcpkg_installed/x64-windows/Microsoft Visual Studio/18/Community/Common7/IDE/CommonExtensions/Microsoft/TestWindow/lld-link.exe"
      - "D:/WaterSurfaceRendererScratch/vcpkg_installed/x64-windows/Microsoft Visual Studio/18/Community/Common7/IDE/CommonExtensions/Microsoft/TestWindow/lld-link"
      - "D:/WaterSurfaceRendererScratch/vcpkg_installed/x64-windows/Microsoft Visual Studio/18/Community/Common7/IDE/CommonExtensions/Microsoft/TeamFoundation/Team Explorer/lld-link.com"
      - "D:/WaterSurfaceRendererScratch/vcpkg_installed/x64-windows/Microsoft Visual Studio/18/Community/Common7/IDE/CommonExtensions/Microsoft/TeamFoundation/Team Explorer/lld-link.exe"
      - "D:/WaterSurfaceRendererScratch/vcpkg_installed/x64-windows/Microsoft Visual Studio/18/Community/Common7/IDE/CommonExtensions/Microsoft/TeamFoundation/Team Explorer/lld-link"
      - "D:/WaterSurfaceRendererScratch/vcpkg_installed/x64-windows/Microsoft Visual Studio/18/Community/MSBuild/Current/Bin/Roslyn/lld-link.com"
      - "D:/WaterSurfaceRendererScratch/vcpkg_installed/x64-windows/Microsoft Visual Studio/18/Community/MSBuild/Current/Bin/Roslyn/lld-link.exe"
      - "D:/WaterSurfaceRendererScratch/vcpkg_installed/x64-windows/Microsoft Visual Studio/18/Community/MSBuild/Current/Bin/Roslyn/lld-link"
      - "D:/WaterSurfaceRendererScratch/vcpkg_installed/x64-windows/Program Files (x86)/Microsoft SDKs/Windows/v10.0A/bin/NETFX 4.8 Tools/x64/lld-link.com"
      - "D:/WaterSurfaceRendererScratch/vcpkg_installed/x64-windows/Program Files (x86)/Microsoft SDKs/Windows/v10.0A/bin/NETFX 4.8 Tools/x64/lld-link.exe"
      - "D:/WaterSurfaceRendererScratch/vcpkg_installed/x64-windows/Program Files (x86)/Microsoft SDKs/Windows/v10.0A/bin/NETFX 4.8 Tools/x64/lld-link"
      - "D:/WaterSurfaceRendererScratch/vcpkg_installed/x64-windows/Microsoft Visual Studio/18/Community/Team Tools/DiagnosticsHub/Collector/lld-link.com"
      - "D:/WaterSurfaceRendererScratch/vcpkg_installed/x64-windows/Microsoft Visual Studio/18/Community/Team Tools/DiagnosticsHub/Collector/lld-link.exe"
      - "D:/WaterSurfaceRendererScratch/vcpkg_installed/x64-windows/Microsoft Visual Studio/18/Community/Team Tools/DiagnosticsHub/Collector/lld-link"
      - "D:/WaterSurfaceRendererScratch/vcpkg_installed/x64-windows/Microsoft Visual Studio/18/Community/Common7/IDE/Extensions/Microsoft/CodeCoverage.Console/lld-link.com"
      - "D:/WaterSurfaceRendererScratch/vcpkg_installed/x64-windows/Microsoft Visual Studio/18/Community/Common7/IDE/Extensions/Microsoft/CodeCoverage.Console/lld-link.exe"
      - "D:/WaterSurfaceRendererScratch/vcpkg_installed/x64-windows/Microsoft Visual Studio/18/Community/Common7/IDE/Extensions/Microsoft/CodeCoverage.Console/lld-link"
      - "D:/WaterSurfaceRendererScratch/vcpkg_installed/x64-windows/Program Files (x86)/Windows Kits/10/bin/10.0.26100.0/x64/lld-link.com"
      - "D:/WaterSurfaceRendererScratch/vcpkg_installed/x64-windows/Program Files (x86)/Windows Kits/10/bin/10.0.26100.0/x64/lld-link.exe"
      - "D:/WaterSurfaceRendererScratch/vcpkg_installed/x64-windows/Program Files (x86)/Windows Kits/10/bin/10.0.26100.0/x64/lld-link"
      - "D:/WaterSurfaceRendererScratch/vcpkg_installed/x64-windows/Program Files (x86)/Windows Kits/10/bin/x64/lld-link.com"
      - "D:/WaterSurfaceRendererScratch/vcpkg_installed/x64-windows/Program Files (x86)/Windows Kits/10/bin/x64/lld-link.exe"
      - "D:/WaterSurfaceRendererScratch/vcpkg_installed/x64-windows/Program Files (x86)/Windows Kits/10/bin/x64/lld-link"
      - "D:/WaterSurfaceRendererScratch/vcpkg_installed/x64-windows/Microsoft Visual Studio/18/Community/MSBuild/Current/Bin/amd64/lld-link.com"
      - "D:/WaterSurfaceRendererScratch/vcpkg_installed/x64-windows/Microsoft Visual Studio/18/Community/MSBuild/Current/Bin/amd64/lld-link.exe"
      - "D:/WaterSurfaceRendererScratch/vcpkg_installed/x64-windows/Microsoft Visual Studio/18/Community/MSBuild/Current/Bin/amd64/lld-link"
      - "D:/WaterSurfaceRendererScratch/vcpkg_installed/x64-windows/Windows/Microsoft.NET/Framework64/v4.0.30319/lld-link.com"
      - "D:/WaterSurfaceRendererScratch/vcpkg_installed/x64-windows/Windows/Microsoft.NET/Framework64/v4.0.30319/lld-link.exe"
      - "D:/WaterSurfaceRendererScratch/vcpkg_installed/x64-windows/Windows/Microsoft.NET/Framework64/v4.0.30319/lld-link"
      - "D:/WaterSurfaceRendererScratch/vcpkg_installed/x64-windows/Microsoft Visual Studio/18/Community/Common7/IDE/lld-link.com"
      - "D:/WaterSurfaceRendererScratch/vcpkg_installed/x64-windows/Microsoft Visual Studio/18/Community/Common7/IDE/lld-link.exe"
      - "D:/WaterSurfaceRendererScratch/vcpkg_installed/x64-windows/Microsoft Visual Studio/18/Community/Common7/IDE/lld-link"
      - "D:/WaterSurfaceRendererScratch/vcpkg_installed/x64-windows/Microsoft Visual Studio/18/Community/Common7/Tools/lld-link.com"
      - "D:/WaterSurfaceRendererScratch/vcpkg_installed/x64-windows/Microsoft Visual Studio/18/Community/Common7/Tools/lld-link.exe"
      - "D:/WaterSurfaceRendererScratch/vcpkg_installed/x64-windows/Microsoft Visual Studio/18/Community/Common7/Tools/lld-link"
      - "D:/WaterSurfaceRendererScratch/vcpkg_installed/x64-windows/Users/xukeheng/AppData/Local/vcpkg/downloads/tools/powershell-core-7.5.4-windows/lld-link.com"
      - "D:/WaterSurfaceRendererScratch/vcpkg_installed/x64-windows/Users/xukeheng/AppData/Local/vcpkg/downloads/tools/powershell-core-7.5.4-windows/lld-link.exe"
      - "D:/WaterSurfaceRendererScratch/vcpkg_installed/x64-windows/Users/xukeheng/AppData/Local/vcpkg/downloads/tools/powershell-core-7.5.4-windows/lld-link"
      - "D:/WaterSurfaceRendererScratch/vcpkg_installed/x64-windows/Windows/System32/lld-link.com"
      - "D:/WaterSurfaceRendererScratch/vcpkg_installed/x64-windows/Windows/System32/lld-link.exe"
      - "D:/WaterSurfaceRendererScratch/vcpkg_installed/x64-windows/Windows/System32/lld-link"
      - "D:/WaterSurfaceRendererScratch/vcpkg_installed/x64-windows/Windows/lld-link.com"
      - "D:/WaterSurfaceRendererScratch/vcpkg_installed/x64-windows/Windows/lld-link.exe"
      - "D:/WaterSurfaceRendererScratch/vcpkg_installed/x64-windows/Windows/lld-link"
      - "D:/WaterSurfaceRendererScratch/vcpkg_installed/x64-windows/Windows/System32/wbem/lld-link.com"
      - "D:/WaterSurfaceRendererScratch/vcpkg_installed/x64-windows/Windows/System32/wbem/lld-link.exe"
      - "D:/WaterSurfaceRendererScratch/vcpkg_installed/x64-windows/Windows/System32/wbem/lld-link"
      - "D:/WaterSurfaceRendererScratch/vcpkg_installed/x64-windows/Windows/System32/WindowsPowerShell/v1.0/lld-link.com"
      - "D:/WaterSurfaceRendererScratch/vcpkg_installed/x64-windows/Windows/System32/WindowsPowerShell/v1.0/lld-link.exe"
      - "D:/WaterSurfaceRendererScratch/vcpkg_installed/x64-windows/Windows/System32/WindowsPowerShell/v1.0/lld-link"
      - "D:/WaterSurfaceRendererScratch/vcpkg_installed/x64-windows/Windows/System32/OpenSSH/lld-link.com"
      - "D:/WaterSurfaceRendererScratch/vcpkg_installed/x64-windows/Windows/System32/OpenSSH/lld-link.exe"
      - "D:/WaterSurfaceRendererScratch/vcpkg_installed/x64-windows/Windows/System32/OpenSSH/lld-link"
      - "D:/WaterSurfaceRendererScratch/vcpkg_installed/x64-windows/Microsoft Visual Studio/18/Community/Common7/IDE/CommonExtensions/Microsoft/CMake/CMake/bin/lld-link.com"
      - "D:/WaterSurfaceRendererScratch/vcpkg_installed/x64-windows/Microsoft Visual Studio/18/Community/Common7/IDE/CommonExtensions/Microsoft/CMake/CMake/bin/lld-link.exe"
      - "D:/WaterSurfaceRendererScratch/vcpkg_installed/x64-windows/Microsoft Visual Studio/18/Community/Common7/IDE/CommonExtensions/Microsoft/CMake/CMake/bin/lld-link"
      - "D:/WaterSurfaceRendererScratch/vcpkg_installed/x64-windows/Microsoft Visual Studio/18/Community/Common7/IDE/CommonExtensions/Microsoft/CMake/Ninja/lld-link.com"
      - "D:/WaterSurfaceRendererScratch/vcpkg_installed/x64-windows/Microsoft Visual Studio/18/Community/Common7/IDE/CommonExtensions/Microsoft/CMake/Ninja/lld-link.exe"
      - "D:/WaterSurfaceRendererScratch/vcpkg_installed/x64-windows/Microsoft Visual Studio/18/Community/Common7/IDE/CommonExtensions/Microsoft/CMake/Ninja/lld-link"
      - "D:/WaterSurfaceRendererScratch/vcpkg_installed/x64-windows/Microsoft Visual Studio/18/Community/Common7/IDE/VC/Linux/bin/ConnectionManagerExe/lld-link.com"
      - "D:/WaterSurfaceRendererScratch/vcpkg_installed/x64-windows/Microsoft Visual Studio/18/Community/Common7/IDE/VC/Linux/bin/ConnectionManagerExe/lld-link.exe"
      - "D:/WaterSurfaceRendererScratch/vcpkg_installed/x64-windows/Microsoft Visual Studio/18/Community/Common7/IDE/VC/Linux/bin/ConnectionManagerExe/lld-link"
      - "D:/WaterSurfaceRendererScratch/vcpkg_installed/x64-windows/Microsoft Visual Studio/18/Community/VC/vcpkg/lld-link.com"
      - "D:/WaterSurfaceRendererScratch/vcpkg_installed/x64-windows/Microsoft Visual Studio/18/Community/VC/vcpkg/lld-link.exe"
      - "D:/WaterSurfaceRendererScratch/vcpkg_installed/x64-windows/Microsoft Visual Studio/18/Community/VC/vcpkg/lld-link"
      - "D:/Microsoft Visual Studio/18/Community/VC/Tools/MSVC/14.51.36231/bin/Hostx64/x64/lld-link.com"
      - "D:/Microsoft Visual Studio/18/Community/VC/Tools/MSVC/14.51.36231/bin/Hostx64/x64/lld-link.exe"
      - "D:/Microsoft Visual Studio/18/Community/VC/Tools/MSVC/14.51.36231/bin/Hostx64/x64/lld-link"
      - "D:/Microsoft Visual Studio/18/Community/Common7/IDE/VC/vcpackages/lld-link.com"
      - "D:/Microsoft Visual Studio/18/Community/Common7/IDE/VC/vcpackages/lld-link.exe"
      - "D:/Microsoft Visual Studio/18/Community/Common7/IDE/VC/vcpackages/lld-link"
      - "D:/Microsoft Visual Studio/18/Community/Common7/IDE/CommonExtensions/Microsoft/TestWindow/lld-link.com"
      - "D:/Microsoft Visual Studio/18/Community/Common7/IDE/CommonExtensions/Microsoft/TestWindow/lld-link.exe"
      - "D:/Microsoft Visual Studio/18/Community/Common7/IDE/CommonExtensions/Microsoft/TestWindow/lld-link"
      - "D:/Microsoft Visual Studio/18/Community/Common7/IDE/CommonExtensions/Microsoft/TeamFoundation/Team Explorer/lld-link.com"
      - "D:/Microsoft Visual Studio/18/Community/Common7/IDE/CommonExtensions/Microsoft/TeamFoundation/Team Explorer/lld-link.exe"
      - "D:/Microsoft Visual Studio/18/Community/Common7/IDE/CommonExtensions/Microsoft/TeamFoundation/Team Explorer/lld-link"
      - "D:/Microsoft Visual Studio/18/Community/MSBuild/Current/Bin/Roslyn/lld-link.com"
      - "D:/Microsoft Visual Studio/18/Community/MSBuild/Current/Bin/Roslyn/lld-link.exe"
      - "D:/Microsoft Visual Studio/18/Community/MSBuild/Current/Bin/Roslyn/lld-link"
      - "C:/Program Files (x86)/Microsoft SDKs/Windows/v10.0A/bin/NETFX 4.8 Tools/x64/lld-link.com"
      - "C:/Program Files (x86)/Microsoft SDKs/Windows/v10.0A/bin/NETFX 4.8 Tools/x64/lld-link.exe"
      - "C:/Program Files (x86)/Microsoft SDKs/Windows/v10.0A/bin/NETFX 4.8 Tools/x64/lld-link"
      - "D:/Microsoft Visual Studio/18/Community/Team Tools/DiagnosticsHub/Collector/lld-link.com"
      - "D:/Microsoft Visual Studio/18/Community/Team Tools/DiagnosticsHub/Collector/lld-link.exe"
      - "D:/Microsoft Visual Studio/18/Community/Team Tools/DiagnosticsHub/Collector/lld-link"
      - "D:/Microsoft Visual Studio/18/Community/Common7/IDE/Extensions/Microsoft/CodeCoverage.Console/lld-link.com"
      - "D:/Microsoft Visual Studio/18/Community/Common7/IDE/Extensions/Microsoft/CodeCoverage.Console/lld-link.exe"
      - "D:/Microsoft Visual Studio/18/Community/Common7/IDE/Extensions/Microsoft/CodeCoverage.Console/lld-link"
      - "C:/Program Files (x86)/Windows Kits/10/bin/10.0.26100.0/x64/lld-link.com"
      - "C:/Program Files (x86)/Windows Kits/10/bin/10.0.26100.0/x64/lld-link.exe"
      - "C:/Program Files (x86)/Windows Kits/10/bin/10.0.26100.0/x64/lld-link"
      - "C:/Program Files (x86)/Windows Kits/10/bin/x64/lld-link.com"
      - "C:/Program Files (x86)/Windows Kits/10/bin/x64/lld-link.exe"
      - "C:/Program Files (x86)/Windows Kits/10/bin/x64/lld-link"
      - "D:/Microsoft Visual Studio/18/Community/MSBuild/Current/Bin/amd64/lld-link.com"
      - "D:/Microsoft Visual Studio/18/Community/MSBuild/Current/Bin/amd64/lld-link.exe"
      - "D:/Microsoft Visual Studio/18/Community/MSBuild/Current/Bin/amd64/lld-link"
      - "C:/Windows/Microsoft.NET/Framework64/v4.0.30319/lld-link.com"
      - "C:/Windows/Microsoft.NET/Framework64/v4.0.30319/lld-link.exe"
      - "C:/Windows/Microsoft.NET/Framework64/v4.0.30319/lld-link"
      - "D:/Microsoft Visual Studio/18/Community/Common7/IDE/lld-link.com"
      - "D:/Microsoft Visual Studio/18/Community/Common7/IDE/lld-link.exe"
      - "D:/Microsoft Visual Studio/18/Community/Common7/IDE/lld-link"
      - "D:/Microsoft Visual Studio/18/Community/Common7/Tools/lld-link.com"
      - "D:/Microsoft Visual Studio/18/Community/Common7/Tools/lld-link.exe"
      - "D:/Microsoft Visual Studio/18/Community/Common7/Tools/lld-link"
      - "C:/Users/xukeheng/AppData/Local/vcpkg/downloads/tools/powershell-core-7.5.4-windows/lld-link.com"
      - "C:/Users/xukeheng/AppData/Local/vcpkg/downloads/tools/powershell-core-7.5.4-windows/lld-link.exe"
      - "C:/Users/xukeheng/AppData/Local/vcpkg/downloads/tools/powershell-core-7.5.4-windows/lld-link"
      - "C:/Windows/System32/lld-link.com"
      - "C:/Windows/System32/lld-link.exe"
      - "C:/Windows/System32/lld-link"
      - "C:/Windows/lld-link.com"
      - "C:/Windows/lld-link.exe"
      - "C:/Windows/lld-link"
      - "C:/Windows/System32/wbem/lld-link.com"
      - "C:/Windows/System32/wbem/lld-link.exe"
      - "C:/Windows/System32/wbem/lld-link"
      - "C:/Windows/System32/WindowsPowerShell/v1.0/lld-link.com"
      - "C:/Windows/System32/WindowsPowerShell/v1.0/lld-link.exe"
      - "C:/Windows/System32/WindowsPowerShell/v1.0/lld-link"
      - "C:/Windows/System32/OpenSSH/lld-link.com"
      - "C:/Windows/System32/OpenSSH/lld-link.exe"
      - "C:/Windows/System32/OpenSSH/lld-link"
      - "D:/Microsoft Visual Studio/18/Community/Common7/IDE/CommonExtensions/Microsoft/CMake/CMake/bin/lld-link.com"
      - "D:/Microsoft Visual Studio/18/Community/Common7/IDE/CommonExtensions/Microsoft/CMake/CMake/bin/lld-link.exe"
      - "D:/Microsoft Visual Studio/18/Community/Common7/IDE/CommonExtensions/Microsoft/CMake/CMake/bin/lld-link"
      - "D:/Microsoft Visual Studio/18/Community/Common7/IDE/CommonExtensions/Microsoft/CMake/Ninja/lld-link.com"
      - "D:/Microsoft Visual Studio/18/Community/Common7/IDE/CommonExtensions/Microsoft/CMake/Ninja/lld-link.exe"
      - "D:/Microsoft Visual Studio/18/Community/Common7/IDE/CommonExtensions/Microsoft/CMake/Ninja/lld-link"
      - "D:/Microsoft Visual Studio/18/Community/Common7/IDE/VC/Linux/bin/ConnectionManagerExe/lld-link.com"
      - "D:/Microsoft Visual Studio/18/Community/Common7/IDE/VC/Linux/bin/ConnectionManagerExe/lld-link.exe"
      - "D:/Microsoft Visual Studio/18/Community/Common7/IDE/VC/Linux/bin/ConnectionManagerExe/lld-link"
      - "D:/Microsoft Visual Studio/18/Community/VC/vcpkg/lld-link.com"
      - "D:/Microsoft Visual Studio/18/Community/VC/vcpkg/lld-link.exe"
      - "D:/Microsoft Visual Studio/18/Community/VC/vcpkg/lld-link"
    found: false
    search_context:
      CMAKE_PROGRAM_PATH:
        - "D:/WaterSurfaceRendererScratch/vcpkg_installed/x64-windows/tools"
      CMAKE_PREFIX_PATH:
        - "D:/WaterSurfaceRendererScratch/vcpkg_installed/x64-windows/debug"
        - "D:/WaterSurfaceRendererScratch/vcpkg_installed/x64-windows"
      ENV{PATH}:
        - "D:\\Microsoft Visual Studio\\18\\Community\\VC\\Tools\\MSVC\\14.51.36231\\bin\\HostX64\\x64"
        - "D:\\Microsoft Visual Studio\\18\\Community\\Common7\\IDE\\VC\\VCPackages"
        - "D:\\Microsoft Visual Studio\\18\\Community\\Common7\\IDE\\CommonExtensions\\Microsoft\\TestWindow"
        - "D:\\Microsoft Visual Studio\\18\\Community\\Common7\\IDE\\CommonExtensions\\Microsoft\\TeamFoundation\\Team Explorer"
        - "D:\\Microsoft Visual Studio\\18\\Community\\MSBuild\\Current\\bin\\Roslyn"
        - "C:\\Program Files (x86)\\Microsoft SDKs\\Windows\\v10.0A\\bin\\NETFX 4.8 Tools\\x64\\"
        - "D:\\Microsoft Visual Studio\\18\\Community\\Team Tools\\DiagnosticsHub\\Collector"
        - "D:\\Microsoft Visual Studio\\18\\Community\\Common7\\IDE\\Extensions\\Microsoft\\CodeCoverage.Console"
        - "C:\\Program Files (x86)\\Windows Kits\\10\\bin\\10.0.26100.0\\\\x64"
        - "C:\\Program Files (x86)\\Windows Kits\\10\\bin\\\\x64"
        - "D:\\Microsoft Visual Studio\\18\\Community\\\\MSBuild\\Current\\Bin\\amd64"
        - "C:\\Windows\\Microsoft.NET\\Framework64\\v4.0.30319"
        - "D:\\Microsoft Visual Studio\\18\\Community\\Common7\\IDE\\"
        - "D:\\Microsoft Visual Studio\\18\\Community\\Common7\\Tools\\"
        - "C:\\Users\\xukeheng\\AppData\\Local\\vcpkg\\downloads\\tools\\powershell-core-7.5.4-windows"
        - "C:\\windows\\system32"
        - "C:\\windows"
        - "C:\\windows\\system32\\Wbem"
        - "C:\\windows\\system32\\WindowsPowerShell\\v1.0\\"
        - "C:\\windows\\system32\\OpenSSH\\"
        - "D:\\Microsoft Visual Studio\\18\\Community\\Common7\\IDE\\CommonExtensions\\Microsoft\\CMake\\CMake\\bin"
        - "D:\\Microsoft Visual Studio\\18\\Community\\Common7\\IDE\\CommonExtensions\\Microsoft\\CMake\\Ninja"
        - "D:\\Microsoft Visual Studio\\18\\Community\\Common7\\IDE\\VC\\Linux\\bin\\ConnectionManagerExe"
        - "D:\\Microsoft Visual Studio\\18\\Community\\VC\\vcpkg"
        - "D:\\Microsoft Visual Studio\\18\\Community\\Common7\\IDE\\CommonExtensions\\Microsoft\\CMake\\Ninja"
        - "D:\\Microsoft Visual Studio\\18\\Community\\Common7\\IDE\\CommonExtensions\\Microsoft\\CMake\\Ninja"
        - "D:\\Microsoft Visual Studio\\18\\Community\\Common7\\IDE\\CommonExtensions\\Microsoft\\CMake\\Ninja"
      CMAKE_INSTALL_PREFIX: "D:/WaterSurfaceRendererScratch/vcpkg_installed/vcpkg/pkgs/fftw3_x64-windows/debug"
      CMAKE_FIND_ROOT_PATH: "D:/WaterSurfaceRendererScratch/vcpkg_installed/x64-windows/debug;D:/WaterSurfaceRendererScratch/vcpkg_installed/x64-windows"
  -
    kind: "find-v1"
    backtrace:
      - "D:/Microsoft Visual Studio/18/Community/Common7/IDE/CommonExtensions/Microsoft/CMake/CMake/share/cmake-4.3/Modules/CMakeFindBinUtils.cmake:243 (find_program)"
      - "D:/Microsoft Visual Studio/18/Community/Common7/IDE/CommonExtensions/Microsoft/CMake/CMake/share/cmake-4.3/Modules/CMakeDetermineCCompiler.cmake:200 (include)"
      - "CMakeLists.txt:7 (project)"
    mode: "program"
    variable: "CMAKE_LINKER"
    description: "Path to a program."
    settings:
      SearchFramework: "LAST"
      SearchAppBundle: "LAST"
      CMAKE_FIND_USE_CMAKE_PATH: false
      CMAKE_FIND_USE_CMAKE_ENVIRONMENT_PATH: false
      CMAKE_FIND_USE_SYSTEM_ENVIRONMENT_PATH: true
      CMAKE_FIND_USE_CMAKE_SYSTEM_PATH: true
      CMAKE_FIND_USE_INSTALL_PREFIX: true
    names:
      - "link"
    candidate_directories:
      - "D:/WaterSurfaceRendererScratch/vcpkg_installed/x64-windows/debug/Microsoft Visual Studio/18/Community/VC/Tools/MSVC/14.51.36231/bin/Hostx64/x64/"
      - "D:/WaterSurfaceRendererScratch/vcpkg_installed/x64-windows/debug/Microsoft Visual Studio/18/Community/Common7/IDE/VC/vcpackages/"
      - "D:/WaterSurfaceRendererScratch/vcpkg_installed/x64-windows/debug/Microsoft Visual Studio/18/Community/Common7/IDE/CommonExtensions/Microsoft/TestWindow/"
      - "D:/WaterSurfaceRendererScratch/vcpkg_installed/x64-windows/debug/Microsoft Visual Studio/18/Community/Common7/IDE/CommonExtensions/Microsoft/TeamFoundation/Team Explorer/"
      - "D:/WaterSurfaceRendererScratch/vcpkg_installed/x64-windows/debug/Microsoft Visual Studio/18/Community/MSBuild/Current/Bin/Roslyn/"
      - "D:/WaterSurfaceRendererScratch/vcpkg_installed/x64-windows/debug/Program Files (x86)/Microsoft SDKs/Windows/v10.0A/bin/NETFX 4.8 Tools/x64/"
      - "D:/WaterSurfaceRendererScratch/vcpkg_installed/x64-windows/debug/Microsoft Visual Studio/18/Community/Team Tools/DiagnosticsHub/Collector/"
      - "D:/WaterSurfaceRendererScratch/vcpkg_installed/x64-windows/debug/Microsoft Visual Studio/18/Community/Common7/IDE/Extensions/Microsoft/CodeCoverage.Console/"
      - "D:/WaterSurfaceRendererScratch/vcpkg_installed/x64-windows/debug/Program Files (x86)/Windows Kits/10/bin/10.0.26100.0/x64/"
      - "D:/WaterSurfaceRendererScratch/vcpkg_installed/x64-windows/debug/Program Files (x86)/Windows Kits/10/bin/x64/"
      - "D:/WaterSurfaceRendererScratch/vcpkg_installed/x64-windows/debug/Microsoft Visual Studio/18/Community/MSBuild/Current/Bin/amd64/"
      - "D:/WaterSurfaceRendererScratch/vcpkg_installed/x64-windows/debug/Windows/Microsoft.NET/Framework64/v4.0.30319/"
      - "D:/WaterSurfaceRendererScratch/vcpkg_installed/x64-windows/debug/Microsoft Visual Studio/18/Community/Common7/IDE/"
      - "D:/WaterSurfaceRendererScratch/vcpkg_installed/x64-windows/debug/Microsoft Visual Studio/18/Community/Common7/Tools/"
      - "D:/WaterSurfaceRendererScratch/vcpkg_installed/x64-windows/debug/Users/xukeheng/AppData/Local/vcpkg/downloads/tools/powershell-core-7.5.4-windows/"
      - "D:/WaterSurfaceRendererScratch/vcpkg_installed/x64-windows/debug/Windows/System32/"
      - "D:/WaterSurfaceRendererScratch/vcpkg_installed/x64-windows/debug/Windows/"
      - "D:/WaterSurfaceRendererScratch/vcpkg_installed/x64-windows/debug/Windows/System32/wbem/"
      - "D:/WaterSurfaceRendererScratch/vcpkg_installed/x64-windows/debug/Windows/System32/WindowsPowerShell/v1.0/"
      - "D:/WaterSurfaceRendererScratch/vcpkg_installed/x64-windows/debug/Windows/System32/OpenSSH/"
      - "D:/WaterSurfaceRendererScratch/vcpkg_installed/x64-windows/debug/Microsoft Visual Studio/18/Community/Common7/IDE/CommonExtensions/Microsoft/CMake/CMake/bin/"
      - "D:/WaterSurfaceRendererScratch/vcpkg_installed/x64-windows/debug/Microsoft Visual Studio/18/Community/Common7/IDE/CommonExtensions/Microsoft/CMake/Ninja/"
      - "D:/WaterSurfaceRendererScratch/vcpkg_installed/x64-windows/debug/Microsoft Visual Studio/18/Community/Common7/IDE/VC/Linux/bin/ConnectionManagerExe/"
      - "D:/WaterSurfaceRendererScratch/vcpkg_installed/x64-windows/debug/Microsoft Visual Studio/18/Community/VC/vcpkg/"
      - "D:/WaterSurfaceRendererScratch/vcpkg_installed/x64-windows/Microsoft Visual Studio/18/Community/VC/Tools/MSVC/14.51.36231/bin/Hostx64/x64/"
      - "D:/WaterSurfaceRendererScratch/vcpkg_installed/x64-windows/Microsoft Visual Studio/18/Community/Common7/IDE/VC/vcpackages/"
      - "D:/WaterSurfaceRendererScratch/vcpkg_installed/x64-windows/Microsoft Visual Studio/18/Community/Common7/IDE/CommonExtensions/Microsoft/TestWindow/"
      - "D:/WaterSurfaceRendererScratch/vcpkg_installed/x64-windows/Microsoft Visual Studio/18/Community/Common7/IDE/CommonExtensions/Microsoft/TeamFoundation/Team Explorer/"
      - "D:/WaterSurfaceRendererScratch/vcpkg_installed/x64-windows/Microsoft Visual Studio/18/Community/MSBuild/Current/Bin/Roslyn/"
      - "D:/WaterSurfaceRendererScratch/vcpkg_installed/x64-windows/Program Files (x86)/Microsoft SDKs/Windows/v10.0A/bin/NETFX 4.8 Tools/x64/"
      - "D:/WaterSurfaceRendererScratch/vcpkg_installed/x64-windows/Microsoft Visual Studio/18/Community/Team Tools/DiagnosticsHub/Collector/"
      - "D:/WaterSurfaceRendererScratch/vcpkg_installed/x64-windows/Microsoft Visual Studio/18/Community/Common7/IDE/Extensions/Microsoft/CodeCoverage.Console/"
      - "D:/WaterSurfaceRendererScratch/vcpkg_installed/x64-windows/Program Files (x86)/Windows Kits/10/bin/10.0.26100.0/x64/"
      - "D:/WaterSurfaceRendererScratch/vcpkg_installed/x64-windows/Program Files (x86)/Windows Kits/10/bin/x64/"
      - "D:/WaterSurfaceRendererScratch/vcpkg_installed/x64-windows/Microsoft Visual Studio/18/Community/MSBuild/Current/Bin/amd64/"
      - "D:/WaterSurfaceRendererScratch/vcpkg_installed/x64-windows/Windows/Microsoft.NET/Framework64/v4.0.30319/"
      - "D:/WaterSurfaceRendererScratch/vcpkg_installed/x64-windows/Microsoft Visual Studio/18/Community/Common7/IDE/"
      - "D:/WaterSurfaceRendererScratch/vcpkg_installed/x64-windows/Microsoft Visual Studio/18/Community/Common7/Tools/"
      - "D:/WaterSurfaceRendererScratch/vcpkg_installed/x64-windows/Users/xukeheng/AppData/Local/vcpkg/downloads/tools/powershell-core-7.5.4-windows/"
      - "D:/WaterSurfaceRendererScratch/vcpkg_installed/x64-windows/Windows/System32/"
      - "D:/WaterSurfaceRendererScratch/vcpkg_installed/x64-windows/Windows/"
      - "D:/WaterSurfaceRendererScratch/vcpkg_installed/x64-windows/Windows/System32/wbem/"
      - "D:/WaterSurfaceRendererScratch/vcpkg_installed/x64-windows/Windows/System32/WindowsPowerShell/v1.0/"
      - "D:/WaterSurfaceRendererScratch/vcpkg_installed/x64-windows/Windows/System32/OpenSSH/"
      - "D:/WaterSurfaceRendererScratch/vcpkg_installed/x64-windows/Microsoft Visual Studio/18/Community/Common7/IDE/CommonExtensions/Microsoft/CMake/CMake/bin/"
      - "D:/WaterSurfaceRendererScratch/vcpkg_installed/x64-windows/Microsoft Visual Studio/18/Community/Common7/IDE/CommonExtensions/Microsoft/CMake/Ninja/"
      - "D:/WaterSurfaceRendererScratch/vcpkg_installed/x64-windows/Microsoft Visual Studio/18/Community/Common7/IDE/VC/Linux/bin/ConnectionManagerExe/"
      - "D:/WaterSurfaceRendererScratch/vcpkg_installed/x64-windows/Microsoft Visual Studio/18/Community/VC/vcpkg/"
      - "D:/Microsoft Visual Studio/18/Community/VC/Tools/MSVC/14.51.36231/bin/Hostx64/x64/"
      - "D:/Microsoft Visual Studio/18/Community/Common7/IDE/VC/vcpackages/"
      - "D:/Microsoft Visual Studio/18/Community/Common7/IDE/CommonExtensions/Microsoft/TestWindow/"
      - "D:/Microsoft Visual Studio/18/Community/Common7/IDE/CommonExtensions/Microsoft/TeamFoundation/Team Explorer/"
      - "D:/Microsoft Visual Studio/18/Community/MSBuild/Current/Bin/Roslyn/"
      - "C:/Program Files (x86)/Microsoft SDKs/Windows/v10.0A/bin/NETFX 4.8 Tools/x64/"
      - "D:/Microsoft Visual Studio/18/Community/Team Tools/DiagnosticsHub/Collector/"
      - "D:/Microsoft Visual Studio/18/Community/Common7/IDE/Extensions/Microsoft/CodeCoverage.Console/"
      - "C:/Program Files (x86)/Windows Kits/10/bin/10.0.26100.0/x64/"
      - "C:/Program Files (x86)/Windows Kits/10/bin/x64/"
      - "D:/Microsoft Visual Studio/18/Community/MSBuild/Current/Bin/amd64/"
      - "C:/Windows/Microsoft.NET/Framework64/v4.0.30319/"
      - "D:/Microsoft Visual Studio/18/Community/Common7/IDE/"
      - "D:/Microsoft Visual Studio/18/Community/Common7/Tools/"
      - "C:/Users/xukeheng/AppData/Local/vcpkg/downloads/tools/powershell-core-7.5.4-windows/"
      - "C:/Windows/System32/"
      - "C:/Windows/"
      - "C:/Windows/System32/wbem/"
      - "C:/Windows/System32/WindowsPowerShell/v1.0/"
      - "C:/Windows/System32/OpenSSH/"
      - "D:/Microsoft Visual Studio/18/Community/Common7/IDE/CommonExtensions/Microsoft/CMake/CMake/bin/"
      - "D:/Microsoft Visual Studio/18/Community/Common7/IDE/CommonExtensions/Microsoft/CMake/Ninja/"
      - "D:/Microsoft Visual Studio/18/Community/Common7/IDE/VC/Linux/bin/ConnectionManagerExe/"
      - "D:/Microsoft Visual Studio/18/Community/VC/vcpkg/"
    searched_directories:
      - "D:/WaterSurfaceRendererScratch/vcpkg_installed/x64-windows/debug/Microsoft Visual Studio/18/Community/VC/Tools/MSVC/14.51.36231/bin/Hostx64/x64/link.com"
      - "D:/WaterSurfaceRendererScratch/vcpkg_installed/x64-windows/debug/Microsoft Visual Studio/18/Community/VC/Tools/MSVC/14.51.36231/bin/Hostx64/x64/link.exe"
      - "D:/WaterSurfaceRendererScratch/vcpkg_installed/x64-windows/debug/Microsoft Visual Studio/18/Community/VC/Tools/MSVC/14.51.36231/bin/Hostx64/x64/link"
      - "D:/WaterSurfaceRendererScratch/vcpkg_installed/x64-windows/debug/Microsoft Visual Studio/18/Community/Common7/IDE/VC/vcpackages/link.com"
      - "D:/WaterSurfaceRendererScratch/vcpkg_installed/x64-windows/debug/Microsoft Visual Studio/18/Community/Common7/IDE/VC/vcpackages/link.exe"
      - "D:/WaterSurfaceRendererScratch/vcpkg_installed/x64-windows/debug/Microsoft Visual Studio/18/Community/Common7/IDE/VC/vcpackages/link"
      - "D:/WaterSurfaceRendererScratch/vcpkg_installed/x64-windows/debug/Microsoft Visual Studio/18/Community/Common7/IDE/CommonExtensions/Microsoft/TestWindow/link.com"
      - "D:/WaterSurfaceRendererScratch/vcpkg_installed/x64-windows/debug/Microsoft Visual Studio/18/Community/Common7/IDE/CommonExtensions/Microsoft/TestWindow/link.exe"
      - "D:/WaterSurfaceRendererScratch/vcpkg_installed/x64-windows/debug/Microsoft Visual Studio/18/Community/Common7/IDE/CommonExtensions/Microsoft/TestWindow/link"
      - "D:/WaterSurfaceRendererScratch/vcpkg_installed/x64-windows/debug/Microsoft Visual Studio/18/Community/Common7/IDE/CommonExtensions/Microsoft/TeamFoundation/Team Explorer/link.com"
      - "D:/WaterSurfaceRendererScratch/vcpkg_installed/x64-windows/debug/Microsoft Visual Studio/18/Community/Common7/IDE/CommonExtensions/Microsoft/TeamFoundation/Team Explorer/link.exe"
      - "D:/WaterSurfaceRendererScratch/vcpkg_installed/x64-windows/debug/Microsoft Visual Studio/18/Community/Common7/IDE/CommonExtensions/Microsoft/TeamFoundation/Team Explorer/link"
      - "D:/WaterSurfaceRendererScratch/vcpkg_installed/x64-windows/debug/Microsoft Visual Studio/18/Community/MSBuild/Current/Bin/Roslyn/link.com"
      - "D:/WaterSurfaceRendererScratch/vcpkg_installed/x64-windows/debug/Microsoft Visual Studio/18/Community/MSBuild/Current/Bin/Roslyn/link.exe"
      - "D:/WaterSurfaceRendererScratch/vcpkg_installed/x64-windows/debug/Microsoft Visual Studio/18/Community/MSBuild/Current/Bin/Roslyn/link"
      - "D:/WaterSurfaceRendererScratch/vcpkg_installed/x64-windows/debug/Program Files (x86)/Microsoft SDKs/Windows/v10.0A/bin/NETFX 4.8 Tools/x64/link.com"
      - "D:/WaterSurfaceRendererScratch/vcpkg_installed/x64-windows/debug/Program Files (x86)/Microsoft SDKs/Windows/v10.0A/bin/NETFX 4.8 Tools/x64/link.exe"
      - "D:/WaterSurfaceRendererScratch/vcpkg_installed/x64-windows/debug/Program Files (x86)/Microsoft SDKs/Windows/v10.0A/bin/NETFX 4.8 Tools/x64/link"
      - "D:/WaterSurfaceRendererScratch/vcpkg_installed/x64-windows/debug/Microsoft Visual Studio/18/Community/Team Tools/DiagnosticsHub/Collector/link.com"
      - "D:/WaterSurfaceRendererScratch/vcpkg_installed/x64-windows/debug/Microsoft Visual Studio/18/Community/Team Tools/DiagnosticsHub/Collector/link.exe"
      - "D:/WaterSurfaceRendererScratch/vcpkg_installed/x64-windows/debug/Microsoft Visual Studio/18/Community/Team Tools/DiagnosticsHub/Collector/link"
      - "D:/WaterSurfaceRendererScratch/vcpkg_installed/x64-windows/debug/Microsoft Visual Studio/18/Community/Common7/IDE/Extensions/Microsoft/CodeCoverage.Console/link.com"
      - "D:/WaterSurfaceRendererScratch/vcpkg_installed/x64-windows/debug/Microsoft Visual Studio/18/Community/Common7/IDE/Extensions/Microsoft/CodeCoverage.Console/link.exe"
      - "D:/WaterSurfaceRendererScratch/vcpkg_installed/x64-windows/debug/Microsoft Visual Studio/18/Community/Common7/IDE/Extensions/Microsoft/CodeCoverage.Console/link"
      - "D:/WaterSurfaceRendererScratch/vcpkg_installed/x64-windows/debug/Program Files (x86)/Windows Kits/10/bin/10.0.26100.0/x64/link.com"
      - "D:/WaterSurfaceRendererScratch/vcpkg_installed/x64-windows/debug/Program Files (x86)/Windows Kits/10/bin/10.0.26100.0/x64/link.exe"
      - "D:/WaterSurfaceRendererScratch/vcpkg_installed/x64-windows/debug/Program Files (x86)/Windows Kits/10/bin/10.0.26100.0/x64/link"
      - "D:/WaterSurfaceRendererScratch/vcpkg_installed/x64-windows/debug/Program Files (x86)/Windows Kits/10/bin/x64/link.com"
      - "D:/WaterSurfaceRendererScratch/vcpkg_installed/x64-windows/debug/Program Files (x86)/Windows Kits/10/bin/x64/link.exe"
      - "D:/WaterSurfaceRendererScratch/vcpkg_installed/x64-windows/debug/Program Files (x86)/Windows Kits/10/bin/x64/link"
      - "D:/WaterSurfaceRendererScratch/vcpkg_installed/x64-windows/debug/Microsoft Visual Studio/18/Community/MSBuild/Current/Bin/amd64/link.com"
      - "D:/WaterSurfaceRendererScratch/vcpkg_installed/x64-windows/debug/Microsoft Visual Studio/18/Community/MSBuild/Current/Bin/amd64/link.exe"
      - "D:/WaterSurfaceRendererScratch/vcpkg_installed/x64-windows/debug/Microsoft Visual Studio/18/Community/MSBuild/Current/Bin/amd64/link"
      - "D:/WaterSurfaceRendererScratch/vcpkg_installed/x64-windows/debug/Windows/Microsoft.NET/Framework64/v4.0.30319/link.com"
      - "D:/WaterSurfaceRendererScratch/vcpkg_installed/x64-windows/debug/Windows/Microsoft.NET/Framework64/v4.0.30319/link.exe"
      - "D:/WaterSurfaceRendererScratch/vcpkg_installed/x64-windows/debug/Windows/Microsoft.NET/Framework64/v4.0.30319/link"
      - "D:/WaterSurfaceRendererScratch/vcpkg_installed/x64-windows/debug/Microsoft Visual Studio/18/Community/Common7/IDE/link.com"
      - "D:/WaterSurfaceRendererScratch/vcpkg_installed/x64-windows/debug/Microsoft Visual Studio/18/Community/Common7/IDE/link.exe"
      - "D:/WaterSurfaceRendererScratch/vcpkg_installed/x64-windows/debug/Microsoft Visual Studio/18/Community/Common7/IDE/link"
      - "D:/WaterSurfaceRendererScratch/vcpkg_installed/x64-windows/debug/Microsoft Visual Studio/18/Community/Common7/Tools/link.com"
      - "D:/WaterSurfaceRendererScratch/vcpkg_installed/x64-windows/debug/Microsoft Visual Studio/18/Community/Common7/Tools/link.exe"
      - "D:/WaterSurfaceRendererScratch/vcpkg_installed/x64-windows/debug/Microsoft Visual Studio/18/Community/Common7/Tools/link"
      - "D:/WaterSurfaceRendererScratch/vcpkg_installed/x64-windows/debug/Users/xukeheng/AppData/Local/vcpkg/downloads/tools/powershell-core-7.5.4-windows/link.com"
      - "D:/WaterSurfaceRendererScratch/vcpkg_installed/x64-windows/debug/Users/xukeheng/AppData/Local/vcpkg/downloads/tools/powershell-core-7.5.4-windows/link.exe"
      - "D:/WaterSurfaceRendererScratch/vcpkg_installed/x64-windows/debug/Users/xukeheng/AppData/Local/vcpkg/downloads/tools/powershell-core-7.5.4-windows/link"
      - "D:/WaterSurfaceRendererScratch/vcpkg_installed/x64-windows/debug/Windows/System32/link.com"
      - "D:/WaterSurfaceRendererScratch/vcpkg_installed/x64-windows/debug/Windows/System32/link.exe"
      - "D:/WaterSurfaceRendererScratch/vcpkg_installed/x64-windows/debug/Windows/System32/link"
      - "D:/WaterSurfaceRendererScratch/vcpkg_installed/x64-windows/debug/Windows/link.com"
      - "D:/WaterSurfaceRendererScratch/vcpkg_installed/x64-windows/debug/Windows/link.exe"
      - "D:/WaterSurfaceRendererScratch/vcpkg_installed/x64-windows/debug/Windows/link"
      - "D:/WaterSurfaceRendererScratch/vcpkg_installed/x64-windows/debug/Windows/System32/wbem/link.com"
      - "D:/WaterSurfaceRendererScratch/vcpkg_installed/x64-windows/debug/Windows/System32/wbem/link.exe"
      - "D:/WaterSurfaceRendererScratch/vcpkg_installed/x64-windows/debug/Windows/System32/wbem/link"
      - "D:/WaterSurfaceRendererScratch/vcpkg_installed/x64-windows/debug/Windows/System32/WindowsPowerShell/v1.0/link.com"
      - "D:/WaterSurfaceRendererScratch/vcpkg_installed/x64-windows/debug/Windows/System32/WindowsPowerShell/v1.0/link.exe"
      - "D:/WaterSurfaceRendererScratch/vcpkg_installed/x64-windows/debug/Windows/System32/WindowsPowerShell/v1.0/link"
      - "D:/WaterSurfaceRendererScratch/vcpkg_installed/x64-windows/debug/Windows/System32/OpenSSH/link.com"
      - "D:/WaterSurfaceRendererScratch/vcpkg_installed/x64-windows/debug/Windows/System32/OpenSSH/link.exe"
      - "D:/WaterSurfaceRendererScratch/vcpkg_installed/x64-windows/debug/Windows/System32/OpenSSH/link"
      - "D:/WaterSurfaceRendererScratch/vcpkg_installed/x64-windows/debug/Microsoft Visual Studio/18/Community/Common7/IDE/CommonExtensions/Microsoft/CMake/CMake/bin/link.com"
      - "D:/WaterSurfaceRendererScratch/vcpkg_installed/x64-windows/debug/Microsoft Visual Studio/18/Community/Common7/IDE/CommonExtensions/Microsoft/CMake/CMake/bin/link.exe"
      - "D:/WaterSurfaceRendererScratch/vcpkg_installed/x64-windows/debug/Microsoft Visual Studio/18/Community/Common7/IDE/CommonExtensions/Microsoft/CMake/CMake/bin/link"
      - "D:/WaterSurfaceRendererScratch/vcpkg_installed/x64-windows/debug/Microsoft Visual Studio/18/Community/Common7/IDE/CommonExtensions/Microsoft/CMake/Ninja/link.com"
      - "D:/WaterSurfaceRendererScratch/vcpkg_installed/x64-windows/debug/Microsoft Visual Studio/18/Community/Common7/IDE/CommonExtensions/Microsoft/CMake/Ninja/link.exe"
      - "D:/WaterSurfaceRendererScratch/vcpkg_installed/x64-windows/debug/Microsoft Visual Studio/18/Community/Common7/IDE/CommonExtensions/Microsoft/CMake/Ninja/link"
      - "D:/WaterSurfaceRendererScratch/vcpkg_installed/x64-windows/debug/Microsoft Visual Studio/18/Community/Common7/IDE/VC/Linux/bin/ConnectionManagerExe/link.com"
      - "D:/WaterSurfaceRendererScratch/vcpkg_installed/x64-windows/debug/Microsoft Visual Studio/18/Community/Common7/IDE/VC/Linux/bin/ConnectionManagerExe/link.exe"
      - "D:/WaterSurfaceRendererScratch/vcpkg_installed/x64-windows/debug/Microsoft Visual Studio/18/Community/Common7/IDE/VC/Linux/bin/ConnectionManagerExe/link"
      - "D:/WaterSurfaceRendererScratch/vcpkg_installed/x64-windows/debug/Microsoft Visual Studio/18/Community/VC/vcpkg/link.com"
      - "D:/WaterSurfaceRendererScratch/vcpkg_installed/x64-windows/debug/Microsoft Visual Studio/18/Community/VC/vcpkg/link.exe"
      - "D:/WaterSurfaceRendererScratch/vcpkg_installed/x64-windows/debug/Microsoft Visual Studio/18/Community/VC/vcpkg/link"
      - "D:/WaterSurfaceRendererScratch/vcpkg_installed/x64-windows/Microsoft Visual Studio/18/Community/VC/Tools/MSVC/14.51.36231/bin/Hostx64/x64/link.com"
      - "D:/WaterSurfaceRendererScratch/vcpkg_installed/x64-windows/Microsoft Visual Studio/18/Community/VC/Tools/MSVC/14.51.36231/bin/Hostx64/x64/link.exe"
      - "D:/WaterSurfaceRendererScratch/vcpkg_installed/x64-windows/Microsoft Visual Studio/18/Community/VC/Tools/MSVC/14.51.36231/bin/Hostx64/x64/link"
      - "D:/WaterSurfaceRendererScratch/vcpkg_installed/x64-windows/Microsoft Visual Studio/18/Community/Common7/IDE/VC/vcpackages/link.com"
      - "D:/WaterSurfaceRendererScratch/vcpkg_installed/x64-windows/Microsoft Visual Studio/18/Community/Common7/IDE/VC/vcpackages/link.exe"
      - "D:/WaterSurfaceRendererScratch/vcpkg_installed/x64-windows/Microsoft Visual Studio/18/Community/Common7/IDE/VC/vcpackages/link"
      - "D:/WaterSurfaceRendererScratch/vcpkg_installed/x64-windows/Microsoft Visual Studio/18/Community/Common7/IDE/CommonExtensions/Microsoft/TestWindow/link.com"
      - "D:/WaterSurfaceRendererScratch/vcpkg_installed/x64-windows/Microsoft Visual Studio/18/Community/Common7/IDE/CommonExtensions/Microsoft/TestWindow/link.exe"
      - "D:/WaterSurfaceRendererScratch/vcpkg_installed/x64-windows/Microsoft Visual Studio/18/Community/Common7/IDE/CommonExtensions/Microsoft/TestWindow/link"
      - "D:/WaterSurfaceRendererScratch/vcpkg_installed/x64-windows/Microsoft Visual Studio/18/Community/Common7/IDE/CommonExtensions/Microsoft/TeamFoundation/Team Explorer/link.com"
      - "D:/WaterSurfaceRendererScratch/vcpkg_installed/x64-windows/Microsoft Visual Studio/18/Community/Common7/IDE/CommonExtensions/Microsoft/TeamFoundation/Team Explorer/link.exe"
      - "D:/WaterSurfaceRendererScratch/vcpkg_installed/x64-windows/Microsoft Visual Studio/18/Community/Common7/IDE/CommonExtensions/Microsoft/TeamFoundation/Team Explorer/link"
      - "D:/WaterSurfaceRendererScratch/vcpkg_installed/x64-windows/Microsoft Visual Studio/18/Community/MSBuild/Current/Bin/Roslyn/link.com"
      - "D:/WaterSurfaceRendererScratch/vcpkg_installed/x64-windows/Microsoft Visual Studio/18/Community/MSBuild/Current/Bin/Roslyn/link.exe"
      - "D:/WaterSurfaceRendererScratch/vcpkg_installed/x64-windows/Microsoft Visual Studio/18/Community/MSBuild/Current/Bin/Roslyn/link"
      - "D:/WaterSurfaceRendererScratch/vcpkg_installed/x64-windows/Program Files (x86)/Microsoft SDKs/Windows/v10.0A/bin/NETFX 4.8 Tools/x64/link.com"
      - "D:/WaterSurfaceRendererScratch/vcpkg_installed/x64-windows/Program Files (x86)/Microsoft SDKs/Windows/v10.0A/bin/NETFX 4.8 Tools/x64/link.exe"
      - "D:/WaterSurfaceRendererScratch/vcpkg_installed/x64-windows/Program Files (x86)/Microsoft SDKs/Windows/v10.0A/bin/NETFX 4.8 Tools/x64/link"
      - "D:/WaterSurfaceRendererScratch/vcpkg_installed/x64-windows/Microsoft Visual Studio/18/Community/Team Tools/DiagnosticsHub/Collector/link.com"
      - "D:/WaterSurfaceRendererScratch/vcpkg_installed/x64-windows/Microsoft Visual Studio/18/Community/Team Tools/DiagnosticsHub/Collector/link.exe"
      - "D:/WaterSurfaceRendererScratch/vcpkg_installed/x64-windows/Microsoft Visual Studio/18/Community/Team Tools/DiagnosticsHub/Collector/link"
      - "D:/WaterSurfaceRendererScratch/vcpkg_installed/x64-windows/Microsoft Visual Studio/18/Community/Common7/IDE/Extensions/Microsoft/CodeCoverage.Console/link.com"
      - "D:/WaterSurfaceRendererScratch/vcpkg_installed/x64-windows/Microsoft Visual Studio/18/Community/Common7/IDE/Extensions/Microsoft/CodeCoverage.Console/link.exe"
      - "D:/WaterSurfaceRendererScratch/vcpkg_installed/x64-windows/Microsoft Visual Studio/18/Community/Common7/IDE/Extensions/Microsoft/CodeCoverage.Console/link"
      - "D:/WaterSurfaceRendererScratch/vcpkg_installed/x64-windows/Program Files (x86)/Windows Kits/10/bin/10.0.26100.0/x64/link.com"
      - "D:/WaterSurfaceRendererScratch/vcpkg_installed/x64-windows/Program Files (x86)/Windows Kits/10/bin/10.0.26100.0/x64/link.exe"
      - "D:/WaterSurfaceRendererScratch/vcpkg_installed/x64-windows/Program Files (x86)/Windows Kits/10/bin/10.0.26100.0/x64/link"
      - "D:/WaterSurfaceRendererScratch/vcpkg_installed/x64-windows/Program Files (x86)/Windows Kits/10/bin/x64/link.com"
      - "D:/WaterSurfaceRendererScratch/vcpkg_installed/x64-windows/Program Files (x86)/Windows Kits/10/bin/x64/link.exe"
      - "D:/WaterSurfaceRendererScratch/vcpkg_installed/x64-windows/Program Files (x86)/Windows Kits/10/bin/x64/link"
      - "D:/WaterSurfaceRendererScratch/vcpkg_installed/x64-windows/Microsoft Visual Studio/18/Community/MSBuild/Current/Bin/amd64/link.com"
      - "D:/WaterSurfaceRendererScratch/vcpkg_installed/x64-windows/Microsoft Visual Studio/18/Community/MSBuild/Current/Bin/amd64/link.exe"
      - "D:/WaterSurfaceRendererScratch/vcpkg_installed/x64-windows/Microsoft Visual Studio/18/Community/MSBuild/Current/Bin/amd64/link"
      - "D:/WaterSurfaceRendererScratch/vcpkg_installed/x64-windows/Windows/Microsoft.NET/Framework64/v4.0.30319/link.com"
      - "D:/WaterSurfaceRendererScratch/vcpkg_installed/x64-windows/Windows/Microsoft.NET/Framework64/v4.0.30319/link.exe"
      - "D:/WaterSurfaceRendererScratch/vcpkg_installed/x64-windows/Windows/Microsoft.NET/Framework64/v4.0.30319/link"
      - "D:/WaterSurfaceRendererScratch/vcpkg_installed/x64-windows/Microsoft Visual Studio/18/Community/Common7/IDE/link.com"
      - "D:/WaterSurfaceRendererScratch/vcpkg_installed/x64-windows/Microsoft Visual Studio/18/Community/Common7/IDE/link.exe"
      - "D:/WaterSurfaceRendererScratch/vcpkg_installed/x64-windows/Microsoft Visual Studio/18/Community/Common7/IDE/link"
      - "D:/WaterSurfaceRendererScratch/vcpkg_installed/x64-windows/Microsoft Visual Studio/18/Community/Common7/Tools/link.com"
      - "D:/WaterSurfaceRendererScratch/vcpkg_installed/x64-windows/Microsoft Visual Studio/18/Community/Common7/Tools/link.exe"
      - "D:/WaterSurfaceRendererScratch/vcpkg_installed/x64-windows/Microsoft Visual Studio/18/Community/Common7/Tools/link"
      - "D:/WaterSurfaceRendererScratch/vcpkg_installed/x64-windows/Users/xukeheng/AppData/Local/vcpkg/downloads/tools/powershell-core-7.5.4-windows/link.com"
      - "D:/WaterSurfaceRendererScratch/vcpkg_installed/x64-windows/Users/xukeheng/AppData/Local/vcpkg/downloads/tools/powershell-core-7.5.4-windows/link.exe"
      - "D:/WaterSurfaceRendererScratch/vcpkg_installed/x64-windows/Users/xukeheng/AppData/Local/vcpkg/downloads/tools/powershell-core-7.5.4-windows/link"
      - "D:/WaterSurfaceRendererScratch/vcpkg_installed/x64-windows/Windows/System32/link.com"
      - "D:/WaterSurfaceRendererScratch/vcpkg_installed/x64-windows/Windows/System32/link.exe"
      - "D:/WaterSurfaceRendererScratch/vcpkg_installed/x64-windows/Windows/System32/link"
      - "D:/WaterSurfaceRendererScratch/vcpkg_installed/x64-windows/Windows/link.com"
      - "D:/WaterSurfaceRendererScratch/vcpkg_installed/x64-windows/Windows/link.exe"
      - "D:/WaterSurfaceRendererScratch/vcpkg_installed/x64-windows/Windows/link"
      - "D:/WaterSurfaceRendererScratch/vcpkg_installed/x64-windows/Windows/System32/wbem/link.com"
      - "D:/WaterSurfaceRendererScratch/vcpkg_installed/x64-windows/Windows/System32/wbem/link.exe"
      - "D:/WaterSurfaceRendererScratch/vcpkg_installed/x64-windows/Windows/System32/wbem/link"
      - "D:/WaterSurfaceRendererScratch/vcpkg_installed/x64-windows/Windows/System32/WindowsPowerShell/v1.0/link.com"
      - "D:/WaterSurfaceRendererScratch/vcpkg_installed/x64-windows/Windows/System32/WindowsPowerShell/v1.0/link.exe"
      - "D:/WaterSurfaceRendererScratch/vcpkg_installed/x64-windows/Windows/System32/WindowsPowerShell/v1.0/link"
      - "D:/WaterSurfaceRendererScratch/vcpkg_installed/x64-windows/Windows/System32/OpenSSH/link.com"
      - "D:/WaterSurfaceRendererScratch/vcpkg_installed/x64-windows/Windows/System32/OpenSSH/link.exe"
      - "D:/WaterSurfaceRendererScratch/vcpkg_installed/x64-windows/Windows/System32/OpenSSH/link"
      - "D:/WaterSurfaceRendererScratch/vcpkg_installed/x64-windows/Microsoft Visual Studio/18/Community/Common7/IDE/CommonExtensions/Microsoft/CMake/CMake/bin/link.com"
      - "D:/WaterSurfaceRendererScratch/vcpkg_installed/x64-windows/Microsoft Visual Studio/18/Community/Common7/IDE/CommonExtensions/Microsoft/CMake/CMake/bin/link.exe"
      - "D:/WaterSurfaceRendererScratch/vcpkg_installed/x64-windows/Microsoft Visual Studio/18/Community/Common7/IDE/CommonExtensions/Microsoft/CMake/CMake/bin/link"
      - "D:/WaterSurfaceRendererScratch/vcpkg_installed/x64-windows/Microsoft Visual Studio/18/Community/Common7/IDE/CommonExtensions/Microsoft/CMake/Ninja/link.com"
      - "D:/WaterSurfaceRendererScratch/vcpkg_installed/x64-windows/Microsoft Visual Studio/18/Community/Common7/IDE/CommonExtensions/Microsoft/CMake/Ninja/link.exe"
      - "D:/WaterSurfaceRendererScratch/vcpkg_installed/x64-windows/Microsoft Visual Studio/18/Community/Common7/IDE/CommonExtensions/Microsoft/CMake/Ninja/link"
      - "D:/WaterSurfaceRendererScratch/vcpkg_installed/x64-windows/Microsoft Visual Studio/18/Community/Common7/IDE/VC/Linux/bin/ConnectionManagerExe/link.com"
      - "D:/WaterSurfaceRendererScratch/vcpkg_installed/x64-windows/Microsoft Visual Studio/18/Community/Common7/IDE/VC/Linux/bin/ConnectionManagerExe/link.exe"
      - "D:/WaterSurfaceRendererScratch/vcpkg_installed/x64-windows/Microsoft Visual Studio/18/Community/Common7/IDE/VC/Linux/bin/ConnectionManagerExe/link"
      - "D:/WaterSurfaceRendererScratch/vcpkg_installed/x64-windows/Microsoft Visual Studio/18/Community/VC/vcpkg/link.com"
      - "D:/WaterSurfaceRendererScratch/vcpkg_installed/x64-windows/Microsoft Visual Studio/18/Community/VC/vcpkg/link.exe"
      - "D:/WaterSurfaceRendererScratch/vcpkg_installed/x64-windows/Microsoft Visual Studio/18/Community/VC/vcpkg/link"
      - "D:/Microsoft Visual Studio/18/Community/VC/Tools/MSVC/14.51.36231/bin/Hostx64/x64/link.com"
    found: "D:/Microsoft Visual Studio/18/Community/VC/Tools/MSVC/14.51.36231/bin/Hostx64/x64/link.exe"
    search_context:
      CMAKE_PROGRAM_PATH:
        - "D:/WaterSurfaceRendererScratch/vcpkg_installed/x64-windows/tools"
      CMAKE_PREFIX_PATH:
        - "D:/WaterSurfaceRendererScratch/vcpkg_installed/x64-windows/debug"
        - "D:/WaterSurfaceRendererScratch/vcpkg_installed/x64-windows"
      ENV{PATH}:
        - "D:\\Microsoft Visual Studio\\18\\Community\\VC\\Tools\\MSVC\\14.51.36231\\bin\\HostX64\\x64"
        - "D:\\Microsoft Visual Studio\\18\\Community\\Common7\\IDE\\VC\\VCPackages"
        - "D:\\Microsoft Visual Studio\\18\\Community\\Common7\\IDE\\CommonExtensions\\Microsoft\\TestWindow"
        - "D:\\Microsoft Visual Studio\\18\\Community\\Common7\\IDE\\CommonExtensions\\Microsoft\\TeamFoundation\\Team Explorer"
        - "D:\\Microsoft Visual Studio\\18\\Community\\MSBuild\\Current\\bin\\Roslyn"
        - "C:\\Program Files (x86)\\Microsoft SDKs\\Windows\\v10.0A\\bin\\NETFX 4.8 Tools\\x64\\"
        - "D:\\Microsoft Visual Studio\\18\\Community\\Team Tools\\DiagnosticsHub\\Collector"
        - "D:\\Microsoft Visual Studio\\18\\Community\\Common7\\IDE\\Extensions\\Microsoft\\CodeCoverage.Console"
        - "C:\\Program Files (x86)\\Windows Kits\\10\\bin\\10.0.26100.0\\\\x64"
        - "C:\\Program Files (x86)\\Windows Kits\\10\\bin\\\\x64"
        - "D:\\Microsoft Visual Studio\\18\\Community\\\\MSBuild\\Current\\Bin\\amd64"
        - "C:\\Windows\\Microsoft.NET\\Framework64\\v4.0.30319"
        - "D:\\Microsoft Visual Studio\\18\\Community\\Common7\\IDE\\"
        - "D:\\Microsoft Visual Studio\\18\\Community\\Common7\\Tools\\"
        - "C:\\Users\\xukeheng\\AppData\\Local\\vcpkg\\downloads\\tools\\powershell-core-7.5.4-windows"
        - "C:\\windows\\system32"
        - "C:\\windows"
        - "C:\\windows\\system32\\Wbem"
        - "C:\\windows\\system32\\WindowsPowerShell\\v1.0\\"
        - "C:\\windows\\system32\\OpenSSH\\"
        - "D:\\Microsoft Visual Studio\\18\\Community\\Common7\\IDE\\CommonExtensions\\Microsoft\\CMake\\CMake\\bin"
        - "D:\\Microsoft Visual Studio\\18\\Community\\Common7\\IDE\\CommonExtensions\\Microsoft\\CMake\\Ninja"
        - "D:\\Microsoft Visual Studio\\18\\Community\\Common7\\IDE\\VC\\Linux\\bin\\ConnectionManagerExe"
        - "D:\\Microsoft Visual Studio\\18\\Community\\VC\\vcpkg"
        - "D:\\Microsoft Visual Studio\\18\\Community\\Common7\\IDE\\CommonExtensions\\Microsoft\\CMake\\Ninja"
        - "D:\\Microsoft Visual Studio\\18\\Community\\Common7\\IDE\\CommonExtensions\\Microsoft\\CMake\\Ninja"
        - "D:\\Microsoft Visual Studio\\18\\Community\\Common7\\IDE\\CommonExtensions\\Microsoft\\CMake\\Ninja"
      CMAKE_INSTALL_PREFIX: "D:/WaterSurfaceRendererScratch/vcpkg_installed/vcpkg/pkgs/fftw3_x64-windows/debug"
      CMAKE_FIND_ROOT_PATH: "D:/WaterSurfaceRendererScratch/vcpkg_installed/x64-windows/debug;D:/WaterSurfaceRendererScratch/vcpkg_installed/x64-windows"
  -
    kind: "find-v1"
    backtrace:
      - "D:/Microsoft Visual Studio/18/Community/Common7/IDE/CommonExtensions/Microsoft/CMake/CMake/share/cmake-4.3/Modules/CMakeFindBinUtils.cmake:243 (find_program)"
      - "D:/Microsoft Visual Studio/18/Community/Common7/IDE/CommonExtensions/Microsoft/CMake/CMake/share/cmake-4.3/Modules/CMakeDetermineCCompiler.cmake:200 (include)"
      - "CMakeLists.txt:7 (project)"
    mode: "program"
    variable: "CMAKE_MT"
    description: "Path to a program."
    settings:
      SearchFramework: "LAST"
      SearchAppBundle: "LAST"
      CMAKE_FIND_USE_CMAKE_PATH: false
      CMAKE_FIND_USE_CMAKE_ENVIRONMENT_PATH: false
      CMAKE_FIND_USE_SYSTEM_ENVIRONMENT_PATH: true
      CMAKE_FIND_USE_CMAKE_SYSTEM_PATH: true
      CMAKE_FIND_USE_INSTALL_PREFIX: true
    names:
      - "mt"
    candidate_directories:
      - "D:/WaterSurfaceRendererScratch/vcpkg_installed/x64-windows/debug/Microsoft Visual Studio/18/Community/VC/Tools/MSVC/14.51.36231/bin/Hostx64/x64/"
      - "D:/WaterSurfaceRendererScratch/vcpkg_installed/x64-windows/debug/Microsoft Visual Studio/18/Community/Common7/IDE/VC/vcpackages/"
      - "D:/WaterSurfaceRendererScratch/vcpkg_installed/x64-windows/debug/Microsoft Visual Studio/18/Community/Common7/IDE/CommonExtensions/Microsoft/TestWindow/"
      - "D:/WaterSurfaceRendererScratch/vcpkg_installed/x64-windows/debug/Microsoft Visual Studio/18/Community/Common7/IDE/CommonExtensions/Microsoft/TeamFoundation/Team Explorer/"
      - "D:/WaterSurfaceRendererScratch/vcpkg_installed/x64-windows/debug/Microsoft Visual Studio/18/Community/MSBuild/Current/Bin/Roslyn/"
      - "D:/WaterSurfaceRendererScratch/vcpkg_installed/x64-windows/debug/Program Files (x86)/Microsoft SDKs/Windows/v10.0A/bin/NETFX 4.8 Tools/x64/"
      - "D:/WaterSurfaceRendererScratch/vcpkg_installed/x64-windows/debug/Microsoft Visual Studio/18/Community/Team Tools/DiagnosticsHub/Collector/"
      - "D:/WaterSurfaceRendererScratch/vcpkg_installed/x64-windows/debug/Microsoft Visual Studio/18/Community/Common7/IDE/Extensions/Microsoft/CodeCoverage.Console/"
      - "D:/WaterSurfaceRendererScratch/vcpkg_installed/x64-windows/debug/Program Files (x86)/Windows Kits/10/bin/10.0.26100.0/x64/"
      - "D:/WaterSurfaceRendererScratch/vcpkg_installed/x64-windows/debug/Program Files (x86)/Windows Kits/10/bin/x64/"
      - "D:/WaterSurfaceRendererScratch/vcpkg_installed/x64-windows/debug/Microsoft Visual Studio/18/Community/MSBuild/Current/Bin/amd64/"
      - "D:/WaterSurfaceRendererScratch/vcpkg_installed/x64-windows/debug/Windows/Microsoft.NET/Framework64/v4.0.30319/"
      - "D:/WaterSurfaceRendererScratch/vcpkg_installed/x64-windows/debug/Microsoft Visual Studio/18/Community/Common7/IDE/"
      - "D:/WaterSurfaceRendererScratch/vcpkg_installed/x64-windows/debug/Microsoft Visual Studio/18/Community/Common7/Tools/"
      - "D:/WaterSurfaceRendererScratch/vcpkg_installed/x64-windows/debug/Users/xukeheng/AppData/Local/vcpkg/downloads/tools/powershell-core-7.5.4-windows/"
      - "D:/WaterSurfaceRendererScratch/vcpkg_installed/x64-windows/debug/Windows/System32/"
      - "D:/WaterSurfaceRendererScratch/vcpkg_installed/x64-windows/debug/Windows/"
      - "D:/WaterSurfaceRendererScratch/vcpkg_installed/x64-windows/debug/Windows/System32/wbem/"
      - "D:/WaterSurfaceRendererScratch/vcpkg_installed/x64-windows/debug/Windows/System32/WindowsPowerShell/v1.0/"
      - "D:/WaterSurfaceRendererScratch/vcpkg_installed/x64-windows/debug/Windows/System32/OpenSSH/"
      - "D:/WaterSurfaceRendererScratch/vcpkg_installed/x64-windows/debug/Microsoft Visual Studio/18/Community/Common7/IDE/CommonExtensions/Microsoft/CMake/CMake/bin/"
      - "D:/WaterSurfaceRendererScratch/vcpkg_installed/x64-windows/debug/Microsoft Visual Studio/18/Community/Common7/IDE/CommonExtensions/Microsoft/CMake/Ninja/"
      - "D:/WaterSurfaceRendererScratch/vcpkg_installed/x64-windows/debug/Microsoft Visual Studio/18/Community/Common7/IDE/VC/Linux/bin/ConnectionManagerExe/"
      - "D:/WaterSurfaceRendererScratch/vcpkg_installed/x64-windows/debug/Microsoft Visual Studio/18/Community/VC/vcpkg/"
      - "D:/WaterSurfaceRendererScratch/vcpkg_installed/x64-windows/Microsoft Visual Studio/18/Community/VC/Tools/MSVC/14.51.36231/bin/Hostx64/x64/"
      - "D:/WaterSurfaceRendererScratch/vcpkg_installed/x64-windows/Microsoft Visual Studio/18/Community/Common7/IDE/VC/vcpackages/"
      - "D:/WaterSurfaceRendererScratch/vcpkg_installed/x64-windows/Microsoft Visual Studio/18/Community/Common7/IDE/CommonExtensions/Microsoft/TestWindow/"
      - "D:/WaterSurfaceRendererScratch/vcpkg_installed/x64-windows/Microsoft Visual Studio/18/Community/Common7/IDE/CommonExtensions/Microsoft/TeamFoundation/Team Explorer/"
      - "D:/WaterSurfaceRendererScratch/vcpkg_installed/x64-windows/Microsoft Visual Studio/18/Community/MSBuild/Current/Bin/Roslyn/"
      - "D:/WaterSurfaceRendererScratch/vcpkg_installed/x64-windows/Program Files (x86)/Microsoft SDKs/Windows/v10.0A/bin/NETFX 4.8 Tools/x64/"
      - "D:/WaterSurfaceRendererScratch/vcpkg_installed/x64-windows/Microsoft Visual Studio/18/Community/Team Tools/DiagnosticsHub/Collector/"
      - "D:/WaterSurfaceRendererScratch/vcpkg_installed/x64-windows/Microsoft Visual Studio/18/Community/Common7/IDE/Extensions/Microsoft/CodeCoverage.Console/"
      - "D:/WaterSurfaceRendererScratch/vcpkg_installed/x64-windows/Program Files (x86)/Windows Kits/10/bin/10.0.26100.0/x64/"
      - "D:/WaterSurfaceRendererScratch/vcpkg_installed/x64-windows/Program Files (x86)/Windows Kits/10/bin/x64/"
      - "D:/WaterSurfaceRendererScratch/vcpkg_installed/x64-windows/Microsoft Visual Studio/18/Community/MSBuild/Current/Bin/amd64/"
      - "D:/WaterSurfaceRendererScratch/vcpkg_installed/x64-windows/Windows/Microsoft.NET/Framework64/v4.0.30319/"
      - "D:/WaterSurfaceRendererScratch/vcpkg_installed/x64-windows/Microsoft Visual Studio/18/Community/Common7/IDE/"
      - "D:/WaterSurfaceRendererScratch/vcpkg_installed/x64-windows/Microsoft Visual Studio/18/Community/Common7/Tools/"
      - "D:/WaterSurfaceRendererScratch/vcpkg_installed/x64-windows/Users/xukeheng/AppData/Local/vcpkg/downloads/tools/powershell-core-7.5.4-windows/"
      - "D:/WaterSurfaceRendererScratch/vcpkg_installed/x64-windows/Windows/System32/"
      - "D:/WaterSurfaceRendererScratch/vcpkg_installed/x64-windows/Windows/"
      - "D:/WaterSurfaceRendererScratch/vcpkg_installed/x64-windows/Windows/System32/wbem/"
      - "D:/WaterSurfaceRendererScratch/vcpkg_installed/x64-windows/Windows/System32/WindowsPowerShell/v1.0/"
      - "D:/WaterSurfaceRendererScratch/vcpkg_installed/x64-windows/Windows/System32/OpenSSH/"
      - "D:/WaterSurfaceRendererScratch/vcpkg_installed/x64-windows/Microsoft Visual Studio/18/Community/Common7/IDE/CommonExtensions/Microsoft/CMake/CMake/bin/"
      - "D:/WaterSurfaceRendererScratch/vcpkg_installed/x64-windows/Microsoft Visual Studio/18/Community/Common7/IDE/CommonExtensions/Microsoft/CMake/Ninja/"
      - "D:/WaterSurfaceRendererScratch/vcpkg_installed/x64-windows/Microsoft Visual Studio/18/Community/Common7/IDE/VC/Linux/bin/ConnectionManagerExe/"
      - "D:/WaterSurfaceRendererScratch/vcpkg_installed/x64-windows/Microsoft Visual Studio/18/Community/VC/vcpkg/"
      - "D:/Microsoft Visual Studio/18/Community/VC/Tools/MSVC/14.51.36231/bin/Hostx64/x64/"
      - "D:/Microsoft Visual Studio/18/Community/Common7/IDE/VC/vcpackages/"
      - "D:/Microsoft Visual Studio/18/Community/Common7/IDE/CommonExtensions/Microsoft/TestWindow/"
      - "D:/Microsoft Visual Studio/18/Community/Common7/IDE/CommonExtensions/Microsoft/TeamFoundation/Team Explorer/"
      - "D:/Microsoft Visual Studio/18/Community/MSBuild/Current/Bin/Roslyn/"
      - "C:/Program Files (x86)/Microsoft SDKs/Windows/v10.0A/bin/NETFX 4.8 Tools/x64/"
      - "D:/Microsoft Visual Studio/18/Community/Team Tools/DiagnosticsHub/Collector/"
      - "D:/Microsoft Visual Studio/18/Community/Common7/IDE/Extensions/Microsoft/CodeCoverage.Console/"
      - "C:/Program Files (x86)/Windows Kits/10/bin/10.0.26100.0/x64/"
      - "C:/Program Files (x86)/Windows Kits/10/bin/x64/"
      - "D:/Microsoft Visual Studio/18/Community/MSBuild/Current/Bin/amd64/"
      - "C:/Windows/Microsoft.NET/Framework64/v4.0.30319/"
      - "D:/Microsoft Visual Studio/18/Community/Common7/IDE/"
      - "D:/Microsoft Visual Studio/18/Community/Common7/Tools/"
      - "C:/Users/xukeheng/AppData/Local/vcpkg/downloads/tools/powershell-core-7.5.4-windows/"
      - "C:/Windows/System32/"
      - "C:/Windows/"
      - "C:/Windows/System32/wbem/"
      - "C:/Windows/System32/WindowsPowerShell/v1.0/"
      - "C:/Windows/System32/OpenSSH/"
      - "D:/Microsoft Visual Studio/18/Community/Common7/IDE/CommonExtensions/Microsoft/CMake/CMake/bin/"
      - "D:/Microsoft Visual Studio/18/Community/Common7/IDE/CommonExtensions/Microsoft/CMake/Ninja/"
      - "D:/Microsoft Visual Studio/18/Community/Common7/IDE/VC/Linux/bin/ConnectionManagerExe/"
      - "D:/Microsoft Visual Studio/18/Community/VC/vcpkg/"
    searched_directories:
      - "D:/WaterSurfaceRendererScratch/vcpkg_installed/x64-windows/debug/Microsoft Visual Studio/18/Community/VC/Tools/MSVC/14.51.36231/bin/Hostx64/x64/mt.com"
      - "D:/WaterSurfaceRendererScratch/vcpkg_installed/x64-windows/debug/Microsoft Visual Studio/18/Community/VC/Tools/MSVC/14.51.36231/bin/Hostx64/x64/mt.exe"
      - "D:/WaterSurfaceRendererScratch/vcpkg_installed/x64-windows/debug/Microsoft Visual Studio/18/Community/VC/Tools/MSVC/14.51.36231/bin/Hostx64/x64/mt"
      - "D:/WaterSurfaceRendererScratch/vcpkg_installed/x64-windows/debug/Microsoft Visual Studio/18/Community/Common7/IDE/VC/vcpackages/mt.com"
      - "D:/WaterSurfaceRendererScratch/vcpkg_installed/x64-windows/debug/Microsoft Visual Studio/18/Community/Common7/IDE/VC/vcpackages/mt.exe"
      - "D:/WaterSurfaceRendererScratch/vcpkg_installed/x64-windows/debug/Microsoft Visual Studio/18/Community/Common7/IDE/VC/vcpackages/mt"
      - "D:/WaterSurfaceRendererScratch/vcpkg_installed/x64-windows/debug/Microsoft Visual Studio/18/Community/Common7/IDE/CommonExtensions/Microsoft/TestWindow/mt.com"
      - "D:/WaterSurfaceRendererScratch/vcpkg_installed/x64-windows/debug/Microsoft Visual Studio/18/Community/Common7/IDE/CommonExtensions/Microsoft/TestWindow/mt.exe"
      - "D:/WaterSurfaceRendererScratch/vcpkg_installed/x64-windows/debug/Microsoft Visual Studio/18/Community/Common7/IDE/CommonExtensions/Microsoft/TestWindow/mt"
      - "D:/WaterSurfaceRendererScratch/vcpkg_installed/x64-windows/debug/Microsoft Visual Studio/18/Community/Common7/IDE/CommonExtensions/Microsoft/TeamFoundation/Team Explorer/mt.com"
      - "D:/WaterSurfaceRendererScratch/vcpkg_installed/x64-windows/debug/Microsoft Visual Studio/18/Community/Common7/IDE/CommonExtensions/Microsoft/TeamFoundation/Team Explorer/mt.exe"
      - "D:/WaterSurfaceRendererScratch/vcpkg_installed/x64-windows/debug/Microsoft Visual Studio/18/Community/Common7/IDE/CommonExtensions/Microsoft/TeamFoundation/Team Explorer/mt"
      - "D:/WaterSurfaceRendererScratch/vcpkg_installed/x64-windows/debug/Microsoft Visual Studio/18/Community/MSBuild/Current/Bin/Roslyn/mt.com"
      - "D:/WaterSurfaceRendererScratch/vcpkg_installed/x64-windows/debug/Microsoft Visual Studio/18/Community/MSBuild/Current/Bin/Roslyn/mt.exe"
      - "D:/WaterSurfaceRendererScratch/vcpkg_installed/x64-windows/debug/Microsoft Visual Studio/18/Community/MSBuild/Current/Bin/Roslyn/mt"
      - "D:/WaterSurfaceRendererScratch/vcpkg_installed/x64-windows/debug/Program Files (x86)/Microsoft SDKs/Windows/v10.0A/bin/NETFX 4.8 Tools/x64/mt.com"
      - "D:/WaterSurfaceRendererScratch/vcpkg_installed/x64-windows/debug/Program Files (x86)/Microsoft SDKs/Windows/v10.0A/bin/NETFX 4.8 Tools/x64/mt.exe"
      - "D:/WaterSurfaceRendererScratch/vcpkg_installed/x64-windows/debug/Program Files (x86)/Microsoft SDKs/Windows/v10.0A/bin/NETFX 4.8 Tools/x64/mt"
      - "D:/WaterSurfaceRendererScratch/vcpkg_installed/x64-windows/debug/Microsoft Visual Studio/18/Community/Team Tools/DiagnosticsHub/Collector/mt.com"
      - "D:/WaterSurfaceRendererScratch/vcpkg_installed/x64-windows/debug/Microsoft Visual Studio/18/Community/Team Tools/DiagnosticsHub/Collector/mt.exe"
      - "D:/WaterSurfaceRendererScratch/vcpkg_installed/x64-windows/debug/Microsoft Visual Studio/18/Community/Team Tools/DiagnosticsHub/Collector/mt"
      - "D:/WaterSurfaceRendererScratch/vcpkg_installed/x64-windows/debug/Microsoft Visual Studio/18/Community/Common7/IDE/Extensions/Microsoft/CodeCoverage.Console/mt.com"
      - "D:/WaterSurfaceRendererScratch/vcpkg_installed/x64-windows/debug/Microsoft Visual Studio/18/Community/Common7/IDE/Extensions/Microsoft/CodeCoverage.Console/mt.exe"
      - "D:/WaterSurfaceRendererScratch/vcpkg_installed/x64-windows/debug/Microsoft Visual Studio/18/Community/Common7/IDE/Extensions/Microsoft/CodeCoverage.Console/mt"
      - "D:/WaterSurfaceRendererScratch/vcpkg_installed/x64-windows/debug/Program Files (x86)/Windows Kits/10/bin/10.0.26100.0/x64/mt.com"
      - "D:/WaterSurfaceRendererScratch/vcpkg_installed/x64-windows/debug/Program Files (x86)/Windows Kits/10/bin/10.0.26100.0/x64/mt.exe"
      - "D:/WaterSurfaceRendererScratch/vcpkg_installed/x64-windows/debug/Program Files (x86)/Windows Kits/10/bin/10.0.26100.0/x64/mt"
      - "D:/WaterSurfaceRendererScratch/vcpkg_installed/x64-windows/debug/Program Files (x86)/Windows Kits/10/bin/x64/mt.com"
      - "D:/WaterSurfaceRendererScratch/vcpkg_installed/x64-windows/debug/Program Files (x86)/Windows Kits/10/bin/x64/mt.exe"
      - "D:/WaterSurfaceRendererScratch/vcpkg_installed/x64-windows/debug/Program Files (x86)/Windows Kits/10/bin/x64/mt"
      - "D:/WaterSurfaceRendererScratch/vcpkg_installed/x64-windows/debug/Microsoft Visual Studio/18/Community/MSBuild/Current/Bin/amd64/mt.com"
      - "D:/WaterSurfaceRendererScratch/vcpkg_installed/x64-windows/debug/Microsoft Visual Studio/18/Community/MSBuild/Current/Bin/amd64/mt.exe"
      - "D:/WaterSurfaceRendererScratch/vcpkg_installed/x64-windows/debug/Microsoft Visual Studio/18/Community/MSBuild/Current/Bin/amd64/mt"
      - "D:/WaterSurfaceRendererScratch/vcpkg_installed/x64-windows/debug/Windows/Microsoft.NET/Framework64/v4.0.30319/mt.com"
      - "D:/WaterSurfaceRendererScratch/vcpkg_installed/x64-windows/debug/Windows/Microsoft.NET/Framework64/v4.0.30319/mt.exe"
      - "D:/WaterSurfaceRendererScratch/vcpkg_installed/x64-windows/debug/Windows/Microsoft.NET/Framework64/v4.0.30319/mt"
      - "D:/WaterSurfaceRendererScratch/vcpkg_installed/x64-windows/debug/Microsoft Visual Studio/18/Community/Common7/IDE/mt.com"
      - "D:/WaterSurfaceRendererScratch/vcpkg_installed/x64-windows/debug/Microsoft Visual Studio/18/Community/Common7/IDE/mt.exe"
      - "D:/WaterSurfaceRendererScratch/vcpkg_installed/x64-windows/debug/Microsoft Visual Studio/18/Community/Common7/IDE/mt"
      - "D:/WaterSurfaceRendererScratch/vcpkg_installed/x64-windows/debug/Microsoft Visual Studio/18/Community/Common7/Tools/mt.com"
      - "D:/WaterSurfaceRendererScratch/vcpkg_installed/x64-windows/debug/Microsoft Visual Studio/18/Community/Common7/Tools/mt.exe"
      - "D:/WaterSurfaceRendererScratch/vcpkg_installed/x64-windows/debug/Microsoft Visual Studio/18/Community/Common7/Tools/mt"
      - "D:/WaterSurfaceRendererScratch/vcpkg_installed/x64-windows/debug/Users/xukeheng/AppData/Local/vcpkg/downloads/tools/powershell-core-7.5.4-windows/mt.com"
      - "D:/WaterSurfaceRendererScratch/vcpkg_installed/x64-windows/debug/Users/xukeheng/AppData/Local/vcpkg/downloads/tools/powershell-core-7.5.4-windows/mt.exe"
      - "D:/WaterSurfaceRendererScratch/vcpkg_installed/x64-windows/debug/Users/xukeheng/AppData/Local/vcpkg/downloads/tools/powershell-core-7.5.4-windows/mt"
      - "D:/WaterSurfaceRendererScratch/vcpkg_installed/x64-windows/debug/Windows/System32/mt.com"
      - "D:/WaterSurfaceRendererScratch/vcpkg_installed/x64-windows/debug/Windows/System32/mt.exe"
      - "D:/WaterSurfaceRendererScratch/vcpkg_installed/x64-windows/debug/Windows/System32/mt"
      - "D:/WaterSurfaceRendererScratch/vcpkg_installed/x64-windows/debug/Windows/mt.com"
      - "D:/WaterSurfaceRendererScratch/vcpkg_installed/x64-windows/debug/Windows/mt.exe"
      - "D:/WaterSurfaceRendererScratch/vcpkg_installed/x64-windows/debug/Windows/mt"
      - "D:/WaterSurfaceRendererScratch/vcpkg_installed/x64-windows/debug/Windows/System32/wbem/mt.com"
      - "D:/WaterSurfaceRendererScratch/vcpkg_installed/x64-windows/debug/Windows/System32/wbem/mt.exe"
      - "D:/WaterSurfaceRendererScratch/vcpkg_installed/x64-windows/debug/Windows/System32/wbem/mt"
      - "D:/WaterSurfaceRendererScratch/vcpkg_installed/x64-windows/debug/Windows/System32/WindowsPowerShell/v1.0/mt.com"
      - "D:/WaterSurfaceRendererScratch/vcpkg_installed/x64-windows/debug/Windows/System32/WindowsPowerShell/v1.0/mt.exe"
      - "D:/WaterSurfaceRendererScratch/vcpkg_installed/x64-windows/debug/Windows/System32/WindowsPowerShell/v1.0/mt"
      - "D:/WaterSurfaceRendererScratch/vcpkg_installed/x64-windows/debug/Windows/System32/OpenSSH/mt.com"
      - "D:/WaterSurfaceRendererScratch/vcpkg_installed/x64-windows/debug/Windows/System32/OpenSSH/mt.exe"
      - "D:/WaterSurfaceRendererScratch/vcpkg_installed/x64-windows/debug/Windows/System32/OpenSSH/mt"
      - "D:/WaterSurfaceRendererScratch/vcpkg_installed/x64-windows/debug/Microsoft Visual Studio/18/Community/Common7/IDE/CommonExtensions/Microsoft/CMake/CMake/bin/mt.com"
      - "D:/WaterSurfaceRendererScratch/vcpkg_installed/x64-windows/debug/Microsoft Visual Studio/18/Community/Common7/IDE/CommonExtensions/Microsoft/CMake/CMake/bin/mt.exe"
      - "D:/WaterSurfaceRendererScratch/vcpkg_installed/x64-windows/debug/Microsoft Visual Studio/18/Community/Common7/IDE/CommonExtensions/Microsoft/CMake/CMake/bin/mt"
      - "D:/WaterSurfaceRendererScratch/vcpkg_installed/x64-windows/debug/Microsoft Visual Studio/18/Community/Common7/IDE/CommonExtensions/Microsoft/CMake/Ninja/mt.com"
      - "D:/WaterSurfaceRendererScratch/vcpkg_installed/x64-windows/debug/Microsoft Visual Studio/18/Community/Common7/IDE/CommonExtensions/Microsoft/CMake/Ninja/mt.exe"
      - "D:/WaterSurfaceRendererScratch/vcpkg_installed/x64-windows/debug/Microsoft Visual Studio/18/Community/Common7/IDE/CommonExtensions/Microsoft/CMake/Ninja/mt"
      - "D:/WaterSurfaceRendererScratch/vcpkg_installed/x64-windows/debug/Microsoft Visual Studio/18/Community/Common7/IDE/VC/Linux/bin/ConnectionManagerExe/mt.com"
      - "D:/WaterSurfaceRendererScratch/vcpkg_installed/x64-windows/debug/Microsoft Visual Studio/18/Community/Common7/IDE/VC/Linux/bin/ConnectionManagerExe/mt.exe"
      - "D:/WaterSurfaceRendererScratch/vcpkg_installed/x64-windows/debug/Microsoft Visual Studio/18/Community/Common7/IDE/VC/Linux/bin/ConnectionManagerExe/mt"
      - "D:/WaterSurfaceRendererScratch/vcpkg_installed/x64-windows/debug/Microsoft Visual Studio/18/Community/VC/vcpkg/mt.com"
      - "D:/WaterSurfaceRendererScratch/vcpkg_installed/x64-windows/debug/Microsoft Visual Studio/18/Community/VC/vcpkg/mt.exe"
      - "D:/WaterSurfaceRendererScratch/vcpkg_installed/x64-windows/debug/Microsoft Visual Studio/18/Community/VC/vcpkg/mt"
      - "D:/WaterSurfaceRendererScratch/vcpkg_installed/x64-windows/Microsoft Visual Studio/18/Community/VC/Tools/MSVC/14.51.36231/bin/Hostx64/x64/mt.com"
      - "D:/WaterSurfaceRendererScratch/vcpkg_installed/x64-windows/Microsoft Visual Studio/18/Community/VC/Tools/MSVC/14.51.36231/bin/Hostx64/x64/mt.exe"
      - "D:/WaterSurfaceRendererScratch/vcpkg_installed/x64-windows/Microsoft Visual Studio/18/Community/VC/Tools/MSVC/14.51.36231/bin/Hostx64/x64/mt"
      - "D:/WaterSurfaceRendererScratch/vcpkg_installed/x64-windows/Microsoft Visual Studio/18/Community/Common7/IDE/VC/vcpackages/mt.com"
      - "D:/WaterSurfaceRendererScratch/vcpkg_installed/x64-windows/Microsoft Visual Studio/18/Community/Common7/IDE/VC/vcpackages/mt.exe"
      - "D:/WaterSurfaceRendererScratch/vcpkg_installed/x64-windows/Microsoft Visual Studio/18/Community/Common7/IDE/VC/vcpackages/mt"
      - "D:/WaterSurfaceRendererScratch/vcpkg_installed/x64-windows/Microsoft Visual Studio/18/Community/Common7/IDE/CommonExtensions/Microsoft/TestWindow/mt.com"
      - "D:/WaterSurfaceRendererScratch/vcpkg_installed/x64-windows/Microsoft Visual Studio/18/Community/Common7/IDE/CommonExtensions/Microsoft/TestWindow/mt.exe"
      - "D:/WaterSurfaceRendererScratch/vcpkg_installed/x64-windows/Microsoft Visual Studio/18/Community/Common7/IDE/CommonExtensions/Microsoft/TestWindow/mt"
      - "D:/WaterSurfaceRendererScratch/vcpkg_installed/x64-windows/Microsoft Visual Studio/18/Community/Common7/IDE/CommonExtensions/Microsoft/TeamFoundation/Team Explorer/mt.com"
      - "D:/WaterSurfaceRendererScratch/vcpkg_installed/x64-windows/Microsoft Visual Studio/18/Community/Common7/IDE/CommonExtensions/Microsoft/TeamFoundation/Team Explorer/mt.exe"
      - "D:/WaterSurfaceRendererScratch/vcpkg_installed/x64-windows/Microsoft Visual Studio/18/Community/Common7/IDE/CommonExtensions/Microsoft/TeamFoundation/Team Explorer/mt"
      - "D:/WaterSurfaceRendererScratch/vcpkg_installed/x64-windows/Microsoft Visual Studio/18/Community/MSBuild/Current/Bin/Roslyn/mt.com"
      - "D:/WaterSurfaceRendererScratch/vcpkg_installed/x64-windows/Microsoft Visual Studio/18/Community/MSBuild/Current/Bin/Roslyn/mt.exe"
      - "D:/WaterSurfaceRendererScratch/vcpkg_installed/x64-windows/Microsoft Visual Studio/18/Community/MSBuild/Current/Bin/Roslyn/mt"
      - "D:/WaterSurfaceRendererScratch/vcpkg_installed/x64-windows/Program Files (x86)/Microsoft SDKs/Windows/v10.0A/bin/NETFX 4.8 Tools/x64/mt.com"
      - "D:/WaterSurfaceRendererScratch/vcpkg_installed/x64-windows/Program Files (x86)/Microsoft SDKs/Windows/v10.0A/bin/NETFX 4.8 Tools/x64/mt.exe"
      - "D:/WaterSurfaceRendererScratch/vcpkg_installed/x64-windows/Program Files (x86)/Microsoft SDKs/Windows/v10.0A/bin/NETFX 4.8 Tools/x64/mt"
      - "D:/WaterSurfaceRendererScratch/vcpkg_installed/x64-windows/Microsoft Visual Studio/18/Community/Team Tools/DiagnosticsHub/Collector/mt.com"
      - "D:/WaterSurfaceRendererScratch/vcpkg_installed/x64-windows/Microsoft Visual Studio/18/Community/Team Tools/DiagnosticsHub/Collector/mt.exe"
      - "D:/WaterSurfaceRendererScratch/vcpkg_installed/x64-windows/Microsoft Visual Studio/18/Community/Team Tools/DiagnosticsHub/Collector/mt"
      - "D:/WaterSurfaceRendererScratch/vcpkg_installed/x64-windows/Microsoft Visual Studio/18/Community/Common7/IDE/Extensions/Microsoft/CodeCoverage.Console/mt.com"
      - "D:/WaterSurfaceRendererScratch/vcpkg_installed/x64-windows/Microsoft Visual Studio/18/Community/Common7/IDE/Extensions/Microsoft/CodeCoverage.Console/mt.exe"
      - "D:/WaterSurfaceRendererScratch/vcpkg_installed/x64-windows/Microsoft Visual Studio/18/Community/Common7/IDE/Extensions/Microsoft/CodeCoverage.Console/mt"
      - "D:/WaterSurfaceRendererScratch/vcpkg_installed/x64-windows/Program Files (x86)/Windows Kits/10/bin/10.0.26100.0/x64/mt.com"
      - "D:/WaterSurfaceRendererScratch/vcpkg_installed/x64-windows/Program Files (x86)/Windows Kits/10/bin/10.0.26100.0/x64/mt.exe"
      - "D:/WaterSurfaceRendererScratch/vcpkg_installed/x64-windows/Program Files (x86)/Windows Kits/10/bin/10.0.26100.0/x64/mt"
      - "D:/WaterSurfaceRendererScratch/vcpkg_installed/x64-windows/Program Files (x86)/Windows Kits/10/bin/x64/mt.com"
      - "D:/WaterSurfaceRendererScratch/vcpkg_installed/x64-windows/Program Files (x86)/Windows Kits/10/bin/x64/mt.exe"
      - "D:/WaterSurfaceRendererScratch/vcpkg_installed/x64-windows/Program Files (x86)/Windows Kits/10/bin/x64/mt"
      - "D:/WaterSurfaceRendererScratch/vcpkg_installed/x64-windows/Microsoft Visual Studio/18/Community/MSBuild/Current/Bin/amd64/mt.com"
      - "D:/WaterSurfaceRendererScratch/vcpkg_installed/x64-windows/Microsoft Visual Studio/18/Community/MSBuild/Current/Bin/amd64/mt.exe"
      - "D:/WaterSurfaceRendererScratch/vcpkg_installed/x64-windows/Microsoft Visual Studio/18/Community/MSBuild/Current/Bin/amd64/mt"
      - "D:/WaterSurfaceRendererScratch/vcpkg_installed/x64-windows/Windows/Microsoft.NET/Framework64/v4.0.30319/mt.com"
      - "D:/WaterSurfaceRendererScratch/vcpkg_installed/x64-windows/Windows/Microsoft.NET/Framework64/v4.0.30319/mt.exe"
      - "D:/WaterSurfaceRendererScratch/vcpkg_installed/x64-windows/Windows/Microsoft.NET/Framework64/v4.0.30319/mt"
      - "D:/WaterSurfaceRendererScratch/vcpkg_installed/x64-windows/Microsoft Visual Studio/18/Community/Common7/IDE/mt.com"
      - "D:/WaterSurfaceRendererScratch/vcpkg_installed/x64-windows/Microsoft Visual Studio/18/Community/Common7/IDE/mt.exe"
      - "D:/WaterSurfaceRendererScratch/vcpkg_installed/x64-windows/Microsoft Visual Studio/18/Community/Common7/IDE/mt"
      - "D:/WaterSurfaceRendererScratch/vcpkg_installed/x64-windows/Microsoft Visual Studio/18/Community/Common7/Tools/mt.com"
      - "D:/WaterSurfaceRendererScratch/vcpkg_installed/x64-windows/Microsoft Visual Studio/18/Community/Common7/Tools/mt.exe"
      - "D:/WaterSurfaceRendererScratch/vcpkg_installed/x64-windows/Microsoft Visual Studio/18/Community/Common7/Tools/mt"
      - "D:/WaterSurfaceRendererScratch/vcpkg_installed/x64-windows/Users/xukeheng/AppData/Local/vcpkg/downloads/tools/powershell-core-7.5.4-windows/mt.com"
      - "D:/WaterSurfaceRendererScratch/vcpkg_installed/x64-windows/Users/xukeheng/AppData/Local/vcpkg/downloads/tools/powershell-core-7.5.4-windows/mt.exe"
      - "D:/WaterSurfaceRendererScratch/vcpkg_installed/x64-windows/Users/xukeheng/AppData/Local/vcpkg/downloads/tools/powershell-core-7.5.4-windows/mt"
      - "D:/WaterSurfaceRendererScratch/vcpkg_installed/x64-windows/Windows/System32/mt.com"
      - "D:/WaterSurfaceRendererScratch/vcpkg_installed/x64-windows/Windows/System32/mt.exe"
      - "D:/WaterSurfaceRendererScratch/vcpkg_installed/x64-windows/Windows/System32/mt"
      - "D:/WaterSurfaceRendererScratch/vcpkg_installed/x64-windows/Windows/mt.com"
      - "D:/WaterSurfaceRendererScratch/vcpkg_installed/x64-windows/Windows/mt.exe"
      - "D:/WaterSurfaceRendererScratch/vcpkg_installed/x64-windows/Windows/mt"
      - "D:/WaterSurfaceRendererScratch/vcpkg_installed/x64-windows/Windows/System32/wbem/mt.com"
      - "D:/WaterSurfaceRendererScratch/vcpkg_installed/x64-windows/Windows/System32/wbem/mt.exe"
      - "D:/WaterSurfaceRendererScratch/vcpkg_installed/x64-windows/Windows/System32/wbem/mt"
      - "D:/WaterSurfaceRendererScratch/vcpkg_installed/x64-windows/Windows/System32/WindowsPowerShell/v1.0/mt.com"
      - "D:/WaterSurfaceRendererScratch/vcpkg_installed/x64-windows/Windows/System32/WindowsPowerShell/v1.0/mt.exe"
      - "D:/WaterSurfaceRendererScratch/vcpkg_installed/x64-windows/Windows/System32/WindowsPowerShell/v1.0/mt"
      - "D:/WaterSurfaceRendererScratch/vcpkg_installed/x64-windows/Windows/System32/OpenSSH/mt.com"
      - "D:/WaterSurfaceRendererScratch/vcpkg_installed/x64-windows/Windows/System32/OpenSSH/mt.exe"
      - "D:/WaterSurfaceRendererScratch/vcpkg_installed/x64-windows/Windows/System32/OpenSSH/mt"
      - "D:/WaterSurfaceRendererScratch/vcpkg_installed/x64-windows/Microsoft Visual Studio/18/Community/Common7/IDE/CommonExtensions/Microsoft/CMake/CMake/bin/mt.com"
      - "D:/WaterSurfaceRendererScratch/vcpkg_installed/x64-windows/Microsoft Visual Studio/18/Community/Common7/IDE/CommonExtensions/Microsoft/CMake/CMake/bin/mt.exe"
      - "D:/WaterSurfaceRendererScratch/vcpkg_installed/x64-windows/Microsoft Visual Studio/18/Community/Common7/IDE/CommonExtensions/Microsoft/CMake/CMake/bin/mt"
      - "D:/WaterSurfaceRendererScratch/vcpkg_installed/x64-windows/Microsoft Visual Studio/18/Community/Common7/IDE/CommonExtensions/Microsoft/CMake/Ninja/mt.com"
      - "D:/WaterSurfaceRendererScratch/vcpkg_installed/x64-windows/Microsoft Visual Studio/18/Community/Common7/IDE/CommonExtensions/Microsoft/CMake/Ninja/mt.exe"
      - "D:/WaterSurfaceRendererScratch/vcpkg_installed/x64-windows/Microsoft Visual Studio/18/Community/Common7/IDE/CommonExtensions/Microsoft/CMake/Ninja/mt"
      - "D:/WaterSurfaceRendererScratch/vcpkg_installed/x64-windows/Microsoft Visual Studio/18/Community/Common7/IDE/VC/Linux/bin/ConnectionManagerExe/mt.com"
      - "D:/WaterSurfaceRendererScratch/vcpkg_installed/x64-windows/Microsoft Visual Studio/18/Community/Common7/IDE/VC/Linux/bin/ConnectionManagerExe/mt.exe"
      - "D:/WaterSurfaceRendererScratch/vcpkg_installed/x64-windows/Microsoft Visual Studio/18/Community/Common7/IDE/VC/Linux/bin/ConnectionManagerExe/mt"
      - "D:/WaterSurfaceRendererScratch/vcpkg_installed/x64-windows/Microsoft Visual Studio/18/Community/VC/vcpkg/mt.com"
      - "D:/WaterSurfaceRendererScratch/vcpkg_installed/x64-windows/Microsoft Visual Studio/18/Community/VC/vcpkg/mt.exe"
      - "D:/WaterSurfaceRendererScratch/vcpkg_installed/x64-windows/Microsoft Visual Studio/18/Community/VC/vcpkg/mt"
      - "D:/Microsoft Visual Studio/18/Community/VC/Tools/MSVC/14.51.36231/bin/Hostx64/x64/mt.com"
      - "D:/Microsoft Visual Studio/18/Community/VC/Tools/MSVC/14.51.36231/bin/Hostx64/x64/mt.exe"
      - "D:/Microsoft Visual Studio/18/Community/VC/Tools/MSVC/14.51.36231/bin/Hostx64/x64/mt"
      - "D:/Microsoft Visual Studio/18/Community/Common7/IDE/VC/vcpackages/mt.com"
      - "D:/Microsoft Visual Studio/18/Community/Common7/IDE/VC/vcpackages/mt.exe"
      - "D:/Microsoft Visual Studio/18/Community/Common7/IDE/VC/vcpackages/mt"
      - "D:/Microsoft Visual Studio/18/Community/Common7/IDE/CommonExtensions/Microsoft/TestWindow/mt.com"
      - "D:/Microsoft Visual Studio/18/Community/Common7/IDE/CommonExtensions/Microsoft/TestWindow/mt.exe"
      - "D:/Microsoft Visual Studio/18/Community/Common7/IDE/CommonExtensions/Microsoft/TestWindow/mt"
      - "D:/Microsoft Visual Studio/18/Community/Common7/IDE/CommonExtensions/Microsoft/TeamFoundation/Team Explorer/mt.com"
      - "D:/Microsoft Visual Studio/18/Community/Common7/IDE/CommonExtensions/Microsoft/TeamFoundation/Team Explorer/mt.exe"
      - "D:/Microsoft Visual Studio/18/Community/Common7/IDE/CommonExtensions/Microsoft/TeamFoundation/Team Explorer/mt"
      - "D:/Microsoft Visual Studio/18/Community/MSBuild/Current/Bin/Roslyn/mt.com"
      - "D:/Microsoft Visual Studio/18/Community/MSBuild/Current/Bin/Roslyn/mt.exe"
      - "D:/Microsoft Visual Studio/18/Community/MSBuild/Current/Bin/Roslyn/mt"
      - "C:/Program Files (x86)/Microsoft SDKs/Windows/v10.0A/bin/NETFX 4.8 Tools/x64/mt.com"
      - "C:/Program Files (x86)/Microsoft SDKs/Windows/v10.0A/bin/NETFX 4.8 Tools/x64/mt.exe"
      - "C:/Program Files (x86)/Microsoft SDKs/Windows/v10.0A/bin/NETFX 4.8 Tools/x64/mt"
      - "D:/Microsoft Visual Studio/18/Community/Team Tools/DiagnosticsHub/Collector/mt.com"
      - "D:/Microsoft Visual Studio/18/Community/Team Tools/DiagnosticsHub/Collector/mt.exe"
      - "D:/Microsoft Visual Studio/18/Community/Team Tools/DiagnosticsHub/Collector/mt"
      - "D:/Microsoft Visual Studio/18/Community/Common7/IDE/Extensions/Microsoft/CodeCoverage.Console/mt.com"
      - "D:/Microsoft Visual Studio/18/Community/Common7/IDE/Extensions/Microsoft/CodeCoverage.Console/mt.exe"
      - "D:/Microsoft Visual Studio/18/Community/Common7/IDE/Extensions/Microsoft/CodeCoverage.Console/mt"
      - "C:/Program Files (x86)/Windows Kits/10/bin/10.0.26100.0/x64/mt.com"
    found: "C:/Program Files (x86)/Windows Kits/10/bin/10.0.26100.0/x64/mt.exe"
    search_context:
      CMAKE_PROGRAM_PATH:
        - "D:/WaterSurfaceRendererScratch/vcpkg_installed/x64-windows/tools"
      CMAKE_PREFIX_PATH:
        - "D:/WaterSurfaceRendererScratch/vcpkg_installed/x64-windows/debug"
        - "D:/WaterSurfaceRendererScratch/vcpkg_installed/x64-windows"
      ENV{PATH}:
        - "D:\\Microsoft Visual Studio\\18\\Community\\VC\\Tools\\MSVC\\14.51.36231\\bin\\HostX64\\x64"
        - "D:\\Microsoft Visual Studio\\18\\Community\\Common7\\IDE\\VC\\VCPackages"
        - "D:\\Microsoft Visual Studio\\18\\Community\\Common7\\IDE\\CommonExtensions\\Microsoft\\TestWindow"
        - "D:\\Microsoft Visual Studio\\18\\Community\\Common7\\IDE\\CommonExtensions\\Microsoft\\TeamFoundation\\Team Explorer"
        - "D:\\Microsoft Visual Studio\\18\\Community\\MSBuild\\Current\\bin\\Roslyn"
        - "C:\\Program Files (x86)\\Microsoft SDKs\\Windows\\v10.0A\\bin\\NETFX 4.8 Tools\\x64\\"
        - "D:\\Microsoft Visual Studio\\18\\Community\\Team Tools\\DiagnosticsHub\\Collector"
        - "D:\\Microsoft Visual Studio\\18\\Community\\Common7\\IDE\\Extensions\\Microsoft\\CodeCoverage.Console"
        - "C:\\Program Files (x86)\\Windows Kits\\10\\bin\\10.0.26100.0\\\\x64"
        - "C:\\Program Files (x86)\\Windows Kits\\10\\bin\\\\x64"
        - "D:\\Microsoft Visual Studio\\18\\Community\\\\MSBuild\\Current\\Bin\\amd64"
        - "C:\\Windows\\Microsoft.NET\\Framework64\\v4.0.30319"
        - "D:\\Microsoft Visual Studio\\18\\Community\\Common7\\IDE\\"
        - "D:\\Microsoft Visual Studio\\18\\Community\\Common7\\Tools\\"
        - "C:\\Users\\xukeheng\\AppData\\Local\\vcpkg\\downloads\\tools\\powershell-core-7.5.4-windows"
        - "C:\\windows\\system32"
        - "C:\\windows"
        - "C:\\windows\\system32\\Wbem"
        - "C:\\windows\\system32\\WindowsPowerShell\\v1.0\\"
        - "C:\\windows\\system32\\OpenSSH\\"
        - "D:\\Microsoft Visual Studio\\18\\Community\\Common7\\IDE\\CommonExtensions\\Microsoft\\CMake\\CMake\\bin"
        - "D:\\Microsoft Visual Studio\\18\\Community\\Common7\\IDE\\CommonExtensions\\Microsoft\\CMake\\Ninja"
        - "D:\\Microsoft Visual Studio\\18\\Community\\Common7\\IDE\\VC\\Linux\\bin\\ConnectionManagerExe"
        - "D:\\Microsoft Visual Studio\\18\\Community\\VC\\vcpkg"
        - "D:\\Microsoft Visual Studio\\18\\Community\\Common7\\IDE\\CommonExtensions\\Microsoft\\CMake\\Ninja"
        - "D:\\Microsoft Visual Studio\\18\\Community\\Common7\\IDE\\CommonExtensions\\Microsoft\\CMake\\Ninja"
        - "D:\\Microsoft Visual Studio\\18\\Community\\Common7\\IDE\\CommonExtensions\\Microsoft\\CMake\\Ninja"
      CMAKE_INSTALL_PREFIX: "D:/WaterSurfaceRendererScratch/vcpkg_installed/vcpkg/pkgs/fftw3_x64-windows/debug"
      CMAKE_FIND_ROOT_PATH: "D:/WaterSurfaceRendererScratch/vcpkg_installed/x64-windows/debug;D:/WaterSurfaceRendererScratch/vcpkg_installed/x64-windows"
  -
    kind: "find-v1"
    backtrace:
      - "D:/Microsoft Visual Studio/18/Community/Common7/IDE/CommonExtensions/Microsoft/CMake/CMake/share/cmake-4.3/Modules/CMakeFindBinUtils.cmake:243 (find_program)"
      - "D:/Microsoft Visual Studio/18/Community/Common7/IDE/CommonExtensions/Microsoft/CMake/CMake/share/cmake-4.3/Modules/CMakeDetermineCCompiler.cmake:200 (include)"
      - "CMakeLists.txt:7 (project)"
    mode: "program"
    variable: "CMAKE_AR"
    description: "Path to a program."
    settings:
      SearchFramework: "LAST"
      SearchAppBundle: "LAST"
      CMAKE_FIND_USE_CMAKE_PATH: false
      CMAKE_FIND_USE_CMAKE_ENVIRONMENT_PATH: false
      CMAKE_FIND_USE_SYSTEM_ENVIRONMENT_PATH: true
      CMAKE_FIND_USE_CMAKE_SYSTEM_PATH: true
      CMAKE_FIND_USE_INSTALL_PREFIX: true
    names:
      - "lib"
    candidate_directories:
      - "D:/WaterSurfaceRendererScratch/vcpkg_installed/x64-windows/debug/Microsoft Visual Studio/18/Community/VC/Tools/MSVC/14.51.36231/bin/Hostx64/x64/"
      - "D:/WaterSurfaceRendererScratch/vcpkg_installed/x64-windows/debug/Microsoft Visual Studio/18/Community/Common7/IDE/VC/vcpackages/"
      - "D:/WaterSurfaceRendererScratch/vcpkg_installed/x64-windows/debug/Microsoft Visual Studio/18/Community/Common7/IDE/CommonExtensions/Microsoft/TestWindow/"
      - "D:/WaterSurfaceRendererScratch/vcpkg_installed/x64-windows/debug/Microsoft Visual Studio/18/Community/Common7/IDE/CommonExtensions/Microsoft/TeamFoundation/Team Explorer/"
      - "D:/WaterSurfaceRendererScratch/vcpkg_installed/x64-windows/debug/Microsoft Visual Studio/18/Community/MSBuild/Current/Bin/Roslyn/"
      - "D:/WaterSurfaceRendererScratch/vcpkg_installed/x64-windows/debug/Program Files (x86)/Microsoft SDKs/Windows/v10.0A/bin/NETFX 4.8 Tools/x64/"
      - "D:/WaterSurfaceRendererScratch/vcpkg_installed/x64-windows/debug/Microsoft Visual Studio/18/Community/Team Tools/DiagnosticsHub/Collector/"
      - "D:/WaterSurfaceRendererScratch/vcpkg_installed/x64-windows/debug/Microsoft Visual Studio/18/Community/Common7/IDE/Extensions/Microsoft/CodeCoverage.Console/"
      - "D:/WaterSurfaceRendererScratch/vcpkg_installed/x64-windows/debug/Program Files (x86)/Windows Kits/10/bin/10.0.26100.0/x64/"
      - "D:/WaterSurfaceRendererScratch/vcpkg_installed/x64-windows/debug/Program Files (x86)/Windows Kits/10/bin/x64/"
      - "D:/WaterSurfaceRendererScratch/vcpkg_installed/x64-windows/debug/Microsoft Visual Studio/18/Community/MSBuild/Current/Bin/amd64/"
      - "D:/WaterSurfaceRendererScratch/vcpkg_installed/x64-windows/debug/Windows/Microsoft.NET/Framework64/v4.0.30319/"
      - "D:/WaterSurfaceRendererScratch/vcpkg_installed/x64-windows/debug/Microsoft Visual Studio/18/Community/Common7/IDE/"
      - "D:/WaterSurfaceRendererScratch/vcpkg_installed/x64-windows/debug/Microsoft Visual Studio/18/Community/Common7/Tools/"
      - "D:/WaterSurfaceRendererScratch/vcpkg_installed/x64-windows/debug/Users/xukeheng/AppData/Local/vcpkg/downloads/tools/powershell-core-7.5.4-windows/"
      - "D:/WaterSurfaceRendererScratch/vcpkg_installed/x64-windows/debug/Windows/System32/"
      - "D:/WaterSurfaceRendererScratch/vcpkg_installed/x64-windows/debug/Windows/"
      - "D:/WaterSurfaceRendererScratch/vcpkg_installed/x64-windows/debug/Windows/System32/wbem/"
      - "D:/WaterSurfaceRendererScratch/vcpkg_installed/x64-windows/debug/Windows/System32/WindowsPowerShell/v1.0/"
      - "D:/WaterSurfaceRendererScratch/vcpkg_installed/x64-windows/debug/Windows/System32/OpenSSH/"
      - "D:/WaterSurfaceRendererScratch/vcpkg_installed/x64-windows/debug/Microsoft Visual Studio/18/Community/Common7/IDE/CommonExtensions/Microsoft/CMake/CMake/bin/"
      - "D:/WaterSurfaceRendererScratch/vcpkg_installed/x64-windows/debug/Microsoft Visual Studio/18/Community/Common7/IDE/CommonExtensions/Microsoft/CMake/Ninja/"
      - "D:/WaterSurfaceRendererScratch/vcpkg_installed/x64-windows/debug/Microsoft Visual Studio/18/Community/Common7/IDE/VC/Linux/bin/ConnectionManagerExe/"
      - "D:/WaterSurfaceRendererScratch/vcpkg_installed/x64-windows/debug/Microsoft Visual Studio/18/Community/VC/vcpkg/"
      - "D:/WaterSurfaceRendererScratch/vcpkg_installed/x64-windows/Microsoft Visual Studio/18/Community/VC/Tools/MSVC/14.51.36231/bin/Hostx64/x64/"
      - "D:/WaterSurfaceRendererScratch/vcpkg_installed/x64-windows/Microsoft Visual Studio/18/Community/Common7/IDE/VC/vcpackages/"
      - "D:/WaterSurfaceRendererScratch/vcpkg_installed/x64-windows/Microsoft Visual Studio/18/Community/Common7/IDE/CommonExtensions/Microsoft/TestWindow/"
      - "D:/WaterSurfaceRendererScratch/vcpkg_installed/x64-windows/Microsoft Visual Studio/18/Community/Common7/IDE/CommonExtensions/Microsoft/TeamFoundation/Team Explorer/"
      - "D:/WaterSurfaceRendererScratch/vcpkg_installed/x64-windows/Microsoft Visual Studio/18/Community/MSBuild/Current/Bin/Roslyn/"
      - "D:/WaterSurfaceRendererScratch/vcpkg_installed/x64-windows/Program Files (x86)/Microsoft SDKs/Windows/v10.0A/bin/NETFX 4.8 Tools/x64/"
      - "D:/WaterSurfaceRendererScratch/vcpkg_installed/x64-windows/Microsoft Visual Studio/18/Community/Team Tools/DiagnosticsHub/Collector/"
      - "D:/WaterSurfaceRendererScratch/vcpkg_installed/x64-windows/Microsoft Visual Studio/18/Community/Common7/IDE/Extensions/Microsoft/CodeCoverage.Console/"
      - "D:/WaterSurfaceRendererScratch/vcpkg_installed/x64-windows/Program Files (x86)/Windows Kits/10/bin/10.0.26100.0/x64/"
      - "D:/WaterSurfaceRendererScratch/vcpkg_installed/x64-windows/Program Files (x86)/Windows Kits/10/bin/x64/"
      - "D:/WaterSurfaceRendererScratch/vcpkg_installed/x64-windows/Microsoft Visual Studio/18/Community/MSBuild/Current/Bin/amd64/"
      - "D:/WaterSurfaceRendererScratch/vcpkg_installed/x64-windows/Windows/Microsoft.NET/Framework64/v4.0.30319/"
      - "D:/WaterSurfaceRendererScratch/vcpkg_installed/x64-windows/Microsoft Visual Studio/18/Community/Common7/IDE/"
      - "D:/WaterSurfaceRendererScratch/vcpkg_installed/x64-windows/Microsoft Visual Studio/18/Community/Common7/Tools/"
      - "D:/WaterSurfaceRendererScratch/vcpkg_installed/x64-windows/Users/xukeheng/AppData/Local/vcpkg/downloads/tools/powershell-core-7.5.4-windows/"
      - "D:/WaterSurfaceRendererScratch/vcpkg_installed/x64-windows/Windows/System32/"
      - "D:/WaterSurfaceRendererScratch/vcpkg_installed/x64-windows/Windows/"
      - "D:/WaterSurfaceRendererScratch/vcpkg_installed/x64-windows/Windows/System32/wbem/"
      - "D:/WaterSurfaceRendererScratch/vcpkg_installed/x64-windows/Windows/System32/WindowsPowerShell/v1.0/"
      - "D:/WaterSurfaceRendererScratch/vcpkg_installed/x64-windows/Windows/System32/OpenSSH/"
      - "D:/WaterSurfaceRendererScratch/vcpkg_installed/x64-windows/Microsoft Visual Studio/18/Community/Common7/IDE/CommonExtensions/Microsoft/CMake/CMake/bin/"
      - "D:/WaterSurfaceRendererScratch/vcpkg_installed/x64-windows/Microsoft Visual Studio/18/Community/Common7/IDE/CommonExtensions/Microsoft/CMake/Ninja/"
      - "D:/WaterSurfaceRendererScratch/vcpkg_installed/x64-windows/Microsoft Visual Studio/18/Community/Common7/IDE/VC/Linux/bin/ConnectionManagerExe/"
      - "D:/WaterSurfaceRendererScratch/vcpkg_installed/x64-windows/Microsoft Visual Studio/18/Community/VC/vcpkg/"
      - "D:/Microsoft Visual Studio/18/Community/VC/Tools/MSVC/14.51.36231/bin/Hostx64/x64/"
      - "D:/Microsoft Visual Studio/18/Community/Common7/IDE/VC/vcpackages/"
      - "D:/Microsoft Visual Studio/18/Community/Common7/IDE/CommonExtensions/Microsoft/TestWindow/"
      - "D:/Microsoft Visual Studio/18/Community/Common7/IDE/CommonExtensions/Microsoft/TeamFoundation/Team Explorer/"
      - "D:/Microsoft Visual Studio/18/Community/MSBuild/Current/Bin/Roslyn/"
      - "C:/Program Files (x86)/Microsoft SDKs/Windows/v10.0A/bin/NETFX 4.8 Tools/x64/"
      - "D:/Microsoft Visual Studio/18/Community/Team Tools/DiagnosticsHub/Collector/"
      - "D:/Microsoft Visual Studio/18/Community/Common7/IDE/Extensions/Microsoft/CodeCoverage.Console/"
      - "C:/Program Files (x86)/Windows Kits/10/bin/10.0.26100.0/x64/"
      - "C:/Program Files (x86)/Windows Kits/10/bin/x64/"
      - "D:/Microsoft Visual Studio/18/Community/MSBuild/Current/Bin/amd64/"
      - "C:/Windows/Microsoft.NET/Framework64/v4.0.30319/"
      - "D:/Microsoft Visual Studio/18/Community/Common7/IDE/"
      - "D:/Microsoft Visual Studio/18/Community/Common7/Tools/"
      - "C:/Users/xukeheng/AppData/Local/vcpkg/downloads/tools/powershell-core-7.5.4-windows/"
      - "C:/Windows/System32/"
      - "C:/Windows/"
      - "C:/Windows/System32/wbem/"
      - "C:/Windows/System32/WindowsPowerShell/v1.0/"
      - "C:/Windows/System32/OpenSSH/"
      - "D:/Microsoft Visual Studio/18/Community/Common7/IDE/CommonExtensions/Microsoft/CMake/CMake/bin/"
      - "D:/Microsoft Visual Studio/18/Community/Common7/IDE/CommonExtensions/Microsoft/CMake/Ninja/"
      - "D:/Microsoft Visual Studio/18/Community/Common7/IDE/VC/Linux/bin/ConnectionManagerExe/"
      - "D:/Microsoft Visual Studio/18/Community/VC/vcpkg/"
    searched_directories:
      - "D:/WaterSurfaceRendererScratch/vcpkg_installed/x64-windows/debug/Microsoft Visual Studio/18/Community/VC/Tools/MSVC/14.51.36231/bin/Hostx64/x64/lib.com"
      - "D:/WaterSurfaceRendererScratch/vcpkg_installed/x64-windows/debug/Microsoft Visual Studio/18/Community/VC/Tools/MSVC/14.51.36231/bin/Hostx64/x64/lib.exe"
      - "D:/WaterSurfaceRendererScratch/vcpkg_installed/x64-windows/debug/Microsoft Visual Studio/18/Community/VC/Tools/MSVC/14.51.36231/bin/Hostx64/x64/lib"
      - "D:/WaterSurfaceRendererScratch/vcpkg_installed/x64-windows/debug/Microsoft Visual Studio/18/Community/Common7/IDE/VC/vcpackages/lib.com"
      - "D:/WaterSurfaceRendererScratch/vcpkg_installed/x64-windows/debug/Microsoft Visual Studio/18/Community/Common7/IDE/VC/vcpackages/lib.exe"
      - "D:/WaterSurfaceRendererScratch/vcpkg_installed/x64-windows/debug/Microsoft Visual Studio/18/Community/Common7/IDE/VC/vcpackages/lib"
      - "D:/WaterSurfaceRendererScratch/vcpkg_installed/x64-windows/debug/Microsoft Visual Studio/18/Community/Common7/IDE/CommonExtensions/Microsoft/TestWindow/lib.com"
      - "D:/WaterSurfaceRendererScratch/vcpkg_installed/x64-windows/debug/Microsoft Visual Studio/18/Community/Common7/IDE/CommonExtensions/Microsoft/TestWindow/lib.exe"
      - "D:/WaterSurfaceRendererScratch/vcpkg_installed/x64-windows/debug/Microsoft Visual Studio/18/Community/Common7/IDE/CommonExtensions/Microsoft/TestWindow/lib"
      - "D:/WaterSurfaceRendererScratch/vcpkg_installed/x64-windows/debug/Microsoft Visual Studio/18/Community/Common7/IDE/CommonExtensions/Microsoft/TeamFoundation/Team Explorer/lib.com"
      - "D:/WaterSurfaceRendererScratch/vcpkg_installed/x64-windows/debug/Microsoft Visual Studio/18/Community/Common7/IDE/CommonExtensions/Microsoft/TeamFoundation/Team Explorer/lib.exe"
      - "D:/WaterSurfaceRendererScratch/vcpkg_installed/x64-windows/debug/Microsoft Visual Studio/18/Community/Common7/IDE/CommonExtensions/Microsoft/TeamFoundation/Team Explorer/lib"
      - "D:/WaterSurfaceRendererScratch/vcpkg_installed/x64-windows/debug/Microsoft Visual Studio/18/Community/MSBuild/Current/Bin/Roslyn/lib.com"
      - "D:/WaterSurfaceRendererScratch/vcpkg_installed/x64-windows/debug/Microsoft Visual Studio/18/Community/MSBuild/Current/Bin/Roslyn/lib.exe"
      - "D:/WaterSurfaceRendererScratch/vcpkg_installed/x64-windows/debug/Microsoft Visual Studio/18/Community/MSBuild/Current/Bin/Roslyn/lib"
      - "D:/WaterSurfaceRendererScratch/vcpkg_installed/x64-windows/debug/Program Files (x86)/Microsoft SDKs/Windows/v10.0A/bin/NETFX 4.8 Tools/x64/lib.com"
      - "D:/WaterSurfaceRendererScratch/vcpkg_installed/x64-windows/debug/Program Files (x86)/Microsoft SDKs/Windows/v10.0A/bin/NETFX 4.8 Tools/x64/lib.exe"
      - "D:/WaterSurfaceRendererScratch/vcpkg_installed/x64-windows/debug/Program Files (x86)/Microsoft SDKs/Windows/v10.0A/bin/NETFX 4.8 Tools/x64/lib"
      - "D:/WaterSurfaceRendererScratch/vcpkg_installed/x64-windows/debug/Microsoft Visual Studio/18/Community/Team Tools/DiagnosticsHub/Collector/lib.com"
      - "D:/WaterSurfaceRendererScratch/vcpkg_installed/x64-windows/debug/Microsoft Visual Studio/18/Community/Team Tools/DiagnosticsHub/Collector/lib.exe"
      - "D:/WaterSurfaceRendererScratch/vcpkg_installed/x64-windows/debug/Microsoft Visual Studio/18/Community/Team Tools/DiagnosticsHub/Collector/lib"
      - "D:/WaterSurfaceRendererScratch/vcpkg_installed/x64-windows/debug/Microsoft Visual Studio/18/Community/Common7/IDE/Extensions/Microsoft/CodeCoverage.Console/lib.com"
      - "D:/WaterSurfaceRendererScratch/vcpkg_installed/x64-windows/debug/Microsoft Visual Studio/18/Community/Common7/IDE/Extensions/Microsoft/CodeCoverage.Console/lib.exe"
      - "D:/WaterSurfaceRendererScratch/vcpkg_installed/x64-windows/debug/Microsoft Visual Studio/18/Community/Common7/IDE/Extensions/Microsoft/CodeCoverage.Console/lib"
      - "D:/WaterSurfaceRendererScratch/vcpkg_installed/x64-windows/debug/Program Files (x86)/Windows Kits/10/bin/10.0.26100.0/x64/lib.com"
      - "D:/WaterSurfaceRendererScratch/vcpkg_installed/x64-windows/debug/Program Files (x86)/Windows Kits/10/bin/10.0.26100.0/x64/lib.exe"
      - "D:/WaterSurfaceRendererScratch/vcpkg_installed/x64-windows/debug/Program Files (x86)/Windows Kits/10/bin/10.0.26100.0/x64/lib"
      - "D:/WaterSurfaceRendererScratch/vcpkg_installed/x64-windows/debug/Program Files (x86)/Windows Kits/10/bin/x64/lib.com"
      - "D:/WaterSurfaceRendererScratch/vcpkg_installed/x64-windows/debug/Program Files (x86)/Windows Kits/10/bin/x64/lib.exe"
      - "D:/WaterSurfaceRendererScratch/vcpkg_installed/x64-windows/debug/Program Files (x86)/Windows Kits/10/bin/x64/lib"
      - "D:/WaterSurfaceRendererScratch/vcpkg_installed/x64-windows/debug/Microsoft Visual Studio/18/Community/MSBuild/Current/Bin/amd64/lib.com"
      - "D:/WaterSurfaceRendererScratch/vcpkg_installed/x64-windows/debug/Microsoft Visual Studio/18/Community/MSBuild/Current/Bin/amd64/lib.exe"
      - "D:/WaterSurfaceRendererScratch/vcpkg_installed/x64-windows/debug/Microsoft Visual Studio/18/Community/MSBuild/Current/Bin/amd64/lib"
      - "D:/WaterSurfaceRendererScratch/vcpkg_installed/x64-windows/debug/Windows/Microsoft.NET/Framework64/v4.0.30319/lib.com"
      - "D:/WaterSurfaceRendererScratch/vcpkg_installed/x64-windows/debug/Windows/Microsoft.NET/Framework64/v4.0.30319/lib.exe"
      - "D:/WaterSurfaceRendererScratch/vcpkg_installed/x64-windows/debug/Windows/Microsoft.NET/Framework64/v4.0.30319/lib"
      - "D:/WaterSurfaceRendererScratch/vcpkg_installed/x64-windows/debug/Microsoft Visual Studio/18/Community/Common7/IDE/lib.com"
      - "D:/WaterSurfaceRendererScratch/vcpkg_installed/x64-windows/debug/Microsoft Visual Studio/18/Community/Common7/IDE/lib.exe"
      - "D:/WaterSurfaceRendererScratch/vcpkg_installed/x64-windows/debug/Microsoft Visual Studio/18/Community/Common7/IDE/lib"
      - "D:/WaterSurfaceRendererScratch/vcpkg_installed/x64-windows/debug/Microsoft Visual Studio/18/Community/Common7/Tools/lib.com"
      - "D:/WaterSurfaceRendererScratch/vcpkg_installed/x64-windows/debug/Microsoft Visual Studio/18/Community/Common7/Tools/lib.exe"
      - "D:/WaterSurfaceRendererScratch/vcpkg_installed/x64-windows/debug/Microsoft Visual Studio/18/Community/Common7/Tools/lib"
      - "D:/WaterSurfaceRendererScratch/vcpkg_installed/x64-windows/debug/Users/xukeheng/AppData/Local/vcpkg/downloads/tools/powershell-core-7.5.4-windows/lib.com"
      - "D:/WaterSurfaceRendererScratch/vcpkg_installed/x64-windows/debug/Users/xukeheng/AppData/Local/vcpkg/downloads/tools/powershell-core-7.5.4-windows/lib.exe"
      - "D:/WaterSurfaceRendererScratch/vcpkg_installed/x64-windows/debug/Users/xukeheng/AppData/Local/vcpkg/downloads/tools/powershell-core-7.5.4-windows/lib"
      - "D:/WaterSurfaceRendererScratch/vcpkg_installed/x64-windows/debug/Windows/System32/lib.com"
      - "D:/WaterSurfaceRendererScratch/vcpkg_installed/x64-windows/debug/Windows/System32/lib.exe"
      - "D:/WaterSurfaceRendererScratch/vcpkg_installed/x64-windows/debug/Windows/System32/lib"
      - "D:/WaterSurfaceRendererScratch/vcpkg_installed/x64-windows/debug/Windows/lib.com"
      - "D:/WaterSurfaceRendererScratch/vcpkg_installed/x64-windows/debug/Windows/lib.exe"
      - "D:/WaterSurfaceRendererScratch/vcpkg_installed/x64-windows/debug/Windows/lib"
      - "D:/WaterSurfaceRendererScratch/vcpkg_installed/x64-windows/debug/Windows/System32/wbem/lib.com"
      - "D:/WaterSurfaceRendererScratch/vcpkg_installed/x64-windows/debug/Windows/System32/wbem/lib.exe"
      - "D:/WaterSurfaceRendererScratch/vcpkg_installed/x64-windows/debug/Windows/System32/wbem/lib"
      - "D:/WaterSurfaceRendererScratch/vcpkg_installed/x64-windows/debug/Windows/System32/WindowsPowerShell/v1.0/lib.com"
      - "D:/WaterSurfaceRendererScratch/vcpkg_installed/x64-windows/debug/Windows/System32/WindowsPowerShell/v1.0/lib.exe"
      - "D:/WaterSurfaceRendererScratch/vcpkg_installed/x64-windows/debug/Windows/System32/WindowsPowerShell/v1.0/lib"
      - "D:/WaterSurfaceRendererScratch/vcpkg_installed/x64-windows/debug/Windows/System32/OpenSSH/lib.com"
      - "D:/WaterSurfaceRendererScratch/vcpkg_installed/x64-windows/debug/Windows/System32/OpenSSH/lib.exe"
      - "D:/WaterSurfaceRendererScratch/vcpkg_installed/x64-windows/debug/Windows/System32/OpenSSH/lib"
      - "D:/WaterSurfaceRendererScratch/vcpkg_installed/x64-windows/debug/Microsoft Visual Studio/18/Community/Common7/IDE/CommonExtensions/Microsoft/CMake/CMake/bin/lib.com"
      - "D:/WaterSurfaceRendererScratch/vcpkg_installed/x64-windows/debug/Microsoft Visual Studio/18/Community/Common7/IDE/CommonExtensions/Microsoft/CMake/CMake/bin/lib.exe"
      - "D:/WaterSurfaceRendererScratch/vcpkg_installed/x64-windows/debug/Microsoft Visual Studio/18/Community/Common7/IDE/CommonExtensions/Microsoft/CMake/CMake/bin/lib"
      - "D:/WaterSurfaceRendererScratch/vcpkg_installed/x64-windows/debug/Microsoft Visual Studio/18/Community/Common7/IDE/CommonExtensions/Microsoft/CMake/Ninja/lib.com"
      - "D:/WaterSurfaceRendererScratch/vcpkg_installed/x64-windows/debug/Microsoft Visual Studio/18/Community/Common7/IDE/CommonExtensions/Microsoft/CMake/Ninja/lib.exe"
      - "D:/WaterSurfaceRendererScratch/vcpkg_installed/x64-windows/debug/Microsoft Visual Studio/18/Community/Common7/IDE/CommonExtensions/Microsoft/CMake/Ninja/lib"
      - "D:/WaterSurfaceRendererScratch/vcpkg_installed/x64-windows/debug/Microsoft Visual Studio/18/Community/Common7/IDE/VC/Linux/bin/ConnectionManagerExe/lib.com"
      - "D:/WaterSurfaceRendererScratch/vcpkg_installed/x64-windows/debug/Microsoft Visual Studio/18/Community/Common7/IDE/VC/Linux/bin/ConnectionManagerExe/lib.exe"
      - "D:/WaterSurfaceRendererScratch/vcpkg_installed/x64-windows/debug/Microsoft Visual Studio/18/Community/Common7/IDE/VC/Linux/bin/ConnectionManagerExe/lib"
      - "D:/WaterSurfaceRendererScratch/vcpkg_installed/x64-windows/debug/Microsoft Visual Studio/18/Community/VC/vcpkg/lib.com"
      - "D:/WaterSurfaceRendererScratch/vcpkg_installed/x64-windows/debug/Microsoft Visual Studio/18/Community/VC/vcpkg/lib.exe"
      - "D:/WaterSurfaceRendererScratch/vcpkg_installed/x64-windows/debug/Microsoft Visual Studio/18/Community/VC/vcpkg/lib"
      - "D:/WaterSurfaceRendererScratch/vcpkg_installed/x64-windows/Microsoft Visual Studio/18/Community/VC/Tools/MSVC/14.51.36231/bin/Hostx64/x64/lib.com"
      - "D:/WaterSurfaceRendererScratch/vcpkg_installed/x64-windows/Microsoft Visual Studio/18/Community/VC/Tools/MSVC/14.51.36231/bin/Hostx64/x64/lib.exe"
      - "D:/WaterSurfaceRendererScratch/vcpkg_installed/x64-windows/Microsoft Visual Studio/18/Community/VC/Tools/MSVC/14.51.36231/bin/Hostx64/x64/lib"
      - "D:/WaterSurfaceRendererScratch/vcpkg_installed/x64-windows/Microsoft Visual Studio/18/Community/Common7/IDE/VC/vcpackages/lib.com"
      - "D:/WaterSurfaceRendererScratch/vcpkg_installed/x64-windows/Microsoft Visual Studio/18/Community/Common7/IDE/VC/vcpackages/lib.exe"
      - "D:/WaterSurfaceRendererScratch/vcpkg_installed/x64-windows/Microsoft Visual Studio/18/Community/Common7/IDE/VC/vcpackages/lib"
      - "D:/WaterSurfaceRendererScratch/vcpkg_installed/x64-windows/Microsoft Visual Studio/18/Community/Common7/IDE/CommonExtensions/Microsoft/TestWindow/lib.com"
      - "D:/WaterSurfaceRendererScratch/vcpkg_installed/x64-windows/Microsoft Visual Studio/18/Community/Common7/IDE/CommonExtensions/Microsoft/TestWindow/lib.exe"
      - "D:/WaterSurfaceRendererScratch/vcpkg_installed/x64-windows/Microsoft Visual Studio/18/Community/Common7/IDE/CommonExtensions/Microsoft/TestWindow/lib"
      - "D:/WaterSurfaceRendererScratch/vcpkg_installed/x64-windows/Microsoft Visual Studio/18/Community/Common7/IDE/CommonExtensions/Microsoft/TeamFoundation/Team Explorer/lib.com"
      - "D:/WaterSurfaceRendererScratch/vcpkg_installed/x64-windows/Microsoft Visual Studio/18/Community/Common7/IDE/CommonExtensions/Microsoft/TeamFoundation/Team Explorer/lib.exe"
      - "D:/WaterSurfaceRendererScratch/vcpkg_installed/x64-windows/Microsoft Visual Studio/18/Community/Common7/IDE/CommonExtensions/Microsoft/TeamFoundation/Team Explorer/lib"
      - "D:/WaterSurfaceRendererScratch/vcpkg_installed/x64-windows/Microsoft Visual Studio/18/Community/MSBuild/Current/Bin/Roslyn/lib.com"
      - "D:/WaterSurfaceRendererScratch/vcpkg_installed/x64-windows/Microsoft Visual Studio/18/Community/MSBuild/Current/Bin/Roslyn/lib.exe"
      - "D:/WaterSurfaceRendererScratch/vcpkg_installed/x64-windows/Microsoft Visual Studio/18/Community/MSBuild/Current/Bin/Roslyn/lib"
      - "D:/WaterSurfaceRendererScratch/vcpkg_installed/x64-windows/Program Files (x86)/Microsoft SDKs/Windows/v10.0A/bin/NETFX 4.8 Tools/x64/lib.com"
      - "D:/WaterSurfaceRendererScratch/vcpkg_installed/x64-windows/Program Files (x86)/Microsoft SDKs/Windows/v10.0A/bin/NETFX 4.8 Tools/x64/lib.exe"
      - "D:/WaterSurfaceRendererScratch/vcpkg_installed/x64-windows/Program Files (x86)/Microsoft SDKs/Windows/v10.0A/bin/NETFX 4.8 Tools/x64/lib"
      - "D:/WaterSurfaceRendererScratch/vcpkg_installed/x64-windows/Microsoft Visual Studio/18/Community/Team Tools/DiagnosticsHub/Collector/lib.com"
      - "D:/WaterSurfaceRendererScratch/vcpkg_installed/x64-windows/Microsoft Visual Studio/18/Community/Team Tools/DiagnosticsHub/Collector/lib.exe"
      - "D:/WaterSurfaceRendererScratch/vcpkg_installed/x64-windows/Microsoft Visual Studio/18/Community/Team Tools/DiagnosticsHub/Collector/lib"
      - "D:/WaterSurfaceRendererScratch/vcpkg_installed/x64-windows/Microsoft Visual Studio/18/Community/Common7/IDE/Extensions/Microsoft/CodeCoverage.Console/lib.com"
      - "D:/WaterSurfaceRendererScratch/vcpkg_installed/x64-windows/Microsoft Visual Studio/18/Community/Common7/IDE/Extensions/Microsoft/CodeCoverage.Console/lib.exe"
      - "D:/WaterSurfaceRendererScratch/vcpkg_installed/x64-windows/Microsoft Visual Studio/18/Community/Common7/IDE/Extensions/Microsoft/CodeCoverage.Console/lib"
      - "D:/WaterSurfaceRendererScratch/vcpkg_installed/x64-windows/Program Files (x86)/Windows Kits/10/bin/10.0.26100.0/x64/lib.com"
      - "D:/WaterSurfaceRendererScratch/vcpkg_installed/x64-windows/Program Files (x86)/Windows Kits/10/bin/10.0.26100.0/x64/lib.exe"
      - "D:/WaterSurfaceRendererScratch/vcpkg_installed/x64-windows/Program Files (x86)/Windows Kits/10/bin/10.0.26100.0/x64/lib"
      - "D:/WaterSurfaceRendererScratch/vcpkg_installed/x64-windows/Program Files (x86)/Windows Kits/10/bin/x64/lib.com"
      - "D:/WaterSurfaceRendererScratch/vcpkg_installed/x64-windows/Program Files (x86)/Windows Kits/10/bin/x64/lib.exe"
      - "D:/WaterSurfaceRendererScratch/vcpkg_installed/x64-windows/Program Files (x86)/Windows Kits/10/bin/x64/lib"
      - "D:/WaterSurfaceRendererScratch/vcpkg_installed/x64-windows/Microsoft Visual Studio/18/Community/MSBuild/Current/Bin/amd64/lib.com"
      - "D:/WaterSurfaceRendererScratch/vcpkg_installed/x64-windows/Microsoft Visual Studio/18/Community/MSBuild/Current/Bin/amd64/lib.exe"
      - "D:/WaterSurfaceRendererScratch/vcpkg_installed/x64-windows/Microsoft Visual Studio/18/Community/MSBuild/Current/Bin/amd64/lib"
      - "D:/WaterSurfaceRendererScratch/vcpkg_installed/x64-windows/Windows/Microsoft.NET/Framework64/v4.0.30319/lib.com"
      - "D:/WaterSurfaceRendererScratch/vcpkg_installed/x64-windows/Windows/Microsoft.NET/Framework64/v4.0.30319/lib.exe"
      - "D:/WaterSurfaceRendererScratch/vcpkg_installed/x64-windows/Windows/Microsoft.NET/Framework64/v4.0.30319/lib"
      - "D:/WaterSurfaceRendererScratch/vcpkg_installed/x64-windows/Microsoft Visual Studio/18/Community/Common7/IDE/lib.com"
      - "D:/WaterSurfaceRendererScratch/vcpkg_installed/x64-windows/Microsoft Visual Studio/18/Community/Common7/IDE/lib.exe"
      - "D:/WaterSurfaceRendererScratch/vcpkg_installed/x64-windows/Microsoft Visual Studio/18/Community/Common7/IDE/lib"
      - "D:/WaterSurfaceRendererScratch/vcpkg_installed/x64-windows/Microsoft Visual Studio/18/Community/Common7/Tools/lib.com"
      - "D:/WaterSurfaceRendererScratch/vcpkg_installed/x64-windows/Microsoft Visual Studio/18/Community/Common7/Tools/lib.exe"
      - "D:/WaterSurfaceRendererScratch/vcpkg_installed/x64-windows/Microsoft Visual Studio/18/Community/Common7/Tools/lib"
      - "D:/WaterSurfaceRendererScratch/vcpkg_installed/x64-windows/Users/xukeheng/AppData/Local/vcpkg/downloads/tools/powershell-core-7.5.4-windows/lib.com"
      - "D:/WaterSurfaceRendererScratch/vcpkg_installed/x64-windows/Users/xukeheng/AppData/Local/vcpkg/downloads/tools/powershell-core-7.5.4-windows/lib.exe"
      - "D:/WaterSurfaceRendererScratch/vcpkg_installed/x64-windows/Users/xukeheng/AppData/Local/vcpkg/downloads/tools/powershell-core-7.5.4-windows/lib"
      - "D:/WaterSurfaceRendererScratch/vcpkg_installed/x64-windows/Windows/System32/lib.com"
      - "D:/WaterSurfaceRendererScratch/vcpkg_installed/x64-windows/Windows/System32/lib.exe"
      - "D:/WaterSurfaceRendererScratch/vcpkg_installed/x64-windows/Windows/System32/lib"
      - "D:/WaterSurfaceRendererScratch/vcpkg_installed/x64-windows/Windows/lib.com"
      - "D:/WaterSurfaceRendererScratch/vcpkg_installed/x64-windows/Windows/lib.exe"
      - "D:/WaterSurfaceRendererScratch/vcpkg_installed/x64-windows/Windows/lib"
      - "D:/WaterSurfaceRendererScratch/vcpkg_installed/x64-windows/Windows/System32/wbem/lib.com"
      - "D:/WaterSurfaceRendererScratch/vcpkg_installed/x64-windows/Windows/System32/wbem/lib.exe"
      - "D:/WaterSurfaceRendererScratch/vcpkg_installed/x64-windows/Windows/System32/wbem/lib"
      - "D:/WaterSurfaceRendererScratch/vcpkg_installed/x64-windows/Windows/System32/WindowsPowerShell/v1.0/lib.com"
      - "D:/WaterSurfaceRendererScratch/vcpkg_installed/x64-windows/Windows/System32/WindowsPowerShell/v1.0/lib.exe"
      - "D:/WaterSurfaceRendererScratch/vcpkg_installed/x64-windows/Windows/System32/WindowsPowerShell/v1.0/lib"
      - "D:/WaterSurfaceRendererScratch/vcpkg_installed/x64-windows/Windows/System32/OpenSSH/lib.com"
      - "D:/WaterSurfaceRendererScratch/vcpkg_installed/x64-windows/Windows/System32/OpenSSH/lib.exe"
      - "D:/WaterSurfaceRendererScratch/vcpkg_installed/x64-windows/Windows/System32/OpenSSH/lib"
      - "D:/WaterSurfaceRendererScratch/vcpkg_installed/x64-windows/Microsoft Visual Studio/18/Community/Common7/IDE/CommonExtensions/Microsoft/CMake/CMake/bin/lib.com"
      - "D:/WaterSurfaceRendererScratch/vcpkg_installed/x64-windows/Microsoft Visual Studio/18/Community/Common7/IDE/CommonExtensions/Microsoft/CMake/CMake/bin/lib.exe"
      - "D:/WaterSurfaceRendererScratch/vcpkg_installed/x64-windows/Microsoft Visual Studio/18/Community/Common7/IDE/CommonExtensions/Microsoft/CMake/CMake/bin/lib"
      - "D:/WaterSurfaceRendererScratch/vcpkg_installed/x64-windows/Microsoft Visual Studio/18/Community/Common7/IDE/CommonExtensions/Microsoft/CMake/Ninja/lib.com"
      - "D:/WaterSurfaceRendererScratch/vcpkg_installed/x64-windows/Microsoft Visual Studio/18/Community/Common7/IDE/CommonExtensions/Microsoft/CMake/Ninja/lib.exe"
      - "D:/WaterSurfaceRendererScratch/vcpkg_installed/x64-windows/Microsoft Visual Studio/18/Community/Common7/IDE/CommonExtensions/Microsoft/CMake/Ninja/lib"
      - "D:/WaterSurfaceRendererScratch/vcpkg_installed/x64-windows/Microsoft Visual Studio/18/Community/Common7/IDE/VC/Linux/bin/ConnectionManagerExe/lib.com"
      - "D:/WaterSurfaceRendererScratch/vcpkg_installed/x64-windows/Microsoft Visual Studio/18/Community/Common7/IDE/VC/Linux/bin/ConnectionManagerExe/lib.exe"
      - "D:/WaterSurfaceRendererScratch/vcpkg_installed/x64-windows/Microsoft Visual Studio/18/Community/Common7/IDE/VC/Linux/bin/ConnectionManagerExe/lib"
      - "D:/WaterSurfaceRendererScratch/vcpkg_installed/x64-windows/Microsoft Visual Studio/18/Community/VC/vcpkg/lib.com"
      - "D:/WaterSurfaceRendererScratch/vcpkg_installed/x64-windows/Microsoft Visual Studio/18/Community/VC/vcpkg/lib.exe"
      - "D:/WaterSurfaceRendererScratch/vcpkg_installed/x64-windows/Microsoft Visual Studio/18/Community/VC/vcpkg/lib"
      - "D:/Microsoft Visual Studio/18/Community/VC/Tools/MSVC/14.51.36231/bin/Hostx64/x64/lib.com"
    found: "D:/Microsoft Visual Studio/18/Community/VC/Tools/MSVC/14.51.36231/bin/Hostx64/x64/lib.exe"
    search_context:
      CMAKE_PROGRAM_PATH:
        - "D:/WaterSurfaceRendererScratch/vcpkg_installed/x64-windows/tools"
      CMAKE_PREFIX_PATH:
        - "D:/WaterSurfaceRendererScratch/vcpkg_installed/x64-windows/debug"
        - "D:/WaterSurfaceRendererScratch/vcpkg_installed/x64-windows"
      ENV{PATH}:
        - "D:\\Microsoft Visual Studio\\18\\Community\\VC\\Tools\\MSVC\\14.51.36231\\bin\\HostX64\\x64"
        - "D:\\Microsoft Visual Studio\\18\\Community\\Common7\\IDE\\VC\\VCPackages"
        - "D:\\Microsoft Visual Studio\\18\\Community\\Common7\\IDE\\CommonExtensions\\Microsoft\\TestWindow"
        - "D:\\Microsoft Visual Studio\\18\\Community\\Common7\\IDE\\CommonExtensions\\Microsoft\\TeamFoundation\\Team Explorer"
        - "D:\\Microsoft Visual Studio\\18\\Community\\MSBuild\\Current\\bin\\Roslyn"
        - "C:\\Program Files (x86)\\Microsoft SDKs\\Windows\\v10.0A\\bin\\NETFX 4.8 Tools\\x64\\"
        - "D:\\Microsoft Visual Studio\\18\\Community\\Team Tools\\DiagnosticsHub\\Collector"
        - "D:\\Microsoft Visual Studio\\18\\Community\\Common7\\IDE\\Extensions\\Microsoft\\CodeCoverage.Console"
        - "C:\\Program Files (x86)\\Windows Kits\\10\\bin\\10.0.26100.0\\\\x64"
        - "C:\\Program Files (x86)\\Windows Kits\\10\\bin\\\\x64"
        - "D:\\Microsoft Visual Studio\\18\\Community\\\\MSBuild\\Current\\Bin\\amd64"
        - "C:\\Windows\\Microsoft.NET\\Framework64\\v4.0.30319"
        - "D:\\Microsoft Visual Studio\\18\\Community\\Common7\\IDE\\"
        - "D:\\Microsoft Visual Studio\\18\\Community\\Common7\\Tools\\"
        - "C:\\Users\\xukeheng\\AppData\\Local\\vcpkg\\downloads\\tools\\powershell-core-7.5.4-windows"
        - "C:\\windows\\system32"
        - "C:\\windows"
        - "C:\\windows\\system32\\Wbem"
        - "C:\\windows\\system32\\WindowsPowerShell\\v1.0\\"
        - "C:\\windows\\system32\\OpenSSH\\"
        - "D:\\Microsoft Visual Studio\\18\\Community\\Common7\\IDE\\CommonExtensions\\Microsoft\\CMake\\CMake\\bin"
        - "D:\\Microsoft Visual Studio\\18\\Community\\Common7\\IDE\\CommonExtensions\\Microsoft\\CMake\\Ninja"
        - "D:\\Microsoft Visual Studio\\18\\Community\\Common7\\IDE\\VC\\Linux\\bin\\ConnectionManagerExe"
        - "D:\\Microsoft Visual Studio\\18\\Community\\VC\\vcpkg"
        - "D:\\Microsoft Visual Studio\\18\\Community\\Common7\\IDE\\CommonExtensions\\Microsoft\\CMake\\Ninja"
        - "D:\\Microsoft Visual Studio\\18\\Community\\Common7\\IDE\\CommonExtensions\\Microsoft\\CMake\\Ninja"
        - "D:\\Microsoft Visual Studio\\18\\Community\\Common7\\IDE\\CommonExtensions\\Microsoft\\CMake\\Ninja"
      CMAKE_INSTALL_PREFIX: "D:/WaterSurfaceRendererScratch/vcpkg_installed/vcpkg/pkgs/fftw3_x64-windows/debug"
      CMAKE_FIND_ROOT_PATH: "D:/WaterSurfaceRendererScratch/vcpkg_installed/x64-windows/debug;D:/WaterSurfaceRendererScratch/vcpkg_installed/x64-windows"
  -
    kind: "find-v1"
    backtrace:
      - "D:/Microsoft Visual Studio/18/Community/Common7/IDE/CommonExtensions/Microsoft/CMake/CMake/share/cmake-4.3/Modules/CMakeDetermineCompiler.cmake:54 (find_program)"
      - "D:/Microsoft Visual Studio/18/Community/Common7/IDE/CommonExtensions/Microsoft/CMake/CMake/share/cmake-4.3/Modules/CMakeDetermineCXXCompiler.cmake:69 (_cmake_find_compiler)"
      - "CMakeLists.txt:7 (project)"
    mode: "program"
    variable: "CMAKE_CXX_COMPILER"
    description: "CXX compiler"
    settings:
      SearchFramework: "LAST"
      SearchAppBundle: "LAST"
      CMAKE_FIND_USE_CMAKE_PATH: true
      CMAKE_FIND_USE_CMAKE_ENVIRONMENT_PATH: true
      CMAKE_FIND_USE_SYSTEM_ENVIRONMENT_PATH: true
      CMAKE_FIND_USE_CMAKE_SYSTEM_PATH: true
      CMAKE_FIND_USE_INSTALL_PREFIX: true
    names:
      - "c++"
      - "g++"
      - "cl"
      - "bcc"
      - "icx"
      - "clang++"
    candidate_directories:
      - "D:/WaterSurfaceRendererScratch/vcpkg_installed/x64-windows/debug/Microsoft Visual Studio/18/Community/VC/Tools/MSVC/14.51.36231/bin/Hostx64/x64/"
      - "D:/WaterSurfaceRendererScratch/vcpkg_installed/x64-windows/Microsoft Visual Studio/18/Community/VC/Tools/MSVC/14.51.36231/bin/Hostx64/x64/"
      - "D:/Microsoft Visual Studio/18/Community/VC/Tools/MSVC/14.51.36231/bin/Hostx64/x64/"
    searched_directories:
      - "D:/WaterSurfaceRendererScratch/vcpkg_installed/x64-windows/debug/Microsoft Visual Studio/18/Community/VC/Tools/MSVC/14.51.36231/bin/Hostx64/x64/c++.com"
      - "D:/WaterSurfaceRendererScratch/vcpkg_installed/x64-windows/debug/Microsoft Visual Studio/18/Community/VC/Tools/MSVC/14.51.36231/bin/Hostx64/x64/c++.exe"
      - "D:/WaterSurfaceRendererScratch/vcpkg_installed/x64-windows/debug/Microsoft Visual Studio/18/Community/VC/Tools/MSVC/14.51.36231/bin/Hostx64/x64/c++"
      - "D:/WaterSurfaceRendererScratch/vcpkg_installed/x64-windows/Microsoft Visual Studio/18/Community/VC/Tools/MSVC/14.51.36231/bin/Hostx64/x64/c++.com"
      - "D:/WaterSurfaceRendererScratch/vcpkg_installed/x64-windows/Microsoft Visual Studio/18/Community/VC/Tools/MSVC/14.51.36231/bin/Hostx64/x64/c++.exe"
      - "D:/WaterSurfaceRendererScratch/vcpkg_installed/x64-windows/Microsoft Visual Studio/18/Community/VC/Tools/MSVC/14.51.36231/bin/Hostx64/x64/c++"
      - "D:/Microsoft Visual Studio/18/Community/VC/Tools/MSVC/14.51.36231/bin/Hostx64/x64/c++.com"
      - "D:/Microsoft Visual Studio/18/Community/VC/Tools/MSVC/14.51.36231/bin/Hostx64/x64/c++.exe"
      - "D:/Microsoft Visual Studio/18/Community/VC/Tools/MSVC/14.51.36231/bin/Hostx64/x64/c++"
      - "D:/WaterSurfaceRendererScratch/vcpkg_installed/x64-windows/debug/Microsoft Visual Studio/18/Community/VC/Tools/MSVC/14.51.36231/bin/Hostx64/x64/g++.com"
      - "D:/WaterSurfaceRendererScratch/vcpkg_installed/x64-windows/debug/Microsoft Visual Studio/18/Community/VC/Tools/MSVC/14.51.36231/bin/Hostx64/x64/g++.exe"
      - "D:/WaterSurfaceRendererScratch/vcpkg_installed/x64-windows/debug/Microsoft Visual Studio/18/Community/VC/Tools/MSVC/14.51.36231/bin/Hostx64/x64/g++"
      - "D:/WaterSurfaceRendererScratch/vcpkg_installed/x64-windows/Microsoft Visual Studio/18/Community/VC/Tools/MSVC/14.51.36231/bin/Hostx64/x64/g++.com"
      - "D:/WaterSurfaceRendererScratch/vcpkg_installed/x64-windows/Microsoft Visual Studio/18/Community/VC/Tools/MSVC/14.51.36231/bin/Hostx64/x64/g++.exe"
      - "D:/WaterSurfaceRendererScratch/vcpkg_installed/x64-windows/Microsoft Visual Studio/18/Community/VC/Tools/MSVC/14.51.36231/bin/Hostx64/x64/g++"
      - "D:/Microsoft Visual Studio/18/Community/VC/Tools/MSVC/14.51.36231/bin/Hostx64/x64/g++.com"
      - "D:/Microsoft Visual Studio/18/Community/VC/Tools/MSVC/14.51.36231/bin/Hostx64/x64/g++.exe"
      - "D:/Microsoft Visual Studio/18/Community/VC/Tools/MSVC/14.51.36231/bin/Hostx64/x64/g++"
      - "D:/WaterSurfaceRendererScratch/vcpkg_installed/x64-windows/debug/Microsoft Visual Studio/18/Community/VC/Tools/MSVC/14.51.36231/bin/Hostx64/x64/cl.com"
      - "D:/WaterSurfaceRendererScratch/vcpkg_installed/x64-windows/debug/Microsoft Visual Studio/18/Community/VC/Tools/MSVC/14.51.36231/bin/Hostx64/x64/cl.exe"
      - "D:/WaterSurfaceRendererScratch/vcpkg_installed/x64-windows/debug/Microsoft Visual Studio/18/Community/VC/Tools/MSVC/14.51.36231/bin/Hostx64/x64/cl"
      - "D:/WaterSurfaceRendererScratch/vcpkg_installed/x64-windows/Microsoft Visual Studio/18/Community/VC/Tools/MSVC/14.51.36231/bin/Hostx64/x64/cl.com"
      - "D:/WaterSurfaceRendererScratch/vcpkg_installed/x64-windows/Microsoft Visual Studio/18/Community/VC/Tools/MSVC/14.51.36231/bin/Hostx64/x64/cl.exe"
      - "D:/WaterSurfaceRendererScratch/vcpkg_installed/x64-windows/Microsoft Visual Studio/18/Community/VC/Tools/MSVC/14.51.36231/bin/Hostx64/x64/cl"
      - "D:/Microsoft Visual Studio/18/Community/VC/Tools/MSVC/14.51.36231/bin/Hostx64/x64/cl.com"
    found: "D:/Microsoft Visual Studio/18/Community/VC/Tools/MSVC/14.51.36231/bin/Hostx64/x64/cl.exe"
    search_context:
      CMAKE_PROGRAM_PATH:
        - "D:/WaterSurfaceRendererScratch/vcpkg_installed/x64-windows/tools"
      CMAKE_PREFIX_PATH:
        - "D:/WaterSurfaceRendererScratch/vcpkg_installed/x64-windows/debug"
        - "D:/WaterSurfaceRendererScratch/vcpkg_installed/x64-windows"
      ENV{PATH}:
        - "D:\\Microsoft Visual Studio\\18\\Community\\VC\\Tools\\MSVC\\14.51.36231\\bin\\HostX64\\x64"
        - "D:\\Microsoft Visual Studio\\18\\Community\\Common7\\IDE\\VC\\VCPackages"
        - "D:\\Microsoft Visual Studio\\18\\Community\\Common7\\IDE\\CommonExtensions\\Microsoft\\TestWindow"
        - "D:\\Microsoft Visual Studio\\18\\Community\\Common7\\IDE\\CommonExtensions\\Microsoft\\TeamFoundation\\Team Explorer"
        - "D:\\Microsoft Visual Studio\\18\\Community\\MSBuild\\Current\\bin\\Roslyn"
        - "C:\\Program Files (x86)\\Microsoft SDKs\\Windows\\v10.0A\\bin\\NETFX 4.8 Tools\\x64\\"
        - "D:\\Microsoft Visual Studio\\18\\Community\\Team Tools\\DiagnosticsHub\\Collector"
        - "D:\\Microsoft Visual Studio\\18\\Community\\Common7\\IDE\\Extensions\\Microsoft\\CodeCoverage.Console"
        - "C:\\Program Files (x86)\\Windows Kits\\10\\bin\\10.0.26100.0\\\\x64"
        - "C:\\Program Files (x86)\\Windows Kits\\10\\bin\\\\x64"
        - "D:\\Microsoft Visual Studio\\18\\Community\\\\MSBuild\\Current\\Bin\\amd64"
        - "C:\\Windows\\Microsoft.NET\\Framework64\\v4.0.30319"
        - "D:\\Microsoft Visual Studio\\18\\Community\\Common7\\IDE\\"
        - "D:\\Microsoft Visual Studio\\18\\Community\\Common7\\Tools\\"
        - "C:\\Users\\xukeheng\\AppData\\Local\\vcpkg\\downloads\\tools\\powershell-core-7.5.4-windows"
        - "C:\\windows\\system32"
        - "C:\\windows"
        - "C:\\windows\\system32\\Wbem"
        - "C:\\windows\\system32\\WindowsPowerShell\\v1.0\\"
        - "C:\\windows\\system32\\OpenSSH\\"
        - "D:\\Microsoft Visual Studio\\18\\Community\\Common7\\IDE\\CommonExtensions\\Microsoft\\CMake\\CMake\\bin"
        - "D:\\Microsoft Visual Studio\\18\\Community\\Common7\\IDE\\CommonExtensions\\Microsoft\\CMake\\Ninja"
        - "D:\\Microsoft Visual Studio\\18\\Community\\Common7\\IDE\\VC\\Linux\\bin\\ConnectionManagerExe"
        - "D:\\Microsoft Visual Studio\\18\\Community\\VC\\vcpkg"
        - "D:\\Microsoft Visual Studio\\18\\Community\\Common7\\IDE\\CommonExtensions\\Microsoft\\CMake\\Ninja"
        - "D:\\Microsoft Visual Studio\\18\\Community\\Common7\\IDE\\CommonExtensions\\Microsoft\\CMake\\Ninja"
        - "D:\\Microsoft Visual Studio\\18\\Community\\Common7\\IDE\\CommonExtensions\\Microsoft\\CMake\\Ninja"
      CMAKE_INSTALL_PREFIX: "D:/WaterSurfaceRendererScratch/vcpkg_installed/vcpkg/pkgs/fftw3_x64-windows/debug"
      CMAKE_FIND_ROOT_PATH: "D:/WaterSurfaceRendererScratch/vcpkg_installed/x64-windows/debug;D:/WaterSurfaceRendererScratch/vcpkg_installed/x64-windows"
  -
    kind: "find-v1"
    backtrace:
      - "D:/Microsoft Visual Studio/18/Community/Common7/IDE/CommonExtensions/Microsoft/CMake/CMake/share/cmake-4.3/Modules/CMakeDetermineCompilerId.cmake:468 (find_file)"
      - "D:/Microsoft Visual Studio/18/Community/Common7/IDE/CommonExtensions/Microsoft/CMake/CMake/share/cmake-4.3/Modules/CMakeDetermineCompilerId.cmake:506 (CMAKE_DETERMINE_COMPILER_ID_WRITE)"
      - "D:/Microsoft Visual Studio/18/Community/Common7/IDE/CommonExtensions/Microsoft/CMake/CMake/share/cmake-4.3/Modules/CMakeDetermineCompilerId.cmake:8 (CMAKE_DETERMINE_COMPILER_ID_BUILD)"
      - "D:/Microsoft Visual Studio/18/Community/Common7/IDE/CommonExtensions/Microsoft/CMake/CMake/share/cmake-4.3/Modules/CMakeDetermineCompilerId.cmake:64 (__determine_compiler_id_test)"
      - "D:/Microsoft Visual Studio/18/Community/Common7/IDE/CommonExtensions/Microsoft/CMake/CMake/share/cmake-4.3/Modules/CMakeDetermineCXXCompiler.cmake:125 (CMAKE_DETERMINE_COMPILER_ID)"
      - "CMakeLists.txt:7 (project)"
    mode: "file"
    variable: "src_in"
    description: "Path to a file."
    settings:
      SearchFramework: "LAST"
      SearchAppBundle: "LAST"
      CMAKE_FIND_USE_CMAKE_PATH: true
      CMAKE_FIND_USE_CMAKE_ENVIRONMENT_PATH: true
      CMAKE_FIND_USE_SYSTEM_ENVIRONMENT_PATH: true
      CMAKE_FIND_USE_CMAKE_SYSTEM_PATH: true
      CMAKE_FIND_USE_INSTALL_PREFIX: true
    names:
      - "CMakeCXXCompilerId.cpp.in"
    candidate_directories:
      - "D:/Microsoft Visual Studio/18/Community/Common7/IDE/CommonExtensions/Microsoft/CMake/CMake/share/cmake-4.3/Modules/"
    found: "D:/Microsoft Visual Studio/18/Community/Common7/IDE/CommonExtensions/Microsoft/CMake/CMake/share/cmake-4.3/Modules/CMakeCXXCompilerId.cpp.in"
    search_context:
      CMAKE_PREFIX_PATH:
        - "D:/WaterSurfaceRendererScratch/vcpkg_installed/x64-windows/debug"
        - "D:/WaterSurfaceRendererScratch/vcpkg_installed/x64-windows"
      ENV{PATH}:
        - "D:\\Microsoft Visual Studio\\18\\Community\\VC\\Tools\\MSVC\\14.51.36231\\bin\\HostX64\\x64"
        - "D:\\Microsoft Visual Studio\\18\\Community\\Common7\\IDE\\VC\\VCPackages"
        - "D:\\Microsoft Visual Studio\\18\\Community\\Common7\\IDE\\CommonExtensions\\Microsoft\\TestWindow"
        - "D:\\Microsoft Visual Studio\\18\\Community\\Common7\\IDE\\CommonExtensions\\Microsoft\\TeamFoundation\\Team Explorer"
        - "D:\\Microsoft Visual Studio\\18\\Community\\MSBuild\\Current\\bin\\Roslyn"
        - "C:\\Program Files (x86)\\Microsoft SDKs\\Windows\\v10.0A\\bin\\NETFX 4.8 Tools\\x64\\"
        - "D:\\Microsoft Visual Studio\\18\\Community\\Team Tools\\DiagnosticsHub\\Collector"
        - "D:\\Microsoft Visual Studio\\18\\Community\\Common7\\IDE\\Extensions\\Microsoft\\CodeCoverage.Console"
        - "C:\\Program Files (x86)\\Windows Kits\\10\\bin\\10.0.26100.0\\\\x64"
        - "C:\\Program Files (x86)\\Windows Kits\\10\\bin\\\\x64"
        - "D:\\Microsoft Visual Studio\\18\\Community\\\\MSBuild\\Current\\Bin\\amd64"
        - "C:\\Windows\\Microsoft.NET\\Framework64\\v4.0.30319"
        - "D:\\Microsoft Visual Studio\\18\\Community\\Common7\\IDE\\"
        - "D:\\Microsoft Visual Studio\\18\\Community\\Common7\\Tools\\"
        - "C:\\Users\\xukeheng\\AppData\\Local\\vcpkg\\downloads\\tools\\powershell-core-7.5.4-windows"
        - "C:\\windows\\system32"
        - "C:\\windows"
        - "C:\\windows\\system32\\Wbem"
        - "C:\\windows\\system32\\WindowsPowerShell\\v1.0\\"
        - "C:\\windows\\system32\\OpenSSH\\"
        - "D:\\Microsoft Visual Studio\\18\\Community\\Common7\\IDE\\CommonExtensions\\Microsoft\\CMake\\CMake\\bin"
        - "D:\\Microsoft Visual Studio\\18\\Community\\Common7\\IDE\\CommonExtensions\\Microsoft\\CMake\\Ninja"
        - "D:\\Microsoft Visual Studio\\18\\Community\\Common7\\IDE\\VC\\Linux\\bin\\ConnectionManagerExe"
        - "D:\\Microsoft Visual Studio\\18\\Community\\VC\\vcpkg"
        - "D:\\Microsoft Visual Studio\\18\\Community\\Common7\\IDE\\CommonExtensions\\Microsoft\\CMake\\Ninja"
        - "D:\\Microsoft Visual Studio\\18\\Community\\Common7\\IDE\\CommonExtensions\\Microsoft\\CMake\\Ninja"
        - "D:\\Microsoft Visual Studio\\18\\Community\\Common7\\IDE\\CommonExtensions\\Microsoft\\CMake\\Ninja"
      CMAKE_INSTALL_PREFIX: "D:/WaterSurfaceRendererScratch/vcpkg_installed/vcpkg/pkgs/fftw3_x64-windows/debug"
      CMAKE_FIND_ROOT_PATH: "D:/WaterSurfaceRendererScratch/vcpkg_installed/x64-windows/debug;D:/WaterSurfaceRendererScratch/vcpkg_installed/x64-windows"
      ENV{INCLUDE}:
        - "D:\\Microsoft Visual Studio\\18\\Community\\VC\\Tools\\MSVC\\14.51.36231\\include"
        - "D:\\Microsoft Visual Studio\\18\\Community\\VC\\Tools\\MSVC\\14.51.36231\\ATLMFC\\include"
        - "D:\\Microsoft Visual Studio\\18\\Community\\VC\\Auxiliary\\VS\\include"
        - "C:\\Program Files (x86)\\Windows Kits\\10\\include\\10.0.26100.0\\ucrt"
        - "C:\\Program Files (x86)\\Windows Kits\\10\\\\include\\10.0.26100.0\\\\um"
        - "C:\\Program Files (x86)\\Windows Kits\\10\\\\include\\10.0.26100.0\\\\shared"
        - "C:\\Program Files (x86)\\Windows Kits\\10\\\\include\\10.0.26100.0\\\\winrt"
        - "C:\\Program Files (x86)\\Windows Kits\\10\\\\include\\10.0.26100.0\\\\cppwinrt"
        - "C:\\Program Files (x86)\\Windows Kits\\NETFXSDK\\4.8\\include\\um"
  -
    kind: "message-v1"
    backtrace:
      - "D:/Microsoft Visual Studio/18/Community/Common7/IDE/CommonExtensions/Microsoft/CMake/CMake/share/cmake-4.3/Modules/CMakeDetermineCompilerId.cmake:17 (message)"
      - "D:/Microsoft Visual Studio/18/Community/Common7/IDE/CommonExtensions/Microsoft/CMake/CMake/share/cmake-4.3/Modules/CMakeDetermineCompilerId.cmake:64 (__determine_compiler_id_test)"
      - "D:/Microsoft Visual Studio/18/Community/Common7/IDE/CommonExtensions/Microsoft/CMake/CMake/share/cmake-4.3/Modules/CMakeDetermineCXXCompiler.cmake:125 (CMAKE_DETERMINE_COMPILER_ID)"
      - "CMakeLists.txt:7 (project)"
    message: |
      Compiling the CXX compiler identification source file "CMakeCXXCompilerId.cpp" succeeded.
      Compiler: D:/Microsoft Visual Studio/18/Community/VC/Tools/MSVC/14.51.36231/bin/Hostx64/x64/cl.exe 
      Build flags: /nologo;/DWIN32;/D_WINDOWS;/utf-8;/GR;/EHsc;/MP
      Id flags:  
      
      The output was:
      0
      CMakeCXXCompilerId.cpp
      
      
      Compilation of the CXX compiler identification source "CMakeCXXCompilerId.cpp" produced "CMakeCXXCompilerId.exe"
      
      Compilation of the CXX compiler identification source "CMakeCXXCompilerId.cpp" produced "CMakeCXXCompilerId.obj"
      
      The CXX compiler identification is MSVC, found in:
        D:/WaterSurfaceRendererScratch/vcpkg_installed/vcpkg/blds/fftw3/x64-windows-dbg/CMakeFiles/4.3.1-msvc1/CompilerIdCXX/CMakeCXXCompilerId.exe
      
  -
    kind: "message-v1"
    backtrace:
      - "D:/Microsoft Visual Studio/18/Community/Common7/IDE/CommonExtensions/Microsoft/CMake/CMake/share/cmake-4.3/Modules/CMakeDetermineCompilerId.cmake:1347 (message)"
      - "D:/Microsoft Visual Studio/18/Community/Common7/IDE/CommonExtensions/Microsoft/CMake/CMake/share/cmake-4.3/Modules/CMakeDetermineCompilerId.cmake:250 (CMAKE_DETERMINE_MSVC_SHOWINCLUDES_PREFIX)"
      - "D:/Microsoft Visual Studio/18/Community/Common7/IDE/CommonExtensions/Microsoft/CMake/CMake/share/cmake-4.3/Modules/CMakeDetermineCXXCompiler.cmake:125 (CMAKE_DETERMINE_COMPILER_ID)"
      - "CMakeLists.txt:7 (project)"
    message: |
      Detecting CXX compiler /showIncludes prefix:
        main.c
        注意: 包含文件:  D:\\WaterSurfaceRendererScratch\\vcpkg_installed\\vcpkg\\blds\\fftw3\\x64-windows-dbg\\CMakeFiles\\ShowIncludes\\foo.h
        
      Found prefix "注意: 包含文件:  "
  -
    kind: "find-v1"
    backtrace:
      - "D:/Microsoft Visual Studio/18/Community/Common7/IDE/CommonExtensions/Microsoft/CMake/CMake/share/cmake-4.3/Modules/CMakeFindBinUtils.cmake:37 (find_program)"
      - "D:/Microsoft Visual Studio/18/Community/Common7/IDE/CommonExtensions/Microsoft/CMake/CMake/share/cmake-4.3/Modules/CMakeFindBinUtils.cmake:65 (__resolve_tool_path)"
      - "D:/Microsoft Visual Studio/18/Community/Common7/IDE/CommonExtensions/Microsoft/CMake/CMake/share/cmake-4.3/Modules/CMakeFindBinUtils.cmake:104 (__resolve_linker_path)"
      - "D:/Microsoft Visual Studio/18/Community/Common7/IDE/CommonExtensions/Microsoft/CMake/CMake/share/cmake-4.3/Modules/CMakeDetermineCXXCompiler.cmake:206 (include)"
      - "CMakeLists.txt:7 (project)"
    mode: "program"
    variable: "_CMAKE_TOOL_WITH_PATH"
    description: "Path to a program."
    settings:
      SearchFramework: "LAST"
      SearchAppBundle: "LAST"
      CMAKE_FIND_USE_CMAKE_PATH: false
      CMAKE_FIND_USE_CMAKE_ENVIRONMENT_PATH: false
      CMAKE_FIND_USE_SYSTEM_ENVIRONMENT_PATH: true
      CMAKE_FIND_USE_CMAKE_SYSTEM_PATH: true
      CMAKE_FIND_USE_INSTALL_PREFIX: true
    names:
      - "lld-link"
    candidate_directories:
      - "D:/WaterSurfaceRendererScratch/vcpkg_installed/x64-windows/debug/Microsoft Visual Studio/18/Community/VC/Tools/MSVC/14.51.36231/bin/Hostx64/x64/"
      - "D:/WaterSurfaceRendererScratch/vcpkg_installed/x64-windows/debug/Microsoft Visual Studio/18/Community/Common7/IDE/VC/vcpackages/"
      - "D:/WaterSurfaceRendererScratch/vcpkg_installed/x64-windows/debug/Microsoft Visual Studio/18/Community/Common7/IDE/CommonExtensions/Microsoft/TestWindow/"
      - "D:/WaterSurfaceRendererScratch/vcpkg_installed/x64-windows/debug/Microsoft Visual Studio/18/Community/Common7/IDE/CommonExtensions/Microsoft/TeamFoundation/Team Explorer/"
      - "D:/WaterSurfaceRendererScratch/vcpkg_installed/x64-windows/debug/Microsoft Visual Studio/18/Community/MSBuild/Current/Bin/Roslyn/"
      - "D:/WaterSurfaceRendererScratch/vcpkg_installed/x64-windows/debug/Program Files (x86)/Microsoft SDKs/Windows/v10.0A/bin/NETFX 4.8 Tools/x64/"
      - "D:/WaterSurfaceRendererScratch/vcpkg_installed/x64-windows/debug/Microsoft Visual Studio/18/Community/Team Tools/DiagnosticsHub/Collector/"
      - "D:/WaterSurfaceRendererScratch/vcpkg_installed/x64-windows/debug/Microsoft Visual Studio/18/Community/Common7/IDE/Extensions/Microsoft/CodeCoverage.Console/"
      - "D:/WaterSurfaceRendererScratch/vcpkg_installed/x64-windows/debug/Program Files (x86)/Windows Kits/10/bin/10.0.26100.0/x64/"
      - "D:/WaterSurfaceRendererScratch/vcpkg_installed/x64-windows/debug/Program Files (x86)/Windows Kits/10/bin/x64/"
      - "D:/WaterSurfaceRendererScratch/vcpkg_installed/x64-windows/debug/Microsoft Visual Studio/18/Community/MSBuild/Current/Bin/amd64/"
      - "D:/WaterSurfaceRendererScratch/vcpkg_installed/x64-windows/debug/Windows/Microsoft.NET/Framework64/v4.0.30319/"
      - "D:/WaterSurfaceRendererScratch/vcpkg_installed/x64-windows/debug/Microsoft Visual Studio/18/Community/Common7/IDE/"
      - "D:/WaterSurfaceRendererScratch/vcpkg_installed/x64-windows/debug/Microsoft Visual Studio/18/Community/Common7/Tools/"
      - "D:/WaterSurfaceRendererScratch/vcpkg_installed/x64-windows/debug/Users/xukeheng/AppData/Local/vcpkg/downloads/tools/powershell-core-7.5.4-windows/"
      - "D:/WaterSurfaceRendererScratch/vcpkg_installed/x64-windows/debug/Windows/System32/"
      - "D:/WaterSurfaceRendererScratch/vcpkg_installed/x64-windows/debug/Windows/"
      - "D:/WaterSurfaceRendererScratch/vcpkg_installed/x64-windows/debug/Windows/System32/wbem/"
      - "D:/WaterSurfaceRendererScratch/vcpkg_installed/x64-windows/debug/Windows/System32/WindowsPowerShell/v1.0/"
      - "D:/WaterSurfaceRendererScratch/vcpkg_installed/x64-windows/debug/Windows/System32/OpenSSH/"
      - "D:/WaterSurfaceRendererScratch/vcpkg_installed/x64-windows/debug/Microsoft Visual Studio/18/Community/Common7/IDE/CommonExtensions/Microsoft/CMake/CMake/bin/"
      - "D:/WaterSurfaceRendererScratch/vcpkg_installed/x64-windows/debug/Microsoft Visual Studio/18/Community/Common7/IDE/CommonExtensions/Microsoft/CMake/Ninja/"
      - "D:/WaterSurfaceRendererScratch/vcpkg_installed/x64-windows/debug/Microsoft Visual Studio/18/Community/Common7/IDE/VC/Linux/bin/ConnectionManagerExe/"
      - "D:/WaterSurfaceRendererScratch/vcpkg_installed/x64-windows/debug/Microsoft Visual Studio/18/Community/VC/vcpkg/"
      - "D:/WaterSurfaceRendererScratch/vcpkg_installed/x64-windows/Microsoft Visual Studio/18/Community/VC/Tools/MSVC/14.51.36231/bin/Hostx64/x64/"
      - "D:/WaterSurfaceRendererScratch/vcpkg_installed/x64-windows/Microsoft Visual Studio/18/Community/Common7/IDE/VC/vcpackages/"
      - "D:/WaterSurfaceRendererScratch/vcpkg_installed/x64-windows/Microsoft Visual Studio/18/Community/Common7/IDE/CommonExtensions/Microsoft/TestWindow/"
      - "D:/WaterSurfaceRendererScratch/vcpkg_installed/x64-windows/Microsoft Visual Studio/18/Community/Common7/IDE/CommonExtensions/Microsoft/TeamFoundation/Team Explorer/"
      - "D:/WaterSurfaceRendererScratch/vcpkg_installed/x64-windows/Microsoft Visual Studio/18/Community/MSBuild/Current/Bin/Roslyn/"
      - "D:/WaterSurfaceRendererScratch/vcpkg_installed/x64-windows/Program Files (x86)/Microsoft SDKs/Windows/v10.0A/bin/NETFX 4.8 Tools/x64/"
      - "D:/WaterSurfaceRendererScratch/vcpkg_installed/x64-windows/Microsoft Visual Studio/18/Community/Team Tools/DiagnosticsHub/Collector/"
      - "D:/WaterSurfaceRendererScratch/vcpkg_installed/x64-windows/Microsoft Visual Studio/18/Community/Common7/IDE/Extensions/Microsoft/CodeCoverage.Console/"
      - "D:/WaterSurfaceRendererScratch/vcpkg_installed/x64-windows/Program Files (x86)/Windows Kits/10/bin/10.0.26100.0/x64/"
      - "D:/WaterSurfaceRendererScratch/vcpkg_installed/x64-windows/Program Files (x86)/Windows Kits/10/bin/x64/"
      - "D:/WaterSurfaceRendererScratch/vcpkg_installed/x64-windows/Microsoft Visual Studio/18/Community/MSBuild/Current/Bin/amd64/"
      - "D:/WaterSurfaceRendererScratch/vcpkg_installed/x64-windows/Windows/Microsoft.NET/Framework64/v4.0.30319/"
      - "D:/WaterSurfaceRendererScratch/vcpkg_installed/x64-windows/Microsoft Visual Studio/18/Community/Common7/IDE/"
      - "D:/WaterSurfaceRendererScratch/vcpkg_installed/x64-windows/Microsoft Visual Studio/18/Community/Common7/Tools/"
      - "D:/WaterSurfaceRendererScratch/vcpkg_installed/x64-windows/Users/xukeheng/AppData/Local/vcpkg/downloads/tools/powershell-core-7.5.4-windows/"
      - "D:/WaterSurfaceRendererScratch/vcpkg_installed/x64-windows/Windows/System32/"
      - "D:/WaterSurfaceRendererScratch/vcpkg_installed/x64-windows/Windows/"
      - "D:/WaterSurfaceRendererScratch/vcpkg_installed/x64-windows/Windows/System32/wbem/"
      - "D:/WaterSurfaceRendererScratch/vcpkg_installed/x64-windows/Windows/System32/WindowsPowerShell/v1.0/"
      - "D:/WaterSurfaceRendererScratch/vcpkg_installed/x64-windows/Windows/System32/OpenSSH/"
      - "D:/WaterSurfaceRendererScratch/vcpkg_installed/x64-windows/Microsoft Visual Studio/18/Community/Common7/IDE/CommonExtensions/Microsoft/CMake/CMake/bin/"
      - "D:/WaterSurfaceRendererScratch/vcpkg_installed/x64-windows/Microsoft Visual Studio/18/Community/Common7/IDE/CommonExtensions/Microsoft/CMake/Ninja/"
      - "D:/WaterSurfaceRendererScratch/vcpkg_installed/x64-windows/Microsoft Visual Studio/18/Community/Common7/IDE/VC/Linux/bin/ConnectionManagerExe/"
      - "D:/WaterSurfaceRendererScratch/vcpkg_installed/x64-windows/Microsoft Visual Studio/18/Community/VC/vcpkg/"
      - "D:/Microsoft Visual Studio/18/Community/VC/Tools/MSVC/14.51.36231/bin/Hostx64/x64/"
      - "D:/Microsoft Visual Studio/18/Community/Common7/IDE/VC/vcpackages/"
      - "D:/Microsoft Visual Studio/18/Community/Common7/IDE/CommonExtensions/Microsoft/TestWindow/"
      - "D:/Microsoft Visual Studio/18/Community/Common7/IDE/CommonExtensions/Microsoft/TeamFoundation/Team Explorer/"
      - "D:/Microsoft Visual Studio/18/Community/MSBuild/Current/Bin/Roslyn/"
      - "C:/Program Files (x86)/Microsoft SDKs/Windows/v10.0A/bin/NETFX 4.8 Tools/x64/"
      - "D:/Microsoft Visual Studio/18/Community/Team Tools/DiagnosticsHub/Collector/"
      - "D:/Microsoft Visual Studio/18/Community/Common7/IDE/Extensions/Microsoft/CodeCoverage.Console/"
      - "C:/Program Files (x86)/Windows Kits/10/bin/10.0.26100.0/x64/"
      - "C:/Program Files (x86)/Windows Kits/10/bin/x64/"
      - "D:/Microsoft Visual Studio/18/Community/MSBuild/Current/Bin/amd64/"
      - "C:/Windows/Microsoft.NET/Framework64/v4.0.30319/"
      - "D:/Microsoft Visual Studio/18/Community/Common7/IDE/"
      - "D:/Microsoft Visual Studio/18/Community/Common7/Tools/"
      - "C:/Users/xukeheng/AppData/Local/vcpkg/downloads/tools/powershell-core-7.5.4-windows/"
      - "C:/Windows/System32/"
      - "C:/Windows/"
      - "C:/Windows/System32/wbem/"
      - "C:/Windows/System32/WindowsPowerShell/v1.0/"
      - "C:/Windows/System32/OpenSSH/"
      - "D:/Microsoft Visual Studio/18/Community/Common7/IDE/CommonExtensions/Microsoft/CMake/CMake/bin/"
      - "D:/Microsoft Visual Studio/18/Community/Common7/IDE/CommonExtensions/Microsoft/CMake/Ninja/"
      - "D:/Microsoft Visual Studio/18/Community/Common7/IDE/VC/Linux/bin/ConnectionManagerExe/"
      - "D:/Microsoft Visual Studio/18/Community/VC/vcpkg/"
    searched_directories:
      - "D:/WaterSurfaceRendererScratch/vcpkg_installed/x64-windows/debug/Microsoft Visual Studio/18/Community/VC/Tools/MSVC/14.51.36231/bin/Hostx64/x64/lld-link.com"
      - "D:/WaterSurfaceRendererScratch/vcpkg_installed/x64-windows/debug/Microsoft Visual Studio/18/Community/VC/Tools/MSVC/14.51.36231/bin/Hostx64/x64/lld-link.exe"
      - "D:/WaterSurfaceRendererScratch/vcpkg_installed/x64-windows/debug/Microsoft Visual Studio/18/Community/VC/Tools/MSVC/14.51.36231/bin/Hostx64/x64/lld-link"
      - "D:/WaterSurfaceRendererScratch/vcpkg_installed/x64-windows/debug/Microsoft Visual Studio/18/Community/Common7/IDE/VC/vcpackages/lld-link.com"
      - "D:/WaterSurfaceRendererScratch/vcpkg_installed/x64-windows/debug/Microsoft Visual Studio/18/Community/Common7/IDE/VC/vcpackages/lld-link.exe"
      - "D:/WaterSurfaceRendererScratch/vcpkg_installed/x64-windows/debug/Microsoft Visual Studio/18/Community/Common7/IDE/VC/vcpackages/lld-link"
      - "D:/WaterSurfaceRendererScratch/vcpkg_installed/x64-windows/debug/Microsoft Visual Studio/18/Community/Common7/IDE/CommonExtensions/Microsoft/TestWindow/lld-link.com"
      - "D:/WaterSurfaceRendererScratch/vcpkg_installed/x64-windows/debug/Microsoft Visual Studio/18/Community/Common7/IDE/CommonExtensions/Microsoft/TestWindow/lld-link.exe"
      - "D:/WaterSurfaceRendererScratch/vcpkg_installed/x64-windows/debug/Microsoft Visual Studio/18/Community/Common7/IDE/CommonExtensions/Microsoft/TestWindow/lld-link"
      - "D:/WaterSurfaceRendererScratch/vcpkg_installed/x64-windows/debug/Microsoft Visual Studio/18/Community/Common7/IDE/CommonExtensions/Microsoft/TeamFoundation/Team Explorer/lld-link.com"
      - "D:/WaterSurfaceRendererScratch/vcpkg_installed/x64-windows/debug/Microsoft Visual Studio/18/Community/Common7/IDE/CommonExtensions/Microsoft/TeamFoundation/Team Explorer/lld-link.exe"
      - "D:/WaterSurfaceRendererScratch/vcpkg_installed/x64-windows/debug/Microsoft Visual Studio/18/Community/Common7/IDE/CommonExtensions/Microsoft/TeamFoundation/Team Explorer/lld-link"
      - "D:/WaterSurfaceRendererScratch/vcpkg_installed/x64-windows/debug/Microsoft Visual Studio/18/Community/MSBuild/Current/Bin/Roslyn/lld-link.com"
      - "D:/WaterSurfaceRendererScratch/vcpkg_installed/x64-windows/debug/Microsoft Visual Studio/18/Community/MSBuild/Current/Bin/Roslyn/lld-link.exe"
      - "D:/WaterSurfaceRendererScratch/vcpkg_installed/x64-windows/debug/Microsoft Visual Studio/18/Community/MSBuild/Current/Bin/Roslyn/lld-link"
      - "D:/WaterSurfaceRendererScratch/vcpkg_installed/x64-windows/debug/Program Files (x86)/Microsoft SDKs/Windows/v10.0A/bin/NETFX 4.8 Tools/x64/lld-link.com"
      - "D:/WaterSurfaceRendererScratch/vcpkg_installed/x64-windows/debug/Program Files (x86)/Microsoft SDKs/Windows/v10.0A/bin/NETFX 4.8 Tools/x64/lld-link.exe"
      - "D:/WaterSurfaceRendererScratch/vcpkg_installed/x64-windows/debug/Program Files (x86)/Microsoft SDKs/Windows/v10.0A/bin/NETFX 4.8 Tools/x64/lld-link"
      - "D:/WaterSurfaceRendererScratch/vcpkg_installed/x64-windows/debug/Microsoft Visual Studio/18/Community/Team Tools/DiagnosticsHub/Collector/lld-link.com"
      - "D:/WaterSurfaceRendererScratch/vcpkg_installed/x64-windows/debug/Microsoft Visual Studio/18/Community/Team Tools/DiagnosticsHub/Collector/lld-link.exe"
      - "D:/WaterSurfaceRendererScratch/vcpkg_installed/x64-windows/debug/Microsoft Visual Studio/18/Community/Team Tools/DiagnosticsHub/Collector/lld-link"
      - "D:/WaterSurfaceRendererScratch/vcpkg_installed/x64-windows/debug/Microsoft Visual Studio/18/Community/Common7/IDE/Extensions/Microsoft/CodeCoverage.Console/lld-link.com"
      - "D:/WaterSurfaceRendererScratch/vcpkg_installed/x64-windows/debug/Microsoft Visual Studio/18/Community/Common7/IDE/Extensions/Microsoft/CodeCoverage.Console/lld-link.exe"
      - "D:/WaterSurfaceRendererScratch/vcpkg_installed/x64-windows/debug/Microsoft Visual Studio/18/Community/Common7/IDE/Extensions/Microsoft/CodeCoverage.Console/lld-link"
      - "D:/WaterSurfaceRendererScratch/vcpkg_installed/x64-windows/debug/Program Files (x86)/Windows Kits/10/bin/10.0.26100.0/x64/lld-link.com"
      - "D:/WaterSurfaceRendererScratch/vcpkg_installed/x64-windows/debug/Program Files (x86)/Windows Kits/10/bin/10.0.26100.0/x64/lld-link.exe"
      - "D:/WaterSurfaceRendererScratch/vcpkg_installed/x64-windows/debug/Program Files (x86)/Windows Kits/10/bin/10.0.26100.0/x64/lld-link"
      - "D:/WaterSurfaceRendererScratch/vcpkg_installed/x64-windows/debug/Program Files (x86)/Windows Kits/10/bin/x64/lld-link.com"
      - "D:/WaterSurfaceRendererScratch/vcpkg_installed/x64-windows/debug/Program Files (x86)/Windows Kits/10/bin/x64/lld-link.exe"
      - "D:/WaterSurfaceRendererScratch/vcpkg_installed/x64-windows/debug/Program Files (x86)/Windows Kits/10/bin/x64/lld-link"
      - "D:/WaterSurfaceRendererScratch/vcpkg_installed/x64-windows/debug/Microsoft Visual Studio/18/Community/MSBuild/Current/Bin/amd64/lld-link.com"
      - "D:/WaterSurfaceRendererScratch/vcpkg_installed/x64-windows/debug/Microsoft Visual Studio/18/Community/MSBuild/Current/Bin/amd64/lld-link.exe"
      - "D:/WaterSurfaceRendererScratch/vcpkg_installed/x64-windows/debug/Microsoft Visual Studio/18/Community/MSBuild/Current/Bin/amd64/lld-link"
      - "D:/WaterSurfaceRendererScratch/vcpkg_installed/x64-windows/debug/Windows/Microsoft.NET/Framework64/v4.0.30319/lld-link.com"
      - "D:/WaterSurfaceRendererScratch/vcpkg_installed/x64-windows/debug/Windows/Microsoft.NET/Framework64/v4.0.30319/lld-link.exe"
      - "D:/WaterSurfaceRendererScratch/vcpkg_installed/x64-windows/debug/Windows/Microsoft.NET/Framework64/v4.0.30319/lld-link"
      - "D:/WaterSurfaceRendererScratch/vcpkg_installed/x64-windows/debug/Microsoft Visual Studio/18/Community/Common7/IDE/lld-link.com"
      - "D:/WaterSurfaceRendererScratch/vcpkg_installed/x64-windows/debug/Microsoft Visual Studio/18/Community/Common7/IDE/lld-link.exe"
      - "D:/WaterSurfaceRendererScratch/vcpkg_installed/x64-windows/debug/Microsoft Visual Studio/18/Community/Common7/IDE/lld-link"
      - "D:/WaterSurfaceRendererScratch/vcpkg_installed/x64-windows/debug/Microsoft Visual Studio/18/Community/Common7/Tools/lld-link.com"
      - "D:/WaterSurfaceRendererScratch/vcpkg_installed/x64-windows/debug/Microsoft Visual Studio/18/Community/Common7/Tools/lld-link.exe"
      - "D:/WaterSurfaceRendererScratch/vcpkg_installed/x64-windows/debug/Microsoft Visual Studio/18/Community/Common7/Tools/lld-link"
      - "D:/WaterSurfaceRendererScratch/vcpkg_installed/x64-windows/debug/Users/xukeheng/AppData/Local/vcpkg/downloads/tools/powershell-core-7.5.4-windows/lld-link.com"
      - "D:/WaterSurfaceRendererScratch/vcpkg_installed/x64-windows/debug/Users/xukeheng/AppData/Local/vcpkg/downloads/tools/powershell-core-7.5.4-windows/lld-link.exe"
      - "D:/WaterSurfaceRendererScratch/vcpkg_installed/x64-windows/debug/Users/xukeheng/AppData/Local/vcpkg/downloads/tools/powershell-core-7.5.4-windows/lld-link"
      - "D:/WaterSurfaceRendererScratch/vcpkg_installed/x64-windows/debug/Windows/System32/lld-link.com"
      - "D:/WaterSurfaceRendererScratch/vcpkg_installed/x64-windows/debug/Windows/System32/lld-link.exe"
      - "D:/WaterSurfaceRendererScratch/vcpkg_installed/x64-windows/debug/Windows/System32/lld-link"
      - "D:/WaterSurfaceRendererScratch/vcpkg_installed/x64-windows/debug/Windows/lld-link.com"
      - "D:/WaterSurfaceRendererScratch/vcpkg_installed/x64-windows/debug/Windows/lld-link.exe"
      - "D:/WaterSurfaceRendererScratch/vcpkg_installed/x64-windows/debug/Windows/lld-link"
      - "D:/WaterSurfaceRendererScratch/vcpkg_installed/x64-windows/debug/Windows/System32/wbem/lld-link.com"
      - "D:/WaterSurfaceRendererScratch/vcpkg_installed/x64-windows/debug/Windows/System32/wbem/lld-link.exe"
      - "D:/WaterSurfaceRendererScratch/vcpkg_installed/x64-windows/debug/Windows/System32/wbem/lld-link"
      - "D:/WaterSurfaceRendererScratch/vcpkg_installed/x64-windows/debug/Windows/System32/WindowsPowerShell/v1.0/lld-link.com"
      - "D:/WaterSurfaceRendererScratch/vcpkg_installed/x64-windows/debug/Windows/System32/WindowsPowerShell/v1.0/lld-link.exe"
      - "D:/WaterSurfaceRendererScratch/vcpkg_installed/x64-windows/debug/Windows/System32/WindowsPowerShell/v1.0/lld-link"
      - "D:/WaterSurfaceRendererScratch/vcpkg_installed/x64-windows/debug/Windows/System32/OpenSSH/lld-link.com"
      - "D:/WaterSurfaceRendererScratch/vcpkg_installed/x64-windows/debug/Windows/System32/OpenSSH/lld-link.exe"
      - "D:/WaterSurfaceRendererScratch/vcpkg_installed/x64-windows/debug/Windows/System32/OpenSSH/lld-link"
      - "D:/WaterSurfaceRendererScratch/vcpkg_installed/x64-windows/debug/Microsoft Visual Studio/18/Community/Common7/IDE/CommonExtensions/Microsoft/CMake/CMake/bin/lld-link.com"
      - "D:/WaterSurfaceRendererScratch/vcpkg_installed/x64-windows/debug/Microsoft Visual Studio/18/Community/Common7/IDE/CommonExtensions/Microsoft/CMake/CMake/bin/lld-link.exe"
      - "D:/WaterSurfaceRendererScratch/vcpkg_installed/x64-windows/debug/Microsoft Visual Studio/18/Community/Common7/IDE/CommonExtensions/Microsoft/CMake/CMake/bin/lld-link"
      - "D:/WaterSurfaceRendererScratch/vcpkg_installed/x64-windows/debug/Microsoft Visual Studio/18/Community/Common7/IDE/CommonExtensions/Microsoft/CMake/Ninja/lld-link.com"
      - "D:/WaterSurfaceRendererScratch/vcpkg_installed/x64-windows/debug/Microsoft Visual Studio/18/Community/Common7/IDE/CommonExtensions/Microsoft/CMake/Ninja/lld-link.exe"
      - "D:/WaterSurfaceRendererScratch/vcpkg_installed/x64-windows/debug/Microsoft Visual Studio/18/Community/Common7/IDE/CommonExtensions/Microsoft/CMake/Ninja/lld-link"
      - "D:/WaterSurfaceRendererScratch/vcpkg_installed/x64-windows/debug/Microsoft Visual Studio/18/Community/Common7/IDE/VC/Linux/bin/ConnectionManagerExe/lld-link.com"
      - "D:/WaterSurfaceRendererScratch/vcpkg_installed/x64-windows/debug/Microsoft Visual Studio/18/Community/Common7/IDE/VC/Linux/bin/ConnectionManagerExe/lld-link.exe"
      - "D:/WaterSurfaceRendererScratch/vcpkg_installed/x64-windows/debug/Microsoft Visual Studio/18/Community/Common7/IDE/VC/Linux/bin/ConnectionManagerExe/lld-link"
      - "D:/WaterSurfaceRendererScratch/vcpkg_installed/x64-windows/debug/Microsoft Visual Studio/18/Community/VC/vcpkg/lld-link.com"
      - "D:/WaterSurfaceRendererScratch/vcpkg_installed/x64-windows/debug/Microsoft Visual Studio/18/Community/VC/vcpkg/lld-link.exe"
      - "D:/WaterSurfaceRendererScratch/vcpkg_installed/x64-windows/debug/Microsoft Visual Studio/18/Community/VC/vcpkg/lld-link"
      - "D:/WaterSurfaceRendererScratch/vcpkg_installed/x64-windows/Microsoft Visual Studio/18/Community/VC/Tools/MSVC/14.51.36231/bin/Hostx64/x64/lld-link.com"
      - "D:/WaterSurfaceRendererScratch/vcpkg_installed/x64-windows/Microsoft Visual Studio/18/Community/VC/Tools/MSVC/14.51.36231/bin/Hostx64/x64/lld-link.exe"
      - "D:/WaterSurfaceRendererScratch/vcpkg_installed/x64-windows/Microsoft Visual Studio/18/Community/VC/Tools/MSVC/14.51.36231/bin/Hostx64/x64/lld-link"
      - "D:/WaterSurfaceRendererScratch/vcpkg_installed/x64-windows/Microsoft Visual Studio/18/Community/Common7/IDE/VC/vcpackages/lld-link.com"
      - "D:/WaterSurfaceRendererScratch/vcpkg_installed/x64-windows/Microsoft Visual Studio/18/Community/Common7/IDE/VC/vcpackages/lld-link.exe"
      - "D:/WaterSurfaceRendererScratch/vcpkg_installed/x64-windows/Microsoft Visual Studio/18/Community/Common7/IDE/VC/vcpackages/lld-link"
      - "D:/WaterSurfaceRendererScratch/vcpkg_installed/x64-windows/Microsoft Visual Studio/18/Community/Common7/IDE/CommonExtensions/Microsoft/TestWindow/lld-link.com"
      - "D:/WaterSurfaceRendererScratch/vcpkg_installed/x64-windows/Microsoft Visual Studio/18/Community/Common7/IDE/CommonExtensions/Microsoft/TestWindow/lld-link.exe"
      - "D:/WaterSurfaceRendererScratch/vcpkg_installed/x64-windows/Microsoft Visual Studio/18/Community/Common7/IDE/CommonExtensions/Microsoft/TestWindow/lld-link"
      - "D:/WaterSurfaceRendererScratch/vcpkg_installed/x64-windows/Microsoft Visual Studio/18/Community/Common7/IDE/CommonExtensions/Microsoft/TeamFoundation/Team Explorer/lld-link.com"
      - "D:/WaterSurfaceRendererScratch/vcpkg_installed/x64-windows/Microsoft Visual Studio/18/Community/Common7/IDE/CommonExtensions/Microsoft/TeamFoundation/Team Explorer/lld-link.exe"
      - "D:/WaterSurfaceRendererScratch/vcpkg_installed/x64-windows/Microsoft Visual Studio/18/Community/Common7/IDE/CommonExtensions/Microsoft/TeamFoundation/Team Explorer/lld-link"
      - "D:/WaterSurfaceRendererScratch/vcpkg_installed/x64-windows/Microsoft Visual Studio/18/Community/MSBuild/Current/Bin/Roslyn/lld-link.com"
      - "D:/WaterSurfaceRendererScratch/vcpkg_installed/x64-windows/Microsoft Visual Studio/18/Community/MSBuild/Current/Bin/Roslyn/lld-link.exe"
      - "D:/WaterSurfaceRendererScratch/vcpkg_installed/x64-windows/Microsoft Visual Studio/18/Community/MSBuild/Current/Bin/Roslyn/lld-link"
      - "D:/WaterSurfaceRendererScratch/vcpkg_installed/x64-windows/Program Files (x86)/Microsoft SDKs/Windows/v10.0A/bin/NETFX 4.8 Tools/x64/lld-link.com"
      - "D:/WaterSurfaceRendererScratch/vcpkg_installed/x64-windows/Program Files (x86)/Microsoft SDKs/Windows/v10.0A/bin/NETFX 4.8 Tools/x64/lld-link.exe"
      - "D:/WaterSurfaceRendererScratch/vcpkg_installed/x64-windows/Program Files (x86)/Microsoft SDKs/Windows/v10.0A/bin/NETFX 4.8 Tools/x64/lld-link"
      - "D:/WaterSurfaceRendererScratch/vcpkg_installed/x64-windows/Microsoft Visual Studio/18/Community/Team Tools/DiagnosticsHub/Collector/lld-link.com"
      - "D:/WaterSurfaceRendererScratch/vcpkg_installed/x64-windows/Microsoft Visual Studio/18/Community/Team Tools/DiagnosticsHub/Collector/lld-link.exe"
      - "D:/WaterSurfaceRendererScratch/vcpkg_installed/x64-windows/Microsoft Visual Studio/18/Community/Team Tools/DiagnosticsHub/Collector/lld-link"
      - "D:/WaterSurfaceRendererScratch/vcpkg_installed/x64-windows/Microsoft Visual Studio/18/Community/Common7/IDE/Extensions/Microsoft/CodeCoverage.Console/lld-link.com"
      - "D:/WaterSurfaceRendererScratch/vcpkg_installed/x64-windows/Microsoft Visual Studio/18/Community/Common7/IDE/Extensions/Microsoft/CodeCoverage.Console/lld-link.exe"
      - "D:/WaterSurfaceRendererScratch/vcpkg_installed/x64-windows/Microsoft Visual Studio/18/Community/Common7/IDE/Extensions/Microsoft/CodeCoverage.Console/lld-link"
      - "D:/WaterSurfaceRendererScratch/vcpkg_installed/x64-windows/Program Files (x86)/Windows Kits/10/bin/10.0.26100.0/x64/lld-link.com"
      - "D:/WaterSurfaceRendererScratch/vcpkg_installed/x64-windows/Program Files (x86)/Windows Kits/10/bin/10.0.26100.0/x64/lld-link.exe"
      - "D:/WaterSurfaceRendererScratch/vcpkg_installed/x64-windows/Program Files (x86)/Windows Kits/10/bin/10.0.26100.0/x64/lld-link"
      - "D:/WaterSurfaceRendererScratch/vcpkg_installed/x64-windows/Program Files (x86)/Windows Kits/10/bin/x64/lld-link.com"
      - "D:/WaterSurfaceRendererScratch/vcpkg_installed/x64-windows/Program Files (x86)/Windows Kits/10/bin/x64/lld-link.exe"
      - "D:/WaterSurfaceRendererScratch/vcpkg_installed/x64-windows/Program Files (x86)/Windows Kits/10/bin/x64/lld-link"
      - "D:/WaterSurfaceRendererScratch/vcpkg_installed/x64-windows/Microsoft Visual Studio/18/Community/MSBuild/Current/Bin/amd64/lld-link.com"
      - "D:/WaterSurfaceRendererScratch/vcpkg_installed/x64-windows/Microsoft Visual Studio/18/Community/MSBuild/Current/Bin/amd64/lld-link.exe"
      - "D:/WaterSurfaceRendererScratch/vcpkg_installed/x64-windows/Microsoft Visual Studio/18/Community/MSBuild/Current/Bin/amd64/lld-link"
      - "D:/WaterSurfaceRendererScratch/vcpkg_installed/x64-windows/Windows/Microsoft.NET/Framework64/v4.0.30319/lld-link.com"
      - "D:/WaterSurfaceRendererScratch/vcpkg_installed/x64-windows/Windows/Microsoft.NET/Framework64/v4.0.30319/lld-link.exe"
      - "D:/WaterSurfaceRendererScratch/vcpkg_installed/x64-windows/Windows/Microsoft.NET/Framework64/v4.0.30319/lld-link"
      - "D:/WaterSurfaceRendererScratch/vcpkg_installed/x64-windows/Microsoft Visual Studio/18/Community/Common7/IDE/lld-link.com"
      - "D:/WaterSurfaceRendererScratch/vcpkg_installed/x64-windows/Microsoft Visual Studio/18/Community/Common7/IDE/lld-link.exe"
      - "D:/WaterSurfaceRendererScratch/vcpkg_installed/x64-windows/Microsoft Visual Studio/18/Community/Common7/IDE/lld-link"
      - "D:/WaterSurfaceRendererScratch/vcpkg_installed/x64-windows/Microsoft Visual Studio/18/Community/Common7/Tools/lld-link.com"
      - "D:/WaterSurfaceRendererScratch/vcpkg_installed/x64-windows/Microsoft Visual Studio/18/Community/Common7/Tools/lld-link.exe"
      - "D:/WaterSurfaceRendererScratch/vcpkg_installed/x64-windows/Microsoft Visual Studio/18/Community/Common7/Tools/lld-link"
      - "D:/WaterSurfaceRendererScratch/vcpkg_installed/x64-windows/Users/xukeheng/AppData/Local/vcpkg/downloads/tools/powershell-core-7.5.4-windows/lld-link.com"
      - "D:/WaterSurfaceRendererScratch/vcpkg_installed/x64-windows/Users/xukeheng/AppData/Local/vcpkg/downloads/tools/powershell-core-7.5.4-windows/lld-link.exe"
      - "D:/WaterSurfaceRendererScratch/vcpkg_installed/x64-windows/Users/xukeheng/AppData/Local/vcpkg/downloads/tools/powershell-core-7.5.4-windows/lld-link"
      - "D:/WaterSurfaceRendererScratch/vcpkg_installed/x64-windows/Windows/System32/lld-link.com"
      - "D:/WaterSurfaceRendererScratch/vcpkg_installed/x64-windows/Windows/System32/lld-link.exe"
      - "D:/WaterSurfaceRendererScratch/vcpkg_installed/x64-windows/Windows/System32/lld-link"
      - "D:/WaterSurfaceRendererScratch/vcpkg_installed/x64-windows/Windows/lld-link.com"
      - "D:/WaterSurfaceRendererScratch/vcpkg_installed/x64-windows/Windows/lld-link.exe"
      - "D:/WaterSurfaceRendererScratch/vcpkg_installed/x64-windows/Windows/lld-link"
      - "D:/WaterSurfaceRendererScratch/vcpkg_installed/x64-windows/Windows/System32/wbem/lld-link.com"
      - "D:/WaterSurfaceRendererScratch/vcpkg_installed/x64-windows/Windows/System32/wbem/lld-link.exe"
      - "D:/WaterSurfaceRendererScratch/vcpkg_installed/x64-windows/Windows/System32/wbem/lld-link"
      - "D:/WaterSurfaceRendererScratch/vcpkg_installed/x64-windows/Windows/System32/WindowsPowerShell/v1.0/lld-link.com"
      - "D:/WaterSurfaceRendererScratch/vcpkg_installed/x64-windows/Windows/System32/WindowsPowerShell/v1.0/lld-link.exe"
      - "D:/WaterSurfaceRendererScratch/vcpkg_installed/x64-windows/Windows/System32/WindowsPowerShell/v1.0/lld-link"
      - "D:/WaterSurfaceRendererScratch/vcpkg_installed/x64-windows/Windows/System32/OpenSSH/lld-link.com"
      - "D:/WaterSurfaceRendererScratch/vcpkg_installed/x64-windows/Windows/System32/OpenSSH/lld-link.exe"
      - "D:/WaterSurfaceRendererScratch/vcpkg_installed/x64-windows/Windows/System32/OpenSSH/lld-link"
      - "D:/WaterSurfaceRendererScratch/vcpkg_installed/x64-windows/Microsoft Visual Studio/18/Community/Common7/IDE/CommonExtensions/Microsoft/CMake/CMake/bin/lld-link.com"
      - "D:/WaterSurfaceRendererScratch/vcpkg_installed/x64-windows/Microsoft Visual Studio/18/Community/Common7/IDE/CommonExtensions/Microsoft/CMake/CMake/bin/lld-link.exe"
      - "D:/WaterSurfaceRendererScratch/vcpkg_installed/x64-windows/Microsoft Visual Studio/18/Community/Common7/IDE/CommonExtensions/Microsoft/CMake/CMake/bin/lld-link"
      - "D:/WaterSurfaceRendererScratch/vcpkg_installed/x64-windows/Microsoft Visual Studio/18/Community/Common7/IDE/CommonExtensions/Microsoft/CMake/Ninja/lld-link.com"
      - "D:/WaterSurfaceRendererScratch/vcpkg_installed/x64-windows/Microsoft Visual Studio/18/Community/Common7/IDE/CommonExtensions/Microsoft/CMake/Ninja/lld-link.exe"
      - "D:/WaterSurfaceRendererScratch/vcpkg_installed/x64-windows/Microsoft Visual Studio/18/Community/Common7/IDE/CommonExtensions/Microsoft/CMake/Ninja/lld-link"
      - "D:/WaterSurfaceRendererScratch/vcpkg_installed/x64-windows/Microsoft Visual Studio/18/Community/Common7/IDE/VC/Linux/bin/ConnectionManagerExe/lld-link.com"
      - "D:/WaterSurfaceRendererScratch/vcpkg_installed/x64-windows/Microsoft Visual Studio/18/Community/Common7/IDE/VC/Linux/bin/ConnectionManagerExe/lld-link.exe"
      - "D:/WaterSurfaceRendererScratch/vcpkg_installed/x64-windows/Microsoft Visual Studio/18/Community/Common7/IDE/VC/Linux/bin/ConnectionManagerExe/lld-link"
      - "D:/WaterSurfaceRendererScratch/vcpkg_installed/x64-windows/Microsoft Visual Studio/18/Community/VC/vcpkg/lld-link.com"
      - "D:/WaterSurfaceRendererScratch/vcpkg_installed/x64-windows/Microsoft Visual Studio/18/Community/VC/vcpkg/lld-link.exe"
      - "D:/WaterSurfaceRendererScratch/vcpkg_installed/x64-windows/Microsoft Visual Studio/18/Community/VC/vcpkg/lld-link"
      - "D:/Microsoft Visual Studio/18/Community/VC/Tools/MSVC/14.51.36231/bin/Hostx64/x64/lld-link.com"
      - "D:/Microsoft Visual Studio/18/Community/VC/Tools/MSVC/14.51.36231/bin/Hostx64/x64/lld-link.exe"
      - "D:/Microsoft Visual Studio/18/Community/VC/Tools/MSVC/14.51.36231/bin/Hostx64/x64/lld-link"
      - "D:/Microsoft Visual Studio/18/Community/Common7/IDE/VC/vcpackages/lld-link.com"
      - "D:/Microsoft Visual Studio/18/Community/Common7/IDE/VC/vcpackages/lld-link.exe"
      - "D:/Microsoft Visual Studio/18/Community/Common7/IDE/VC/vcpackages/lld-link"
      - "D:/Microsoft Visual Studio/18/Community/Common7/IDE/CommonExtensions/Microsoft/TestWindow/lld-link.com"
      - "D:/Microsoft Visual Studio/18/Community/Common7/IDE/CommonExtensions/Microsoft/TestWindow/lld-link.exe"
      - "D:/Microsoft Visual Studio/18/Community/Common7/IDE/CommonExtensions/Microsoft/TestWindow/lld-link"
      - "D:/Microsoft Visual Studio/18/Community/Common7/IDE/CommonExtensions/Microsoft/TeamFoundation/Team Explorer/lld-link.com"
      - "D:/Microsoft Visual Studio/18/Community/Common7/IDE/CommonExtensions/Microsoft/TeamFoundation/Team Explorer/lld-link.exe"
      - "D:/Microsoft Visual Studio/18/Community/Common7/IDE/CommonExtensions/Microsoft/TeamFoundation/Team Explorer/lld-link"
      - "D:/Microsoft Visual Studio/18/Community/MSBuild/Current/Bin/Roslyn/lld-link.com"
      - "D:/Microsoft Visual Studio/18/Community/MSBuild/Current/Bin/Roslyn/lld-link.exe"
      - "D:/Microsoft Visual Studio/18/Community/MSBuild/Current/Bin/Roslyn/lld-link"
      - "C:/Program Files (x86)/Microsoft SDKs/Windows/v10.0A/bin/NETFX 4.8 Tools/x64/lld-link.com"
      - "C:/Program Files (x86)/Microsoft SDKs/Windows/v10.0A/bin/NETFX 4.8 Tools/x64/lld-link.exe"
      - "C:/Program Files (x86)/Microsoft SDKs/Windows/v10.0A/bin/NETFX 4.8 Tools/x64/lld-link"
      - "D:/Microsoft Visual Studio/18/Community/Team Tools/DiagnosticsHub/Collector/lld-link.com"
      - "D:/Microsoft Visual Studio/18/Community/Team Tools/DiagnosticsHub/Collector/lld-link.exe"
      - "D:/Microsoft Visual Studio/18/Community/Team Tools/DiagnosticsHub/Collector/lld-link"
      - "D:/Microsoft Visual Studio/18/Community/Common7/IDE/Extensions/Microsoft/CodeCoverage.Console/lld-link.com"
      - "D:/Microsoft Visual Studio/18/Community/Common7/IDE/Extensions/Microsoft/CodeCoverage.Console/lld-link.exe"
      - "D:/Microsoft Visual Studio/18/Community/Common7/IDE/Extensions/Microsoft/CodeCoverage.Console/lld-link"
      - "C:/Program Files (x86)/Windows Kits/10/bin/10.0.26100.0/x64/lld-link.com"
      - "C:/Program Files (x86)/Windows Kits/10/bin/10.0.26100.0/x64/lld-link.exe"
      - "C:/Program Files (x86)/Windows Kits/10/bin/10.0.26100.0/x64/lld-link"
      - "C:/Program Files (x86)/Windows Kits/10/bin/x64/lld-link.com"
      - "C:/Program Files (x86)/Windows Kits/10/bin/x64/lld-link.exe"
      - "C:/Program Files (x86)/Windows Kits/10/bin/x64/lld-link"
      - "D:/Microsoft Visual Studio/18/Community/MSBuild/Current/Bin/amd64/lld-link.com"
      - "D:/Microsoft Visual Studio/18/Community/MSBuild/Current/Bin/amd64/lld-link.exe"
      - "D:/Microsoft Visual Studio/18/Community/MSBuild/Current/Bin/amd64/lld-link"
      - "C:/Windows/Microsoft.NET/Framework64/v4.0.30319/lld-link.com"
      - "C:/Windows/Microsoft.NET/Framework64/v4.0.30319/lld-link.exe"
      - "C:/Windows/Microsoft.NET/Framework64/v4.0.30319/lld-link"
      - "D:/Microsoft Visual Studio/18/Community/Common7/IDE/lld-link.com"
      - "D:/Microsoft Visual Studio/18/Community/Common7/IDE/lld-link.exe"
      - "D:/Microsoft Visual Studio/18/Community/Common7/IDE/lld-link"
      - "D:/Microsoft Visual Studio/18/Community/Common7/Tools/lld-link.com"
      - "D:/Microsoft Visual Studio/18/Community/Common7/Tools/lld-link.exe"
      - "D:/Microsoft Visual Studio/18/Community/Common7/Tools/lld-link"
      - "C:/Users/xukeheng/AppData/Local/vcpkg/downloads/tools/powershell-core-7.5.4-windows/lld-link.com"
      - "C:/Users/xukeheng/AppData/Local/vcpkg/downloads/tools/powershell-core-7.5.4-windows/lld-link.exe"
      - "C:/Users/xukeheng/AppData/Local/vcpkg/downloads/tools/powershell-core-7.5.4-windows/lld-link"
      - "C:/Windows/System32/lld-link.com"
      - "C:/Windows/System32/lld-link.exe"
      - "C:/Windows/System32/lld-link"
      - "C:/Windows/lld-link.com"
      - "C:/Windows/lld-link.exe"
      - "C:/Windows/lld-link"
      - "C:/Windows/System32/wbem/lld-link.com"
      - "C:/Windows/System32/wbem/lld-link.exe"
      - "C:/Windows/System32/wbem/lld-link"
      - "C:/Windows/System32/WindowsPowerShell/v1.0/lld-link.com"
      - "C:/Windows/System32/WindowsPowerShell/v1.0/lld-link.exe"
      - "C:/Windows/System32/WindowsPowerShell/v1.0/lld-link"
      - "C:/Windows/System32/OpenSSH/lld-link.com"
      - "C:/Windows/System32/OpenSSH/lld-link.exe"
      - "C:/Windows/System32/OpenSSH/lld-link"
      - "D:/Microsoft Visual Studio/18/Community/Common7/IDE/CommonExtensions/Microsoft/CMake/CMake/bin/lld-link.com"
      - "D:/Microsoft Visual Studio/18/Community/Common7/IDE/CommonExtensions/Microsoft/CMake/CMake/bin/lld-link.exe"
      - "D:/Microsoft Visual Studio/18/Community/Common7/IDE/CommonExtensions/Microsoft/CMake/CMake/bin/lld-link"
      - "D:/Microsoft Visual Studio/18/Community/Common7/IDE/CommonExtensions/Microsoft/CMake/Ninja/lld-link.com"
      - "D:/Microsoft Visual Studio/18/Community/Common7/IDE/CommonExtensions/Microsoft/CMake/Ninja/lld-link.exe"
      - "D:/Microsoft Visual Studio/18/Community/Common7/IDE/CommonExtensions/Microsoft/CMake/Ninja/lld-link"
      - "D:/Microsoft Visual Studio/18/Community/Common7/IDE/VC/Linux/bin/ConnectionManagerExe/lld-link.com"
      - "D:/Microsoft Visual Studio/18/Community/Common7/IDE/VC/Linux/bin/ConnectionManagerExe/lld-link.exe"
      - "D:/Microsoft Visual Studio/18/Community/Common7/IDE/VC/Linux/bin/ConnectionManagerExe/lld-link"
      - "D:/Microsoft Visual Studio/18/Community/VC/vcpkg/lld-link.com"
      - "D:/Microsoft Visual Studio/18/Community/VC/vcpkg/lld-link.exe"
      - "D:/Microsoft Visual Studio/18/Community/VC/vcpkg/lld-link"
    found: false
    search_context:
      CMAKE_PROGRAM_PATH:
        - "D:/WaterSurfaceRendererScratch/vcpkg_installed/x64-windows/tools"
      CMAKE_PREFIX_PATH:
        - "D:/WaterSurfaceRendererScratch/vcpkg_installed/x64-windows/debug"
        - "D:/WaterSurfaceRendererScratch/vcpkg_installed/x64-windows"
      ENV{PATH}:
        - "D:\\Microsoft Visual Studio\\18\\Community\\VC\\Tools\\MSVC\\14.51.36231\\bin\\HostX64\\x64"
        - "D:\\Microsoft Visual Studio\\18\\Community\\Common7\\IDE\\VC\\VCPackages"
        - "D:\\Microsoft Visual Studio\\18\\Community\\Common7\\IDE\\CommonExtensions\\Microsoft\\TestWindow"
        - "D:\\Microsoft Visual Studio\\18\\Community\\Common7\\IDE\\CommonExtensions\\Microsoft\\TeamFoundation\\Team Explorer"
        - "D:\\Microsoft Visual Studio\\18\\Community\\MSBuild\\Current\\bin\\Roslyn"
        - "C:\\Program Files (x86)\\Microsoft SDKs\\Windows\\v10.0A\\bin\\NETFX 4.8 Tools\\x64\\"
        - "D:\\Microsoft Visual Studio\\18\\Community\\Team Tools\\DiagnosticsHub\\Collector"
        - "D:\\Microsoft Visual Studio\\18\\Community\\Common7\\IDE\\Extensions\\Microsoft\\CodeCoverage.Console"
        - "C:\\Program Files (x86)\\Windows Kits\\10\\bin\\10.0.26100.0\\\\x64"
        - "C:\\Program Files (x86)\\Windows Kits\\10\\bin\\\\x64"
        - "D:\\Microsoft Visual Studio\\18\\Community\\\\MSBuild\\Current\\Bin\\amd64"
        - "C:\\Windows\\Microsoft.NET\\Framework64\\v4.0.30319"
        - "D:\\Microsoft Visual Studio\\18\\Community\\Common7\\IDE\\"
        - "D:\\Microsoft Visual Studio\\18\\Community\\Common7\\Tools\\"
        - "C:\\Users\\xukeheng\\AppData\\Local\\vcpkg\\downloads\\tools\\powershell-core-7.5.4-windows"
        - "C:\\windows\\system32"
        - "C:\\windows"
        - "C:\\windows\\system32\\Wbem"
        - "C:\\windows\\system32\\WindowsPowerShell\\v1.0\\"
        - "C:\\windows\\system32\\OpenSSH\\"
        - "D:\\Microsoft Visual Studio\\18\\Community\\Common7\\IDE\\CommonExtensions\\Microsoft\\CMake\\CMake\\bin"
        - "D:\\Microsoft Visual Studio\\18\\Community\\Common7\\IDE\\CommonExtensions\\Microsoft\\CMake\\Ninja"
        - "D:\\Microsoft Visual Studio\\18\\Community\\Common7\\IDE\\VC\\Linux\\bin\\ConnectionManagerExe"
        - "D:\\Microsoft Visual Studio\\18\\Community\\VC\\vcpkg"
        - "D:\\Microsoft Visual Studio\\18\\Community\\Common7\\IDE\\CommonExtensions\\Microsoft\\CMake\\Ninja"
        - "D:\\Microsoft Visual Studio\\18\\Community\\Common7\\IDE\\CommonExtensions\\Microsoft\\CMake\\Ninja"
        - "D:\\Microsoft Visual Studio\\18\\Community\\Common7\\IDE\\CommonExtensions\\Microsoft\\CMake\\Ninja"
      CMAKE_INSTALL_PREFIX: "D:/WaterSurfaceRendererScratch/vcpkg_installed/vcpkg/pkgs/fftw3_x64-windows/debug"
      CMAKE_FIND_ROOT_PATH: "D:/WaterSurfaceRendererScratch/vcpkg_installed/x64-windows/debug;D:/WaterSurfaceRendererScratch/vcpkg_installed/x64-windows"
  -
    kind: "find-v1"
    backtrace:
      - "D:/Microsoft Visual Studio/18/Community/Common7/IDE/CommonExtensions/Microsoft/CMake/CMake/share/cmake-4.3/Modules/CMakeDetermineRCCompiler.cmake:40 (find_program)"
      - "D:/Microsoft Visual Studio/18/Community/Common7/IDE/CommonExtensions/Microsoft/CMake/CMake/share/cmake-4.3/Modules/Platform/Windows-MSVC.cmake:596 (enable_language)"
      - "D:/Microsoft Visual Studio/18/Community/Common7/IDE/CommonExtensions/Microsoft/CMake/CMake/share/cmake-4.3/Modules/Platform/Windows-MSVC.cmake:569 (__windows_compiler_msvc_enable_rc)"
      - "D:/Microsoft Visual Studio/18/Community/Common7/IDE/CommonExtensions/Microsoft/CMake/CMake/share/cmake-4.3/Modules/Platform/Windows-MSVC-C.cmake:5 (__windows_compiler_msvc)"
      - "D:/Microsoft Visual Studio/18/Community/Common7/IDE/CommonExtensions/Microsoft/CMake/CMake/share/cmake-4.3/Modules/CMakeCInformation.cmake:48 (include)"
      - "CMakeLists.txt:7 (project)"
    mode: "program"
    variable: "CMAKE_RC_COMPILER"
    description: "RC compiler"
    settings:
      SearchFramework: "LAST"
      SearchAppBundle: "LAST"
      CMAKE_FIND_USE_CMAKE_PATH: true
      CMAKE_FIND_USE_CMAKE_ENVIRONMENT_PATH: true
      CMAKE_FIND_USE_SYSTEM_ENVIRONMENT_PATH: true
      CMAKE_FIND_USE_CMAKE_SYSTEM_PATH: true
      CMAKE_FIND_USE_INSTALL_PREFIX: true
    names:
      - "rc"
    candidate_directories:
      - "D:/WaterSurfaceRendererScratch/vcpkg_installed/x64-windows/debug/bin/"
      - "D:/WaterSurfaceRendererScratch/vcpkg_installed/x64-windows/debug/sbin/"
      - "D:/WaterSurfaceRendererScratch/vcpkg_installed/x64-windows/debug/"
      - "D:/WaterSurfaceRendererScratch/vcpkg_installed/x64-windows/debug/WaterSurfaceRendererScratch/vcpkg_installed/x64-windows/bin/"
      - "D:/WaterSurfaceRendererScratch/vcpkg_installed/x64-windows/debug/WaterSurfaceRendererScratch/vcpkg_installed/x64-windows/sbin/"
      - "D:/WaterSurfaceRendererScratch/vcpkg_installed/x64-windows/debug/WaterSurfaceRendererScratch/vcpkg_installed/x64-windows/"
      - "D:/WaterSurfaceRendererScratch/vcpkg_installed/x64-windows/debug/WaterSurfaceRendererScratch/vcpkg_installed/x64-windows/tools/"
      - "D:/WaterSurfaceRendererScratch/vcpkg_installed/x64-windows/debug/Microsoft Visual Studio/18/Community/VC/Tools/MSVC/14.51.36231/bin/Hostx64/x64/"
      - "D:/WaterSurfaceRendererScratch/vcpkg_installed/x64-windows/debug/Microsoft Visual Studio/18/Community/Common7/IDE/VC/vcpackages/"
      - "D:/WaterSurfaceRendererScratch/vcpkg_installed/x64-windows/debug/Microsoft Visual Studio/18/Community/Common7/IDE/CommonExtensions/Microsoft/TestWindow/"
      - "D:/WaterSurfaceRendererScratch/vcpkg_installed/x64-windows/debug/Microsoft Visual Studio/18/Community/Common7/IDE/CommonExtensions/Microsoft/TeamFoundation/Team Explorer/"
      - "D:/WaterSurfaceRendererScratch/vcpkg_installed/x64-windows/debug/Microsoft Visual Studio/18/Community/MSBuild/Current/Bin/Roslyn/"
      - "D:/WaterSurfaceRendererScratch/vcpkg_installed/x64-windows/debug/Program Files (x86)/Microsoft SDKs/Windows/v10.0A/bin/NETFX 4.8 Tools/x64/"
      - "D:/WaterSurfaceRendererScratch/vcpkg_installed/x64-windows/debug/Microsoft Visual Studio/18/Community/Team Tools/DiagnosticsHub/Collector/"
      - "D:/WaterSurfaceRendererScratch/vcpkg_installed/x64-windows/debug/Microsoft Visual Studio/18/Community/Common7/IDE/Extensions/Microsoft/CodeCoverage.Console/"
      - "D:/WaterSurfaceRendererScratch/vcpkg_installed/x64-windows/debug/Program Files (x86)/Windows Kits/10/bin/10.0.26100.0/x64/"
      - "D:/WaterSurfaceRendererScratch/vcpkg_installed/x64-windows/debug/Program Files (x86)/Windows Kits/10/bin/x64/"
      - "D:/WaterSurfaceRendererScratch/vcpkg_installed/x64-windows/debug/Microsoft Visual Studio/18/Community/MSBuild/Current/Bin/amd64/"
      - "D:/WaterSurfaceRendererScratch/vcpkg_installed/x64-windows/debug/Windows/Microsoft.NET/Framework64/v4.0.30319/"
      - "D:/WaterSurfaceRendererScratch/vcpkg_installed/x64-windows/debug/Microsoft Visual Studio/18/Community/Common7/IDE/"
      - "D:/WaterSurfaceRendererScratch/vcpkg_installed/x64-windows/debug/Microsoft Visual Studio/18/Community/Common7/Tools/"
      - "D:/WaterSurfaceRendererScratch/vcpkg_installed/x64-windows/debug/Users/xukeheng/AppData/Local/vcpkg/downloads/tools/powershell-core-7.5.4-windows/"
      - "D:/WaterSurfaceRendererScratch/vcpkg_installed/x64-windows/debug/Windows/System32/"
      - "D:/WaterSurfaceRendererScratch/vcpkg_installed/x64-windows/debug/Windows/"
      - "D:/WaterSurfaceRendererScratch/vcpkg_installed/x64-windows/debug/Windows/System32/wbem/"
      - "D:/WaterSurfaceRendererScratch/vcpkg_installed/x64-windows/debug/Windows/System32/WindowsPowerShell/v1.0/"
      - "D:/WaterSurfaceRendererScratch/vcpkg_installed/x64-windows/debug/Windows/System32/OpenSSH/"
      - "D:/WaterSurfaceRendererScratch/vcpkg_installed/x64-windows/debug/Microsoft Visual Studio/18/Community/Common7/IDE/CommonExtensions/Microsoft/CMake/CMake/bin/"
      - "D:/WaterSurfaceRendererScratch/vcpkg_installed/x64-windows/debug/Microsoft Visual Studio/18/Community/Common7/IDE/CommonExtensions/Microsoft/CMake/Ninja/"
      - "D:/WaterSurfaceRendererScratch/vcpkg_installed/x64-windows/debug/Microsoft Visual Studio/18/Community/Common7/IDE/VC/Linux/bin/ConnectionManagerExe/"
      - "D:/WaterSurfaceRendererScratch/vcpkg_installed/x64-windows/debug/Microsoft Visual Studio/18/Community/VC/vcpkg/"
      - "D:/WaterSurfaceRendererScratch/vcpkg_installed/x64-windows/debug/Program Files/bin/"
      - "D:/WaterSurfaceRendererScratch/vcpkg_installed/x64-windows/debug/Program Files/sbin/"
      - "D:/WaterSurfaceRendererScratch/vcpkg_installed/x64-windows/debug/Program Files/"
      - "D:/WaterSurfaceRendererScratch/vcpkg_installed/x64-windows/debug/Program Files (x86)/bin/"
      - "D:/WaterSurfaceRendererScratch/vcpkg_installed/x64-windows/debug/Program Files (x86)/sbin/"
      - "D:/WaterSurfaceRendererScratch/vcpkg_installed/x64-windows/debug/Program Files (x86)/"
      - "D:/WaterSurfaceRendererScratch/vcpkg_installed/x64-windows/debug/Microsoft Visual Studio/18/Community/Common7/IDE/CommonExtensions/Microsoft/CMake/CMake/bin/"
      - "D:/WaterSurfaceRendererScratch/vcpkg_installed/x64-windows/debug/Microsoft Visual Studio/18/Community/Common7/IDE/CommonExtensions/Microsoft/CMake/CMake/sbin/"
      - "D:/WaterSurfaceRendererScratch/vcpkg_installed/x64-windows/debug/Microsoft Visual Studio/18/Community/Common7/IDE/CommonExtensions/Microsoft/CMake/CMake/"
      - "D:/WaterSurfaceRendererScratch/vcpkg_installed/x64-windows/debug/WaterSurfaceRendererScratch/vcpkg_installed/vcpkg/pkgs/fftw3_x64-windows/debug/bin/"
      - "D:/WaterSurfaceRendererScratch/vcpkg_installed/x64-windows/debug/WaterSurfaceRendererScratch/vcpkg_installed/vcpkg/pkgs/fftw3_x64-windows/debug/sbin/"
      - "D:/WaterSurfaceRendererScratch/vcpkg_installed/x64-windows/debug/WaterSurfaceRendererScratch/vcpkg_installed/vcpkg/pkgs/fftw3_x64-windows/debug/"
      - "D:/WaterSurfaceRendererScratch/vcpkg_installed/x64-windows/debug/bin/"
      - "D:/WaterSurfaceRendererScratch/vcpkg_installed/x64-windows/debug/sbin/"
      - "D:/WaterSurfaceRendererScratch/vcpkg_installed/x64-windows/debug/"
      - "D:/WaterSurfaceRendererScratch/vcpkg_installed/x64-windows/bin/"
      - "D:/WaterSurfaceRendererScratch/vcpkg_installed/x64-windows/sbin/"
      - "D:/WaterSurfaceRendererScratch/vcpkg_installed/x64-windows/"
      - "D:/WaterSurfaceRendererScratch/vcpkg_installed/x64-windows/tools/"
      - "D:/WaterSurfaceRendererScratch/vcpkg_installed/x64-windows/Microsoft Visual Studio/18/Community/VC/Tools/MSVC/14.51.36231/bin/Hostx64/x64/"
      - "D:/WaterSurfaceRendererScratch/vcpkg_installed/x64-windows/Microsoft Visual Studio/18/Community/Common7/IDE/VC/vcpackages/"
      - "D:/WaterSurfaceRendererScratch/vcpkg_installed/x64-windows/Microsoft Visual Studio/18/Community/Common7/IDE/CommonExtensions/Microsoft/TestWindow/"
      - "D:/WaterSurfaceRendererScratch/vcpkg_installed/x64-windows/Microsoft Visual Studio/18/Community/Common7/IDE/CommonExtensions/Microsoft/TeamFoundation/Team Explorer/"
      - "D:/WaterSurfaceRendererScratch/vcpkg_installed/x64-windows/Microsoft Visual Studio/18/Community/MSBuild/Current/Bin/Roslyn/"
      - "D:/WaterSurfaceRendererScratch/vcpkg_installed/x64-windows/Program Files (x86)/Microsoft SDKs/Windows/v10.0A/bin/NETFX 4.8 Tools/x64/"
      - "D:/WaterSurfaceRendererScratch/vcpkg_installed/x64-windows/Microsoft Visual Studio/18/Community/Team Tools/DiagnosticsHub/Collector/"
      - "D:/WaterSurfaceRendererScratch/vcpkg_installed/x64-windows/Microsoft Visual Studio/18/Community/Common7/IDE/Extensions/Microsoft/CodeCoverage.Console/"
      - "D:/WaterSurfaceRendererScratch/vcpkg_installed/x64-windows/Program Files (x86)/Windows Kits/10/bin/10.0.26100.0/x64/"
      - "D:/WaterSurfaceRendererScratch/vcpkg_installed/x64-windows/Program Files (x86)/Windows Kits/10/bin/x64/"
      - "D:/WaterSurfaceRendererScratch/vcpkg_installed/x64-windows/Microsoft Visual Studio/18/Community/MSBuild/Current/Bin/amd64/"
      - "D:/WaterSurfaceRendererScratch/vcpkg_installed/x64-windows/Windows/Microsoft.NET/Framework64/v4.0.30319/"
      - "D:/WaterSurfaceRendererScratch/vcpkg_installed/x64-windows/Microsoft Visual Studio/18/Community/Common7/IDE/"
      - "D:/WaterSurfaceRendererScratch/vcpkg_installed/x64-windows/Microsoft Visual Studio/18/Community/Common7/Tools/"
      - "D:/WaterSurfaceRendererScratch/vcpkg_installed/x64-windows/Users/xukeheng/AppData/Local/vcpkg/downloads/tools/powershell-core-7.5.4-windows/"
      - "D:/WaterSurfaceRendererScratch/vcpkg_installed/x64-windows/Windows/System32/"
      - "D:/WaterSurfaceRendererScratch/vcpkg_installed/x64-windows/Windows/"
      - "D:/WaterSurfaceRendererScratch/vcpkg_installed/x64-windows/Windows/System32/wbem/"
      - "D:/WaterSurfaceRendererScratch/vcpkg_installed/x64-windows/Windows/System32/WindowsPowerShell/v1.0/"
      - "D:/WaterSurfaceRendererScratch/vcpkg_installed/x64-windows/Windows/System32/OpenSSH/"
      - "D:/WaterSurfaceRendererScratch/vcpkg_installed/x64-windows/Microsoft Visual Studio/18/Community/Common7/IDE/CommonExtensions/Microsoft/CMake/CMake/bin/"
      - "D:/WaterSurfaceRendererScratch/vcpkg_installed/x64-windows/Microsoft Visual Studio/18/Community/Common7/IDE/CommonExtensions/Microsoft/CMake/Ninja/"
      - "D:/WaterSurfaceRendererScratch/vcpkg_installed/x64-windows/Microsoft Visual Studio/18/Community/Common7/IDE/VC/Linux/bin/ConnectionManagerExe/"
      - "D:/WaterSurfaceRendererScratch/vcpkg_installed/x64-windows/Microsoft Visual Studio/18/Community/VC/vcpkg/"
      - "D:/WaterSurfaceRendererScratch/vcpkg_installed/x64-windows/Program Files/bin/"
      - "D:/WaterSurfaceRendererScratch/vcpkg_installed/x64-windows/Program Files/sbin/"
      - "D:/WaterSurfaceRendererScratch/vcpkg_installed/x64-windows/Program Files/"
      - "D:/WaterSurfaceRendererScratch/vcpkg_installed/x64-windows/Program Files (x86)/bin/"
      - "D:/WaterSurfaceRendererScratch/vcpkg_installed/x64-windows/Program Files (x86)/sbin/"
      - "D:/WaterSurfaceRendererScratch/vcpkg_installed/x64-windows/Program Files (x86)/"
      - "D:/WaterSurfaceRendererScratch/vcpkg_installed/x64-windows/Microsoft Visual Studio/18/Community/Common7/IDE/CommonExtensions/Microsoft/CMake/CMake/bin/"
      - "D:/WaterSurfaceRendererScratch/vcpkg_installed/x64-windows/Microsoft Visual Studio/18/Community/Common7/IDE/CommonExtensions/Microsoft/CMake/CMake/sbin/"
      - "D:/WaterSurfaceRendererScratch/vcpkg_installed/x64-windows/Microsoft Visual Studio/18/Community/Common7/IDE/CommonExtensions/Microsoft/CMake/CMake/"
      - "D:/WaterSurfaceRendererScratch/vcpkg_installed/x64-windows/WaterSurfaceRendererScratch/vcpkg_installed/vcpkg/pkgs/fftw3_x64-windows/debug/bin/"
      - "D:/WaterSurfaceRendererScratch/vcpkg_installed/x64-windows/WaterSurfaceRendererScratch/vcpkg_installed/vcpkg/pkgs/fftw3_x64-windows/debug/sbin/"
      - "D:/WaterSurfaceRendererScratch/vcpkg_installed/x64-windows/WaterSurfaceRendererScratch/vcpkg_installed/vcpkg/pkgs/fftw3_x64-windows/debug/"
      - "D:/WaterSurfaceRendererScratch/vcpkg_installed/x64-windows/debug/bin/"
      - "D:/WaterSurfaceRendererScratch/vcpkg_installed/x64-windows/debug/sbin/"
      - "D:/WaterSurfaceRendererScratch/vcpkg_installed/x64-windows/debug/"
      - "D:/WaterSurfaceRendererScratch/vcpkg_installed/x64-windows/bin/"
      - "D:/WaterSurfaceRendererScratch/vcpkg_installed/x64-windows/sbin/"
      - "D:/WaterSurfaceRendererScratch/vcpkg_installed/x64-windows/"
      - "D:/WaterSurfaceRendererScratch/vcpkg_installed/x64-windows/tools/"
      - "D:/Microsoft Visual Studio/18/Community/VC/Tools/MSVC/14.51.36231/bin/Hostx64/x64/"
      - "D:/Microsoft Visual Studio/18/Community/Common7/IDE/VC/vcpackages/"
      - "D:/Microsoft Visual Studio/18/Community/Common7/IDE/CommonExtensions/Microsoft/TestWindow/"
      - "D:/Microsoft Visual Studio/18/Community/Common7/IDE/CommonExtensions/Microsoft/TeamFoundation/Team Explorer/"
      - "D:/Microsoft Visual Studio/18/Community/MSBuild/Current/Bin/Roslyn/"
      - "C:/Program Files (x86)/Microsoft SDKs/Windows/v10.0A/bin/NETFX 4.8 Tools/x64/"
      - "D:/Microsoft Visual Studio/18/Community/Team Tools/DiagnosticsHub/Collector/"
      - "D:/Microsoft Visual Studio/18/Community/Common7/IDE/Extensions/Microsoft/CodeCoverage.Console/"
      - "C:/Program Files (x86)/Windows Kits/10/bin/10.0.26100.0/x64/"
      - "C:/Program Files (x86)/Windows Kits/10/bin/x64/"
      - "D:/Microsoft Visual Studio/18/Community/MSBuild/Current/Bin/amd64/"
      - "C:/Windows/Microsoft.NET/Framework64/v4.0.30319/"
      - "D:/Microsoft Visual Studio/18/Community/Common7/IDE/"
      - "D:/Microsoft Visual Studio/18/Community/Common7/Tools/"
      - "C:/Users/xukeheng/AppData/Local/vcpkg/downloads/tools/powershell-core-7.5.4-windows/"
      - "C:/Windows/System32/"
      - "C:/Windows/"
      - "C:/Windows/System32/wbem/"
      - "C:/Windows/System32/WindowsPowerShell/v1.0/"
      - "C:/Windows/System32/OpenSSH/"
      - "D:/Microsoft Visual Studio/18/Community/Common7/IDE/CommonExtensions/Microsoft/CMake/CMake/bin/"
      - "D:/Microsoft Visual Studio/18/Community/Common7/IDE/CommonExtensions/Microsoft/CMake/Ninja/"
      - "D:/Microsoft Visual Studio/18/Community/Common7/IDE/VC/Linux/bin/ConnectionManagerExe/"
      - "D:/Microsoft Visual Studio/18/Community/VC/vcpkg/"
      - "C:/Program Files/bin/"
      - "C:/Program Files/sbin/"
      - "C:/Program Files/"
      - "C:/Program Files (x86)/bin/"
      - "C:/Program Files (x86)/sbin/"
      - "C:/Program Files (x86)/"
      - "D:/Microsoft Visual Studio/18/Community/Common7/IDE/CommonExtensions/Microsoft/CMake/CMake/bin/"
      - "D:/Microsoft Visual Studio/18/Community/Common7/IDE/CommonExtensions/Microsoft/CMake/CMake/sbin/"
      - "D:/Microsoft Visual Studio/18/Community/Common7/IDE/CommonExtensions/Microsoft/CMake/CMake/"
      - "D:/WaterSurfaceRendererScratch/vcpkg_installed/vcpkg/pkgs/fftw3_x64-windows/debug/bin/"
      - "D:/WaterSurfaceRendererScratch/vcpkg_installed/vcpkg/pkgs/fftw3_x64-windows/debug/sbin/"
      - "D:/WaterSurfaceRendererScratch/vcpkg_installed/vcpkg/pkgs/fftw3_x64-windows/debug/"
    searched_directories:
      - "D:/WaterSurfaceRendererScratch/vcpkg_installed/x64-windows/debug/bin/rc.com"
      - "D:/WaterSurfaceRendererScratch/vcpkg_installed/x64-windows/debug/bin/rc.exe"
      - "D:/WaterSurfaceRendererScratch/vcpkg_installed/x64-windows/debug/bin/rc"
      - "D:/WaterSurfaceRendererScratch/vcpkg_installed/x64-windows/debug/sbin/rc.com"
      - "D:/WaterSurfaceRendererScratch/vcpkg_installed/x64-windows/debug/sbin/rc.exe"
      - "D:/WaterSurfaceRendererScratch/vcpkg_installed/x64-windows/debug/sbin/rc"
      - "D:/WaterSurfaceRendererScratch/vcpkg_installed/x64-windows/debug/rc.com"
      - "D:/WaterSurfaceRendererScratch/vcpkg_installed/x64-windows/debug/rc.exe"
      - "D:/WaterSurfaceRendererScratch/vcpkg_installed/x64-windows/debug/rc"
      - "D:/WaterSurfaceRendererScratch/vcpkg_installed/x64-windows/debug/WaterSurfaceRendererScratch/vcpkg_installed/x64-windows/bin/rc.com"
      - "D:/WaterSurfaceRendererScratch/vcpkg_installed/x64-windows/debug/WaterSurfaceRendererScratch/vcpkg_installed/x64-windows/bin/rc.exe"
      - "D:/WaterSurfaceRendererScratch/vcpkg_installed/x64-windows/debug/WaterSurfaceRendererScratch/vcpkg_installed/x64-windows/bin/rc"
      - "D:/WaterSurfaceRendererScratch/vcpkg_installed/x64-windows/debug/WaterSurfaceRendererScratch/vcpkg_installed/x64-windows/sbin/rc.com"
      - "D:/WaterSurfaceRendererScratch/vcpkg_installed/x64-windows/debug/WaterSurfaceRendererScratch/vcpkg_installed/x64-windows/sbin/rc.exe"
      - "D:/WaterSurfaceRendererScratch/vcpkg_installed/x64-windows/debug/WaterSurfaceRendererScratch/vcpkg_installed/x64-windows/sbin/rc"
      - "D:/WaterSurfaceRendererScratch/vcpkg_installed/x64-windows/debug/WaterSurfaceRendererScratch/vcpkg_installed/x64-windows/rc.com"
      - "D:/WaterSurfaceRendererScratch/vcpkg_installed/x64-windows/debug/WaterSurfaceRendererScratch/vcpkg_installed/x64-windows/rc.exe"
      - "D:/WaterSurfaceRendererScratch/vcpkg_installed/x64-windows/debug/WaterSurfaceRendererScratch/vcpkg_installed/x64-windows/rc"
      - "D:/WaterSurfaceRendererScratch/vcpkg_installed/x64-windows/debug/WaterSurfaceRendererScratch/vcpkg_installed/x64-windows/tools/rc.com"
      - "D:/WaterSurfaceRendererScratch/vcpkg_installed/x64-windows/debug/WaterSurfaceRendererScratch/vcpkg_installed/x64-windows/tools/rc.exe"
      - "D:/WaterSurfaceRendererScratch/vcpkg_installed/x64-windows/debug/WaterSurfaceRendererScratch/vcpkg_installed/x64-windows/tools/rc"
      - "D:/WaterSurfaceRendererScratch/vcpkg_installed/x64-windows/debug/Microsoft Visual Studio/18/Community/VC/Tools/MSVC/14.51.36231/bin/Hostx64/x64/rc.com"
      - "D:/WaterSurfaceRendererScratch/vcpkg_installed/x64-windows/debug/Microsoft Visual Studio/18/Community/VC/Tools/MSVC/14.51.36231/bin/Hostx64/x64/rc.exe"
      - "D:/WaterSurfaceRendererScratch/vcpkg_installed/x64-windows/debug/Microsoft Visual Studio/18/Community/VC/Tools/MSVC/14.51.36231/bin/Hostx64/x64/rc"
      - "D:/WaterSurfaceRendererScratch/vcpkg_installed/x64-windows/debug/Microsoft Visual Studio/18/Community/Common7/IDE/VC/vcpackages/rc.com"
      - "D:/WaterSurfaceRendererScratch/vcpkg_installed/x64-windows/debug/Microsoft Visual Studio/18/Community/Common7/IDE/VC/vcpackages/rc.exe"
      - "D:/WaterSurfaceRendererScratch/vcpkg_installed/x64-windows/debug/Microsoft Visual Studio/18/Community/Common7/IDE/VC/vcpackages/rc"
      - "D:/WaterSurfaceRendererScratch/vcpkg_installed/x64-windows/debug/Microsoft Visual Studio/18/Community/Common7/IDE/CommonExtensions/Microsoft/TestWindow/rc.com"
      - "D:/WaterSurfaceRendererScratch/vcpkg_installed/x64-windows/debug/Microsoft Visual Studio/18/Community/Common7/IDE/CommonExtensions/Microsoft/TestWindow/rc.exe"
      - "D:/WaterSurfaceRendererScratch/vcpkg_installed/x64-windows/debug/Microsoft Visual Studio/18/Community/Common7/IDE/CommonExtensions/Microsoft/TestWindow/rc"
      - "D:/WaterSurfaceRendererScratch/vcpkg_installed/x64-windows/debug/Microsoft Visual Studio/18/Community/Common7/IDE/CommonExtensions/Microsoft/TeamFoundation/Team Explorer/rc.com"
      - "D:/WaterSurfaceRendererScratch/vcpkg_installed/x64-windows/debug/Microsoft Visual Studio/18/Community/Common7/IDE/CommonExtensions/Microsoft/TeamFoundation/Team Explorer/rc.exe"
      - "D:/WaterSurfaceRendererScratch/vcpkg_installed/x64-windows/debug/Microsoft Visual Studio/18/Community/Common7/IDE/CommonExtensions/Microsoft/TeamFoundation/Team Explorer/rc"
      - "D:/WaterSurfaceRendererScratch/vcpkg_installed/x64-windows/debug/Microsoft Visual Studio/18/Community/MSBuild/Current/Bin/Roslyn/rc.com"
      - "D:/WaterSurfaceRendererScratch/vcpkg_installed/x64-windows/debug/Microsoft Visual Studio/18/Community/MSBuild/Current/Bin/Roslyn/rc.exe"
      - "D:/WaterSurfaceRendererScratch/vcpkg_installed/x64-windows/debug/Microsoft Visual Studio/18/Community/MSBuild/Current/Bin/Roslyn/rc"
      - "D:/WaterSurfaceRendererScratch/vcpkg_installed/x64-windows/debug/Program Files (x86)/Microsoft SDKs/Windows/v10.0A/bin/NETFX 4.8 Tools/x64/rc.com"
      - "D:/WaterSurfaceRendererScratch/vcpkg_installed/x64-windows/debug/Program Files (x86)/Microsoft SDKs/Windows/v10.0A/bin/NETFX 4.8 Tools/x64/rc.exe"
      - "D:/WaterSurfaceRendererScratch/vcpkg_installed/x64-windows/debug/Program Files (x86)/Microsoft SDKs/Windows/v10.0A/bin/NETFX 4.8 Tools/x64/rc"
      - "D:/WaterSurfaceRendererScratch/vcpkg_installed/x64-windows/debug/Microsoft Visual Studio/18/Community/Team Tools/DiagnosticsHub/Collector/rc.com"
      - "D:/WaterSurfaceRendererScratch/vcpkg_installed/x64-windows/debug/Microsoft Visual Studio/18/Community/Team Tools/DiagnosticsHub/Collector/rc.exe"
      - "D:/WaterSurfaceRendererScratch/vcpkg_installed/x64-windows/debug/Microsoft Visual Studio/18/Community/Team Tools/DiagnosticsHub/Collector/rc"
      - "D:/WaterSurfaceRendererScratch/vcpkg_installed/x64-windows/debug/Microsoft Visual Studio/18/Community/Common7/IDE/Extensions/Microsoft/CodeCoverage.Console/rc.com"
      - "D:/WaterSurfaceRendererScratch/vcpkg_installed/x64-windows/debug/Microsoft Visual Studio/18/Community/Common7/IDE/Extensions/Microsoft/CodeCoverage.Console/rc.exe"
      - "D:/WaterSurfaceRendererScratch/vcpkg_installed/x64-windows/debug/Microsoft Visual Studio/18/Community/Common7/IDE/Extensions/Microsoft/CodeCoverage.Console/rc"
      - "D:/WaterSurfaceRendererScratch/vcpkg_installed/x64-windows/debug/Program Files (x86)/Windows Kits/10/bin/10.0.26100.0/x64/rc.com"
      - "D:/WaterSurfaceRendererScratch/vcpkg_installed/x64-windows/debug/Program Files (x86)/Windows Kits/10/bin/10.0.26100.0/x64/rc.exe"
      - "D:/WaterSurfaceRendererScratch/vcpkg_installed/x64-windows/debug/Program Files (x86)/Windows Kits/10/bin/10.0.26100.0/x64/rc"
      - "D:/WaterSurfaceRendererScratch/vcpkg_installed/x64-windows/debug/Program Files (x86)/Windows Kits/10/bin/x64/rc.com"
      - "D:/WaterSurfaceRendererScratch/vcpkg_installed/x64-windows/debug/Program Files (x86)/Windows Kits/10/bin/x64/rc.exe"
      - "D:/WaterSurfaceRendererScratch/vcpkg_installed/x64-windows/debug/Program Files (x86)/Windows Kits/10/bin/x64/rc"
      - "D:/WaterSurfaceRendererScratch/vcpkg_installed/x64-windows/debug/Microsoft Visual Studio/18/Community/MSBuild/Current/Bin/amd64/rc.com"
      - "D:/WaterSurfaceRendererScratch/vcpkg_installed/x64-windows/debug/Microsoft Visual Studio/18/Community/MSBuild/Current/Bin/amd64/rc.exe"
      - "D:/WaterSurfaceRendererScratch/vcpkg_installed/x64-windows/debug/Microsoft Visual Studio/18/Community/MSBuild/Current/Bin/amd64/rc"
      - "D:/WaterSurfaceRendererScratch/vcpkg_installed/x64-windows/debug/Windows/Microsoft.NET/Framework64/v4.0.30319/rc.com"
      - "D:/WaterSurfaceRendererScratch/vcpkg_installed/x64-windows/debug/Windows/Microsoft.NET/Framework64/v4.0.30319/rc.exe"
      - "D:/WaterSurfaceRendererScratch/vcpkg_installed/x64-windows/debug/Windows/Microsoft.NET/Framework64/v4.0.30319/rc"
      - "D:/WaterSurfaceRendererScratch/vcpkg_installed/x64-windows/debug/Microsoft Visual Studio/18/Community/Common7/IDE/rc.com"
      - "D:/WaterSurfaceRendererScratch/vcpkg_installed/x64-windows/debug/Microsoft Visual Studio/18/Community/Common7/IDE/rc.exe"
      - "D:/WaterSurfaceRendererScratch/vcpkg_installed/x64-windows/debug/Microsoft Visual Studio/18/Community/Common7/IDE/rc"
      - "D:/WaterSurfaceRendererScratch/vcpkg_installed/x64-windows/debug/Microsoft Visual Studio/18/Community/Common7/Tools/rc.com"
      - "D:/WaterSurfaceRendererScratch/vcpkg_installed/x64-windows/debug/Microsoft Visual Studio/18/Community/Common7/Tools/rc.exe"
      - "D:/WaterSurfaceRendererScratch/vcpkg_installed/x64-windows/debug/Microsoft Visual Studio/18/Community/Common7/Tools/rc"
      - "D:/WaterSurfaceRendererScratch/vcpkg_installed/x64-windows/debug/Users/xukeheng/AppData/Local/vcpkg/downloads/tools/powershell-core-7.5.4-windows/rc.com"
      - "D:/WaterSurfaceRendererScratch/vcpkg_installed/x64-windows/debug/Users/xukeheng/AppData/Local/vcpkg/downloads/tools/powershell-core-7.5.4-windows/rc.exe"
      - "D:/WaterSurfaceRendererScratch/vcpkg_installed/x64-windows/debug/Users/xukeheng/AppData/Local/vcpkg/downloads/tools/powershell-core-7.5.4-windows/rc"
      - "D:/WaterSurfaceRendererScratch/vcpkg_installed/x64-windows/debug/Windows/System32/rc.com"
      - "D:/WaterSurfaceRendererScratch/vcpkg_installed/x64-windows/debug/Windows/System32/rc.exe"
      - "D:/WaterSurfaceRendererScratch/vcpkg_installed/x64-windows/debug/Windows/System32/rc"
      - "D:/WaterSurfaceRendererScratch/vcpkg_installed/x64-windows/debug/Windows/rc.com"
      - "D:/WaterSurfaceRendererScratch/vcpkg_installed/x64-windows/debug/Windows/rc.exe"
      - "D:/WaterSurfaceRendererScratch/vcpkg_installed/x64-windows/debug/Windows/rc"
      - "D:/WaterSurfaceRendererScratch/vcpkg_installed/x64-windows/debug/Windows/System32/wbem/rc.com"
      - "D:/WaterSurfaceRendererScratch/vcpkg_installed/x64-windows/debug/Windows/System32/wbem/rc.exe"
      - "D:/WaterSurfaceRendererScratch/vcpkg_installed/x64-windows/debug/Windows/System32/wbem/rc"
      - "D:/WaterSurfaceRendererScratch/vcpkg_installed/x64-windows/debug/Windows/System32/WindowsPowerShell/v1.0/rc.com"
      - "D:/WaterSurfaceRendererScratch/vcpkg_installed/x64-windows/debug/Windows/System32/WindowsPowerShell/v1.0/rc.exe"
      - "D:/WaterSurfaceRendererScratch/vcpkg_installed/x64-windows/debug/Windows/System32/WindowsPowerShell/v1.0/rc"
      - "D:/WaterSurfaceRendererScratch/vcpkg_installed/x64-windows/debug/Windows/System32/OpenSSH/rc.com"
      - "D:/WaterSurfaceRendererScratch/vcpkg_installed/x64-windows/debug/Windows/System32/OpenSSH/rc.exe"
      - "D:/WaterSurfaceRendererScratch/vcpkg_installed/x64-windows/debug/Windows/System32/OpenSSH/rc"
      - "D:/WaterSurfaceRendererScratch/vcpkg_installed/x64-windows/debug/Microsoft Visual Studio/18/Community/Common7/IDE/CommonExtensions/Microsoft/CMake/CMake/bin/rc.com"
      - "D:/WaterSurfaceRendererScratch/vcpkg_installed/x64-windows/debug/Microsoft Visual Studio/18/Community/Common7/IDE/CommonExtensions/Microsoft/CMake/CMake/bin/rc.exe"
      - "D:/WaterSurfaceRendererScratch/vcpkg_installed/x64-windows/debug/Microsoft Visual Studio/18/Community/Common7/IDE/CommonExtensions/Microsoft/CMake/CMake/bin/rc"
      - "D:/WaterSurfaceRendererScratch/vcpkg_installed/x64-windows/debug/Microsoft Visual Studio/18/Community/Common7/IDE/CommonExtensions/Microsoft/CMake/Ninja/rc.com"
      - "D:/WaterSurfaceRendererScratch/vcpkg_installed/x64-windows/debug/Microsoft Visual Studio/18/Community/Common7/IDE/CommonExtensions/Microsoft/CMake/Ninja/rc.exe"
      - "D:/WaterSurfaceRendererScratch/vcpkg_installed/x64-windows/debug/Microsoft Visual Studio/18/Community/Common7/IDE/CommonExtensions/Microsoft/CMake/Ninja/rc"
      - "D:/WaterSurfaceRendererScratch/vcpkg_installed/x64-windows/debug/Microsoft Visual Studio/18/Community/Common7/IDE/VC/Linux/bin/ConnectionManagerExe/rc.com"
      - "D:/WaterSurfaceRendererScratch/vcpkg_installed/x64-windows/debug/Microsoft Visual Studio/18/Community/Common7/IDE/VC/Linux/bin/ConnectionManagerExe/rc.exe"
      - "D:/WaterSurfaceRendererScratch/vcpkg_installed/x64-windows/debug/Microsoft Visual Studio/18/Community/Common7/IDE/VC/Linux/bin/ConnectionManagerExe/rc"
      - "D:/WaterSurfaceRendererScratch/vcpkg_installed/x64-windows/debug/Microsoft Visual Studio/18/Community/VC/vcpkg/rc.com"
      - "D:/WaterSurfaceRendererScratch/vcpkg_installed/x64-windows/debug/Microsoft Visual Studio/18/Community/VC/vcpkg/rc.exe"
      - "D:/WaterSurfaceRendererScratch/vcpkg_installed/x64-windows/debug/Microsoft Visual Studio/18/Community/VC/vcpkg/rc"
      - "D:/WaterSurfaceRendererScratch/vcpkg_installed/x64-windows/debug/Program Files/bin/rc.com"
      - "D:/WaterSurfaceRendererScratch/vcpkg_installed/x64-windows/debug/Program Files/bin/rc.exe"
      - "D:/WaterSurfaceRendererScratch/vcpkg_installed/x64-windows/debug/Program Files/bin/rc"
      - "D:/WaterSurfaceRendererScratch/vcpkg_installed/x64-windows/debug/Program Files/sbin/rc.com"
      - "D:/WaterSurfaceRendererScratch/vcpkg_installed/x64-windows/debug/Program Files/sbin/rc.exe"
      - "D:/WaterSurfaceRendererScratch/vcpkg_installed/x64-windows/debug/Program Files/sbin/rc"
      - "D:/WaterSurfaceRendererScratch/vcpkg_installed/x64-windows/debug/Program Files/rc.com"
      - "D:/WaterSurfaceRendererScratch/vcpkg_installed/x64-windows/debug/Program Files/rc.exe"
      - "D:/WaterSurfaceRendererScratch/vcpkg_installed/x64-windows/debug/Program Files/rc"
      - "D:/WaterSurfaceRendererScratch/vcpkg_installed/x64-windows/debug/Program Files (x86)/bin/rc.com"
      - "D:/WaterSurfaceRendererScratch/vcpkg_installed/x64-windows/debug/Program Files (x86)/bin/rc.exe"
      - "D:/WaterSurfaceRendererScratch/vcpkg_installed/x64-windows/debug/Program Files (x86)/bin/rc"
      - "D:/WaterSurfaceRendererScratch/vcpkg_installed/x64-windows/debug/Program Files (x86)/sbin/rc.com"
      - "D:/WaterSurfaceRendererScratch/vcpkg_installed/x64-windows/debug/Program Files (x86)/sbin/rc.exe"
      - "D:/WaterSurfaceRendererScratch/vcpkg_installed/x64-windows/debug/Program Files (x86)/sbin/rc"
      - "D:/WaterSurfaceRendererScratch/vcpkg_installed/x64-windows/debug/Program Files (x86)/rc.com"
      - "D:/WaterSurfaceRendererScratch/vcpkg_installed/x64-windows/debug/Program Files (x86)/rc.exe"
      - "D:/WaterSurfaceRendererScratch/vcpkg_installed/x64-windows/debug/Program Files (x86)/rc"
      - "D:/WaterSurfaceRendererScratch/vcpkg_installed/x64-windows/debug/Microsoft Visual Studio/18/Community/Common7/IDE/CommonExtensions/Microsoft/CMake/CMake/bin/rc.com"
      - "D:/WaterSurfaceRendererScratch/vcpkg_installed/x64-windows/debug/Microsoft Visual Studio/18/Community/Common7/IDE/CommonExtensions/Microsoft/CMake/CMake/bin/rc.exe"
      - "D:/WaterSurfaceRendererScratch/vcpkg_installed/x64-windows/debug/Microsoft Visual Studio/18/Community/Common7/IDE/CommonExtensions/Microsoft/CMake/CMake/bin/rc"
      - "D:/WaterSurfaceRendererScratch/vcpkg_installed/x64-windows/debug/Microsoft Visual Studio/18/Community/Common7/IDE/CommonExtensions/Microsoft/CMake/CMake/sbin/rc.com"
      - "D:/WaterSurfaceRendererScratch/vcpkg_installed/x64-windows/debug/Microsoft Visual Studio/18/Community/Common7/IDE/CommonExtensions/Microsoft/CMake/CMake/sbin/rc.exe"
      - "D:/WaterSurfaceRendererScratch/vcpkg_installed/x64-windows/debug/Microsoft Visual Studio/18/Community/Common7/IDE/CommonExtensions/Microsoft/CMake/CMake/sbin/rc"
      - "D:/WaterSurfaceRendererScratch/vcpkg_installed/x64-windows/debug/Microsoft Visual Studio/18/Community/Common7/IDE/CommonExtensions/Microsoft/CMake/CMake/rc.com"
      - "D:/WaterSurfaceRendererScratch/vcpkg_installed/x64-windows/debug/Microsoft Visual Studio/18/Community/Common7/IDE/CommonExtensions/Microsoft/CMake/CMake/rc.exe"
      - "D:/WaterSurfaceRendererScratch/vcpkg_installed/x64-windows/debug/Microsoft Visual Studio/18/Community/Common7/IDE/CommonExtensions/Microsoft/CMake/CMake/rc"
      - "D:/WaterSurfaceRendererScratch/vcpkg_installed/x64-windows/debug/WaterSurfaceRendererScratch/vcpkg_installed/vcpkg/pkgs/fftw3_x64-windows/debug/bin/rc.com"
      - "D:/WaterSurfaceRendererScratch/vcpkg_installed/x64-windows/debug/WaterSurfaceRendererScratch/vcpkg_installed/vcpkg/pkgs/fftw3_x64-windows/debug/bin/rc.exe"
      - "D:/WaterSurfaceRendererScratch/vcpkg_installed/x64-windows/debug/WaterSurfaceRendererScratch/vcpkg_installed/vcpkg/pkgs/fftw3_x64-windows/debug/bin/rc"
      - "D:/WaterSurfaceRendererScratch/vcpkg_installed/x64-windows/debug/WaterSurfaceRendererScratch/vcpkg_installed/vcpkg/pkgs/fftw3_x64-windows/debug/sbin/rc.com"
      - "D:/WaterSurfaceRendererScratch/vcpkg_installed/x64-windows/debug/WaterSurfaceRendererScratch/vcpkg_installed/vcpkg/pkgs/fftw3_x64-windows/debug/sbin/rc.exe"
      - "D:/WaterSurfaceRendererScratch/vcpkg_installed/x64-windows/debug/WaterSurfaceRendererScratch/vcpkg_installed/vcpkg/pkgs/fftw3_x64-windows/debug/sbin/rc"
      - "D:/WaterSurfaceRendererScratch/vcpkg_installed/x64-windows/debug/WaterSurfaceRendererScratch/vcpkg_installed/vcpkg/pkgs/fftw3_x64-windows/debug/rc.com"
      - "D:/WaterSurfaceRendererScratch/vcpkg_installed/x64-windows/debug/WaterSurfaceRendererScratch/vcpkg_installed/vcpkg/pkgs/fftw3_x64-windows/debug/rc.exe"
      - "D:/WaterSurfaceRendererScratch/vcpkg_installed/x64-windows/debug/WaterSurfaceRendererScratch/vcpkg_installed/vcpkg/pkgs/fftw3_x64-windows/debug/rc"
      - "D:/WaterSurfaceRendererScratch/vcpkg_installed/x64-windows/debug/bin/rc.com"
      - "D:/WaterSurfaceRendererScratch/vcpkg_installed/x64-windows/debug/bin/rc.exe"
      - "D:/WaterSurfaceRendererScratch/vcpkg_installed/x64-windows/debug/bin/rc"
      - "D:/WaterSurfaceRendererScratch/vcpkg_installed/x64-windows/debug/sbin/rc.com"
      - "D:/WaterSurfaceRendererScratch/vcpkg_installed/x64-windows/debug/sbin/rc.exe"
      - "D:/WaterSurfaceRendererScratch/vcpkg_installed/x64-windows/debug/sbin/rc"
      - "D:/WaterSurfaceRendererScratch/vcpkg_installed/x64-windows/debug/rc.com"
      - "D:/WaterSurfaceRendererScratch/vcpkg_installed/x64-windows/debug/rc.exe"
      - "D:/WaterSurfaceRendererScratch/vcpkg_installed/x64-windows/debug/rc"
      - "D:/WaterSurfaceRendererScratch/vcpkg_installed/x64-windows/bin/rc.com"
      - "D:/WaterSurfaceRendererScratch/vcpkg_installed/x64-windows/bin/rc.exe"
      - "D:/WaterSurfaceRendererScratch/vcpkg_installed/x64-windows/bin/rc"
      - "D:/WaterSurfaceRendererScratch/vcpkg_installed/x64-windows/sbin/rc.com"
      - "D:/WaterSurfaceRendererScratch/vcpkg_installed/x64-windows/sbin/rc.exe"
      - "D:/WaterSurfaceRendererScratch/vcpkg_installed/x64-windows/sbin/rc"
      - "D:/WaterSurfaceRendererScratch/vcpkg_installed/x64-windows/rc.com"
      - "D:/WaterSurfaceRendererScratch/vcpkg_installed/x64-windows/rc.exe"
      - "D:/WaterSurfaceRendererScratch/vcpkg_installed/x64-windows/rc"
      - "D:/WaterSurfaceRendererScratch/vcpkg_installed/x64-windows/tools/rc.com"
      - "D:/WaterSurfaceRendererScratch/vcpkg_installed/x64-windows/tools/rc.exe"
      - "D:/WaterSurfaceRendererScratch/vcpkg_installed/x64-windows/tools/rc"
      - "D:/WaterSurfaceRendererScratch/vcpkg_installed/x64-windows/Microsoft Visual Studio/18/Community/VC/Tools/MSVC/14.51.36231/bin/Hostx64/x64/rc.com"
      - "D:/WaterSurfaceRendererScratch/vcpkg_installed/x64-windows/Microsoft Visual Studio/18/Community/VC/Tools/MSVC/14.51.36231/bin/Hostx64/x64/rc.exe"
      - "D:/WaterSurfaceRendererScratch/vcpkg_installed/x64-windows/Microsoft Visual Studio/18/Community/VC/Tools/MSVC/14.51.36231/bin/Hostx64/x64/rc"
      - "D:/WaterSurfaceRendererScratch/vcpkg_installed/x64-windows/Microsoft Visual Studio/18/Community/Common7/IDE/VC/vcpackages/rc.com"
      - "D:/WaterSurfaceRendererScratch/vcpkg_installed/x64-windows/Microsoft Visual Studio/18/Community/Common7/IDE/VC/vcpackages/rc.exe"
      - "D:/WaterSurfaceRendererScratch/vcpkg_installed/x64-windows/Microsoft Visual Studio/18/Community/Common7/IDE/VC/vcpackages/rc"
      - "D:/WaterSurfaceRendererScratch/vcpkg_installed/x64-windows/Microsoft Visual Studio/18/Community/Common7/IDE/CommonExtensions/Microsoft/TestWindow/rc.com"
      - "D:/WaterSurfaceRendererScratch/vcpkg_installed/x64-windows/Microsoft Visual Studio/18/Community/Common7/IDE/CommonExtensions/Microsoft/TestWindow/rc.exe"
      - "D:/WaterSurfaceRendererScratch/vcpkg_installed/x64-windows/Microsoft Visual Studio/18/Community/Common7/IDE/CommonExtensions/Microsoft/TestWindow/rc"
      - "D:/WaterSurfaceRendererScratch/vcpkg_installed/x64-windows/Microsoft Visual Studio/18/Community/Common7/IDE/CommonExtensions/Microsoft/TeamFoundation/Team Explorer/rc.com"
      - "D:/WaterSurfaceRendererScratch/vcpkg_installed/x64-windows/Microsoft Visual Studio/18/Community/Common7/IDE/CommonExtensions/Microsoft/TeamFoundation/Team Explorer/rc.exe"
      - "D:/WaterSurfaceRendererScratch/vcpkg_installed/x64-windows/Microsoft Visual Studio/18/Community/Common7/IDE/CommonExtensions/Microsoft/TeamFoundation/Team Explorer/rc"
      - "D:/WaterSurfaceRendererScratch/vcpkg_installed/x64-windows/Microsoft Visual Studio/18/Community/MSBuild/Current/Bin/Roslyn/rc.com"
      - "D:/WaterSurfaceRendererScratch/vcpkg_installed/x64-windows/Microsoft Visual Studio/18/Community/MSBuild/Current/Bin/Roslyn/rc.exe"
      - "D:/WaterSurfaceRendererScratch/vcpkg_installed/x64-windows/Microsoft Visual Studio/18/Community/MSBuild/Current/Bin/Roslyn/rc"
      - "D:/WaterSurfaceRendererScratch/vcpkg_installed/x64-windows/Program Files (x86)/Microsoft SDKs/Windows/v10.0A/bin/NETFX 4.8 Tools/x64/rc.com"
      - "D:/WaterSurfaceRendererScratch/vcpkg_installed/x64-windows/Program Files (x86)/Microsoft SDKs/Windows/v10.0A/bin/NETFX 4.8 Tools/x64/rc.exe"
      - "D:/WaterSurfaceRendererScratch/vcpkg_installed/x64-windows/Program Files (x86)/Microsoft SDKs/Windows/v10.0A/bin/NETFX 4.8 Tools/x64/rc"
      - "D:/WaterSurfaceRendererScratch/vcpkg_installed/x64-windows/Microsoft Visual Studio/18/Community/Team Tools/DiagnosticsHub/Collector/rc.com"
      - "D:/WaterSurfaceRendererScratch/vcpkg_installed/x64-windows/Microsoft Visual Studio/18/Community/Team Tools/DiagnosticsHub/Collector/rc.exe"
      - "D:/WaterSurfaceRendererScratch/vcpkg_installed/x64-windows/Microsoft Visual Studio/18/Community/Team Tools/DiagnosticsHub/Collector/rc"
      - "D:/WaterSurfaceRendererScratch/vcpkg_installed/x64-windows/Microsoft Visual Studio/18/Community/Common7/IDE/Extensions/Microsoft/CodeCoverage.Console/rc.com"
      - "D:/WaterSurfaceRendererScratch/vcpkg_installed/x64-windows/Microsoft Visual Studio/18/Community/Common7/IDE/Extensions/Microsoft/CodeCoverage.Console/rc.exe"
      - "D:/WaterSurfaceRendererScratch/vcpkg_installed/x64-windows/Microsoft Visual Studio/18/Community/Common7/IDE/Extensions/Microsoft/CodeCoverage.Console/rc"
      - "D:/WaterSurfaceRendererScratch/vcpkg_installed/x64-windows/Program Files (x86)/Windows Kits/10/bin/10.0.26100.0/x64/rc.com"
      - "D:/WaterSurfaceRendererScratch/vcpkg_installed/x64-windows/Program Files (x86)/Windows Kits/10/bin/10.0.26100.0/x64/rc.exe"
      - "D:/WaterSurfaceRendererScratch/vcpkg_installed/x64-windows/Program Files (x86)/Windows Kits/10/bin/10.0.26100.0/x64/rc"
      - "D:/WaterSurfaceRendererScratch/vcpkg_installed/x64-windows/Program Files (x86)/Windows Kits/10/bin/x64/rc.com"
      - "D:/WaterSurfaceRendererScratch/vcpkg_installed/x64-windows/Program Files (x86)/Windows Kits/10/bin/x64/rc.exe"
      - "D:/WaterSurfaceRendererScratch/vcpkg_installed/x64-windows/Program Files (x86)/Windows Kits/10/bin/x64/rc"
      - "D:/WaterSurfaceRendererScratch/vcpkg_installed/x64-windows/Microsoft Visual Studio/18/Community/MSBuild/Current/Bin/amd64/rc.com"
      - "D:/WaterSurfaceRendererScratch/vcpkg_installed/x64-windows/Microsoft Visual Studio/18/Community/MSBuild/Current/Bin/amd64/rc.exe"
      - "D:/WaterSurfaceRendererScratch/vcpkg_installed/x64-windows/Microsoft Visual Studio/18/Community/MSBuild/Current/Bin/amd64/rc"
      - "D:/WaterSurfaceRendererScratch/vcpkg_installed/x64-windows/Windows/Microsoft.NET/Framework64/v4.0.30319/rc.com"
      - "D:/WaterSurfaceRendererScratch/vcpkg_installed/x64-windows/Windows/Microsoft.NET/Framework64/v4.0.30319/rc.exe"
      - "D:/WaterSurfaceRendererScratch/vcpkg_installed/x64-windows/Windows/Microsoft.NET/Framework64/v4.0.30319/rc"
      - "D:/WaterSurfaceRendererScratch/vcpkg_installed/x64-windows/Microsoft Visual Studio/18/Community/Common7/IDE/rc.com"
      - "D:/WaterSurfaceRendererScratch/vcpkg_installed/x64-windows/Microsoft Visual Studio/18/Community/Common7/IDE/rc.exe"
      - "D:/WaterSurfaceRendererScratch/vcpkg_installed/x64-windows/Microsoft Visual Studio/18/Community/Common7/IDE/rc"
      - "D:/WaterSurfaceRendererScratch/vcpkg_installed/x64-windows/Microsoft Visual Studio/18/Community/Common7/Tools/rc.com"
      - "D:/WaterSurfaceRendererScratch/vcpkg_installed/x64-windows/Microsoft Visual Studio/18/Community/Common7/Tools/rc.exe"
      - "D:/WaterSurfaceRendererScratch/vcpkg_installed/x64-windows/Microsoft Visual Studio/18/Community/Common7/Tools/rc"
      - "D:/WaterSurfaceRendererScratch/vcpkg_installed/x64-windows/Users/xukeheng/AppData/Local/vcpkg/downloads/tools/powershell-core-7.5.4-windows/rc.com"
      - "D:/WaterSurfaceRendererScratch/vcpkg_installed/x64-windows/Users/xukeheng/AppData/Local/vcpkg/downloads/tools/powershell-core-7.5.4-windows/rc.exe"
      - "D:/WaterSurfaceRendererScratch/vcpkg_installed/x64-windows/Users/xukeheng/AppData/Local/vcpkg/downloads/tools/powershell-core-7.5.4-windows/rc"
      - "D:/WaterSurfaceRendererScratch/vcpkg_installed/x64-windows/Windows/System32/rc.com"
      - "D:/WaterSurfaceRendererScratch/vcpkg_installed/x64-windows/Windows/System32/rc.exe"
      - "D:/WaterSurfaceRendererScratch/vcpkg_installed/x64-windows/Windows/System32/rc"
      - "D:/WaterSurfaceRendererScratch/vcpkg_installed/x64-windows/Windows/rc.com"
      - "D:/WaterSurfaceRendererScratch/vcpkg_installed/x64-windows/Windows/rc.exe"
      - "D:/WaterSurfaceRendererScratch/vcpkg_installed/x64-windows/Windows/rc"
      - "D:/WaterSurfaceRendererScratch/vcpkg_installed/x64-windows/Windows/System32/wbem/rc.com"
      - "D:/WaterSurfaceRendererScratch/vcpkg_installed/x64-windows/Windows/System32/wbem/rc.exe"
      - "D:/WaterSurfaceRendererScratch/vcpkg_installed/x64-windows/Windows/System32/wbem/rc"
      - "D:/WaterSurfaceRendererScratch/vcpkg_installed/x64-windows/Windows/System32/WindowsPowerShell/v1.0/rc.com"
      - "D:/WaterSurfaceRendererScratch/vcpkg_installed/x64-windows/Windows/System32/WindowsPowerShell/v1.0/rc.exe"
      - "D:/WaterSurfaceRendererScratch/vcpkg_installed/x64-windows/Windows/System32/WindowsPowerShell/v1.0/rc"
      - "D:/WaterSurfaceRendererScratch/vcpkg_installed/x64-windows/Windows/System32/OpenSSH/rc.com"
      - "D:/WaterSurfaceRendererScratch/vcpkg_installed/x64-windows/Windows/System32/OpenSSH/rc.exe"
      - "D:/WaterSurfaceRendererScratch/vcpkg_installed/x64-windows/Windows/System32/OpenSSH/rc"
      - "D:/WaterSurfaceRendererScratch/vcpkg_installed/x64-windows/Microsoft Visual Studio/18/Community/Common7/IDE/CommonExtensions/Microsoft/CMake/CMake/bin/rc.com"
      - "D:/WaterSurfaceRendererScratch/vcpkg_installed/x64-windows/Microsoft Visual Studio/18/Community/Common7/IDE/CommonExtensions/Microsoft/CMake/CMake/bin/rc.exe"
      - "D:/WaterSurfaceRendererScratch/vcpkg_installed/x64-windows/Microsoft Visual Studio/18/Community/Common7/IDE/CommonExtensions/Microsoft/CMake/CMake/bin/rc"
      - "D:/WaterSurfaceRendererScratch/vcpkg_installed/x64-windows/Microsoft Visual Studio/18/Community/Common7/IDE/CommonExtensions/Microsoft/CMake/Ninja/rc.com"
      - "D:/WaterSurfaceRendererScratch/vcpkg_installed/x64-windows/Microsoft Visual Studio/18/Community/Common7/IDE/CommonExtensions/Microsoft/CMake/Ninja/rc.exe"
      - "D:/WaterSurfaceRendererScratch/vcpkg_installed/x64-windows/Microsoft Visual Studio/18/Community/Common7/IDE/CommonExtensions/Microsoft/CMake/Ninja/rc"
      - "D:/WaterSurfaceRendererScratch/vcpkg_installed/x64-windows/Microsoft Visual Studio/18/Community/Common7/IDE/VC/Linux/bin/ConnectionManagerExe/rc.com"
      - "D:/WaterSurfaceRendererScratch/vcpkg_installed/x64-windows/Microsoft Visual Studio/18/Community/Common7/IDE/VC/Linux/bin/ConnectionManagerExe/rc.exe"
      - "D:/WaterSurfaceRendererScratch/vcpkg_installed/x64-windows/Microsoft Visual Studio/18/Community/Common7/IDE/VC/Linux/bin/ConnectionManagerExe/rc"
      - "D:/WaterSurfaceRendererScratch/vcpkg_installed/x64-windows/Microsoft Visual Studio/18/Community/VC/vcpkg/rc.com"
      - "D:/WaterSurfaceRendererScratch/vcpkg_installed/x64-windows/Microsoft Visual Studio/18/Community/VC/vcpkg/rc.exe"
      - "D:/WaterSurfaceRendererScratch/vcpkg_installed/x64-windows/Microsoft Visual Studio/18/Community/VC/vcpkg/rc"
      - "D:/WaterSurfaceRendererScratch/vcpkg_installed/x64-windows/Program Files/bin/rc.com"
      - "D:/WaterSurfaceRendererScratch/vcpkg_installed/x64-windows/Program Files/bin/rc.exe"
      - "D:/WaterSurfaceRendererScratch/vcpkg_installed/x64-windows/Program Files/bin/rc"
      - "D:/WaterSurfaceRendererScratch/vcpkg_installed/x64-windows/Program Files/sbin/rc.com"
      - "D:/WaterSurfaceRendererScratch/vcpkg_installed/x64-windows/Program Files/sbin/rc.exe"
      - "D:/WaterSurfaceRendererScratch/vcpkg_installed/x64-windows/Program Files/sbin/rc"
      - "D:/WaterSurfaceRendererScratch/vcpkg_installed/x64-windows/Program Files/rc.com"
      - "D:/WaterSurfaceRendererScratch/vcpkg_installed/x64-windows/Program Files/rc.exe"
      - "D:/WaterSurfaceRendererScratch/vcpkg_installed/x64-windows/Program Files/rc"
      - "D:/WaterSurfaceRendererScratch/vcpkg_installed/x64-windows/Program Files (x86)/bin/rc.com"
      - "D:/WaterSurfaceRendererScratch/vcpkg_installed/x64-windows/Program Files (x86)/bin/rc.exe"
      - "D:/WaterSurfaceRendererScratch/vcpkg_installed/x64-windows/Program Files (x86)/bin/rc"
      - "D:/WaterSurfaceRendererScratch/vcpkg_installed/x64-windows/Program Files (x86)/sbin/rc.com"
      - "D:/WaterSurfaceRendererScratch/vcpkg_installed/x64-windows/Program Files (x86)/sbin/rc.exe"
      - "D:/WaterSurfaceRendererScratch/vcpkg_installed/x64-windows/Program Files (x86)/sbin/rc"
      - "D:/WaterSurfaceRendererScratch/vcpkg_installed/x64-windows/Program Files (x86)/rc.com"
      - "D:/WaterSurfaceRendererScratch/vcpkg_installed/x64-windows/Program Files (x86)/rc.exe"
      - "D:/WaterSurfaceRendererScratch/vcpkg_installed/x64-windows/Program Files (x86)/rc"
      - "D:/WaterSurfaceRendererScratch/vcpkg_installed/x64-windows/Microsoft Visual Studio/18/Community/Common7/IDE/CommonExtensions/Microsoft/CMake/CMake/bin/rc.com"
      - "D:/WaterSurfaceRendererScratch/vcpkg_installed/x64-windows/Microsoft Visual Studio/18/Community/Common7/IDE/CommonExtensions/Microsoft/CMake/CMake/bin/rc.exe"
      - "D:/WaterSurfaceRendererScratch/vcpkg_installed/x64-windows/Microsoft Visual Studio/18/Community/Common7/IDE/CommonExtensions/Microsoft/CMake/CMake/bin/rc"
      - "D:/WaterSurfaceRendererScratch/vcpkg_installed/x64-windows/Microsoft Visual Studio/18/Community/Common7/IDE/CommonExtensions/Microsoft/CMake/CMake/sbin/rc.com"
      - "D:/WaterSurfaceRendererScratch/vcpkg_installed/x64-windows/Microsoft Visual Studio/18/Community/Common7/IDE/CommonExtensions/Microsoft/CMake/CMake/sbin/rc.exe"
      - "D:/WaterSurfaceRendererScratch/vcpkg_installed/x64-windows/Microsoft Visual Studio/18/Community/Common7/IDE/CommonExtensions/Microsoft/CMake/CMake/sbin/rc"
      - "D:/WaterSurfaceRendererScratch/vcpkg_installed/x64-windows/Microsoft Visual Studio/18/Community/Common7/IDE/CommonExtensions/Microsoft/CMake/CMake/rc.com"
      - "D:/WaterSurfaceRendererScratch/vcpkg_installed/x64-windows/Microsoft Visual Studio/18/Community/Common7/IDE/CommonExtensions/Microsoft/CMake/CMake/rc.exe"
      - "D:/WaterSurfaceRendererScratch/vcpkg_installed/x64-windows/Microsoft Visual Studio/18/Community/Common7/IDE/CommonExtensions/Microsoft/CMake/CMake/rc"
      - "D:/WaterSurfaceRendererScratch/vcpkg_installed/x64-windows/WaterSurfaceRendererScratch/vcpkg_installed/vcpkg/pkgs/fftw3_x64-windows/debug/bin/rc.com"
      - "D:/WaterSurfaceRendererScratch/vcpkg_installed/x64-windows/WaterSurfaceRendererScratch/vcpkg_installed/vcpkg/pkgs/fftw3_x64-windows/debug/bin/rc.exe"
      - "D:/WaterSurfaceRendererScratch/vcpkg_installed/x64-windows/WaterSurfaceRendererScratch/vcpkg_installed/vcpkg/pkgs/fftw3_x64-windows/debug/bin/rc"
      - "D:/WaterSurfaceRendererScratch/vcpkg_installed/x64-windows/WaterSurfaceRendererScratch/vcpkg_installed/vcpkg/pkgs/fftw3_x64-windows/debug/sbin/rc.com"
      - "D:/WaterSurfaceRendererScratch/vcpkg_installed/x64-windows/WaterSurfaceRendererScratch/vcpkg_installed/vcpkg/pkgs/fftw3_x64-windows/debug/sbin/rc.exe"
      - "D:/WaterSurfaceRendererScratch/vcpkg_installed/x64-windows/WaterSurfaceRendererScratch/vcpkg_installed/vcpkg/pkgs/fftw3_x64-windows/debug/sbin/rc"
      - "D:/WaterSurfaceRendererScratch/vcpkg_installed/x64-windows/WaterSurfaceRendererScratch/vcpkg_installed/vcpkg/pkgs/fftw3_x64-windows/debug/rc.com"
      - "D:/WaterSurfaceRendererScratch/vcpkg_installed/x64-windows/WaterSurfaceRendererScratch/vcpkg_installed/vcpkg/pkgs/fftw3_x64-windows/debug/rc.exe"
      - "D:/WaterSurfaceRendererScratch/vcpkg_installed/x64-windows/WaterSurfaceRendererScratch/vcpkg_installed/vcpkg/pkgs/fftw3_x64-windows/debug/rc"
      - "D:/WaterSurfaceRendererScratch/vcpkg_installed/x64-windows/debug/bin/rc.com"
      - "D:/WaterSurfaceRendererScratch/vcpkg_installed/x64-windows/debug/bin/rc.exe"
      - "D:/WaterSurfaceRendererScratch/vcpkg_installed/x64-windows/debug/bin/rc"
      - "D:/WaterSurfaceRendererScratch/vcpkg_installed/x64-windows/debug/sbin/rc.com"
      - "D:/WaterSurfaceRendererScratch/vcpkg_installed/x64-windows/debug/sbin/rc.exe"
      - "D:/WaterSurfaceRendererScratch/vcpkg_installed/x64-windows/debug/sbin/rc"
      - "D:/WaterSurfaceRendererScratch/vcpkg_installed/x64-windows/debug/rc.com"
      - "D:/WaterSurfaceRendererScratch/vcpkg_installed/x64-windows/debug/rc.exe"
      - "D:/WaterSurfaceRendererScratch/vcpkg_installed/x64-windows/debug/rc"
      - "D:/WaterSurfaceRendererScratch/vcpkg_installed/x64-windows/bin/rc.com"
      - "D:/WaterSurfaceRendererScratch/vcpkg_installed/x64-windows/bin/rc.exe"
      - "D:/WaterSurfaceRendererScratch/vcpkg_installed/x64-windows/bin/rc"
      - "D:/WaterSurfaceRendererScratch/vcpkg_installed/x64-windows/sbin/rc.com"
      - "D:/WaterSurfaceRendererScratch/vcpkg_installed/x64-windows/sbin/rc.exe"
      - "D:/WaterSurfaceRendererScratch/vcpkg_installed/x64-windows/sbin/rc"
      - "D:/WaterSurfaceRendererScratch/vcpkg_installed/x64-windows/rc.com"
      - "D:/WaterSurfaceRendererScratch/vcpkg_installed/x64-windows/rc.exe"
      - "D:/WaterSurfaceRendererScratch/vcpkg_installed/x64-windows/rc"
      - "D:/WaterSurfaceRendererScratch/vcpkg_installed/x64-windows/tools/rc.com"
      - "D:/WaterSurfaceRendererScratch/vcpkg_installed/x64-windows/tools/rc.exe"
      - "D:/WaterSurfaceRendererScratch/vcpkg_installed/x64-windows/tools/rc"
      - "D:/Microsoft Visual Studio/18/Community/VC/Tools/MSVC/14.51.36231/bin/Hostx64/x64/rc.com"
      - "D:/Microsoft Visual Studio/18/Community/VC/Tools/MSVC/14.51.36231/bin/Hostx64/x64/rc.exe"
      - "D:/Microsoft Visual Studio/18/Community/VC/Tools/MSVC/14.51.36231/bin/Hostx64/x64/rc"
      - "D:/Microsoft Visual Studio/18/Community/Common7/IDE/VC/vcpackages/rc.com"
      - "D:/Microsoft Visual Studio/18/Community/Common7/IDE/VC/vcpackages/rc.exe"
      - "D:/Microsoft Visual Studio/18/Community/Common7/IDE/VC/vcpackages/rc"
      - "D:/Microsoft Visual Studio/18/Community/Common7/IDE/CommonExtensions/Microsoft/TestWindow/rc.com"
      - "D:/Microsoft Visual Studio/18/Community/Common7/IDE/CommonExtensions/Microsoft/TestWindow/rc.exe"
      - "D:/Microsoft Visual Studio/18/Community/Common7/IDE/CommonExtensions/Microsoft/TestWindow/rc"
      - "D:/Microsoft Visual Studio/18/Community/Common7/IDE/CommonExtensions/Microsoft/TeamFoundation/Team Explorer/rc.com"
      - "D:/Microsoft Visual Studio/18/Community/Common7/IDE/CommonExtensions/Microsoft/TeamFoundation/Team Explorer/rc.exe"
      - "D:/Microsoft Visual Studio/18/Community/Common7/IDE/CommonExtensions/Microsoft/TeamFoundation/Team Explorer/rc"
      - "D:/Microsoft Visual Studio/18/Community/MSBuild/Current/Bin/Roslyn/rc.com"
      - "D:/Microsoft Visual Studio/18/Community/MSBuild/Current/Bin/Roslyn/rc.exe"
      - "D:/Microsoft Visual Studio/18/Community/MSBuild/Current/Bin/Roslyn/rc"
      - "C:/Program Files (x86)/Microsoft SDKs/Windows/v10.0A/bin/NETFX 4.8 Tools/x64/rc.com"
      - "C:/Program Files (x86)/Microsoft SDKs/Windows/v10.0A/bin/NETFX 4.8 Tools/x64/rc.exe"
      - "C:/Program Files (x86)/Microsoft SDKs/Windows/v10.0A/bin/NETFX 4.8 Tools/x64/rc"
      - "D:/Microsoft Visual Studio/18/Community/Team Tools/DiagnosticsHub/Collector/rc.com"
      - "D:/Microsoft Visual Studio/18/Community/Team Tools/DiagnosticsHub/Collector/rc.exe"
      - "D:/Microsoft Visual Studio/18/Community/Team Tools/DiagnosticsHub/Collector/rc"
      - "D:/Microsoft Visual Studio/18/Community/Common7/IDE/Extensions/Microsoft/CodeCoverage.Console/rc.com"
      - "D:/Microsoft Visual Studio/18/Community/Common7/IDE/Extensions/Microsoft/CodeCoverage.Console/rc.exe"
      - "D:/Microsoft Visual Studio/18/Community/Common7/IDE/Extensions/Microsoft/CodeCoverage.Console/rc"
      - "C:/Program Files (x86)/Windows Kits/10/bin/10.0.26100.0/x64/rc.com"
    found: "C:/Program Files (x86)/Windows Kits/10/bin/10.0.26100.0/x64/rc.exe"
    search_context:
      CMAKE_PROGRAM_PATH:
        - "D:/WaterSurfaceRendererScratch/vcpkg_installed/x64-windows/tools"
      CMAKE_PREFIX_PATH:
        - "D:/WaterSurfaceRendererScratch/vcpkg_installed/x64-windows/debug"
        - "D:/WaterSurfaceRendererScratch/vcpkg_installed/x64-windows"
      ENV{PATH}:
        - "D:\\Microsoft Visual Studio\\18\\Community\\VC\\Tools\\MSVC\\14.51.36231\\bin\\HostX64\\x64"
        - "D:\\Microsoft Visual Studio\\18\\Community\\Common7\\IDE\\VC\\VCPackages"
        - "D:\\Microsoft Visual Studio\\18\\Community\\Common7\\IDE\\CommonExtensions\\Microsoft\\TestWindow"
        - "D:\\Microsoft Visual Studio\\18\\Community\\Common7\\IDE\\CommonExtensions\\Microsoft\\TeamFoundation\\Team Explorer"
        - "D:\\Microsoft Visual Studio\\18\\Community\\MSBuild\\Current\\bin\\Roslyn"
        - "C:\\Program Files (x86)\\Microsoft SDKs\\Windows\\v10.0A\\bin\\NETFX 4.8 Tools\\x64\\"
        - "D:\\Microsoft Visual Studio\\18\\Community\\Team Tools\\DiagnosticsHub\\Collector"
        - "D:\\Microsoft Visual Studio\\18\\Community\\Common7\\IDE\\Extensions\\Microsoft\\CodeCoverage.Console"
        - "C:\\Program Files (x86)\\Windows Kits\\10\\bin\\10.0.26100.0\\\\x64"
        - "C:\\Program Files (x86)\\Windows Kits\\10\\bin\\\\x64"
        - "D:\\Microsoft Visual Studio\\18\\Community\\\\MSBuild\\Current\\Bin\\amd64"
        - "C:\\Windows\\Microsoft.NET\\Framework64\\v4.0.30319"
        - "D:\\Microsoft Visual Studio\\18\\Community\\Common7\\IDE\\"
        - "D:\\Microsoft Visual Studio\\18\\Community\\Common7\\Tools\\"
        - "C:\\Users\\xukeheng\\AppData\\Local\\vcpkg\\downloads\\tools\\powershell-core-7.5.4-windows"
        - "C:\\windows\\system32"
        - "C:\\windows"
        - "C:\\windows\\system32\\Wbem"
        - "C:\\windows\\system32\\WindowsPowerShell\\v1.0\\"
        - "C:\\windows\\system32\\OpenSSH\\"
        - "D:\\Microsoft Visual Studio\\18\\Community\\Common7\\IDE\\CommonExtensions\\Microsoft\\CMake\\CMake\\bin"
        - "D:\\Microsoft Visual Studio\\18\\Community\\Common7\\IDE\\CommonExtensions\\Microsoft\\CMake\\Ninja"
        - "D:\\Microsoft Visual Studio\\18\\Community\\Common7\\IDE\\VC\\Linux\\bin\\ConnectionManagerExe"
        - "D:\\Microsoft Visual Studio\\18\\Community\\VC\\vcpkg"
        - "D:\\Microsoft Visual Studio\\18\\Community\\Common7\\IDE\\CommonExtensions\\Microsoft\\CMake\\Ninja"
        - "D:\\Microsoft Visual Studio\\18\\Community\\Common7\\IDE\\CommonExtensions\\Microsoft\\CMake\\Ninja"
        - "D:\\Microsoft Visual Studio\\18\\Community\\Common7\\IDE\\CommonExtensions\\Microsoft\\CMake\\Ninja"
      CMAKE_INSTALL_PREFIX: "D:/WaterSurfaceRendererScratch/vcpkg_installed/vcpkg/pkgs/fftw3_x64-windows/debug"
      CMAKE_SYSTEM_PREFIX_PATH:
        - "C:/Program Files"
        - "C:/Program Files (x86)"
        - "D:/Microsoft Visual Studio/18/Community/Common7/IDE/CommonExtensions/Microsoft/CMake/CMake"
        - "D:/WaterSurfaceRendererScratch/vcpkg_installed/vcpkg/pkgs/fftw3_x64-windows/debug"
      CMAKE_FIND_ROOT_PATH: "D:/WaterSurfaceRendererScratch/vcpkg_installed/x64-windows/debug;D:/WaterSurfaceRendererScratch/vcpkg_installed/x64-windows"
  -
    kind: "try_compile-v1"
    backtrace:
      - "D:/Microsoft Visual Studio/18/Community/Common7/IDE/CommonExtensions/Microsoft/CMake/CMake/share/cmake-4.3/Modules/CMakeDetermineCompilerABI.cmake:83 (try_compile)"
      - "D:/Microsoft Visual Studio/18/Community/Common7/IDE/CommonExtensions/Microsoft/CMake/CMake/share/cmake-4.3/Modules/CMakeTestCCompiler.cmake:26 (CMAKE_DETERMINE_COMPILER_ABI)"
      - "CMakeLists.txt:7 (project)"
    checks:
      - "Detecting C compiler ABI info"
    directories:
      source: "D:/WaterSurfaceRendererScratch/vcpkg_installed/vcpkg/blds/fftw3/x64-windows-dbg/CMakeFiles/CMakeScratch/TryCompile-t7m6q3"
      binary: "D:/WaterSurfaceRendererScratch/vcpkg_installed/vcpkg/blds/fftw3/x64-windows-dbg/CMakeFiles/CMakeScratch/TryCompile-t7m6q3"
    cmakeVariables:
      CMAKE_CXX_STDLIB_MODULES_JSON: ""
      CMAKE_C_FLAGS: " /nologo /DWIN32 /D_WINDOWS /utf-8 /MP "
      CMAKE_EXE_LINKER_FLAGS: "/machine:x64"
      CMAKE_MSVC_DEBUG_INFORMATION_FORMAT: ""
      CMAKE_MSVC_RUNTIME_LIBRARY: "MultiThreaded$<$<CONFIG:Debug>:Debug>$<$<STREQUAL:dynamic,dynamic>:DLL>"
      VCPKG_CHAINLOAD_TOOLCHAIN_FILE: "D:/Microsoft Visual Studio/18/Community/VC/vcpkg/scripts/toolchains/windows.cmake"
      VCPKG_CRT_LINKAGE: "dynamic"
      VCPKG_CXX_FLAGS: ""
      VCPKG_CXX_FLAGS_DEBUG: ""
      VCPKG_CXX_FLAGS_RELEASE: ""
      VCPKG_C_FLAGS: ""
      VCPKG_C_FLAGS_DEBUG: ""
      VCPKG_C_FLAGS_RELEASE: ""
      VCPKG_INSTALLED_DIR: "D:/WaterSurfaceRendererScratch/vcpkg_installed"
      VCPKG_LINKER_FLAGS: ""
      VCPKG_LINKER_FLAGS_DEBUG: ""
      VCPKG_LINKER_FLAGS_RELEASE: ""
      VCPKG_PLATFORM_TOOLSET: "v145"
      VCPKG_PREFER_SYSTEM_LIBS: "OFF"
      VCPKG_SET_CHARSET_FLAG: "ON"
      VCPKG_TARGET_ARCHITECTURE: "x64"
      VCPKG_TARGET_TRIPLET: "x64-windows"
      Z_VCPKG_ROOT_DIR: "D:/Microsoft Visual Studio/18/Community/VC/vcpkg"
    buildResult:
      variable: "CMAKE_C_ABI_COMPILED"
      cached: true
      stdout: |
        Change Dir: 'D:/WaterSurfaceRendererScratch/vcpkg_installed/vcpkg/blds/fftw3/x64-windows-dbg/CMakeFiles/CMakeScratch/TryCompile-t7m6q3'
        
        Run Build Command(s): "D:/Microsoft Visual Studio/18/Community/Common7/IDE/CommonExtensions/Microsoft/CMake/Ninja/ninja.exe" -v cmTC_71a18
        [1/2] "D:\\Microsoft Visual Studio\\18\\Community\\VC\\Tools\\MSVC\\14.51.36231\\bin\\Hostx64\\x64\\cl.exe"  /nologo -D_MBCS  /nologo /DWIN32 /D_WINDOWS /utf-8 /MP   /MDd /Z7 /Ob0 /Od /RTC1 /showIncludes /FoCMakeFiles\\cmTC_71a18.dir\\CMakeCCompilerABI.c.obj /FdCMakeFiles\\cmTC_71a18.dir\\ /FS -c "D:\\Microsoft Visual Studio\\18\\Community\\Common7\\IDE\\CommonExtensions\\Microsoft\\CMake\\CMake\\share\\cmake-4.3\\Modules\\CMakeCCompilerABI.c"
        [2/2] C:\\windows\\system32\\cmd.exe /C "cd . && "D:\\Microsoft Visual Studio\\18\\Community\\Common7\\IDE\\CommonExtensions\\Microsoft\\CMake\\CMake\\bin\\cmake.exe" -E vs_link_exe --msvc-ver=1951 --intdir=CMakeFiles\\cmTC_71a18.dir --rc=C:\\PROGRA~2\\WI3CF2~1\\10\\bin\\100261~1.0\\x64\\rc.exe --mt=C:\\PROGRA~2\\WI3CF2~1\\10\\bin\\100261~1.0\\x64\\mt.exe --manifests  -- "D:\\Microsoft Visual Studio\\18\\Community\\VC\\Tools\\MSVC\\14.51.36231\\bin\\Hostx64\\x64\\link.exe" /nologo CMakeFiles\\cmTC_71a18.dir\\CMakeCCompilerABI.c.obj  /out:cmTC_71a18.exe /implib:cmTC_71a18.lib /pdb:cmTC_71a18.pdb /version:0.0 /machine:x64 /nologo /debug /INCREMENTAL /subsystem:console  kernel32.lib user32.lib gdi32.lib winspool.lib shell32.lib ole32.lib oleaut32.lib uuid.lib comdlg32.lib advapi32.lib && cd ."
        
      exitCode: 0
  -
    kind: "message-v1"
    backtrace:
      - "D:/Microsoft Visual Studio/18/Community/Common7/IDE/CommonExtensions/Microsoft/CMake/CMake/share/cmake-4.3/Modules/CMakeDetermineCompilerABI.cmake:253 (message)"
      - "D:/Microsoft Visual Studio/18/Community/Common7/IDE/CommonExtensions/Microsoft/CMake/CMake/share/cmake-4.3/Modules/CMakeTestCCompiler.cmake:26 (CMAKE_DETERMINE_COMPILER_ABI)"
      - "CMakeLists.txt:7 (project)"
    message: |
      Parsed C implicit link information:
        link line regex: [^( *|.*[/\\])(ld[0-9]*(|\\.[a-rt-z][a-z]*|\\.s[a-np-z][a-z]*|\\.so[a-z]+)|link\\.exe|lld-link(\\.exe)?|CMAKE_LINK_STARTFILE-NOTFOUND|([^/\\]+-)?ld|collect2)[^/\\]*( |$)]
        linker tool regex: [^[ 	]*(->|"|[0-9]+>[ 	-]*Build:[ 	0-9]+ ms[ 	]*)?[ 	]*(([^"]*[/\\])?(ld[0-9]*(|\\.[a-rt-z][a-z]*|\\.s[a-np-z][a-z]*|\\.so[a-z]+)|link\\.exe|lld-link(\\.exe)?))("|,| |$)]
        implicit libs: []
        implicit objs: []
        implicit dirs: []
        implicit fwks: []
      
      
  -
    kind: "try_compile-v1"
    backtrace:
      - "D:/Microsoft Visual Studio/18/Community/Common7/IDE/CommonExtensions/Microsoft/CMake/CMake/share/cmake-4.3/Modules/CMakeDetermineCompilerABI.cmake:83 (try_compile)"
      - "D:/Microsoft Visual Studio/18/Community/Common7/IDE/CommonExtensions/Microsoft/CMake/CMake/share/cmake-4.3/Modules/CMakeTestCXXCompiler.cmake:26 (CMAKE_DETERMINE_COMPILER_ABI)"
      - "CMakeLists.txt:7 (project)"
    checks:
      - "Detecting CXX compiler ABI info"
    directories:
      source: "D:/WaterSurfaceRendererScratch/vcpkg_installed/vcpkg/blds/fftw3/x64-windows-dbg/CMakeFiles/CMakeScratch/TryCompile-w3xnri"
      binary: "D:/WaterSurfaceRendererScratch/vcpkg_installed/vcpkg/blds/fftw3/x64-windows-dbg/CMakeFiles/CMakeScratch/TryCompile-w3xnri"
    cmakeVariables:
      CMAKE_CXX_FLAGS: " /nologo /DWIN32 /D_WINDOWS /utf-8 /GR /EHsc /MP "
      CMAKE_CXX_SCAN_FOR_MODULES: "OFF"
      CMAKE_CXX_STDLIB_MODULES_JSON: ""
      CMAKE_EXE_LINKER_FLAGS: "/machine:x64"
      CMAKE_MSVC_DEBUG_INFORMATION_FORMAT: ""
      CMAKE_MSVC_RUNTIME_LIBRARY: "MultiThreaded$<$<CONFIG:Debug>:Debug>$<$<STREQUAL:dynamic,dynamic>:DLL>"
      VCPKG_CHAINLOAD_TOOLCHAIN_FILE: "D:/Microsoft Visual Studio/18/Community/VC/vcpkg/scripts/toolchains/windows.cmake"
      VCPKG_CRT_LINKAGE: "dynamic"
      VCPKG_CXX_FLAGS: ""
      VCPKG_CXX_FLAGS_DEBUG: ""
      VCPKG_CXX_FLAGS_RELEASE: ""
      VCPKG_C_FLAGS: ""
      VCPKG_C_FLAGS_DEBUG: ""
      VCPKG_C_FLAGS_RELEASE: ""
      VCPKG_INSTALLED_DIR: "D:/WaterSurfaceRendererScratch/vcpkg_installed"
      VCPKG_LINKER_FLAGS: ""
      VCPKG_LINKER_FLAGS_DEBUG: ""
      VCPKG_LINKER_FLAGS_RELEASE: ""
      VCPKG_PLATFORM_TOOLSET: "v145"
      VCPKG_PREFER_SYSTEM_LIBS: "OFF"
      VCPKG_SET_CHARSET_FLAG: "ON"
      VCPKG_TARGET_ARCHITECTURE: "x64"
      VCPKG_TARGET_TRIPLET: "x64-windows"
      Z_VCPKG_ROOT_DIR: "D:/Microsoft Visual Studio/18/Community/VC/vcpkg"
    buildResult:
      variable: "CMAKE_CXX_ABI_COMPILED"
      cached: true
      stdout: |
        Change Dir: 'D:/WaterSurfaceRendererScratch/vcpkg_installed/vcpkg/blds/fftw3/x64-windows-dbg/CMakeFiles/CMakeScratch/TryCompile-w3xnri'
        
        Run Build Command(s): "D:/Microsoft Visual Studio/18/Community/Common7/IDE/CommonExtensions/Microsoft/CMake/Ninja/ninja.exe" -v cmTC_0115c
        [1/2] "D:\\Microsoft Visual Studio\\18\\Community\\VC\\Tools\\MSVC\\14.51.36231\\bin\\Hostx64\\x64\\cl.exe"  /nologo /TP -D_MBCS  /nologo /DWIN32 /D_WINDOWS /utf-8 /GR /EHsc /MP   /MDd /Z7 /Ob0 /Od /RTC1 /showIncludes /FoCMakeFiles\\cmTC_0115c.dir\\CMakeCXXCompilerABI.cpp.obj /FdCMakeFiles\\cmTC_0115c.dir\\ /FS -c "D:\\Microsoft Visual Studio\\18\\Community\\Common7\\IDE\\CommonExtensions\\Microsoft\\CMake\\CMake\\share\\cmake-4.3\\Modules\\CMakeCXXCompilerABI.cpp"
        [2/2] C:\\windows\\system32\\cmd.exe /C "cd . && "D:\\Microsoft Visual Studio\\18\\Community\\Common7\\IDE\\CommonExtensions\\Microsoft\\CMake\\CMake\\bin\\cmake.exe" -E vs_link_exe --msvc-ver=1951 --intdir=CMakeFiles\\cmTC_0115c.dir --rc=C:\\PROGRA~2\\WI3CF2~1\\10\\bin\\100261~1.0\\x64\\rc.exe --mt=C:\\PROGRA~2\\WI3CF2~1\\10\\bin\\100261~1.0\\x64\\mt.exe --manifests  -- "D:\\Microsoft Visual Studio\\18\\Community\\VC\\Tools\\MSVC\\14.51.36231\\bin\\Hostx64\\x64\\link.exe" /nologo CMakeFiles\\cmTC_0115c.dir\\CMakeCXXCompilerABI.cpp.obj  /out:cmTC_0115c.exe /implib:cmTC_0115c.lib /pdb:cmTC_0115c.pdb /version:0.0 /machine:x64 /nologo /debug /INCREMENTAL /subsystem:console  kernel32.lib user32.lib gdi32.lib winspool.lib shell32.lib ole32.lib oleaut32.lib uuid.lib comdlg32.lib advapi32.lib && cd ."
        
      exitCode: 0
  -
    kind: "message-v1"
    backtrace:
      - "D:/Microsoft Visual Studio/18/Community/Common7/IDE/CommonExtensions/Microsoft/CMake/CMake/share/cmake-4.3/Modules/CMakeDetermineCompilerABI.cmake:253 (message)"
      - "D:/Microsoft Visual Studio/18/Community/Common7/IDE/CommonExtensions/Microsoft/CMake/CMake/share/cmake-4.3/Modules/CMakeTestCXXCompiler.cmake:26 (CMAKE_DETERMINE_COMPILER_ABI)"
      - "CMakeLists.txt:7 (project)"
    message: |
      Parsed CXX implicit link information:
        link line regex: [^( *|.*[/\\])(ld[0-9]*(|\\.[a-rt-z][a-z]*|\\.s[a-np-z][a-z]*|\\.so[a-z]+)|link\\.exe|lld-link(\\.exe)?|CMAKE_LINK_STARTFILE-NOTFOUND|([^/\\]+-)?ld|collect2)[^/\\]*( |$)]
        linker tool regex: [^[ 	]*(->|"|[0-9]+>[ 	-]*Build:[ 	0-9]+ ms[ 	]*)?[ 	]*(([^"]*[/\\])?(ld[0-9]*(|\\.[a-rt-z][a-z]*|\\.s[a-np-z][a-z]*|\\.so[a-z]+)|link\\.exe|lld-link(\\.exe)?))("|,| |$)]
        implicit libs: []
        implicit objs: []
        implicit dirs: []
        implicit fwks: []
      
      
  -
    kind: "try_compile-v1"
    backtrace:
      - "D:/Microsoft Visual Studio/18/Community/Common7/IDE/CommonExtensions/Microsoft/CMake/CMake/share/cmake-4.3/Modules/CheckIncludeFile.cmake:174 (try_compile)"
      - "CMakeLists.txt:36 (check_include_file)"
    checks:
      - "Looking for alloca.h"
    directories:
      source: "D:/WaterSurfaceRendererScratch/vcpkg_installed/vcpkg/blds/fftw3/x64-windows-dbg/CMakeFiles/CMakeScratch/TryCompile-x7rbvi"
      binary: "D:/WaterSurfaceRendererScratch/vcpkg_installed/vcpkg/blds/fftw3/x64-windows-dbg/CMakeFiles/CMakeScratch/TryCompile-x7rbvi"
    cmakeVariables:
      CMAKE_CXX_STDLIB_MODULES_JSON: ""
      CMAKE_C_FLAGS: " /nologo /DWIN32 /D_WINDOWS /utf-8 /MP "
      CMAKE_EXE_LINKER_FLAGS: "/machine:x64"
      CMAKE_MSVC_DEBUG_INFORMATION_FORMAT: ""
      CMAKE_MSVC_RUNTIME_LIBRARY: "MultiThreaded$<$<CONFIG:Debug>:Debug>$<$<STREQUAL:dynamic,dynamic>:DLL>"
      VCPKG_CHAINLOAD_TOOLCHAIN_FILE: "D:/Microsoft Visual Studio/18/Community/VC/vcpkg/scripts/toolchains/windows.cmake"
      VCPKG_CRT_LINKAGE: "dynamic"
      VCPKG_CXX_FLAGS: ""
      VCPKG_CXX_FLAGS_DEBUG: ""
      VCPKG_CXX_FLAGS_RELEASE: ""
      VCPKG_C_FLAGS: ""
      VCPKG_C_FLAGS_DEBUG: ""
      VCPKG_C_FLAGS_RELEASE: ""
      VCPKG_INSTALLED_DIR: "D:/WaterSurfaceRendererScratch/vcpkg_installed"
      VCPKG_LINKER_FLAGS: ""
      VCPKG_LINKER_FLAGS_DEBUG: ""
      VCPKG_LINKER_FLAGS_RELEASE: ""
      VCPKG_PLATFORM_TOOLSET: "v145"
      VCPKG_PREFER_SYSTEM_LIBS: "OFF"
      VCPKG_SET_CHARSET_FLAG: "ON"
      VCPKG_TARGET_ARCHITECTURE: "x64"
      VCPKG_TARGET_TRIPLET: "x64-windows"
      Z_VCPKG_ROOT_DIR: "D:/Microsoft Visual Studio/18/Community/VC/vcpkg"
    buildResult:
      variable: "HAVE_ALLOCA_H"
      cached: true
      stdout: |
        Change Dir: 'D:/WaterSurfaceRendererScratch/vcpkg_installed/vcpkg/blds/fftw3/x64-windows-dbg/CMakeFiles/CMakeScratch/TryCompile-x7rbvi'
        
        Run Build Command(s): "D:/Microsoft Visual Studio/18/Community/Common7/IDE/CommonExtensions/Microsoft/CMake/Ninja/ninja.exe" -v cmTC_528bc
        [1/2] "D:\\Microsoft Visual Studio\\18\\Community\\VC\\Tools\\MSVC\\14.51.36231\\bin\\Hostx64\\x64\\cl.exe"  /nologo -D_MBCS  /nologo /DWIN32 /D_WINDOWS /utf-8 /MP   /MDd /Z7 /Ob0 /Od /RTC1 /showIncludes /FoCMakeFiles\\cmTC_528bc.dir\\CheckIncludeFile.c.obj /FdCMakeFiles\\cmTC_528bc.dir\\ /FS -c D:\\WaterSurfaceRendererScratch\\vcpkg_installed\\vcpkg\\blds\\fftw3\\x64-windows-dbg\\CMakeFiles\\CMakeScratch\\TryCompile-x7rbvi\\CheckIncludeFile.c
        FAILED: [code=2] CMakeFiles/cmTC_528bc.dir/CheckIncludeFile.c.obj 
        "D:\\Microsoft Visual Studio\\18\\Community\\VC\\Tools\\MSVC\\14.51.36231\\bin\\Hostx64\\x64\\cl.exe"  /nologo -D_MBCS  /nologo /DWIN32 /D_WINDOWS /utf-8 /MP   /MDd /Z7 /Ob0 /Od /RTC1 /showIncludes /FoCMakeFiles\\cmTC_528bc.dir\\CheckIncludeFile.c.obj /FdCMakeFiles\\cmTC_528bc.dir\\ /FS -c D:\\WaterSurfaceRendererScratch\\vcpkg_installed\\vcpkg\\blds\\fftw3\\x64-windows-dbg\\CMakeFiles\\CMakeScratch\\TryCompile-x7rbvi\\CheckIncludeFile.c
        D:\\WaterSurfaceRendererScratch\\vcpkg_installed\\vcpkg\\blds\\fftw3\\x64-windows-dbg\\CMakeFiles\\CMakeScratch\\TryCompile-x7rbvi\\CheckIncludeFile.c(1): fatal error C1083: 无法打开包括文件: “alloca.h”: No such file or directory
        ninja: build stopped: subcommand failed.
        
      exitCode: 2
  -
    kind: "try_compile-v1"
    backtrace:
      - "D:/Microsoft Visual Studio/18/Community/Common7/IDE/CommonExtensions/Microsoft/CMake/CMake/share/cmake-4.3/Modules/CheckIncludeFile.cmake:174 (try_compile)"
      - "CMakeLists.txt:37 (check_include_file)"
    checks:
      - "Looking for altivec.h"
    directories:
      source: "D:/WaterSurfaceRendererScratch/vcpkg_installed/vcpkg/blds/fftw3/x64-windows-dbg/CMakeFiles/CMakeScratch/TryCompile-o8hzjo"
      binary: "D:/WaterSurfaceRendererScratch/vcpkg_installed/vcpkg/blds/fftw3/x64-windows-dbg/CMakeFiles/CMakeScratch/TryCompile-o8hzjo"
    cmakeVariables:
      CMAKE_CXX_STDLIB_MODULES_JSON: ""
      CMAKE_C_FLAGS: " /nologo /DWIN32 /D_WINDOWS /utf-8 /MP "
      CMAKE_EXE_LINKER_FLAGS: "/machine:x64"
      CMAKE_MSVC_DEBUG_INFORMATION_FORMAT: ""
      CMAKE_MSVC_RUNTIME_LIBRARY: "MultiThreaded$<$<CONFIG:Debug>:Debug>$<$<STREQUAL:dynamic,dynamic>:DLL>"
      VCPKG_CHAINLOAD_TOOLCHAIN_FILE: "D:/Microsoft Visual Studio/18/Community/VC/vcpkg/scripts/toolchains/windows.cmake"
      VCPKG_CRT_LINKAGE: "dynamic"
      VCPKG_CXX_FLAGS: ""
      VCPKG_CXX_FLAGS_DEBUG: ""
      VCPKG_CXX_FLAGS_RELEASE: ""
      VCPKG_C_FLAGS: ""
      VCPKG_C_FLAGS_DEBUG: ""
      VCPKG_C_FLAGS_RELEASE: ""
      VCPKG_INSTALLED_DIR: "D:/WaterSurfaceRendererScratch/vcpkg_installed"
      VCPKG_LINKER_FLAGS: ""
      VCPKG_LINKER_FLAGS_DEBUG: ""
      VCPKG_LINKER_FLAGS_RELEASE: ""
      VCPKG_PLATFORM_TOOLSET: "v145"
      VCPKG_PREFER_SYSTEM_LIBS: "OFF"
      VCPKG_SET_CHARSET_FLAG: "ON"
      VCPKG_TARGET_ARCHITECTURE: "x64"
      VCPKG_TARGET_TRIPLET: "x64-windows"
      Z_VCPKG_ROOT_DIR: "D:/Microsoft Visual Studio/18/Community/VC/vcpkg"
    buildResult:
      variable: "HAVE_ALTIVEC_H"
      cached: true
      stdout: |
        Change Dir: 'D:/WaterSurfaceRendererScratch/vcpkg_installed/vcpkg/blds/fftw3/x64-windows-dbg/CMakeFiles/CMakeScratch/TryCompile-o8hzjo'
        
        Run Build Command(s): "D:/Microsoft Visual Studio/18/Community/Common7/IDE/CommonExtensions/Microsoft/CMake/Ninja/ninja.exe" -v cmTC_7126d
        [1/2] "D:\\Microsoft Visual Studio\\18\\Community\\VC\\Tools\\MSVC\\14.51.36231\\bin\\Hostx64\\x64\\cl.exe"  /nologo -D_MBCS  /nologo /DWIN32 /D_WINDOWS /utf-8 /MP   /MDd /Z7 /Ob0 /Od /RTC1 /showIncludes /FoCMakeFiles\\cmTC_7126d.dir\\CheckIncludeFile.c.obj /FdCMakeFiles\\cmTC_7126d.dir\\ /FS -c D:\\WaterSurfaceRendererScratch\\vcpkg_installed\\vcpkg\\blds\\fftw3\\x64-windows-dbg\\CMakeFiles\\CMakeScratch\\TryCompile-o8hzjo\\CheckIncludeFile.c
        FAILED: [code=2] CMakeFiles/cmTC_7126d.dir/CheckIncludeFile.c.obj 
        "D:\\Microsoft Visual Studio\\18\\Community\\VC\\Tools\\MSVC\\14.51.36231\\bin\\Hostx64\\x64\\cl.exe"  /nologo -D_MBCS  /nologo /DWIN32 /D_WINDOWS /utf-8 /MP   /MDd /Z7 /Ob0 /Od /RTC1 /showIncludes /FoCMakeFiles\\cmTC_7126d.dir\\CheckIncludeFile.c.obj /FdCMakeFiles\\cmTC_7126d.dir\\ /FS -c D:\\WaterSurfaceRendererScratch\\vcpkg_installed\\vcpkg\\blds\\fftw3\\x64-windows-dbg\\CMakeFiles\\CMakeScratch\\TryCompile-o8hzjo\\CheckIncludeFile.c
        D:\\WaterSurfaceRendererScratch\\vcpkg_installed\\vcpkg\\blds\\fftw3\\x64-windows-dbg\\CMakeFiles\\CMakeScratch\\TryCompile-o8hzjo\\CheckIncludeFile.c(1): fatal error C1083: 无法打开包括文件: “altivec.h”: No such file or directory
        ninja: build stopped: subcommand failed.
        
      exitCode: 2
  -
    kind: "try_compile-v1"
    backtrace:
      - "D:/Microsoft Visual Studio/18/Community/Common7/IDE/CommonExtensions/Microsoft/CMake/CMake/share/cmake-4.3/Modules/CheckIncludeFile.cmake:174 (try_compile)"
      - "CMakeLists.txt:38 (check_include_file)"
    checks:
      - "Looking for c_asm.h"
    directories:
      source: "D:/WaterSurfaceRendererScratch/vcpkg_installed/vcpkg/blds/fftw3/x64-windows-dbg/CMakeFiles/CMakeScratch/TryCompile-bordwi"
      binary: "D:/WaterSurfaceRendererScratch/vcpkg_installed/vcpkg/blds/fftw3/x64-windows-dbg/CMakeFiles/CMakeScratch/TryCompile-bordwi"
    cmakeVariables:
      CMAKE_CXX_STDLIB_MODULES_JSON: ""
      CMAKE_C_FLAGS: " /nologo /DWIN32 /D_WINDOWS /utf-8 /MP "
      CMAKE_EXE_LINKER_FLAGS: "/machine:x64"
      CMAKE_MSVC_DEBUG_INFORMATION_FORMAT: ""
      CMAKE_MSVC_RUNTIME_LIBRARY: "MultiThreaded$<$<CONFIG:Debug>:Debug>$<$<STREQUAL:dynamic,dynamic>:DLL>"
      VCPKG_CHAINLOAD_TOOLCHAIN_FILE: "D:/Microsoft Visual Studio/18/Community/VC/vcpkg/scripts/toolchains/windows.cmake"
      VCPKG_CRT_LINKAGE: "dynamic"
      VCPKG_CXX_FLAGS: ""
      VCPKG_CXX_FLAGS_DEBUG: ""
      VCPKG_CXX_FLAGS_RELEASE: ""
      VCPKG_C_FLAGS: ""
      VCPKG_C_FLAGS_DEBUG: ""
      VCPKG_C_FLAGS_RELEASE: ""
      VCPKG_INSTALLED_DIR: "D:/WaterSurfaceRendererScratch/vcpkg_installed"
      VCPKG_LINKER_FLAGS: ""
      VCPKG_LINKER_FLAGS_DEBUG: ""
      VCPKG_LINKER_FLAGS_RELEASE: ""
      VCPKG_PLATFORM_TOOLSET: "v145"
      VCPKG_PREFER_SYSTEM_LIBS: "OFF"
      VCPKG_SET_CHARSET_FLAG: "ON"
      VCPKG_TARGET_ARCHITECTURE: "x64"
      VCPKG_TARGET_TRIPLET: "x64-windows"
      Z_VCPKG_ROOT_DIR: "D:/Microsoft Visual Studio/18/Community/VC/vcpkg"
    buildResult:
      variable: "HAVE_C_ASM_H"
      cached: true
      stdout: |
        Change Dir: 'D:/WaterSurfaceRendererScratch/vcpkg_installed/vcpkg/blds/fftw3/x64-windows-dbg/CMakeFiles/CMakeScratch/TryCompile-bordwi'
        
        Run Build Command(s): "D:/Microsoft Visual Studio/18/Community/Common7/IDE/CommonExtensions/Microsoft/CMake/Ninja/ninja.exe" -v cmTC_004ab
        [1/2] "D:\\Microsoft Visual Studio\\18\\Community\\VC\\Tools\\MSVC\\14.51.36231\\bin\\Hostx64\\x64\\cl.exe"  /nologo -D_MBCS  /nologo /DWIN32 /D_WINDOWS /utf-8 /MP   /MDd /Z7 /Ob0 /Od /RTC1 /showIncludes /FoCMakeFiles\\cmTC_004ab.dir\\CheckIncludeFile.c.obj /FdCMakeFiles\\cmTC_004ab.dir\\ /FS -c D:\\WaterSurfaceRendererScratch\\vcpkg_installed\\vcpkg\\blds\\fftw3\\x64-windows-dbg\\CMakeFiles\\CMakeScratch\\TryCompile-bordwi\\CheckIncludeFile.c
        FAILED: [code=2] CMakeFiles/cmTC_004ab.dir/CheckIncludeFile.c.obj 
        "D:\\Microsoft Visual Studio\\18\\Community\\VC\\Tools\\MSVC\\14.51.36231\\bin\\Hostx64\\x64\\cl.exe"  /nologo -D_MBCS  /nologo /DWIN32 /D_WINDOWS /utf-8 /MP   /MDd /Z7 /Ob0 /Od /RTC1 /showIncludes /FoCMakeFiles\\cmTC_004ab.dir\\CheckIncludeFile.c.obj /FdCMakeFiles\\cmTC_004ab.dir\\ /FS -c D:\\WaterSurfaceRendererScratch\\vcpkg_installed\\vcpkg\\blds\\fftw3\\x64-windows-dbg\\CMakeFiles\\CMakeScratch\\TryCompile-bordwi\\CheckIncludeFile.c
        D:\\WaterSurfaceRendererScratch\\vcpkg_installed\\vcpkg\\blds\\fftw3\\x64-windows-dbg\\CMakeFiles\\CMakeScratch\\TryCompile-bordwi\\CheckIncludeFile.c(1): fatal error C1083: 无法打开包括文件: “c_asm.h”: No such file or directory
        ninja: build stopped: subcommand failed.
        
      exitCode: 2
  -
    kind: "try_compile-v1"
    backtrace:
      - "D:/Microsoft Visual Studio/18/Community/Common7/IDE/CommonExtensions/Microsoft/CMake/CMake/share/cmake-4.3/Modules/CheckIncludeFile.cmake:174 (try_compile)"
      - "CMakeLists.txt:39 (check_include_file)"
    checks:
      - "Looking for dlfcn.h"
    directories:
      source: "D:/WaterSurfaceRendererScratch/vcpkg_installed/vcpkg/blds/fftw3/x64-windows-dbg/CMakeFiles/CMakeScratch/TryCompile-ezbqcx"
      binary: "D:/WaterSurfaceRendererScratch/vcpkg_installed/vcpkg/blds/fftw3/x64-windows-dbg/CMakeFiles/CMakeScratch/TryCompile-ezbqcx"
    cmakeVariables:
      CMAKE_CXX_STDLIB_MODULES_JSON: ""
      CMAKE_C_FLAGS: " /nologo /DWIN32 /D_WINDOWS /utf-8 /MP "
      CMAKE_EXE_LINKER_FLAGS: "/machine:x64"
      CMAKE_MSVC_DEBUG_INFORMATION_FORMAT: ""
      CMAKE_MSVC_RUNTIME_LIBRARY: "MultiThreaded$<$<CONFIG:Debug>:Debug>$<$<STREQUAL:dynamic,dynamic>:DLL>"
      VCPKG_CHAINLOAD_TOOLCHAIN_FILE: "D:/Microsoft Visual Studio/18/Community/VC/vcpkg/scripts/toolchains/windows.cmake"
      VCPKG_CRT_LINKAGE: "dynamic"
      VCPKG_CXX_FLAGS: ""
      VCPKG_CXX_FLAGS_DEBUG: ""
      VCPKG_CXX_FLAGS_RELEASE: ""
      VCPKG_C_FLAGS: ""
      VCPKG_C_FLAGS_DEBUG: ""
      VCPKG_C_FLAGS_RELEASE: ""
      VCPKG_INSTALLED_DIR: "D:/WaterSurfaceRendererScratch/vcpkg_installed"
      VCPKG_LINKER_FLAGS: ""
      VCPKG_LINKER_FLAGS_DEBUG: ""
      VCPKG_LINKER_FLAGS_RELEASE: ""
      VCPKG_PLATFORM_TOOLSET: "v145"
      VCPKG_PREFER_SYSTEM_LIBS: "OFF"
      VCPKG_SET_CHARSET_FLAG: "ON"
      VCPKG_TARGET_ARCHITECTURE: "x64"
      VCPKG_TARGET_TRIPLET: "x64-windows"
      Z_VCPKG_ROOT_DIR: "D:/Microsoft Visual Studio/18/Community/VC/vcpkg"
    buildResult:
      variable: "HAVE_DLFCN_H"
      cached: true
      stdout: |
        Change Dir: 'D:/WaterSurfaceRendererScratch/vcpkg_installed/vcpkg/blds/fftw3/x64-windows-dbg/CMakeFiles/CMakeScratch/TryCompile-ezbqcx'
        
        Run Build Command(s): "D:/Microsoft Visual Studio/18/Community/Common7/IDE/CommonExtensions/Microsoft/CMake/Ninja/ninja.exe" -v cmTC_34152
        [1/2] "D:\\Microsoft Visual Studio\\18\\Community\\VC\\Tools\\MSVC\\14.51.36231\\bin\\Hostx64\\x64\\cl.exe"  /nologo -D_MBCS  /nologo /DWIN32 /D_WINDOWS /utf-8 /MP   /MDd /Z7 /Ob0 /Od /RTC1 /showIncludes /FoCMakeFiles\\cmTC_34152.dir\\CheckIncludeFile.c.obj /FdCMakeFiles\\cmTC_34152.dir\\ /FS -c D:\\WaterSurfaceRendererScratch\\vcpkg_installed\\vcpkg\\blds\\fftw3\\x64-windows-dbg\\CMakeFiles\\CMakeScratch\\TryCompile-ezbqcx\\CheckIncludeFile.c
        FAILED: [code=2] CMakeFiles/cmTC_34152.dir/CheckIncludeFile.c.obj 
        "D:\\Microsoft Visual Studio\\18\\Community\\VC\\Tools\\MSVC\\14.51.36231\\bin\\Hostx64\\x64\\cl.exe"  /nologo -D_MBCS  /nologo /DWIN32 /D_WINDOWS /utf-8 /MP   /MDd /Z7 /Ob0 /Od /RTC1 /showIncludes /FoCMakeFiles\\cmTC_34152.dir\\CheckIncludeFile.c.obj /FdCMakeFiles\\cmTC_34152.dir\\ /FS -c D:\\WaterSurfaceRendererScratch\\vcpkg_installed\\vcpkg\\blds\\fftw3\\x64-windows-dbg\\CMakeFiles\\CMakeScratch\\TryCompile-ezbqcx\\CheckIncludeFile.c
        D:\\WaterSurfaceRendererScratch\\vcpkg_installed\\vcpkg\\blds\\fftw3\\x64-windows-dbg\\CMakeFiles\\CMakeScratch\\TryCompile-ezbqcx\\CheckIncludeFile.c(1): fatal error C1083: 无法打开包括文件: “dlfcn.h”: No such file or directory
        ninja: build stopped: subcommand failed.
        
      exitCode: 2
  -
    kind: "try_compile-v1"
    backtrace:
      - "D:/Microsoft Visual Studio/18/Community/Common7/IDE/CommonExtensions/Microsoft/CMake/CMake/share/cmake-4.3/Modules/CheckIncludeFile.cmake:174 (try_compile)"
      - "CMakeLists.txt:40 (check_include_file)"
    checks:
      - "Looking for intrinsics.h"
    directories:
      source: "D:/WaterSurfaceRendererScratch/vcpkg_installed/vcpkg/blds/fftw3/x64-windows-dbg/CMakeFiles/CMakeScratch/TryCompile-j1cxy6"
      binary: "D:/WaterSurfaceRendererScratch/vcpkg_installed/vcpkg/blds/fftw3/x64-windows-dbg/CMakeFiles/CMakeScratch/TryCompile-j1cxy6"
    cmakeVariables:
      CMAKE_CXX_STDLIB_MODULES_JSON: ""
      CMAKE_C_FLAGS: " /nologo /DWIN32 /D_WINDOWS /utf-8 /MP "
      CMAKE_EXE_LINKER_FLAGS: "/machine:x64"
      CMAKE_MSVC_DEBUG_INFORMATION_FORMAT: ""
      CMAKE_MSVC_RUNTIME_LIBRARY: "MultiThreaded$<$<CONFIG:Debug>:Debug>$<$<STREQUAL:dynamic,dynamic>:DLL>"
      VCPKG_CHAINLOAD_TOOLCHAIN_FILE: "D:/Microsoft Visual Studio/18/Community/VC/vcpkg/scripts/toolchains/windows.cmake"
      VCPKG_CRT_LINKAGE: "dynamic"
      VCPKG_CXX_FLAGS: ""
      VCPKG_CXX_FLAGS_DEBUG: ""
      VCPKG_CXX_FLAGS_RELEASE: ""
      VCPKG_C_FLAGS: ""
      VCPKG_C_FLAGS_DEBUG: ""
      VCPKG_C_FLAGS_RELEASE: ""
      VCPKG_INSTALLED_DIR: "D:/WaterSurfaceRendererScratch/vcpkg_installed"
      VCPKG_LINKER_FLAGS: ""
      VCPKG_LINKER_FLAGS_DEBUG: ""
      VCPKG_LINKER_FLAGS_RELEASE: ""
      VCPKG_PLATFORM_TOOLSET: "v145"
      VCPKG_PREFER_SYSTEM_LIBS: "OFF"
      VCPKG_SET_CHARSET_FLAG: "ON"
      VCPKG_TARGET_ARCHITECTURE: "x64"
      VCPKG_TARGET_TRIPLET: "x64-windows"
      Z_VCPKG_ROOT_DIR: "D:/Microsoft Visual Studio/18/Community/VC/vcpkg"
    buildResult:
      variable: "HAVE_INTRINSICS_H"
      cached: true
      stdout: |
        Change Dir: 'D:/WaterSurfaceRendererScratch/vcpkg_installed/vcpkg/blds/fftw3/x64-windows-dbg/CMakeFiles/CMakeScratch/TryCompile-j1cxy6'
        
        Run Build Command(s): "D:/Microsoft Visual Studio/18/Community/Common7/IDE/CommonExtensions/Microsoft/CMake/Ninja/ninja.exe" -v cmTC_9e4e9
        [1/2] "D:\\Microsoft Visual Studio\\18\\Community\\VC\\Tools\\MSVC\\14.51.36231\\bin\\Hostx64\\x64\\cl.exe"  /nologo -D_MBCS  /nologo /DWIN32 /D_WINDOWS /utf-8 /MP   /MDd /Z7 /Ob0 /Od /RTC1 /showIncludes /FoCMakeFiles\\cmTC_9e4e9.dir\\CheckIncludeFile.c.obj /FdCMakeFiles\\cmTC_9e4e9.dir\\ /FS -c D:\\WaterSurfaceRendererScratch\\vcpkg_installed\\vcpkg\\blds\\fftw3\\x64-windows-dbg\\CMakeFiles\\CMakeScratch\\TryCompile-j1cxy6\\CheckIncludeFile.c
        FAILED: [code=2] CMakeFiles/cmTC_9e4e9.dir/CheckIncludeFile.c.obj 
        "D:\\Microsoft Visual Studio\\18\\Community\\VC\\Tools\\MSVC\\14.51.36231\\bin\\Hostx64\\x64\\cl.exe"  /nologo -D_MBCS  /nologo /DWIN32 /D_WINDOWS /utf-8 /MP   /MDd /Z7 /Ob0 /Od /RTC1 /showIncludes /FoCMakeFiles\\cmTC_9e4e9.dir\\CheckIncludeFile.c.obj /FdCMakeFiles\\cmTC_9e4e9.dir\\ /FS -c D:\\WaterSurfaceRendererScratch\\vcpkg_installed\\vcpkg\\blds\\fftw3\\x64-windows-dbg\\CMakeFiles\\CMakeScratch\\TryCompile-j1cxy6\\CheckIncludeFile.c
        D:\\WaterSurfaceRendererScratch\\vcpkg_installed\\vcpkg\\blds\\fftw3\\x64-windows-dbg\\CMakeFiles\\CMakeScratch\\TryCompile-j1cxy6\\CheckIncludeFile.c(1): fatal error C1083: 无法打开包括文件: “intrinsics.h”: No such file or directory
        ninja: build stopped: subcommand failed.
        
      exitCode: 2
  -
    kind: "try_compile-v1"
    backtrace:
      - "D:/Microsoft Visual Studio/18/Community/Common7/IDE/CommonExtensions/Microsoft/CMake/CMake/share/cmake-4.3/Modules/CheckIncludeFile.cmake:174 (try_compile)"
      - "CMakeLists.txt:41 (check_include_file)"
    checks:
      - "Looking for inttypes.h"
    directories:
      source: "D:/WaterSurfaceRendererScratch/vcpkg_installed/vcpkg/blds/fftw3/x64-windows-dbg/CMakeFiles/CMakeScratch/TryCompile-aidz5z"
      binary: "D:/WaterSurfaceRendererScratch/vcpkg_installed/vcpkg/blds/fftw3/x64-windows-dbg/CMakeFiles/CMakeScratch/TryCompile-aidz5z"
    cmakeVariables:
      CMAKE_CXX_STDLIB_MODULES_JSON: ""
      CMAKE_C_FLAGS: " /nologo /DWIN32 /D_WINDOWS /utf-8 /MP "
      CMAKE_EXE_LINKER_FLAGS: "/machine:x64"
      CMAKE_MSVC_DEBUG_INFORMATION_FORMAT: ""
      CMAKE_MSVC_RUNTIME_LIBRARY: "MultiThreaded$<$<CONFIG:Debug>:Debug>$<$<STREQUAL:dynamic,dynamic>:DLL>"
      VCPKG_CHAINLOAD_TOOLCHAIN_FILE: "D:/Microsoft Visual Studio/18/Community/VC/vcpkg/scripts/toolchains/windows.cmake"
      VCPKG_CRT_LINKAGE: "dynamic"
      VCPKG_CXX_FLAGS: ""
      VCPKG_CXX_FLAGS_DEBUG: ""
      VCPKG_CXX_FLAGS_RELEASE: ""
      VCPKG_C_FLAGS: ""
      VCPKG_C_FLAGS_DEBUG: ""
      VCPKG_C_FLAGS_RELEASE: ""
      VCPKG_INSTALLED_DIR: "D:/WaterSurfaceRendererScratch/vcpkg_installed"
      VCPKG_LINKER_FLAGS: ""
      VCPKG_LINKER_FLAGS_DEBUG: ""
      VCPKG_LINKER_FLAGS_RELEASE: ""
      VCPKG_PLATFORM_TOOLSET: "v145"
      VCPKG_PREFER_SYSTEM_LIBS: "OFF"
      VCPKG_SET_CHARSET_FLAG: "ON"
      VCPKG_TARGET_ARCHITECTURE: "x64"
      VCPKG_TARGET_TRIPLET: "x64-windows"
      Z_VCPKG_ROOT_DIR: "D:/Microsoft Visual Studio/18/Community/VC/vcpkg"
    buildResult:
      variable: "HAVE_INTTYPES_H"
      cached: true
      stdout: |
        Change Dir: 'D:/WaterSurfaceRendererScratch/vcpkg_installed/vcpkg/blds/fftw3/x64-windows-dbg/CMakeFiles/CMakeScratch/TryCompile-aidz5z'
        
        Run Build Command(s): "D:/Microsoft Visual Studio/18/Community/Common7/IDE/CommonExtensions/Microsoft/CMake/Ninja/ninja.exe" -v cmTC_01b94
        [1/2] "D:\\Microsoft Visual Studio\\18\\Community\\VC\\Tools\\MSVC\\14.51.36231\\bin\\Hostx64\\x64\\cl.exe"  /nologo -D_MBCS  /nologo /DWIN32 /D_WINDOWS /utf-8 /MP   /MDd /Z7 /Ob0 /Od /RTC1 /showIncludes /FoCMakeFiles\\cmTC_01b94.dir\\CheckIncludeFile.c.obj /FdCMakeFiles\\cmTC_01b94.dir\\ /FS -c D:\\WaterSurfaceRendererScratch\\vcpkg_installed\\vcpkg\\blds\\fftw3\\x64-windows-dbg\\CMakeFiles\\CMakeScratch\\TryCompile-aidz5z\\CheckIncludeFile.c
        [2/2] C:\\windows\\system32\\cmd.exe /C "cd . && "D:\\Microsoft Visual Studio\\18\\Community\\Common7\\IDE\\CommonExtensions\\Microsoft\\CMake\\CMake\\bin\\cmake.exe" -E vs_link_exe --msvc-ver=1951 --intdir=CMakeFiles\\cmTC_01b94.dir --rc=C:\\PROGRA~2\\WI3CF2~1\\10\\bin\\100261~1.0\\x64\\rc.exe --mt=C:\\PROGRA~2\\WI3CF2~1\\10\\bin\\100261~1.0\\x64\\mt.exe --manifests  -- "D:\\Microsoft Visual Studio\\18\\Community\\VC\\Tools\\MSVC\\14.51.36231\\bin\\Hostx64\\x64\\link.exe" /nologo CMakeFiles\\cmTC_01b94.dir\\CheckIncludeFile.c.obj  /out:cmTC_01b94.exe /implib:cmTC_01b94.lib /pdb:cmTC_01b94.pdb /version:0.0 /machine:x64 /nologo /debug /INCREMENTAL /subsystem:console  kernel32.lib user32.lib gdi32.lib winspool.lib shell32.lib ole32.lib oleaut32.lib uuid.lib comdlg32.lib advapi32.lib && cd ."
        
      exitCode: 0
  -
    kind: "try_compile-v1"
    backtrace:
      - "D:/Microsoft Visual Studio/18/Community/Common7/IDE/CommonExtensions/Microsoft/CMake/CMake/share/cmake-4.3/Modules/CheckIncludeFile.cmake:174 (try_compile)"
      - "CMakeLists.txt:42 (check_include_file)"
    checks:
      - "Looking for libintl.h"
    directories:
      source: "D:/WaterSurfaceRendererScratch/vcpkg_installed/vcpkg/blds/fftw3/x64-windows-dbg/CMakeFiles/CMakeScratch/TryCompile-kfk82n"
      binary: "D:/WaterSurfaceRendererScratch/vcpkg_installed/vcpkg/blds/fftw3/x64-windows-dbg/CMakeFiles/CMakeScratch/TryCompile-kfk82n"
    cmakeVariables:
      CMAKE_CXX_STDLIB_MODULES_JSON: ""
      CMAKE_C_FLAGS: " /nologo /DWIN32 /D_WINDOWS /utf-8 /MP "
      CMAKE_EXE_LINKER_FLAGS: "/machine:x64"
      CMAKE_MSVC_DEBUG_INFORMATION_FORMAT: ""
      CMAKE_MSVC_RUNTIME_LIBRARY: "MultiThreaded$<$<CONFIG:Debug>:Debug>$<$<STREQUAL:dynamic,dynamic>:DLL>"
      VCPKG_CHAINLOAD_TOOLCHAIN_FILE: "D:/Microsoft Visual Studio/18/Community/VC/vcpkg/scripts/toolchains/windows.cmake"
      VCPKG_CRT_LINKAGE: "dynamic"
      VCPKG_CXX_FLAGS: ""
      VCPKG_CXX_FLAGS_DEBUG: ""
      VCPKG_CXX_FLAGS_RELEASE: ""
      VCPKG_C_FLAGS: ""
      VCPKG_C_FLAGS_DEBUG: ""
      VCPKG_C_FLAGS_RELEASE: ""
      VCPKG_INSTALLED_DIR: "D:/WaterSurfaceRendererScratch/vcpkg_installed"
      VCPKG_LINKER_FLAGS: ""
      VCPKG_LINKER_FLAGS_DEBUG: ""
      VCPKG_LINKER_FLAGS_RELEASE: ""
      VCPKG_PLATFORM_TOOLSET: "v145"
      VCPKG_PREFER_SYSTEM_LIBS: "OFF"
      VCPKG_SET_CHARSET_FLAG: "ON"
      VCPKG_TARGET_ARCHITECTURE: "x64"
      VCPKG_TARGET_TRIPLET: "x64-windows"
      Z_VCPKG_ROOT_DIR: "D:/Microsoft Visual Studio/18/Community/VC/vcpkg"
    buildResult:
      variable: "HAVE_LIBINTL_H"
      cached: true
      stdout: |
        Change Dir: 'D:/WaterSurfaceRendererScratch/vcpkg_installed/vcpkg/blds/fftw3/x64-windows-dbg/CMakeFiles/CMakeScratch/TryCompile-kfk82n'
        
        Run Build Command(s): "D:/Microsoft Visual Studio/18/Community/Common7/IDE/CommonExtensions/Microsoft/CMake/Ninja/ninja.exe" -v cmTC_70523
        [1/2] "D:\\Microsoft Visual Studio\\18\\Community\\VC\\Tools\\MSVC\\14.51.36231\\bin\\Hostx64\\x64\\cl.exe"  /nologo -D_MBCS  /nologo /DWIN32 /D_WINDOWS /utf-8 /MP   /MDd /Z7 /Ob0 /Od /RTC1 /showIncludes /FoCMakeFiles\\cmTC_70523.dir\\CheckIncludeFile.c.obj /FdCMakeFiles\\cmTC_70523.dir\\ /FS -c D:\\WaterSurfaceRendererScratch\\vcpkg_installed\\vcpkg\\blds\\fftw3\\x64-windows-dbg\\CMakeFiles\\CMakeScratch\\TryCompile-kfk82n\\CheckIncludeFile.c
        FAILED: [code=2] CMakeFiles/cmTC_70523.dir/CheckIncludeFile.c.obj 
        "D:\\Microsoft Visual Studio\\18\\Community\\VC\\Tools\\MSVC\\14.51.36231\\bin\\Hostx64\\x64\\cl.exe"  /nologo -D_MBCS  /nologo /DWIN32 /D_WINDOWS /utf-8 /MP   /MDd /Z7 /Ob0 /Od /RTC1 /showIncludes /FoCMakeFiles\\cmTC_70523.dir\\CheckIncludeFile.c.obj /FdCMakeFiles\\cmTC_70523.dir\\ /FS -c D:\\WaterSurfaceRendererScratch\\vcpkg_installed\\vcpkg\\blds\\fftw3\\x64-windows-dbg\\CMakeFiles\\CMakeScratch\\TryCompile-kfk82n\\CheckIncludeFile.c
        D:\\WaterSurfaceRendererScratch\\vcpkg_installed\\vcpkg\\blds\\fftw3\\x64-windows-dbg\\CMakeFiles\\CMakeScratch\\TryCompile-kfk82n\\CheckIncludeFile.c(1): fatal error C1083: 无法打开包括文件: “libintl.h”: No such file or directory
        ninja: build stopped: subcommand failed.
        
      exitCode: 2
  -
    kind: "try_compile-v1"
    backtrace:
      - "D:/Microsoft Visual Studio/18/Community/Common7/IDE/CommonExtensions/Microsoft/CMake/CMake/share/cmake-4.3/Modules/CheckIncludeFile.cmake:174 (try_compile)"
      - "CMakeLists.txt:43 (check_include_file)"
    checks:
      - "Looking for limits.h"
    directories:
      source: "D:/WaterSurfaceRendererScratch/vcpkg_installed/vcpkg/blds/fftw3/x64-windows-dbg/CMakeFiles/CMakeScratch/TryCompile-t93m2j"
      binary: "D:/WaterSurfaceRendererScratch/vcpkg_installed/vcpkg/blds/fftw3/x64-windows-dbg/CMakeFiles/CMakeScratch/TryCompile-t93m2j"
    cmakeVariables:
      CMAKE_CXX_STDLIB_MODULES_JSON: ""
      CMAKE_C_FLAGS: " /nologo /DWIN32 /D_WINDOWS /utf-8 /MP "
      CMAKE_EXE_LINKER_FLAGS: "/machine:x64"
      CMAKE_MSVC_DEBUG_INFORMATION_FORMAT: ""
      CMAKE_MSVC_RUNTIME_LIBRARY: "MultiThreaded$<$<CONFIG:Debug>:Debug>$<$<STREQUAL:dynamic,dynamic>:DLL>"
      VCPKG_CHAINLOAD_TOOLCHAIN_FILE: "D:/Microsoft Visual Studio/18/Community/VC/vcpkg/scripts/toolchains/windows.cmake"
      VCPKG_CRT_LINKAGE: "dynamic"
      VCPKG_CXX_FLAGS: ""
      VCPKG_CXX_FLAGS_DEBUG: ""
      VCPKG_CXX_FLAGS_RELEASE: ""
      VCPKG_C_FLAGS: ""
      VCPKG_C_FLAGS_DEBUG: ""
      VCPKG_C_FLAGS_RELEASE: ""
      VCPKG_INSTALLED_DIR: "D:/WaterSurfaceRendererScratch/vcpkg_installed"
      VCPKG_LINKER_FLAGS: ""
      VCPKG_LINKER_FLAGS_DEBUG: ""
      VCPKG_LINKER_FLAGS_RELEASE: ""
      VCPKG_PLATFORM_TOOLSET: "v145"
      VCPKG_PREFER_SYSTEM_LIBS: "OFF"
      VCPKG_SET_CHARSET_FLAG: "ON"
      VCPKG_TARGET_ARCHITECTURE: "x64"
      VCPKG_TARGET_TRIPLET: "x64-windows"
      Z_VCPKG_ROOT_DIR: "D:/Microsoft Visual Studio/18/Community/VC/vcpkg"
    buildResult:
      variable: "HAVE_LIMITS_H"
      cached: true
      stdout: |
        Change Dir: 'D:/WaterSurfaceRendererScratch/vcpkg_installed/vcpkg/blds/fftw3/x64-windows-dbg/CMakeFiles/CMakeScratch/TryCompile-t93m2j'
        
        Run Build Command(s): "D:/Microsoft Visual Studio/18/Community/Common7/IDE/CommonExtensions/Microsoft/CMake/Ninja/ninja.exe" -v cmTC_fcb03
        [1/2] "D:\\Microsoft Visual Studio\\18\\Community\\VC\\Tools\\MSVC\\14.51.36231\\bin\\Hostx64\\x64\\cl.exe"  /nologo -D_MBCS  /nologo /DWIN32 /D_WINDOWS /utf-8 /MP   /MDd /Z7 /Ob0 /Od /RTC1 /showIncludes /FoCMakeFiles\\cmTC_fcb03.dir\\CheckIncludeFile.c.obj /FdCMakeFiles\\cmTC_fcb03.dir\\ /FS -c D:\\WaterSurfaceRendererScratch\\vcpkg_installed\\vcpkg\\blds\\fftw3\\x64-windows-dbg\\CMakeFiles\\CMakeScratch\\TryCompile-t93m2j\\CheckIncludeFile.c
        [2/2] C:\\windows\\system32\\cmd.exe /C "cd . && "D:\\Microsoft Visual Studio\\18\\Community\\Common7\\IDE\\CommonExtensions\\Microsoft\\CMake\\CMake\\bin\\cmake.exe" -E vs_link_exe --msvc-ver=1951 --intdir=CMakeFiles\\cmTC_fcb03.dir --rc=C:\\PROGRA~2\\WI3CF2~1\\10\\bin\\100261~1.0\\x64\\rc.exe --mt=C:\\PROGRA~2\\WI3CF2~1\\10\\bin\\100261~1.0\\x64\\mt.exe --manifests  -- "D:\\Microsoft Visual Studio\\18\\Community\\VC\\Tools\\MSVC\\14.51.36231\\bin\\Hostx64\\x64\\link.exe" /nologo CMakeFiles\\cmTC_fcb03.dir\\CheckIncludeFile.c.obj  /out:cmTC_fcb03.exe /implib:cmTC_fcb03.lib /pdb:cmTC_fcb03.pdb /version:0.0 /machine:x64 /nologo /debug /INCREMENTAL /subsystem:console  kernel32.lib user32.lib gdi32.lib winspool.lib shell32.lib ole32.lib oleaut32.lib uuid.lib comdlg32.lib advapi32.lib && cd ."
        
      exitCode: 0
  -
    kind: "try_compile-v1"
    backtrace:
      - "D:/Microsoft Visual Studio/18/Community/Common7/IDE/CommonExtensions/Microsoft/CMake/CMake/share/cmake-4.3/Modules/CheckIncludeFile.cmake:174 (try_compile)"
      - "CMakeLists.txt:44 (check_include_file)"
    checks:
      - "Looking for mach/mach_time.h"
    directories:
      source: "D:/WaterSurfaceRendererScratch/vcpkg_installed/vcpkg/blds/fftw3/x64-windows-dbg/CMakeFiles/CMakeScratch/TryCompile-asqzxy"
      binary: "D:/WaterSurfaceRendererScratch/vcpkg_installed/vcpkg/blds/fftw3/x64-windows-dbg/CMakeFiles/CMakeScratch/TryCompile-asqzxy"
    cmakeVariables:
      CMAKE_CXX_STDLIB_MODULES_JSON: ""
      CMAKE_C_FLAGS: " /nologo /DWIN32 /D_WINDOWS /utf-8 /MP "
      CMAKE_EXE_LINKER_FLAGS: "/machine:x64"
      CMAKE_MSVC_DEBUG_INFORMATION_FORMAT: ""
      CMAKE_MSVC_RUNTIME_LIBRARY: "MultiThreaded$<$<CONFIG:Debug>:Debug>$<$<STREQUAL:dynamic,dynamic>:DLL>"
      VCPKG_CHAINLOAD_TOOLCHAIN_FILE: "D:/Microsoft Visual Studio/18/Community/VC/vcpkg/scripts/toolchains/windows.cmake"
      VCPKG_CRT_LINKAGE: "dynamic"
      VCPKG_CXX_FLAGS: ""
      VCPKG_CXX_FLAGS_DEBUG: ""
      VCPKG_CXX_FLAGS_RELEASE: ""
      VCPKG_C_FLAGS: ""
      VCPKG_C_FLAGS_DEBUG: ""
      VCPKG_C_FLAGS_RELEASE: ""
      VCPKG_INSTALLED_DIR: "D:/WaterSurfaceRendererScratch/vcpkg_installed"
      VCPKG_LINKER_FLAGS: ""
      VCPKG_LINKER_FLAGS_DEBUG: ""
      VCPKG_LINKER_FLAGS_RELEASE: ""
      VCPKG_PLATFORM_TOOLSET: "v145"
      VCPKG_PREFER_SYSTEM_LIBS: "OFF"
      VCPKG_SET_CHARSET_FLAG: "ON"
      VCPKG_TARGET_ARCHITECTURE: "x64"
      VCPKG_TARGET_TRIPLET: "x64-windows"
      Z_VCPKG_ROOT_DIR: "D:/Microsoft Visual Studio/18/Community/VC/vcpkg"
    buildResult:
      variable: "HAVE_MACH_MACH_TIME_H"
      cached: true
      stdout: |
        Change Dir: 'D:/WaterSurfaceRendererScratch/vcpkg_installed/vcpkg/blds/fftw3/x64-windows-dbg/CMakeFiles/CMakeScratch/TryCompile-asqzxy'
        
        Run Build Command(s): "D:/Microsoft Visual Studio/18/Community/Common7/IDE/CommonExtensions/Microsoft/CMake/Ninja/ninja.exe" -v cmTC_24414
        [1/2] "D:\\Microsoft Visual Studio\\18\\Community\\VC\\Tools\\MSVC\\14.51.36231\\bin\\Hostx64\\x64\\cl.exe"  /nologo -D_MBCS  /nologo /DWIN32 /D_WINDOWS /utf-8 /MP   /MDd /Z7 /Ob0 /Od /RTC1 /showIncludes /FoCMakeFiles\\cmTC_24414.dir\\CheckIncludeFile.c.obj /FdCMakeFiles\\cmTC_24414.dir\\ /FS -c D:\\WaterSurfaceRendererScratch\\vcpkg_installed\\vcpkg\\blds\\fftw3\\x64-windows-dbg\\CMakeFiles\\CMakeScratch\\TryCompile-asqzxy\\CheckIncludeFile.c
        FAILED: [code=2] CMakeFiles/cmTC_24414.dir/CheckIncludeFile.c.obj 
        "D:\\Microsoft Visual Studio\\18\\Community\\VC\\Tools\\MSVC\\14.51.36231\\bin\\Hostx64\\x64\\cl.exe"  /nologo -D_MBCS  /nologo /DWIN32 /D_WINDOWS /utf-8 /MP   /MDd /Z7 /Ob0 /Od /RTC1 /showIncludes /FoCMakeFiles\\cmTC_24414.dir\\CheckIncludeFile.c.obj /FdCMakeFiles\\cmTC_24414.dir\\ /FS -c D:\\WaterSurfaceRendererScratch\\vcpkg_installed\\vcpkg\\blds\\fftw3\\x64-windows-dbg\\CMakeFiles\\CMakeScratch\\TryCompile-asqzxy\\CheckIncludeFile.c
        D:\\WaterSurfaceRendererScratch\\vcpkg_installed\\vcpkg\\blds\\fftw3\\x64-windows-dbg\\CMakeFiles\\CMakeScratch\\TryCompile-asqzxy\\CheckIncludeFile.c(1): fatal error C1083: 无法打开包括文件: “mach/mach_time.h”: No such file or directory
        ninja: build stopped: subcommand failed.
        
      exitCode: 2
  -
    kind: "try_compile-v1"
    backtrace:
      - "D:/Microsoft Visual Studio/18/Community/Common7/IDE/CommonExtensions/Microsoft/CMake/CMake/share/cmake-4.3/Modules/CheckIncludeFile.cmake:174 (try_compile)"
      - "CMakeLists.txt:45 (check_include_file)"
    checks:
      - "Looking for malloc.h"
    directories:
      source: "D:/WaterSurfaceRendererScratch/vcpkg_installed/vcpkg/blds/fftw3/x64-windows-dbg/CMakeFiles/CMakeScratch/TryCompile-5n1tzl"
      binary: "D:/WaterSurfaceRendererScratch/vcpkg_installed/vcpkg/blds/fftw3/x64-windows-dbg/CMakeFiles/CMakeScratch/TryCompile-5n1tzl"
    cmakeVariables:
      CMAKE_CXX_STDLIB_MODULES_JSON: ""
      CMAKE_C_FLAGS: " /nologo /DWIN32 /D_WINDOWS /utf-8 /MP "
      CMAKE_EXE_LINKER_FLAGS: "/machine:x64"
      CMAKE_MSVC_DEBUG_INFORMATION_FORMAT: ""
      CMAKE_MSVC_RUNTIME_LIBRARY: "MultiThreaded$<$<CONFIG:Debug>:Debug>$<$<STREQUAL:dynamic,dynamic>:DLL>"
      VCPKG_CHAINLOAD_TOOLCHAIN_FILE: "D:/Microsoft Visual Studio/18/Community/VC/vcpkg/scripts/toolchains/windows.cmake"
      VCPKG_CRT_LINKAGE: "dynamic"
      VCPKG_CXX_FLAGS: ""
      VCPKG_CXX_FLAGS_DEBUG: ""
      VCPKG_CXX_FLAGS_RELEASE: ""
      VCPKG_C_FLAGS: ""
      VCPKG_C_FLAGS_DEBUG: ""
      VCPKG_C_FLAGS_RELEASE: ""
      VCPKG_INSTALLED_DIR: "D:/WaterSurfaceRendererScratch/vcpkg_installed"
      VCPKG_LINKER_FLAGS: ""
      VCPKG_LINKER_FLAGS_DEBUG: ""
      VCPKG_LINKER_FLAGS_RELEASE: ""
      VCPKG_PLATFORM_TOOLSET: "v145"
      VCPKG_PREFER_SYSTEM_LIBS: "OFF"
      VCPKG_SET_CHARSET_FLAG: "ON"
      VCPKG_TARGET_ARCHITECTURE: "x64"
      VCPKG_TARGET_TRIPLET: "x64-windows"
      Z_VCPKG_ROOT_DIR: "D:/Microsoft Visual Studio/18/Community/VC/vcpkg"
    buildResult:
      variable: "HAVE_MALLOC_H"
      cached: true
      stdout: |
        Change Dir: 'D:/WaterSurfaceRendererScratch/vcpkg_installed/vcpkg/blds/fftw3/x64-windows-dbg/CMakeFiles/CMakeScratch/TryCompile-5n1tzl'
        
        Run Build Command(s): "D:/Microsoft Visual Studio/18/Community/Common7/IDE/CommonExtensions/Microsoft/CMake/Ninja/ninja.exe" -v cmTC_d2ee2
        [1/2] "D:\\Microsoft Visual Studio\\18\\Community\\VC\\Tools\\MSVC\\14.51.36231\\bin\\Hostx64\\x64\\cl.exe"  /nologo -D_MBCS  /nologo /DWIN32 /D_WINDOWS /utf-8 /MP   /MDd /Z7 /Ob0 /Od /RTC1 /showIncludes /FoCMakeFiles\\cmTC_d2ee2.dir\\CheckIncludeFile.c.obj /FdCMakeFiles\\cmTC_d2ee2.dir\\ /FS -c D:\\WaterSurfaceRendererScratch\\vcpkg_installed\\vcpkg\\blds\\fftw3\\x64-windows-dbg\\CMakeFiles\\CMakeScratch\\TryCompile-5n1tzl\\CheckIncludeFile.c
        [2/2] C:\\windows\\system32\\cmd.exe /C "cd . && "D:\\Microsoft Visual Studio\\18\\Community\\Common7\\IDE\\CommonExtensions\\Microsoft\\CMake\\CMake\\bin\\cmake.exe" -E vs_link_exe --msvc-ver=1951 --intdir=CMakeFiles\\cmTC_d2ee2.dir --rc=C:\\PROGRA~2\\WI3CF2~1\\10\\bin\\100261~1.0\\x64\\rc.exe --mt=C:\\PROGRA~2\\WI3CF2~1\\10\\bin\\100261~1.0\\x64\\mt.exe --manifests  -- "D:\\Microsoft Visual Studio\\18\\Community\\VC\\Tools\\MSVC\\14.51.36231\\bin\\Hostx64\\x64\\link.exe" /nologo CMakeFiles\\cmTC_d2ee2.dir\\CheckIncludeFile.c.obj  /out:cmTC_d2ee2.exe /implib:cmTC_d2ee2.lib /pdb:cmTC_d2ee2.pdb /version:0.0 /machine:x64 /nologo /debug /INCREMENTAL /subsystem:console  kernel32.lib user32.lib gdi32.lib winspool.lib shell32.lib ole32.lib oleaut32.lib uuid.lib comdlg32.lib advapi32.lib && cd ."
        
      exitCode: 0
  -
    kind: "try_compile-v1"
    backtrace:
      - "D:/Microsoft Visual Studio/18/Community/Common7/IDE/CommonExtensions/Microsoft/CMake/CMake/share/cmake-4.3/Modules/CheckIncludeFile.cmake:174 (try_compile)"
      - "CMakeLists.txt:46 (check_include_file)"
    checks:
      - "Looking for memory.h"
    directories:
      source: "D:/WaterSurfaceRendererScratch/vcpkg_installed/vcpkg/blds/fftw3/x64-windows-dbg/CMakeFiles/CMakeScratch/TryCompile-qm109p"
      binary: "D:/WaterSurfaceRendererScratch/vcpkg_installed/vcpkg/blds/fftw3/x64-windows-dbg/CMakeFiles/CMakeScratch/TryCompile-qm109p"
    cmakeVariables:
      CMAKE_CXX_STDLIB_MODULES_JSON: ""
      CMAKE_C_FLAGS: " /nologo /DWIN32 /D_WINDOWS /utf-8 /MP "
      CMAKE_EXE_LINKER_FLAGS: "/machine:x64"
      CMAKE_MSVC_DEBUG_INFORMATION_FORMAT: ""
      CMAKE_MSVC_RUNTIME_LIBRARY: "MultiThreaded$<$<CONFIG:Debug>:Debug>$<$<STREQUAL:dynamic,dynamic>:DLL>"
      VCPKG_CHAINLOAD_TOOLCHAIN_FILE: "D:/Microsoft Visual Studio/18/Community/VC/vcpkg/scripts/toolchains/windows.cmake"
      VCPKG_CRT_LINKAGE: "dynamic"
      VCPKG_CXX_FLAGS: ""
      VCPKG_CXX_FLAGS_DEBUG: ""
      VCPKG_CXX_FLAGS_RELEASE: ""
      VCPKG_C_FLAGS: ""
      VCPKG_C_FLAGS_DEBUG: ""
      VCPKG_C_FLAGS_RELEASE: ""
      VCPKG_INSTALLED_DIR: "D:/WaterSurfaceRendererScratch/vcpkg_installed"
      VCPKG_LINKER_FLAGS: ""
      VCPKG_LINKER_FLAGS_DEBUG: ""
      VCPKG_LINKER_FLAGS_RELEASE: ""
      VCPKG_PLATFORM_TOOLSET: "v145"
      VCPKG_PREFER_SYSTEM_LIBS: "OFF"
      VCPKG_SET_CHARSET_FLAG: "ON"
      VCPKG_TARGET_ARCHITECTURE: "x64"
      VCPKG_TARGET_TRIPLET: "x64-windows"
      Z_VCPKG_ROOT_DIR: "D:/Microsoft Visual Studio/18/Community/VC/vcpkg"
    buildResult:
      variable: "HAVE_MEMORY_H"
      cached: true
      stdout: |
        Change Dir: 'D:/WaterSurfaceRendererScratch/vcpkg_installed/vcpkg/blds/fftw3/x64-windows-dbg/CMakeFiles/CMakeScratch/TryCompile-qm109p'
        
        Run Build Command(s): "D:/Microsoft Visual Studio/18/Community/Common7/IDE/CommonExtensions/Microsoft/CMake/Ninja/ninja.exe" -v cmTC_bf28b
        [1/2] "D:\\Microsoft Visual Studio\\18\\Community\\VC\\Tools\\MSVC\\14.51.36231\\bin\\Hostx64\\x64\\cl.exe"  /nologo -D_MBCS  /nologo /DWIN32 /D_WINDOWS /utf-8 /MP   /MDd /Z7 /Ob0 /Od /RTC1 /showIncludes /FoCMakeFiles\\cmTC_bf28b.dir\\CheckIncludeFile.c.obj /FdCMakeFiles\\cmTC_bf28b.dir\\ /FS -c D:\\WaterSurfaceRendererScratch\\vcpkg_installed\\vcpkg\\blds\\fftw3\\x64-windows-dbg\\CMakeFiles\\CMakeScratch\\TryCompile-qm109p\\CheckIncludeFile.c
        [2/2] C:\\windows\\system32\\cmd.exe /C "cd . && "D:\\Microsoft Visual Studio\\18\\Community\\Common7\\IDE\\CommonExtensions\\Microsoft\\CMake\\CMake\\bin\\cmake.exe" -E vs_link_exe --msvc-ver=1951 --intdir=CMakeFiles\\cmTC_bf28b.dir --rc=C:\\PROGRA~2\\WI3CF2~1\\10\\bin\\100261~1.0\\x64\\rc.exe --mt=C:\\PROGRA~2\\WI3CF2~1\\10\\bin\\100261~1.0\\x64\\mt.exe --manifests  -- "D:\\Microsoft Visual Studio\\18\\Community\\VC\\Tools\\MSVC\\14.51.36231\\bin\\Hostx64\\x64\\link.exe" /nologo CMakeFiles\\cmTC_bf28b.dir\\CheckIncludeFile.c.obj  /out:cmTC_bf28b.exe /implib:cmTC_bf28b.lib /pdb:cmTC_bf28b.pdb /version:0.0 /machine:x64 /nologo /debug /INCREMENTAL /subsystem:console  kernel32.lib user32.lib gdi32.lib winspool.lib shell32.lib ole32.lib oleaut32.lib uuid.lib comdlg32.lib advapi32.lib && cd ."
        
      exitCode: 0
  -
    kind: "try_compile-v1"
    backtrace:
      - "D:/Microsoft Visual Studio/18/Community/Common7/IDE/CommonExtensions/Microsoft/CMake/CMake/share/cmake-4.3/Modules/CheckIncludeFile.cmake:174 (try_compile)"
      - "CMakeLists.txt:47 (check_include_file)"
    checks:
      - "Looking for stddef.h"
    directories:
      source: "D:/WaterSurfaceRendererScratch/vcpkg_installed/vcpkg/blds/fftw3/x64-windows-dbg/CMakeFiles/CMakeScratch/TryCompile-l0riar"
      binary: "D:/WaterSurfaceRendererScratch/vcpkg_installed/vcpkg/blds/fftw3/x64-windows-dbg/CMakeFiles/CMakeScratch/TryCompile-l0riar"
    cmakeVariables:
      CMAKE_CXX_STDLIB_MODULES_JSON: ""
      CMAKE_C_FLAGS: " /nologo /DWIN32 /D_WINDOWS /utf-8 /MP "
      CMAKE_EXE_LINKER_FLAGS: "/machine:x64"
      CMAKE_MSVC_DEBUG_INFORMATION_FORMAT: ""
      CMAKE_MSVC_RUNTIME_LIBRARY: "MultiThreaded$<$<CONFIG:Debug>:Debug>$<$<STREQUAL:dynamic,dynamic>:DLL>"
      VCPKG_CHAINLOAD_TOOLCHAIN_FILE: "D:/Microsoft Visual Studio/18/Community/VC/vcpkg/scripts/toolchains/windows.cmake"
      VCPKG_CRT_LINKAGE: "dynamic"
      VCPKG_CXX_FLAGS: ""
      VCPKG_CXX_FLAGS_DEBUG: ""
      VCPKG_CXX_FLAGS_RELEASE: ""
      VCPKG_C_FLAGS: ""
      VCPKG_C_FLAGS_DEBUG: ""
      VCPKG_C_FLAGS_RELEASE: ""
      VCPKG_INSTALLED_DIR: "D:/WaterSurfaceRendererScratch/vcpkg_installed"
      VCPKG_LINKER_FLAGS: ""
      VCPKG_LINKER_FLAGS_DEBUG: ""
      VCPKG_LINKER_FLAGS_RELEASE: ""
      VCPKG_PLATFORM_TOOLSET: "v145"
      VCPKG_PREFER_SYSTEM_LIBS: "OFF"
      VCPKG_SET_CHARSET_FLAG: "ON"
      VCPKG_TARGET_ARCHITECTURE: "x64"
      VCPKG_TARGET_TRIPLET: "x64-windows"
      Z_VCPKG_ROOT_DIR: "D:/Microsoft Visual Studio/18/Community/VC/vcpkg"
    buildResult:
      variable: "HAVE_STDDEF_H"
      cached: true
      stdout: |
        Change Dir: 'D:/WaterSurfaceRendererScratch/vcpkg_installed/vcpkg/blds/fftw3/x64-windows-dbg/CMakeFiles/CMakeScratch/TryCompile-l0riar'
        
        Run Build Command(s): "D:/Microsoft Visual Studio/18/Community/Common7/IDE/CommonExtensions/Microsoft/CMake/Ninja/ninja.exe" -v cmTC_1fecf
        [1/2] "D:\\Microsoft Visual Studio\\18\\Community\\VC\\Tools\\MSVC\\14.51.36231\\bin\\Hostx64\\x64\\cl.exe"  /nologo -D_MBCS  /nologo /DWIN32 /D_WINDOWS /utf-8 /MP   /MDd /Z7 /Ob0 /Od /RTC1 /showIncludes /FoCMakeFiles\\cmTC_1fecf.dir\\CheckIncludeFile.c.obj /FdCMakeFiles\\cmTC_1fecf.dir\\ /FS -c D:\\WaterSurfaceRendererScratch\\vcpkg_installed\\vcpkg\\blds\\fftw3\\x64-windows-dbg\\CMakeFiles\\CMakeScratch\\TryCompile-l0riar\\CheckIncludeFile.c
        [2/2] C:\\windows\\system32\\cmd.exe /C "cd . && "D:\\Microsoft Visual Studio\\18\\Community\\Common7\\IDE\\CommonExtensions\\Microsoft\\CMake\\CMake\\bin\\cmake.exe" -E vs_link_exe --msvc-ver=1951 --intdir=CMakeFiles\\cmTC_1fecf.dir --rc=C:\\PROGRA~2\\WI3CF2~1\\10\\bin\\100261~1.0\\x64\\rc.exe --mt=C:\\PROGRA~2\\WI3CF2~1\\10\\bin\\100261~1.0\\x64\\mt.exe --manifests  -- "D:\\Microsoft Visual Studio\\18\\Community\\VC\\Tools\\MSVC\\14.51.36231\\bin\\Hostx64\\x64\\link.exe" /nologo CMakeFiles\\cmTC_1fecf.dir\\CheckIncludeFile.c.obj  /out:cmTC_1fecf.exe /implib:cmTC_1fecf.lib /pdb:cmTC_1fecf.pdb /version:0.0 /machine:x64 /nologo /debug /INCREMENTAL /subsystem:console  kernel32.lib user32.lib gdi32.lib winspool.lib shell32.lib ole32.lib oleaut32.lib uuid.lib comdlg32.lib advapi32.lib && cd ."
        
      exitCode: 0
  -
    kind: "try_compile-v1"
    backtrace:
      - "D:/Microsoft Visual Studio/18/Community/Common7/IDE/CommonExtensions/Microsoft/CMake/CMake/share/cmake-4.3/Modules/CheckIncludeFile.cmake:174 (try_compile)"
      - "CMakeLists.txt:48 (check_include_file)"
    checks:
      - "Looking for stdint.h"
    directories:
      source: "D:/WaterSurfaceRendererScratch/vcpkg_installed/vcpkg/blds/fftw3/x64-windows-dbg/CMakeFiles/CMakeScratch/TryCompile-njv134"
      binary: "D:/WaterSurfaceRendererScratch/vcpkg_installed/vcpkg/blds/fftw3/x64-windows-dbg/CMakeFiles/CMakeScratch/TryCompile-njv134"
    cmakeVariables:
      CMAKE_CXX_STDLIB_MODULES_JSON: ""
      CMAKE_C_FLAGS: " /nologo /DWIN32 /D_WINDOWS /utf-8 /MP "
      CMAKE_EXE_LINKER_FLAGS: "/machine:x64"
      CMAKE_MSVC_DEBUG_INFORMATION_FORMAT: ""
      CMAKE_MSVC_RUNTIME_LIBRARY: "MultiThreaded$<$<CONFIG:Debug>:Debug>$<$<STREQUAL:dynamic,dynamic>:DLL>"
      VCPKG_CHAINLOAD_TOOLCHAIN_FILE: "D:/Microsoft Visual Studio/18/Community/VC/vcpkg/scripts/toolchains/windows.cmake"
      VCPKG_CRT_LINKAGE: "dynamic"
      VCPKG_CXX_FLAGS: ""
      VCPKG_CXX_FLAGS_DEBUG: ""
      VCPKG_CXX_FLAGS_RELEASE: ""
      VCPKG_C_FLAGS: ""
      VCPKG_C_FLAGS_DEBUG: ""
      VCPKG_C_FLAGS_RELEASE: ""
      VCPKG_INSTALLED_DIR: "D:/WaterSurfaceRendererScratch/vcpkg_installed"
      VCPKG_LINKER_FLAGS: ""
      VCPKG_LINKER_FLAGS_DEBUG: ""
      VCPKG_LINKER_FLAGS_RELEASE: ""
      VCPKG_PLATFORM_TOOLSET: "v145"
      VCPKG_PREFER_SYSTEM_LIBS: "OFF"
      VCPKG_SET_CHARSET_FLAG: "ON"
      VCPKG_TARGET_ARCHITECTURE: "x64"
      VCPKG_TARGET_TRIPLET: "x64-windows"
      Z_VCPKG_ROOT_DIR: "D:/Microsoft Visual Studio/18/Community/VC/vcpkg"
    buildResult:
      variable: "HAVE_STDINT_H"
      cached: true
      stdout: |
        Change Dir: 'D:/WaterSurfaceRendererScratch/vcpkg_installed/vcpkg/blds/fftw3/x64-windows-dbg/CMakeFiles/CMakeScratch/TryCompile-njv134'
        
        Run Build Command(s): "D:/Microsoft Visual Studio/18/Community/Common7/IDE/CommonExtensions/Microsoft/CMake/Ninja/ninja.exe" -v cmTC_2b968
        [1/2] "D:\\Microsoft Visual Studio\\18\\Community\\VC\\Tools\\MSVC\\14.51.36231\\bin\\Hostx64\\x64\\cl.exe"  /nologo -D_MBCS  /nologo /DWIN32 /D_WINDOWS /utf-8 /MP   /MDd /Z7 /Ob0 /Od /RTC1 /showIncludes /FoCMakeFiles\\cmTC_2b968.dir\\CheckIncludeFile.c.obj /FdCMakeFiles\\cmTC_2b968.dir\\ /FS -c D:\\WaterSurfaceRendererScratch\\vcpkg_installed\\vcpkg\\blds\\fftw3\\x64-windows-dbg\\CMakeFiles\\CMakeScratch\\TryCompile-njv134\\CheckIncludeFile.c
        [2/2] C:\\windows\\system32\\cmd.exe /C "cd . && "D:\\Microsoft Visual Studio\\18\\Community\\Common7\\IDE\\CommonExtensions\\Microsoft\\CMake\\CMake\\bin\\cmake.exe" -E vs_link_exe --msvc-ver=1951 --intdir=CMakeFiles\\cmTC_2b968.dir --rc=C:\\PROGRA~2\\WI3CF2~1\\10\\bin\\100261~1.0\\x64\\rc.exe --mt=C:\\PROGRA~2\\WI3CF2~1\\10\\bin\\100261~1.0\\x64\\mt.exe --manifests  -- "D:\\Microsoft Visual Studio\\18\\Community\\VC\\Tools\\MSVC\\14.51.36231\\bin\\Hostx64\\x64\\link.exe" /nologo CMakeFiles\\cmTC_2b968.dir\\CheckIncludeFile.c.obj  /out:cmTC_2b968.exe /implib:cmTC_2b968.lib /pdb:cmTC_2b968.pdb /version:0.0 /machine:x64 /nologo /debug /INCREMENTAL /subsystem:console  kernel32.lib user32.lib gdi32.lib winspool.lib shell32.lib ole32.lib oleaut32.lib uuid.lib comdlg32.lib advapi32.lib && cd ."
        
      exitCode: 0
  -
    kind: "try_compile-v1"
    backtrace:
      - "D:/Microsoft Visual Studio/18/Community/Common7/IDE/CommonExtensions/Microsoft/CMake/CMake/share/cmake-4.3/Modules/CheckIncludeFile.cmake:174 (try_compile)"
      - "CMakeLists.txt:49 (check_include_file)"
    checks:
      - "Looking for stdlib.h"
    directories:
      source: "D:/WaterSurfaceRendererScratch/vcpkg_installed/vcpkg/blds/fftw3/x64-windows-dbg/CMakeFiles/CMakeScratch/TryCompile-dj5gdj"
      binary: "D:/WaterSurfaceRendererScratch/vcpkg_installed/vcpkg/blds/fftw3/x64-windows-dbg/CMakeFiles/CMakeScratch/TryCompile-dj5gdj"
    cmakeVariables:
      CMAKE_CXX_STDLIB_MODULES_JSON: ""
      CMAKE_C_FLAGS: " /nologo /DWIN32 /D_WINDOWS /utf-8 /MP "
      CMAKE_EXE_LINKER_FLAGS: "/machine:x64"
      CMAKE_MSVC_DEBUG_INFORMATION_FORMAT: ""
      CMAKE_MSVC_RUNTIME_LIBRARY: "MultiThreaded$<$<CONFIG:Debug>:Debug>$<$<STREQUAL:dynamic,dynamic>:DLL>"
      VCPKG_CHAINLOAD_TOOLCHAIN_FILE: "D:/Microsoft Visual Studio/18/Community/VC/vcpkg/scripts/toolchains/windows.cmake"
      VCPKG_CRT_LINKAGE: "dynamic"
      VCPKG_CXX_FLAGS: ""
      VCPKG_CXX_FLAGS_DEBUG: ""
      VCPKG_CXX_FLAGS_RELEASE: ""
      VCPKG_C_FLAGS: ""
      VCPKG_C_FLAGS_DEBUG: ""
      VCPKG_C_FLAGS_RELEASE: ""
      VCPKG_INSTALLED_DIR: "D:/WaterSurfaceRendererScratch/vcpkg_installed"
      VCPKG_LINKER_FLAGS: ""
      VCPKG_LINKER_FLAGS_DEBUG: ""
      VCPKG_LINKER_FLAGS_RELEASE: ""
      VCPKG_PLATFORM_TOOLSET: "v145"
      VCPKG_PREFER_SYSTEM_LIBS: "OFF"
      VCPKG_SET_CHARSET_FLAG: "ON"
      VCPKG_TARGET_ARCHITECTURE: "x64"
      VCPKG_TARGET_TRIPLET: "x64-windows"
      Z_VCPKG_ROOT_DIR: "D:/Microsoft Visual Studio/18/Community/VC/vcpkg"
    buildResult:
      variable: "HAVE_STDLIB_H"
      cached: true
      stdout: |
        Change Dir: 'D:/WaterSurfaceRendererScratch/vcpkg_installed/vcpkg/blds/fftw3/x64-windows-dbg/CMakeFiles/CMakeScratch/TryCompile-dj5gdj'
        
        Run Build Command(s): "D:/Microsoft Visual Studio/18/Community/Common7/IDE/CommonExtensions/Microsoft/CMake/Ninja/ninja.exe" -v cmTC_d2f28
        [1/2] "D:\\Microsoft Visual Studio\\18\\Community\\VC\\Tools\\MSVC\\14.51.36231\\bin\\Hostx64\\x64\\cl.exe"  /nologo -D_MBCS  /nologo /DWIN32 /D_WINDOWS /utf-8 /MP   /MDd /Z7 /Ob0 /Od /RTC1 /showIncludes /FoCMakeFiles\\cmTC_d2f28.dir\\CheckIncludeFile.c.obj /FdCMakeFiles\\cmTC_d2f28.dir\\ /FS -c D:\\WaterSurfaceRendererScratch\\vcpkg_installed\\vcpkg\\blds\\fftw3\\x64-windows-dbg\\CMakeFiles\\CMakeScratch\\TryCompile-dj5gdj\\CheckIncludeFile.c
        [2/2] C:\\windows\\system32\\cmd.exe /C "cd . && "D:\\Microsoft Visual Studio\\18\\Community\\Common7\\IDE\\CommonExtensions\\Microsoft\\CMake\\CMake\\bin\\cmake.exe" -E vs_link_exe --msvc-ver=1951 --intdir=CMakeFiles\\cmTC_d2f28.dir --rc=C:\\PROGRA~2\\WI3CF2~1\\10\\bin\\100261~1.0\\x64\\rc.exe --mt=C:\\PROGRA~2\\WI3CF2~1\\10\\bin\\100261~1.0\\x64\\mt.exe --manifests  -- "D:\\Microsoft Visual Studio\\18\\Community\\VC\\Tools\\MSVC\\14.51.36231\\bin\\Hostx64\\x64\\link.exe" /nologo CMakeFiles\\cmTC_d2f28.dir\\CheckIncludeFile.c.obj  /out:cmTC_d2f28.exe /implib:cmTC_d2f28.lib /pdb:cmTC_d2f28.pdb /version:0.0 /machine:x64 /nologo /debug /INCREMENTAL /subsystem:console  kernel32.lib user32.lib gdi32.lib winspool.lib shell32.lib ole32.lib oleaut32.lib uuid.lib comdlg32.lib advapi32.lib && cd ."
        
      exitCode: 0
  -
    kind: "try_compile-v1"
    backtrace:
      - "D:/Microsoft Visual Studio/18/Community/Common7/IDE/CommonExtensions/Microsoft/CMake/CMake/share/cmake-4.3/Modules/CheckIncludeFile.cmake:174 (try_compile)"
      - "CMakeLists.txt:50 (check_include_file)"
    checks:
      - "Looking for string.h"
    directories:
      source: "D:/WaterSurfaceRendererScratch/vcpkg_installed/vcpkg/blds/fftw3/x64-windows-dbg/CMakeFiles/CMakeScratch/TryCompile-7zbx1s"
      binary: "D:/WaterSurfaceRendererScratch/vcpkg_installed/vcpkg/blds/fftw3/x64-windows-dbg/CMakeFiles/CMakeScratch/TryCompile-7zbx1s"
    cmakeVariables:
      CMAKE_CXX_STDLIB_MODULES_JSON: ""
      CMAKE_C_FLAGS: " /nologo /DWIN32 /D_WINDOWS /utf-8 /MP "
      CMAKE_EXE_LINKER_FLAGS: "/machine:x64"
      CMAKE_MSVC_DEBUG_INFORMATION_FORMAT: ""
      CMAKE_MSVC_RUNTIME_LIBRARY: "MultiThreaded$<$<CONFIG:Debug>:Debug>$<$<STREQUAL:dynamic,dynamic>:DLL>"
      VCPKG_CHAINLOAD_TOOLCHAIN_FILE: "D:/Microsoft Visual Studio/18/Community/VC/vcpkg/scripts/toolchains/windows.cmake"
      VCPKG_CRT_LINKAGE: "dynamic"
      VCPKG_CXX_FLAGS: ""
      VCPKG_CXX_FLAGS_DEBUG: ""
      VCPKG_CXX_FLAGS_RELEASE: ""
      VCPKG_C_FLAGS: ""
      VCPKG_C_FLAGS_DEBUG: ""
      VCPKG_C_FLAGS_RELEASE: ""
      VCPKG_INSTALLED_DIR: "D:/WaterSurfaceRendererScratch/vcpkg_installed"
      VCPKG_LINKER_FLAGS: ""
      VCPKG_LINKER_FLAGS_DEBUG: ""
      VCPKG_LINKER_FLAGS_RELEASE: ""
      VCPKG_PLATFORM_TOOLSET: "v145"
      VCPKG_PREFER_SYSTEM_LIBS: "OFF"
      VCPKG_SET_CHARSET_FLAG: "ON"
      VCPKG_TARGET_ARCHITECTURE: "x64"
      VCPKG_TARGET_TRIPLET: "x64-windows"
      Z_VCPKG_ROOT_DIR: "D:/Microsoft Visual Studio/18/Community/VC/vcpkg"
    buildResult:
      variable: "HAVE_STRING_H"
      cached: true
      stdout: |
        Change Dir: 'D:/WaterSurfaceRendererScratch/vcpkg_installed/vcpkg/blds/fftw3/x64-windows-dbg/CMakeFiles/CMakeScratch/TryCompile-7zbx1s'
        
        Run Build Command(s): "D:/Microsoft Visual Studio/18/Community/Common7/IDE/CommonExtensions/Microsoft/CMake/Ninja/ninja.exe" -v cmTC_af1b0
        [1/2] "D:\\Microsoft Visual Studio\\18\\Community\\VC\\Tools\\MSVC\\14.51.36231\\bin\\Hostx64\\x64\\cl.exe"  /nologo -D_MBCS  /nologo /DWIN32 /D_WINDOWS /utf-8 /MP   /MDd /Z7 /Ob0 /Od /RTC1 /showIncludes /FoCMakeFiles\\cmTC_af1b0.dir\\CheckIncludeFile.c.obj /FdCMakeFiles\\cmTC_af1b0.dir\\ /FS -c D:\\WaterSurfaceRendererScratch\\vcpkg_installed\\vcpkg\\blds\\fftw3\\x64-windows-dbg\\CMakeFiles\\CMakeScratch\\TryCompile-7zbx1s\\CheckIncludeFile.c
        [2/2] C:\\windows\\system32\\cmd.exe /C "cd . && "D:\\Microsoft Visual Studio\\18\\Community\\Common7\\IDE\\CommonExtensions\\Microsoft\\CMake\\CMake\\bin\\cmake.exe" -E vs_link_exe --msvc-ver=1951 --intdir=CMakeFiles\\cmTC_af1b0.dir --rc=C:\\PROGRA~2\\WI3CF2~1\\10\\bin\\100261~1.0\\x64\\rc.exe --mt=C:\\PROGRA~2\\WI3CF2~1\\10\\bin\\100261~1.0\\x64\\mt.exe --manifests  -- "D:\\Microsoft Visual Studio\\18\\Community\\VC\\Tools\\MSVC\\14.51.36231\\bin\\Hostx64\\x64\\link.exe" /nologo CMakeFiles\\cmTC_af1b0.dir\\CheckIncludeFile.c.obj  /out:cmTC_af1b0.exe /implib:cmTC_af1b0.lib /pdb:cmTC_af1b0.pdb /version:0.0 /machine:x64 /nologo /debug /INCREMENTAL /subsystem:console  kernel32.lib user32.lib gdi32.lib winspool.lib shell32.lib ole32.lib oleaut32.lib uuid.lib comdlg32.lib advapi32.lib && cd ."
        
      exitCode: 0
  -
    kind: "try_compile-v1"
    backtrace:
      - "D:/Microsoft Visual Studio/18/Community/Common7/IDE/CommonExtensions/Microsoft/CMake/CMake/share/cmake-4.3/Modules/CheckIncludeFile.cmake:174 (try_compile)"
      - "CMakeLists.txt:51 (check_include_file)"
    checks:
      - "Looking for strings.h"
    directories:
      source: "D:/WaterSurfaceRendererScratch/vcpkg_installed/vcpkg/blds/fftw3/x64-windows-dbg/CMakeFiles/CMakeScratch/TryCompile-w51gl6"
      binary: "D:/WaterSurfaceRendererScratch/vcpkg_installed/vcpkg/blds/fftw3/x64-windows-dbg/CMakeFiles/CMakeScratch/TryCompile-w51gl6"
    cmakeVariables:
      CMAKE_CXX_STDLIB_MODULES_JSON: ""
      CMAKE_C_FLAGS: " /nologo /DWIN32 /D_WINDOWS /utf-8 /MP "
      CMAKE_EXE_LINKER_FLAGS: "/machine:x64"
      CMAKE_MSVC_DEBUG_INFORMATION_FORMAT: ""
      CMAKE_MSVC_RUNTIME_LIBRARY: "MultiThreaded$<$<CONFIG:Debug>:Debug>$<$<STREQUAL:dynamic,dynamic>:DLL>"
      VCPKG_CHAINLOAD_TOOLCHAIN_FILE: "D:/Microsoft Visual Studio/18/Community/VC/vcpkg/scripts/toolchains/windows.cmake"
      VCPKG_CRT_LINKAGE: "dynamic"
      VCPKG_CXX_FLAGS: ""
      VCPKG_CXX_FLAGS_DEBUG: ""
      VCPKG_CXX_FLAGS_RELEASE: ""
      VCPKG_C_FLAGS: ""
      VCPKG_C_FLAGS_DEBUG: ""
      VCPKG_C_FLAGS_RELEASE: ""
      VCPKG_INSTALLED_DIR: "D:/WaterSurfaceRendererScratch/vcpkg_installed"
      VCPKG_LINKER_FLAGS: ""
      VCPKG_LINKER_FLAGS_DEBUG: ""
      VCPKG_LINKER_FLAGS_RELEASE: ""
      VCPKG_PLATFORM_TOOLSET: "v145"
      VCPKG_PREFER_SYSTEM_LIBS: "OFF"
      VCPKG_SET_CHARSET_FLAG: "ON"
      VCPKG_TARGET_ARCHITECTURE: "x64"
      VCPKG_TARGET_TRIPLET: "x64-windows"
      Z_VCPKG_ROOT_DIR: "D:/Microsoft Visual Studio/18/Community/VC/vcpkg"
    buildResult:
      variable: "HAVE_STRINGS_H"
      cached: true
      stdout: |
        Change Dir: 'D:/WaterSurfaceRendererScratch/vcpkg_installed/vcpkg/blds/fftw3/x64-windows-dbg/CMakeFiles/CMakeScratch/TryCompile-w51gl6'
        
        Run Build Command(s): "D:/Microsoft Visual Studio/18/Community/Common7/IDE/CommonExtensions/Microsoft/CMake/Ninja/ninja.exe" -v cmTC_a9db1
        [1/2] "D:\\Microsoft Visual Studio\\18\\Community\\VC\\Tools\\MSVC\\14.51.36231\\bin\\Hostx64\\x64\\cl.exe"  /nologo -D_MBCS  /nologo /DWIN32 /D_WINDOWS /utf-8 /MP   /MDd /Z7 /Ob0 /Od /RTC1 /showIncludes /FoCMakeFiles\\cmTC_a9db1.dir\\CheckIncludeFile.c.obj /FdCMakeFiles\\cmTC_a9db1.dir\\ /FS -c D:\\WaterSurfaceRendererScratch\\vcpkg_installed\\vcpkg\\blds\\fftw3\\x64-windows-dbg\\CMakeFiles\\CMakeScratch\\TryCompile-w51gl6\\CheckIncludeFile.c
        FAILED: [code=2] CMakeFiles/cmTC_a9db1.dir/CheckIncludeFile.c.obj 
        "D:\\Microsoft Visual Studio\\18\\Community\\VC\\Tools\\MSVC\\14.51.36231\\bin\\Hostx64\\x64\\cl.exe"  /nologo -D_MBCS  /nologo /DWIN32 /D_WINDOWS /utf-8 /MP   /MDd /Z7 /Ob0 /Od /RTC1 /showIncludes /FoCMakeFiles\\cmTC_a9db1.dir\\CheckIncludeFile.c.obj /FdCMakeFiles\\cmTC_a9db1.dir\\ /FS -c D:\\WaterSurfaceRendererScratch\\vcpkg_installed\\vcpkg\\blds\\fftw3\\x64-windows-dbg\\CMakeFiles\\CMakeScratch\\TryCompile-w51gl6\\CheckIncludeFile.c
        D:\\WaterSurfaceRendererScratch\\vcpkg_installed\\vcpkg\\blds\\fftw3\\x64-windows-dbg\\CMakeFiles\\CMakeScratch\\TryCompile-w51gl6\\CheckIncludeFile.c(1): fatal error C1083: 无法打开包括文件: “strings.h”: No such file or directory
        ninja: build stopped: subcommand failed.
        
      exitCode: 2
  -
    kind: "try_compile-v1"
    backtrace:
      - "D:/Microsoft Visual Studio/18/Community/Common7/IDE/CommonExtensions/Microsoft/CMake/CMake/share/cmake-4.3/Modules/CheckIncludeFile.cmake:174 (try_compile)"
      - "CMakeLists.txt:52 (check_include_file)"
    checks:
      - "Looking for sys/types.h"
    directories:
      source: "D:/WaterSurfaceRendererScratch/vcpkg_installed/vcpkg/blds/fftw3/x64-windows-dbg/CMakeFiles/CMakeScratch/TryCompile-y9d0fv"
      binary: "D:/WaterSurfaceRendererScratch/vcpkg_installed/vcpkg/blds/fftw3/x64-windows-dbg/CMakeFiles/CMakeScratch/TryCompile-y9d0fv"
    cmakeVariables:
      CMAKE_CXX_STDLIB_MODULES_JSON: ""
      CMAKE_C_FLAGS: " /nologo /DWIN32 /D_WINDOWS /utf-8 /MP "
      CMAKE_EXE_LINKER_FLAGS: "/machine:x64"
      CMAKE_MSVC_DEBUG_INFORMATION_FORMAT: ""
      CMAKE_MSVC_RUNTIME_LIBRARY: "MultiThreaded$<$<CONFIG:Debug>:Debug>$<$<STREQUAL:dynamic,dynamic>:DLL>"
      VCPKG_CHAINLOAD_TOOLCHAIN_FILE: "D:/Microsoft Visual Studio/18/Community/VC/vcpkg/scripts/toolchains/windows.cmake"
      VCPKG_CRT_LINKAGE: "dynamic"
      VCPKG_CXX_FLAGS: ""
      VCPKG_CXX_FLAGS_DEBUG: ""
      VCPKG_CXX_FLAGS_RELEASE: ""
      VCPKG_C_FLAGS: ""
      VCPKG_C_FLAGS_DEBUG: ""
      VCPKG_C_FLAGS_RELEASE: ""
      VCPKG_INSTALLED_DIR: "D:/WaterSurfaceRendererScratch/vcpkg_installed"
      VCPKG_LINKER_FLAGS: ""
      VCPKG_LINKER_FLAGS_DEBUG: ""
      VCPKG_LINKER_FLAGS_RELEASE: ""
      VCPKG_PLATFORM_TOOLSET: "v145"
      VCPKG_PREFER_SYSTEM_LIBS: "OFF"
      VCPKG_SET_CHARSET_FLAG: "ON"
      VCPKG_TARGET_ARCHITECTURE: "x64"
      VCPKG_TARGET_TRIPLET: "x64-windows"
      Z_VCPKG_ROOT_DIR: "D:/Microsoft Visual Studio/18/Community/VC/vcpkg"
    buildResult:
      variable: "HAVE_SYS_TYPES_H"
      cached: true
      stdout: |
        Change Dir: 'D:/WaterSurfaceRendererScratch/vcpkg_installed/vcpkg/blds/fftw3/x64-windows-dbg/CMakeFiles/CMakeScratch/TryCompile-y9d0fv'
        
        Run Build Command(s): "D:/Microsoft Visual Studio/18/Community/Common7/IDE/CommonExtensions/Microsoft/CMake/Ninja/ninja.exe" -v cmTC_b0402
        [1/2] "D:\\Microsoft Visual Studio\\18\\Community\\VC\\Tools\\MSVC\\14.51.36231\\bin\\Hostx64\\x64\\cl.exe"  /nologo -D_MBCS  /nologo /DWIN32 /D_WINDOWS /utf-8 /MP   /MDd /Z7 /Ob0 /Od /RTC1 /showIncludes /FoCMakeFiles\\cmTC_b0402.dir\\CheckIncludeFile.c.obj /FdCMakeFiles\\cmTC_b0402.dir\\ /FS -c D:\\WaterSurfaceRendererScratch\\vcpkg_installed\\vcpkg\\blds\\fftw3\\x64-windows-dbg\\CMakeFiles\\CMakeScratch\\TryCompile-y9d0fv\\CheckIncludeFile.c
        [2/2] C:\\windows\\system32\\cmd.exe /C "cd . && "D:\\Microsoft Visual Studio\\18\\Community\\Common7\\IDE\\CommonExtensions\\Microsoft\\CMake\\CMake\\bin\\cmake.exe" -E vs_link_exe --msvc-ver=1951 --intdir=CMakeFiles\\cmTC_b0402.dir --rc=C:\\PROGRA~2\\WI3CF2~1\\10\\bin\\100261~1.0\\x64\\rc.exe --mt=C:\\PROGRA~2\\WI3CF2~1\\10\\bin\\100261~1.0\\x64\\mt.exe --manifests  -- "D:\\Microsoft Visual Studio\\18\\Community\\VC\\Tools\\MSVC\\14.51.36231\\bin\\Hostx64\\x64\\link.exe" /nologo CMakeFiles\\cmTC_b0402.dir\\CheckIncludeFile.c.obj  /out:cmTC_b0402.exe /implib:cmTC_b0402.lib /pdb:cmTC_b0402.pdb /version:0.0 /machine:x64 /nologo /debug /INCREMENTAL /subsystem:console  kernel32.lib user32.lib gdi32.lib winspool.lib shell32.lib ole32.lib oleaut32.lib uuid.lib comdlg32.lib advapi32.lib && cd ."
        
      exitCode: 0
  -
    kind: "try_compile-v1"
    backtrace:
      - "D:/Microsoft Visual Studio/18/Community/Common7/IDE/CommonExtensions/Microsoft/CMake/CMake/share/cmake-4.3/Modules/CheckIncludeFile.cmake:174 (try_compile)"
      - "CMakeLists.txt:53 (check_include_file)"
    checks:
      - "Looking for sys/time.h"
    directories:
      source: "D:/WaterSurfaceRendererScratch/vcpkg_installed/vcpkg/blds/fftw3/x64-windows-dbg/CMakeFiles/CMakeScratch/TryCompile-crn0om"
      binary: "D:/WaterSurfaceRendererScratch/vcpkg_installed/vcpkg/blds/fftw3/x64-windows-dbg/CMakeFiles/CMakeScratch/TryCompile-crn0om"
    cmakeVariables:
      CMAKE_CXX_STDLIB_MODULES_JSON: ""
      CMAKE_C_FLAGS: " /nologo /DWIN32 /D_WINDOWS /utf-8 /MP "
      CMAKE_EXE_LINKER_FLAGS: "/machine:x64"
      CMAKE_MSVC_DEBUG_INFORMATION_FORMAT: ""
      CMAKE_MSVC_RUNTIME_LIBRARY: "MultiThreaded$<$<CONFIG:Debug>:Debug>$<$<STREQUAL:dynamic,dynamic>:DLL>"
      VCPKG_CHAINLOAD_TOOLCHAIN_FILE: "D:/Microsoft Visual Studio/18/Community/VC/vcpkg/scripts/toolchains/windows.cmake"
      VCPKG_CRT_LINKAGE: "dynamic"
      VCPKG_CXX_FLAGS: ""
      VCPKG_CXX_FLAGS_DEBUG: ""
      VCPKG_CXX_FLAGS_RELEASE: ""
      VCPKG_C_FLAGS: ""
      VCPKG_C_FLAGS_DEBUG: ""
      VCPKG_C_FLAGS_RELEASE: ""
      VCPKG_INSTALLED_DIR: "D:/WaterSurfaceRendererScratch/vcpkg_installed"
      VCPKG_LINKER_FLAGS: ""
      VCPKG_LINKER_FLAGS_DEBUG: ""
      VCPKG_LINKER_FLAGS_RELEASE: ""
      VCPKG_PLATFORM_TOOLSET: "v145"
      VCPKG_PREFER_SYSTEM_LIBS: "OFF"
      VCPKG_SET_CHARSET_FLAG: "ON"
      VCPKG_TARGET_ARCHITECTURE: "x64"
      VCPKG_TARGET_TRIPLET: "x64-windows"
      Z_VCPKG_ROOT_DIR: "D:/Microsoft Visual Studio/18/Community/VC/vcpkg"
    buildResult:
      variable: "HAVE_SYS_TIME_H"
      cached: true
      stdout: |
        Change Dir: 'D:/WaterSurfaceRendererScratch/vcpkg_installed/vcpkg/blds/fftw3/x64-windows-dbg/CMakeFiles/CMakeScratch/TryCompile-crn0om'
        
        Run Build Command(s): "D:/Microsoft Visual Studio/18/Community/Common7/IDE/CommonExtensions/Microsoft/CMake/Ninja/ninja.exe" -v cmTC_bf1ec
        [1/2] "D:\\Microsoft Visual Studio\\18\\Community\\VC\\Tools\\MSVC\\14.51.36231\\bin\\Hostx64\\x64\\cl.exe"  /nologo -D_MBCS  /nologo /DWIN32 /D_WINDOWS /utf-8 /MP   /MDd /Z7 /Ob0 /Od /RTC1 /showIncludes /FoCMakeFiles\\cmTC_bf1ec.dir\\CheckIncludeFile.c.obj /FdCMakeFiles\\cmTC_bf1ec.dir\\ /FS -c D:\\WaterSurfaceRendererScratch\\vcpkg_installed\\vcpkg\\blds\\fftw3\\x64-windows-dbg\\CMakeFiles\\CMakeScratch\\TryCompile-crn0om\\CheckIncludeFile.c
        FAILED: [code=2] CMakeFiles/cmTC_bf1ec.dir/CheckIncludeFile.c.obj 
        "D:\\Microsoft Visual Studio\\18\\Community\\VC\\Tools\\MSVC\\14.51.36231\\bin\\Hostx64\\x64\\cl.exe"  /nologo -D_MBCS  /nologo /DWIN32 /D_WINDOWS /utf-8 /MP   /MDd /Z7 /Ob0 /Od /RTC1 /showIncludes /FoCMakeFiles\\cmTC_bf1ec.dir\\CheckIncludeFile.c.obj /FdCMakeFiles\\cmTC_bf1ec.dir\\ /FS -c D:\\WaterSurfaceRendererScratch\\vcpkg_installed\\vcpkg\\blds\\fftw3\\x64-windows-dbg\\CMakeFiles\\CMakeScratch\\TryCompile-crn0om\\CheckIncludeFile.c
        D:\\WaterSurfaceRendererScratch\\vcpkg_installed\\vcpkg\\blds\\fftw3\\x64-windows-dbg\\CMakeFiles\\CMakeScratch\\TryCompile-crn0om\\CheckIncludeFile.c(1): fatal error C1083: 无法打开包括文件: “sys/time.h”: No such file or directory
        ninja: build stopped: subcommand failed.
        
      exitCode: 2
  -
    kind: "try_compile-v1"
    backtrace:
      - "D:/Microsoft Visual Studio/18/Community/Common7/IDE/CommonExtensions/Microsoft/CMake/CMake/share/cmake-4.3/Modules/CheckIncludeFile.cmake:174 (try_compile)"
      - "CMakeLists.txt:54 (check_include_file)"
    checks:
      - "Looking for sys/stat.h"
    directories:
      source: "D:/WaterSurfaceRendererScratch/vcpkg_installed/vcpkg/blds/fftw3/x64-windows-dbg/CMakeFiles/CMakeScratch/TryCompile-q1zrfc"
      binary: "D:/WaterSurfaceRendererScratch/vcpkg_installed/vcpkg/blds/fftw3/x64-windows-dbg/CMakeFiles/CMakeScratch/TryCompile-q1zrfc"
    cmakeVariables:
      CMAKE_CXX_STDLIB_MODULES_JSON: ""
      CMAKE_C_FLAGS: " /nologo /DWIN32 /D_WINDOWS /utf-8 /MP "
      CMAKE_EXE_LINKER_FLAGS: "/machine:x64"
      CMAKE_MSVC_DEBUG_INFORMATION_FORMAT: ""
      CMAKE_MSVC_RUNTIME_LIBRARY: "MultiThreaded$<$<CONFIG:Debug>:Debug>$<$<STREQUAL:dynamic,dynamic>:DLL>"
      VCPKG_CHAINLOAD_TOOLCHAIN_FILE: "D:/Microsoft Visual Studio/18/Community/VC/vcpkg/scripts/toolchains/windows.cmake"
      VCPKG_CRT_LINKAGE: "dynamic"
      VCPKG_CXX_FLAGS: ""
      VCPKG_CXX_FLAGS_DEBUG: ""
      VCPKG_CXX_FLAGS_RELEASE: ""
      VCPKG_C_FLAGS: ""
      VCPKG_C_FLAGS_DEBUG: ""
      VCPKG_C_FLAGS_RELEASE: ""
      VCPKG_INSTALLED_DIR: "D:/WaterSurfaceRendererScratch/vcpkg_installed"
      VCPKG_LINKER_FLAGS: ""
      VCPKG_LINKER_FLAGS_DEBUG: ""
      VCPKG_LINKER_FLAGS_RELEASE: ""
      VCPKG_PLATFORM_TOOLSET: "v145"
      VCPKG_PREFER_SYSTEM_LIBS: "OFF"
      VCPKG_SET_CHARSET_FLAG: "ON"
      VCPKG_TARGET_ARCHITECTURE: "x64"
      VCPKG_TARGET_TRIPLET: "x64-windows"
      Z_VCPKG_ROOT_DIR: "D:/Microsoft Visual Studio/18/Community/VC/vcpkg"
    buildResult:
      variable: "HAVE_SYS_STAT_H"
      cached: true
      stdout: |
        Change Dir: 'D:/WaterSurfaceRendererScratch/vcpkg_installed/vcpkg/blds/fftw3/x64-windows-dbg/CMakeFiles/CMakeScratch/TryCompile-q1zrfc'
        
        Run Build Command(s): "D:/Microsoft Visual Studio/18/Community/Common7/IDE/CommonExtensions/Microsoft/CMake/Ninja/ninja.exe" -v cmTC_322f0
        [1/2] "D:\\Microsoft Visual Studio\\18\\Community\\VC\\Tools\\MSVC\\14.51.36231\\bin\\Hostx64\\x64\\cl.exe"  /nologo -D_MBCS  /nologo /DWIN32 /D_WINDOWS /utf-8 /MP   /MDd /Z7 /Ob0 /Od /RTC1 /showIncludes /FoCMakeFiles\\cmTC_322f0.dir\\CheckIncludeFile.c.obj /FdCMakeFiles\\cmTC_322f0.dir\\ /FS -c D:\\WaterSurfaceRendererScratch\\vcpkg_installed\\vcpkg\\blds\\fftw3\\x64-windows-dbg\\CMakeFiles\\CMakeScratch\\TryCompile-q1zrfc\\CheckIncludeFile.c
        [2/2] C:\\windows\\system32\\cmd.exe /C "cd . && "D:\\Microsoft Visual Studio\\18\\Community\\Common7\\IDE\\CommonExtensions\\Microsoft\\CMake\\CMake\\bin\\cmake.exe" -E vs_link_exe --msvc-ver=1951 --intdir=CMakeFiles\\cmTC_322f0.dir --rc=C:\\PROGRA~2\\WI3CF2~1\\10\\bin\\100261~1.0\\x64\\rc.exe --mt=C:\\PROGRA~2\\WI3CF2~1\\10\\bin\\100261~1.0\\x64\\mt.exe --manifests  -- "D:\\Microsoft Visual Studio\\18\\Community\\VC\\Tools\\MSVC\\14.51.36231\\bin\\Hostx64\\x64\\link.exe" /nologo CMakeFiles\\cmTC_322f0.dir\\CheckIncludeFile.c.obj  /out:cmTC_322f0.exe /implib:cmTC_322f0.lib /pdb:cmTC_322f0.pdb /version:0.0 /machine:x64 /nologo /debug /INCREMENTAL /subsystem:console  kernel32.lib user32.lib gdi32.lib winspool.lib shell32.lib ole32.lib oleaut32.lib uuid.lib comdlg32.lib advapi32.lib && cd ."
        
      exitCode: 0
  -
    kind: "try_compile-v1"
    backtrace:
      - "D:/Microsoft Visual Studio/18/Community/Common7/IDE/CommonExtensions/Microsoft/CMake/CMake/share/cmake-4.3/Modules/CheckIncludeFile.cmake:174 (try_compile)"
      - "CMakeLists.txt:55 (check_include_file)"
    checks:
      - "Looking for sys/sysctl.h"
    directories:
      source: "D:/WaterSurfaceRendererScratch/vcpkg_installed/vcpkg/blds/fftw3/x64-windows-dbg/CMakeFiles/CMakeScratch/TryCompile-6vaymr"
      binary: "D:/WaterSurfaceRendererScratch/vcpkg_installed/vcpkg/blds/fftw3/x64-windows-dbg/CMakeFiles/CMakeScratch/TryCompile-6vaymr"
    cmakeVariables:
      CMAKE_CXX_STDLIB_MODULES_JSON: ""
      CMAKE_C_FLAGS: " /nologo /DWIN32 /D_WINDOWS /utf-8 /MP "
      CMAKE_EXE_LINKER_FLAGS: "/machine:x64"
      CMAKE_MSVC_DEBUG_INFORMATION_FORMAT: ""
      CMAKE_MSVC_RUNTIME_LIBRARY: "MultiThreaded$<$<CONFIG:Debug>:Debug>$<$<STREQUAL:dynamic,dynamic>:DLL>"
      VCPKG_CHAINLOAD_TOOLCHAIN_FILE: "D:/Microsoft Visual Studio/18/Community/VC/vcpkg/scripts/toolchains/windows.cmake"
      VCPKG_CRT_LINKAGE: "dynamic"
      VCPKG_CXX_FLAGS: ""
      VCPKG_CXX_FLAGS_DEBUG: ""
      VCPKG_CXX_FLAGS_RELEASE: ""
      VCPKG_C_FLAGS: ""
      VCPKG_C_FLAGS_DEBUG: ""
      VCPKG_C_FLAGS_RELEASE: ""
      VCPKG_INSTALLED_DIR: "D:/WaterSurfaceRendererScratch/vcpkg_installed"
      VCPKG_LINKER_FLAGS: ""
      VCPKG_LINKER_FLAGS_DEBUG: ""
      VCPKG_LINKER_FLAGS_RELEASE: ""
      VCPKG_PLATFORM_TOOLSET: "v145"
      VCPKG_PREFER_SYSTEM_LIBS: "OFF"
      VCPKG_SET_CHARSET_FLAG: "ON"
      VCPKG_TARGET_ARCHITECTURE: "x64"
      VCPKG_TARGET_TRIPLET: "x64-windows"
      Z_VCPKG_ROOT_DIR: "D:/Microsoft Visual Studio/18/Community/VC/vcpkg"
    buildResult:
      variable: "HAVE_SYS_SYSCTL_H"
      cached: true
      stdout: |
        Change Dir: 'D:/WaterSurfaceRendererScratch/vcpkg_installed/vcpkg/blds/fftw3/x64-windows-dbg/CMakeFiles/CMakeScratch/TryCompile-6vaymr'
        
        Run Build Command(s): "D:/Microsoft Visual Studio/18/Community/Common7/IDE/CommonExtensions/Microsoft/CMake/Ninja/ninja.exe" -v cmTC_4af72
        [1/2] "D:\\Microsoft Visual Studio\\18\\Community\\VC\\Tools\\MSVC\\14.51.36231\\bin\\Hostx64\\x64\\cl.exe"  /nologo -D_MBCS  /nologo /DWIN32 /D_WINDOWS /utf-8 /MP   /MDd /Z7 /Ob0 /Od /RTC1 /showIncludes /FoCMakeFiles\\cmTC_4af72.dir\\CheckIncludeFile.c.obj /FdCMakeFiles\\cmTC_4af72.dir\\ /FS -c D:\\WaterSurfaceRendererScratch\\vcpkg_installed\\vcpkg\\blds\\fftw3\\x64-windows-dbg\\CMakeFiles\\CMakeScratch\\TryCompile-6vaymr\\CheckIncludeFile.c
        FAILED: [code=2] CMakeFiles/cmTC_4af72.dir/CheckIncludeFile.c.obj 
        "D:\\Microsoft Visual Studio\\18\\Community\\VC\\Tools\\MSVC\\14.51.36231\\bin\\Hostx64\\x64\\cl.exe"  /nologo -D_MBCS  /nologo /DWIN32 /D_WINDOWS /utf-8 /MP   /MDd /Z7 /Ob0 /Od /RTC1 /showIncludes /FoCMakeFiles\\cmTC_4af72.dir\\CheckIncludeFile.c.obj /FdCMakeFiles\\cmTC_4af72.dir\\ /FS -c D:\\WaterSurfaceRendererScratch\\vcpkg_installed\\vcpkg\\blds\\fftw3\\x64-windows-dbg\\CMakeFiles\\CMakeScratch\\TryCompile-6vaymr\\CheckIncludeFile.c
        D:\\WaterSurfaceRendererScratch\\vcpkg_installed\\vcpkg\\blds\\fftw3\\x64-windows-dbg\\CMakeFiles\\CMakeScratch\\TryCompile-6vaymr\\CheckIncludeFile.c(1): fatal error C1083: 无法打开包括文件: “sys/sysctl.h”: No such file or directory
        ninja: build stopped: subcommand failed.
        
      exitCode: 2
  -
    kind: "try_compile-v1"
    backtrace:
      - "D:/Microsoft Visual Studio/18/Community/Common7/IDE/CommonExtensions/Microsoft/CMake/CMake/share/cmake-4.3/Modules/CheckIncludeFile.cmake:174 (try_compile)"
      - "CMakeLists.txt:56 (check_include_file)"
    checks:
      - "Looking for time.h"
    directories:
      source: "D:/WaterSurfaceRendererScratch/vcpkg_installed/vcpkg/blds/fftw3/x64-windows-dbg/CMakeFiles/CMakeScratch/TryCompile-vznb6q"
      binary: "D:/WaterSurfaceRendererScratch/vcpkg_installed/vcpkg/blds/fftw3/x64-windows-dbg/CMakeFiles/CMakeScratch/TryCompile-vznb6q"
    cmakeVariables:
      CMAKE_CXX_STDLIB_MODULES_JSON: ""
      CMAKE_C_FLAGS: " /nologo /DWIN32 /D_WINDOWS /utf-8 /MP "
      CMAKE_EXE_LINKER_FLAGS: "/machine:x64"
      CMAKE_MSVC_DEBUG_INFORMATION_FORMAT: ""
      CMAKE_MSVC_RUNTIME_LIBRARY: "MultiThreaded$<$<CONFIG:Debug>:Debug>$<$<STREQUAL:dynamic,dynamic>:DLL>"
      VCPKG_CHAINLOAD_TOOLCHAIN_FILE: "D:/Microsoft Visual Studio/18/Community/VC/vcpkg/scripts/toolchains/windows.cmake"
      VCPKG_CRT_LINKAGE: "dynamic"
      VCPKG_CXX_FLAGS: ""
      VCPKG_CXX_FLAGS_DEBUG: ""
      VCPKG_CXX_FLAGS_RELEASE: ""
      VCPKG_C_FLAGS: ""
      VCPKG_C_FLAGS_DEBUG: ""
      VCPKG_C_FLAGS_RELEASE: ""
      VCPKG_INSTALLED_DIR: "D:/WaterSurfaceRendererScratch/vcpkg_installed"
      VCPKG_LINKER_FLAGS: ""
      VCPKG_LINKER_FLAGS_DEBUG: ""
      VCPKG_LINKER_FLAGS_RELEASE: ""
      VCPKG_PLATFORM_TOOLSET: "v145"
      VCPKG_PREFER_SYSTEM_LIBS: "OFF"
      VCPKG_SET_CHARSET_FLAG: "ON"
      VCPKG_TARGET_ARCHITECTURE: "x64"
      VCPKG_TARGET_TRIPLET: "x64-windows"
      Z_VCPKG_ROOT_DIR: "D:/Microsoft Visual Studio/18/Community/VC/vcpkg"
    buildResult:
      variable: "HAVE_TIME_H"
      cached: true
      stdout: |
        Change Dir: 'D:/WaterSurfaceRendererScratch/vcpkg_installed/vcpkg/blds/fftw3/x64-windows-dbg/CMakeFiles/CMakeScratch/TryCompile-vznb6q'
        
        Run Build Command(s): "D:/Microsoft Visual Studio/18/Community/Common7/IDE/CommonExtensions/Microsoft/CMake/Ninja/ninja.exe" -v cmTC_b8037
        [1/2] "D:\\Microsoft Visual Studio\\18\\Community\\VC\\Tools\\MSVC\\14.51.36231\\bin\\Hostx64\\x64\\cl.exe"  /nologo -D_MBCS  /nologo /DWIN32 /D_WINDOWS /utf-8 /MP   /MDd /Z7 /Ob0 /Od /RTC1 /showIncludes /FoCMakeFiles\\cmTC_b8037.dir\\CheckIncludeFile.c.obj /FdCMakeFiles\\cmTC_b8037.dir\\ /FS -c D:\\WaterSurfaceRendererScratch\\vcpkg_installed\\vcpkg\\blds\\fftw3\\x64-windows-dbg\\CMakeFiles\\CMakeScratch\\TryCompile-vznb6q\\CheckIncludeFile.c
        [2/2] C:\\windows\\system32\\cmd.exe /C "cd . && "D:\\Microsoft Visual Studio\\18\\Community\\Common7\\IDE\\CommonExtensions\\Microsoft\\CMake\\CMake\\bin\\cmake.exe" -E vs_link_exe --msvc-ver=1951 --intdir=CMakeFiles\\cmTC_b8037.dir --rc=C:\\PROGRA~2\\WI3CF2~1\\10\\bin\\100261~1.0\\x64\\rc.exe --mt=C:\\PROGRA~2\\WI3CF2~1\\10\\bin\\100261~1.0\\x64\\mt.exe --manifests  -- "D:\\Microsoft Visual Studio\\18\\Community\\VC\\Tools\\MSVC\\14.51.36231\\bin\\Hostx64\\x64\\link.exe" /nologo CMakeFiles\\cmTC_b8037.dir\\CheckIncludeFile.c.obj  /out:cmTC_b8037.exe /implib:cmTC_b8037.lib /pdb:cmTC_b8037.pdb /version:0.0 /machine:x64 /nologo /debug /INCREMENTAL /subsystem:console  kernel32.lib user32.lib gdi32.lib winspool.lib shell32.lib ole32.lib oleaut32.lib uuid.lib comdlg32.lib advapi32.lib && cd ."
        
      exitCode: 0
  -
    kind: "try_compile-v1"
    backtrace:
      - "D:/Microsoft Visual Studio/18/Community/Common7/IDE/CommonExtensions/Microsoft/CMake/CMake/share/cmake-4.3/Modules/CheckIncludeFile.cmake:174 (try_compile)"
      - "CMakeLists.txt:57 (check_include_file)"
    checks:
      - "Looking for uintptr.h"
    directories:
      source: "D:/WaterSurfaceRendererScratch/vcpkg_installed/vcpkg/blds/fftw3/x64-windows-dbg/CMakeFiles/CMakeScratch/TryCompile-h8zfrh"
      binary: "D:/WaterSurfaceRendererScratch/vcpkg_installed/vcpkg/blds/fftw3/x64-windows-dbg/CMakeFiles/CMakeScratch/TryCompile-h8zfrh"
    cmakeVariables:
      CMAKE_CXX_STDLIB_MODULES_JSON: ""
      CMAKE_C_FLAGS: " /nologo /DWIN32 /D_WINDOWS /utf-8 /MP "
      CMAKE_EXE_LINKER_FLAGS: "/machine:x64"
      CMAKE_MSVC_DEBUG_INFORMATION_FORMAT: ""
      CMAKE_MSVC_RUNTIME_LIBRARY: "MultiThreaded$<$<CONFIG:Debug>:Debug>$<$<STREQUAL:dynamic,dynamic>:DLL>"
      VCPKG_CHAINLOAD_TOOLCHAIN_FILE: "D:/Microsoft Visual Studio/18/Community/VC/vcpkg/scripts/toolchains/windows.cmake"
      VCPKG_CRT_LINKAGE: "dynamic"
      VCPKG_CXX_FLAGS: ""
      VCPKG_CXX_FLAGS_DEBUG: ""
      VCPKG_CXX_FLAGS_RELEASE: ""
      VCPKG_C_FLAGS: ""
      VCPKG_C_FLAGS_DEBUG: ""
      VCPKG_C_FLAGS_RELEASE: ""
      VCPKG_INSTALLED_DIR: "D:/WaterSurfaceRendererScratch/vcpkg_installed"
      VCPKG_LINKER_FLAGS: ""
      VCPKG_LINKER_FLAGS_DEBUG: ""
      VCPKG_LINKER_FLAGS_RELEASE: ""
      VCPKG_PLATFORM_TOOLSET: "v145"
      VCPKG_PREFER_SYSTEM_LIBS: "OFF"
      VCPKG_SET_CHARSET_FLAG: "ON"
      VCPKG_TARGET_ARCHITECTURE: "x64"
      VCPKG_TARGET_TRIPLET: "x64-windows"
      Z_VCPKG_ROOT_DIR: "D:/Microsoft Visual Studio/18/Community/VC/vcpkg"
    buildResult:
      variable: "HAVE_UINTPTR_H"
      cached: true
      stdout: |
        Change Dir: 'D:/WaterSurfaceRendererScratch/vcpkg_installed/vcpkg/blds/fftw3/x64-windows-dbg/CMakeFiles/CMakeScratch/TryCompile-h8zfrh'
        
        Run Build Command(s): "D:/Microsoft Visual Studio/18/Community/Common7/IDE/CommonExtensions/Microsoft/CMake/Ninja/ninja.exe" -v cmTC_da80b
        [1/2] "D:\\Microsoft Visual Studio\\18\\Community\\VC\\Tools\\MSVC\\14.51.36231\\bin\\Hostx64\\x64\\cl.exe"  /nologo -D_MBCS  /nologo /DWIN32 /D_WINDOWS /utf-8 /MP   /MDd /Z7 /Ob0 /Od /RTC1 /showIncludes /FoCMakeFiles\\cmTC_da80b.dir\\CheckIncludeFile.c.obj /FdCMakeFiles\\cmTC_da80b.dir\\ /FS -c D:\\WaterSurfaceRendererScratch\\vcpkg_installed\\vcpkg\\blds\\fftw3\\x64-windows-dbg\\CMakeFiles\\CMakeScratch\\TryCompile-h8zfrh\\CheckIncludeFile.c
        FAILED: [code=2] CMakeFiles/cmTC_da80b.dir/CheckIncludeFile.c.obj 
        "D:\\Microsoft Visual Studio\\18\\Community\\VC\\Tools\\MSVC\\14.51.36231\\bin\\Hostx64\\x64\\cl.exe"  /nologo -D_MBCS  /nologo /DWIN32 /D_WINDOWS /utf-8 /MP   /MDd /Z7 /Ob0 /Od /RTC1 /showIncludes /FoCMakeFiles\\cmTC_da80b.dir\\CheckIncludeFile.c.obj /FdCMakeFiles\\cmTC_da80b.dir\\ /FS -c D:\\WaterSurfaceRendererScratch\\vcpkg_installed\\vcpkg\\blds\\fftw3\\x64-windows-dbg\\CMakeFiles\\CMakeScratch\\TryCompile-h8zfrh\\CheckIncludeFile.c
        D:\\WaterSurfaceRendererScratch\\vcpkg_installed\\vcpkg\\blds\\fftw3\\x64-windows-dbg\\CMakeFiles\\CMakeScratch\\TryCompile-h8zfrh\\CheckIncludeFile.c(1): fatal error C1083: 无法打开包括文件: “uintptr.h”: No such file or directory
        ninja: build stopped: subcommand failed.
        
      exitCode: 2
  -
    kind: "try_compile-v1"
    backtrace:
      - "D:/Microsoft Visual Studio/18/Community/Common7/IDE/CommonExtensions/Microsoft/CMake/CMake/share/cmake-4.3/Modules/CheckIncludeFile.cmake:174 (try_compile)"
      - "CMakeLists.txt:58 (check_include_file)"
    checks:
      - "Looking for unistd.h"
    directories:
      source: "D:/WaterSurfaceRendererScratch/vcpkg_installed/vcpkg/blds/fftw3/x64-windows-dbg/CMakeFiles/CMakeScratch/TryCompile-bkqt24"
      binary: "D:/WaterSurfaceRendererScratch/vcpkg_installed/vcpkg/blds/fftw3/x64-windows-dbg/CMakeFiles/CMakeScratch/TryCompile-bkqt24"
    cmakeVariables:
      CMAKE_CXX_STDLIB_MODULES_JSON: ""
      CMAKE_C_FLAGS: " /nologo /DWIN32 /D_WINDOWS /utf-8 /MP "
      CMAKE_EXE_LINKER_FLAGS: "/machine:x64"
      CMAKE_MSVC_DEBUG_INFORMATION_FORMAT: ""
      CMAKE_MSVC_RUNTIME_LIBRARY: "MultiThreaded$<$<CONFIG:Debug>:Debug>$<$<STREQUAL:dynamic,dynamic>:DLL>"
      VCPKG_CHAINLOAD_TOOLCHAIN_FILE: "D:/Microsoft Visual Studio/18/Community/VC/vcpkg/scripts/toolchains/windows.cmake"
      VCPKG_CRT_LINKAGE: "dynamic"
      VCPKG_CXX_FLAGS: ""
      VCPKG_CXX_FLAGS_DEBUG: ""
      VCPKG_CXX_FLAGS_RELEASE: ""
      VCPKG_C_FLAGS: ""
      VCPKG_C_FLAGS_DEBUG: ""
      VCPKG_C_FLAGS_RELEASE: ""
      VCPKG_INSTALLED_DIR: "D:/WaterSurfaceRendererScratch/vcpkg_installed"
      VCPKG_LINKER_FLAGS: ""
      VCPKG_LINKER_FLAGS_DEBUG: ""
      VCPKG_LINKER_FLAGS_RELEASE: ""
      VCPKG_PLATFORM_TOOLSET: "v145"
      VCPKG_PREFER_SYSTEM_LIBS: "OFF"
      VCPKG_SET_CHARSET_FLAG: "ON"
      VCPKG_TARGET_ARCHITECTURE: "x64"
      VCPKG_TARGET_TRIPLET: "x64-windows"
      Z_VCPKG_ROOT_DIR: "D:/Microsoft Visual Studio/18/Community/VC/vcpkg"
    buildResult:
      variable: "HAVE_UNISTD_H"
      cached: true
      stdout: |
        Change Dir: 'D:/WaterSurfaceRendererScratch/vcpkg_installed/vcpkg/blds/fftw3/x64-windows-dbg/CMakeFiles/CMakeScratch/TryCompile-bkqt24'
        
        Run Build Command(s): "D:/Microsoft Visual Studio/18/Community/Common7/IDE/CommonExtensions/Microsoft/CMake/Ninja/ninja.exe" -v cmTC_93b6e
        [1/2] "D:\\Microsoft Visual Studio\\18\\Community\\VC\\Tools\\MSVC\\14.51.36231\\bin\\Hostx64\\x64\\cl.exe"  /nologo -D_MBCS  /nologo /DWIN32 /D_WINDOWS /utf-8 /MP   /MDd /Z7 /Ob0 /Od /RTC1 /showIncludes /FoCMakeFiles\\cmTC_93b6e.dir\\CheckIncludeFile.c.obj /FdCMakeFiles\\cmTC_93b6e.dir\\ /FS -c D:\\WaterSurfaceRendererScratch\\vcpkg_installed\\vcpkg\\blds\\fftw3\\x64-windows-dbg\\CMakeFiles\\CMakeScratch\\TryCompile-bkqt24\\CheckIncludeFile.c
        FAILED: [code=2] CMakeFiles/cmTC_93b6e.dir/CheckIncludeFile.c.obj 
        "D:\\Microsoft Visual Studio\\18\\Community\\VC\\Tools\\MSVC\\14.51.36231\\bin\\Hostx64\\x64\\cl.exe"  /nologo -D_MBCS  /nologo /DWIN32 /D_WINDOWS /utf-8 /MP   /MDd /Z7 /Ob0 /Od /RTC1 /showIncludes /FoCMakeFiles\\cmTC_93b6e.dir\\CheckIncludeFile.c.obj /FdCMakeFiles\\cmTC_93b6e.dir\\ /FS -c D:\\WaterSurfaceRendererScratch\\vcpkg_installed\\vcpkg\\blds\\fftw3\\x64-windows-dbg\\CMakeFiles\\CMakeScratch\\TryCompile-bkqt24\\CheckIncludeFile.c
        D:\\WaterSurfaceRendererScratch\\vcpkg_installed\\vcpkg\\blds\\fftw3\\x64-windows-dbg\\CMakeFiles\\CMakeScratch\\TryCompile-bkqt24\\CheckIncludeFile.c(1): fatal error C1083: 无法打开包括文件: “unistd.h”: No such file or directory
        ninja: build stopped: subcommand failed.
        
      exitCode: 2
  -
    kind: "try_compile-v1"
    backtrace:
      - "D:/Microsoft Visual Studio/18/Community/Common7/IDE/CommonExtensions/Microsoft/CMake/CMake/share/cmake-4.3/Modules/CheckPrototypeDefinition.cmake:145 (try_compile)"
      - "CMakeLists.txt:64 (check_prototype_definition)"
    checks:
      - "Checking prototype drand48 for HAVE_DECL_DRAND48"
    directories:
      source: "D:/WaterSurfaceRendererScratch/vcpkg_installed/vcpkg/blds/fftw3/x64-windows-dbg/CMakeFiles/CMakeScratch/TryCompile-ql5sdh"
      binary: "D:/WaterSurfaceRendererScratch/vcpkg_installed/vcpkg/blds/fftw3/x64-windows-dbg/CMakeFiles/CMakeScratch/TryCompile-ql5sdh"
    cmakeVariables:
      CMAKE_CXX_STDLIB_MODULES_JSON: ""
      CMAKE_C_FLAGS: " /nologo /DWIN32 /D_WINDOWS /utf-8 /MP "
      CMAKE_EXE_LINKER_FLAGS: "/machine:x64"
      CMAKE_MSVC_DEBUG_INFORMATION_FORMAT: ""
      CMAKE_MSVC_RUNTIME_LIBRARY: "MultiThreaded$<$<CONFIG:Debug>:Debug>$<$<STREQUAL:dynamic,dynamic>:DLL>"
      VCPKG_CHAINLOAD_TOOLCHAIN_FILE: "D:/Microsoft Visual Studio/18/Community/VC/vcpkg/scripts/toolchains/windows.cmake"
      VCPKG_CRT_LINKAGE: "dynamic"
      VCPKG_CXX_FLAGS: ""
      VCPKG_CXX_FLAGS_DEBUG: ""
      VCPKG_CXX_FLAGS_RELEASE: ""
      VCPKG_C_FLAGS: ""
      VCPKG_C_FLAGS_DEBUG: ""
      VCPKG_C_FLAGS_RELEASE: ""
      VCPKG_INSTALLED_DIR: "D:/WaterSurfaceRendererScratch/vcpkg_installed"
      VCPKG_LINKER_FLAGS: ""
      VCPKG_LINKER_FLAGS_DEBUG: ""
      VCPKG_LINKER_FLAGS_RELEASE: ""
      VCPKG_PLATFORM_TOOLSET: "v145"
      VCPKG_PREFER_SYSTEM_LIBS: "OFF"
      VCPKG_SET_CHARSET_FLAG: "ON"
      VCPKG_TARGET_ARCHITECTURE: "x64"
      VCPKG_TARGET_TRIPLET: "x64-windows"
      Z_VCPKG_ROOT_DIR: "D:/Microsoft Visual Studio/18/Community/VC/vcpkg"
    buildResult:
      variable: "HAVE_DECL_DRAND48"
      cached: true
      stdout: |
        Change Dir: 'D:/WaterSurfaceRendererScratch/vcpkg_installed/vcpkg/blds/fftw3/x64-windows-dbg/CMakeFiles/CMakeScratch/TryCompile-ql5sdh'
        
        Run Build Command(s): "D:/Microsoft Visual Studio/18/Community/Common7/IDE/CommonExtensions/Microsoft/CMake/Ninja/ninja.exe" -v cmTC_7c3f9
        [1/2] "D:\\Microsoft Visual Studio\\18\\Community\\VC\\Tools\\MSVC\\14.51.36231\\bin\\Hostx64\\x64\\cl.exe"  /nologo -D_MBCS  /nologo /DWIN32 /D_WINDOWS /utf-8 /MP   /MDd /Z7 /Ob0 /Od /RTC1 /showIncludes /FoCMakeFiles\\cmTC_7c3f9.dir\\CheckPrototypeDefinition.c.obj /FdCMakeFiles\\cmTC_7c3f9.dir\\ /FS -c D:\\WaterSurfaceRendererScratch\\vcpkg_installed\\vcpkg\\blds\\fftw3\\x64-windows-dbg\\CMakeFiles\\CMakeScratch\\TryCompile-ql5sdh\\CheckPrototypeDefinition.c
        FAILED: [code=2] CMakeFiles/cmTC_7c3f9.dir/CheckPrototypeDefinition.c.obj 
        "D:\\Microsoft Visual Studio\\18\\Community\\VC\\Tools\\MSVC\\14.51.36231\\bin\\Hostx64\\x64\\cl.exe"  /nologo -D_MBCS  /nologo /DWIN32 /D_WINDOWS /utf-8 /MP   /MDd /Z7 /Ob0 /Od /RTC1 /showIncludes /FoCMakeFiles\\cmTC_7c3f9.dir\\CheckPrototypeDefinition.c.obj /FdCMakeFiles\\cmTC_7c3f9.dir\\ /FS -c D:\\WaterSurfaceRendererScratch\\vcpkg_installed\\vcpkg\\blds\\fftw3\\x64-windows-dbg\\CMakeFiles\\CMakeScratch\\TryCompile-ql5sdh\\CheckPrototypeDefinition.c
        D:\\WaterSurfaceRendererScratch\\vcpkg_installed\\vcpkg\\blds\\fftw3\\x64-windows-dbg\\CMakeFiles\\CMakeScratch\\TryCompile-ql5sdh\\CheckPrototypeDefinition.c(10): error C2065: “drand48”: 未声明的标识符
        ninja: build stopped: subcommand failed.
        
      exitCode: 2
  -
    kind: "try_compile-v1"
    backtrace:
      - "D:/Microsoft Visual Studio/18/Community/Common7/IDE/CommonExtensions/Microsoft/CMake/CMake/share/cmake-4.3/Modules/CheckPrototypeDefinition.cmake:145 (try_compile)"
      - "CMakeLists.txt:65 (check_prototype_definition)"
    checks:
      - "Checking prototype srand48 for HAVE_DECL_SRAND48"
    directories:
      source: "D:/WaterSurfaceRendererScratch/vcpkg_installed/vcpkg/blds/fftw3/x64-windows-dbg/CMakeFiles/CMakeScratch/TryCompile-dnah3b"
      binary: "D:/WaterSurfaceRendererScratch/vcpkg_installed/vcpkg/blds/fftw3/x64-windows-dbg/CMakeFiles/CMakeScratch/TryCompile-dnah3b"
    cmakeVariables:
      CMAKE_CXX_STDLIB_MODULES_JSON: ""
      CMAKE_C_FLAGS: " /nologo /DWIN32 /D_WINDOWS /utf-8 /MP "
      CMAKE_EXE_LINKER_FLAGS: "/machine:x64"
      CMAKE_MSVC_DEBUG_INFORMATION_FORMAT: ""
      CMAKE_MSVC_RUNTIME_LIBRARY: "MultiThreaded$<$<CONFIG:Debug>:Debug>$<$<STREQUAL:dynamic,dynamic>:DLL>"
      VCPKG_CHAINLOAD_TOOLCHAIN_FILE: "D:/Microsoft Visual Studio/18/Community/VC/vcpkg/scripts/toolchains/windows.cmake"
      VCPKG_CRT_LINKAGE: "dynamic"
      VCPKG_CXX_FLAGS: ""
      VCPKG_CXX_FLAGS_DEBUG: ""
      VCPKG_CXX_FLAGS_RELEASE: ""
      VCPKG_C_FLAGS: ""
      VCPKG_C_FLAGS_DEBUG: ""
      VCPKG_C_FLAGS_RELEASE: ""
      VCPKG_INSTALLED_DIR: "D:/WaterSurfaceRendererScratch/vcpkg_installed"
      VCPKG_LINKER_FLAGS: ""
      VCPKG_LINKER_FLAGS_DEBUG: ""
      VCPKG_LINKER_FLAGS_RELEASE: ""
      VCPKG_PLATFORM_TOOLSET: "v145"
      VCPKG_PREFER_SYSTEM_LIBS: "OFF"
      VCPKG_SET_CHARSET_FLAG: "ON"
      VCPKG_TARGET_ARCHITECTURE: "x64"
      VCPKG_TARGET_TRIPLET: "x64-windows"
      Z_VCPKG_ROOT_DIR: "D:/Microsoft Visual Studio/18/Community/VC/vcpkg"
    buildResult:
      variable: "HAVE_DECL_SRAND48"
      cached: true
      stdout: |
        Change Dir: 'D:/WaterSurfaceRendererScratch/vcpkg_installed/vcpkg/blds/fftw3/x64-windows-dbg/CMakeFiles/CMakeScratch/TryCompile-dnah3b'
        
        Run Build Command(s): "D:/Microsoft Visual Studio/18/Community/Common7/IDE/CommonExtensions/Microsoft/CMake/Ninja/ninja.exe" -v cmTC_e86ce
        [1/2] "D:\\Microsoft Visual Studio\\18\\Community\\VC\\Tools\\MSVC\\14.51.36231\\bin\\Hostx64\\x64\\cl.exe"  /nologo -D_MBCS  /nologo /DWIN32 /D_WINDOWS /utf-8 /MP   /MDd /Z7 /Ob0 /Od /RTC1 /showIncludes /FoCMakeFiles\\cmTC_e86ce.dir\\CheckPrototypeDefinition.c.obj /FdCMakeFiles\\cmTC_e86ce.dir\\ /FS -c D:\\WaterSurfaceRendererScratch\\vcpkg_installed\\vcpkg\\blds\\fftw3\\x64-windows-dbg\\CMakeFiles\\CMakeScratch\\TryCompile-dnah3b\\CheckPrototypeDefinition.c
        FAILED: [code=2] CMakeFiles/cmTC_e86ce.dir/CheckPrototypeDefinition.c.obj 
        "D:\\Microsoft Visual Studio\\18\\Community\\VC\\Tools\\MSVC\\14.51.36231\\bin\\Hostx64\\x64\\cl.exe"  /nologo -D_MBCS  /nologo /DWIN32 /D_WINDOWS /utf-8 /MP   /MDd /Z7 /Ob0 /Od /RTC1 /showIncludes /FoCMakeFiles\\cmTC_e86ce.dir\\CheckPrototypeDefinition.c.obj /FdCMakeFiles\\cmTC_e86ce.dir\\ /FS -c D:\\WaterSurfaceRendererScratch\\vcpkg_installed\\vcpkg\\blds\\fftw3\\x64-windows-dbg\\CMakeFiles\\CMakeScratch\\TryCompile-dnah3b\\CheckPrototypeDefinition.c
        D:\\WaterSurfaceRendererScratch\\vcpkg_installed\\vcpkg\\blds\\fftw3\\x64-windows-dbg\\CMakeFiles\\CMakeScratch\\TryCompile-dnah3b\\CheckPrototypeDefinition.c(10): error C2065: “srand48”: 未声明的标识符
        D:\\WaterSurfaceRendererScratch\\vcpkg_installed\\vcpkg\\blds\\fftw3\\x64-windows-dbg\\CMakeFiles\\CMakeScratch\\TryCompile-dnah3b\\CheckPrototypeDefinition.c(15): warning C4098: “srand48”:“void”函数返回值
        ninja: build stopped: subcommand failed.
        
      exitCode: 2
  -
    kind: "try_compile-v1"
    backtrace:
      - "D:/Microsoft Visual Studio/18/Community/Common7/IDE/CommonExtensions/Microsoft/CMake/CMake/share/cmake-4.3/Modules/CheckPrototypeDefinition.cmake:145 (try_compile)"
      - "CMakeLists.txt:66 (check_prototype_definition)"
    checks:
      - "Checking prototype cosl for HAVE_DECL_COSL"
    directories:
      source: "D:/WaterSurfaceRendererScratch/vcpkg_installed/vcpkg/blds/fftw3/x64-windows-dbg/CMakeFiles/CMakeScratch/TryCompile-my8bgt"
      binary: "D:/WaterSurfaceRendererScratch/vcpkg_installed/vcpkg/blds/fftw3/x64-windows-dbg/CMakeFiles/CMakeScratch/TryCompile-my8bgt"
    cmakeVariables:
      CMAKE_CXX_STDLIB_MODULES_JSON: ""
      CMAKE_C_FLAGS: " /nologo /DWIN32 /D_WINDOWS /utf-8 /MP "
      CMAKE_EXE_LINKER_FLAGS: "/machine:x64"
      CMAKE_MSVC_DEBUG_INFORMATION_FORMAT: ""
      CMAKE_MSVC_RUNTIME_LIBRARY: "MultiThreaded$<$<CONFIG:Debug>:Debug>$<$<STREQUAL:dynamic,dynamic>:DLL>"
      VCPKG_CHAINLOAD_TOOLCHAIN_FILE: "D:/Microsoft Visual Studio/18/Community/VC/vcpkg/scripts/toolchains/windows.cmake"
      VCPKG_CRT_LINKAGE: "dynamic"
      VCPKG_CXX_FLAGS: ""
      VCPKG_CXX_FLAGS_DEBUG: ""
      VCPKG_CXX_FLAGS_RELEASE: ""
      VCPKG_C_FLAGS: ""
      VCPKG_C_FLAGS_DEBUG: ""
      VCPKG_C_FLAGS_RELEASE: ""
      VCPKG_INSTALLED_DIR: "D:/WaterSurfaceRendererScratch/vcpkg_installed"
      VCPKG_LINKER_FLAGS: ""
      VCPKG_LINKER_FLAGS_DEBUG: ""
      VCPKG_LINKER_FLAGS_RELEASE: ""
      VCPKG_PLATFORM_TOOLSET: "v145"
      VCPKG_PREFER_SYSTEM_LIBS: "OFF"
      VCPKG_SET_CHARSET_FLAG: "ON"
      VCPKG_TARGET_ARCHITECTURE: "x64"
      VCPKG_TARGET_TRIPLET: "x64-windows"
      Z_VCPKG_ROOT_DIR: "D:/Microsoft Visual Studio/18/Community/VC/vcpkg"
    buildResult:
      variable: "HAVE_DECL_COSL"
      cached: true
      stdout: |
        Change Dir: 'D:/WaterSurfaceRendererScratch/vcpkg_installed/vcpkg/blds/fftw3/x64-windows-dbg/CMakeFiles/CMakeScratch/TryCompile-my8bgt'
        
        Run Build Command(s): "D:/Microsoft Visual Studio/18/Community/Common7/IDE/CommonExtensions/Microsoft/CMake/Ninja/ninja.exe" -v cmTC_9fe3d
        [1/2] "D:\\Microsoft Visual Studio\\18\\Community\\VC\\Tools\\MSVC\\14.51.36231\\bin\\Hostx64\\x64\\cl.exe"  /nologo -D_MBCS  /nologo /DWIN32 /D_WINDOWS /utf-8 /MP   /MDd /Z7 /Ob0 /Od /RTC1 /showIncludes /FoCMakeFiles\\cmTC_9fe3d.dir\\CheckPrototypeDefinition.c.obj /FdCMakeFiles\\cmTC_9fe3d.dir\\ /FS -c D:\\WaterSurfaceRendererScratch\\vcpkg_installed\\vcpkg\\blds\\fftw3\\x64-windows-dbg\\CMakeFiles\\CMakeScratch\\TryCompile-my8bgt\\CheckPrototypeDefinition.c
        FAILED: [code=2] CMakeFiles/cmTC_9fe3d.dir/CheckPrototypeDefinition.c.obj 
        "D:\\Microsoft Visual Studio\\18\\Community\\VC\\Tools\\MSVC\\14.51.36231\\bin\\Hostx64\\x64\\cl.exe"  /nologo -D_MBCS  /nologo /DWIN32 /D_WINDOWS /utf-8 /MP   /MDd /Z7 /Ob0 /Od /RTC1 /showIncludes /FoCMakeFiles\\cmTC_9fe3d.dir\\CheckPrototypeDefinition.c.obj /FdCMakeFiles\\cmTC_9fe3d.dir\\ /FS -c D:\\WaterSurfaceRendererScratch\\vcpkg_installed\\vcpkg\\blds\\fftw3\\x64-windows-dbg\\CMakeFiles\\CMakeScratch\\TryCompile-my8bgt\\CheckPrototypeDefinition.c
        D:\\WaterSurfaceRendererScratch\\vcpkg_installed\\vcpkg\\blds\\fftw3\\x64-windows-dbg\\CMakeFiles\\CMakeScratch\\TryCompile-my8bgt\\CheckPrototypeDefinition.c(14): error C2084: 函数“long double cosl(long double)”已有主体
        C:\\Program Files (x86)\\Windows Kits\\10\\include\\10.0.26100.0\\ucrt\\corecrt_math.h(864): note: 参见“cosl”的前一个定义
        ninja: build stopped: subcommand failed.
        
      exitCode: 2
  -
    kind: "try_compile-v1"
    backtrace:
      - "D:/Microsoft Visual Studio/18/Community/Common7/IDE/CommonExtensions/Microsoft/CMake/CMake/share/cmake-4.3/Modules/CheckPrototypeDefinition.cmake:145 (try_compile)"
      - "CMakeLists.txt:67 (check_prototype_definition)"
    checks:
      - "Checking prototype sinl for HAVE_DECL_SINL"
    directories:
      source: "D:/WaterSurfaceRendererScratch/vcpkg_installed/vcpkg/blds/fftw3/x64-windows-dbg/CMakeFiles/CMakeScratch/TryCompile-evpp1k"
      binary: "D:/WaterSurfaceRendererScratch/vcpkg_installed/vcpkg/blds/fftw3/x64-windows-dbg/CMakeFiles/CMakeScratch/TryCompile-evpp1k"
    cmakeVariables:
      CMAKE_CXX_STDLIB_MODULES_JSON: ""
      CMAKE_C_FLAGS: " /nologo /DWIN32 /D_WINDOWS /utf-8 /MP "
      CMAKE_EXE_LINKER_FLAGS: "/machine:x64"
      CMAKE_MSVC_DEBUG_INFORMATION_FORMAT: ""
      CMAKE_MSVC_RUNTIME_LIBRARY: "MultiThreaded$<$<CONFIG:Debug>:Debug>$<$<STREQUAL:dynamic,dynamic>:DLL>"
      VCPKG_CHAINLOAD_TOOLCHAIN_FILE: "D:/Microsoft Visual Studio/18/Community/VC/vcpkg/scripts/toolchains/windows.cmake"
      VCPKG_CRT_LINKAGE: "dynamic"
      VCPKG_CXX_FLAGS: ""
      VCPKG_CXX_FLAGS_DEBUG: ""
      VCPKG_CXX_FLAGS_RELEASE: ""
      VCPKG_C_FLAGS: ""
      VCPKG_C_FLAGS_DEBUG: ""
      VCPKG_C_FLAGS_RELEASE: ""
      VCPKG_INSTALLED_DIR: "D:/WaterSurfaceRendererScratch/vcpkg_installed"
      VCPKG_LINKER_FLAGS: ""
      VCPKG_LINKER_FLAGS_DEBUG: ""
      VCPKG_LINKER_FLAGS_RELEASE: ""
      VCPKG_PLATFORM_TOOLSET: "v145"
      VCPKG_PREFER_SYSTEM_LIBS: "OFF"
      VCPKG_SET_CHARSET_FLAG: "ON"
      VCPKG_TARGET_ARCHITECTURE: "x64"
      VCPKG_TARGET_TRIPLET: "x64-windows"
      Z_VCPKG_ROOT_DIR: "D:/Microsoft Visual Studio/18/Community/VC/vcpkg"
    buildResult:
      variable: "HAVE_DECL_SINL"
      cached: true
      stdout: |
        Change Dir: 'D:/WaterSurfaceRendererScratch/vcpkg_installed/vcpkg/blds/fftw3/x64-windows-dbg/CMakeFiles/CMakeScratch/TryCompile-evpp1k'
        
        Run Build Command(s): "D:/Microsoft Visual Studio/18/Community/Common7/IDE/CommonExtensions/Microsoft/CMake/Ninja/ninja.exe" -v cmTC_8d23b
        [1/2] "D:\\Microsoft Visual Studio\\18\\Community\\VC\\Tools\\MSVC\\14.51.36231\\bin\\Hostx64\\x64\\cl.exe"  /nologo -D_MBCS  /nologo /DWIN32 /D_WINDOWS /utf-8 /MP   /MDd /Z7 /Ob0 /Od /RTC1 /showIncludes /FoCMakeFiles\\cmTC_8d23b.dir\\CheckPrototypeDefinition.c.obj /FdCMakeFiles\\cmTC_8d23b.dir\\ /FS -c D:\\WaterSurfaceRendererScratch\\vcpkg_installed\\vcpkg\\blds\\fftw3\\x64-windows-dbg\\CMakeFiles\\CMakeScratch\\TryCompile-evpp1k\\CheckPrototypeDefinition.c
        FAILED: [code=2] CMakeFiles/cmTC_8d23b.dir/CheckPrototypeDefinition.c.obj 
        "D:\\Microsoft Visual Studio\\18\\Community\\VC\\Tools\\MSVC\\14.51.36231\\bin\\Hostx64\\x64\\cl.exe"  /nologo -D_MBCS  /nologo /DWIN32 /D_WINDOWS /utf-8 /MP   /MDd /Z7 /Ob0 /Od /RTC1 /showIncludes /FoCMakeFiles\\cmTC_8d23b.dir\\CheckPrototypeDefinition.c.obj /FdCMakeFiles\\cmTC_8d23b.dir\\ /FS -c D:\\WaterSurfaceRendererScratch\\vcpkg_installed\\vcpkg\\blds\\fftw3\\x64-windows-dbg\\CMakeFiles\\CMakeScratch\\TryCompile-evpp1k\\CheckPrototypeDefinition.c
        D:\\WaterSurfaceRendererScratch\\vcpkg_installed\\vcpkg\\blds\\fftw3\\x64-windows-dbg\\CMakeFiles\\CMakeScratch\\TryCompile-evpp1k\\CheckPrototypeDefinition.c(14): error C2084: 函数“long double sinl(long double)”已有主体
        C:\\Program Files (x86)\\Windows Kits\\10\\include\\10.0.26100.0\\ucrt\\corecrt_math.h(973): note: 参见“sinl”的前一个定义
        ninja: build stopped: subcommand failed.
        
      exitCode: 2
  -
    kind: "try_compile-v1"
    backtrace:
      - "D:/Microsoft Visual Studio/18/Community/Common7/IDE/CommonExtensions/Microsoft/CMake/CMake/share/cmake-4.3/Modules/CheckPrototypeDefinition.cmake:145 (try_compile)"
      - "CMakeLists.txt:68 (check_prototype_definition)"
    checks:
      - "Checking prototype memalign for HAVE_DECL_MEMALIGN"
    directories:
      source: "D:/WaterSurfaceRendererScratch/vcpkg_installed/vcpkg/blds/fftw3/x64-windows-dbg/CMakeFiles/CMakeScratch/TryCompile-gn94ll"
      binary: "D:/WaterSurfaceRendererScratch/vcpkg_installed/vcpkg/blds/fftw3/x64-windows-dbg/CMakeFiles/CMakeScratch/TryCompile-gn94ll"
    cmakeVariables:
      CMAKE_CXX_STDLIB_MODULES_JSON: ""
      CMAKE_C_FLAGS: " /nologo /DWIN32 /D_WINDOWS /utf-8 /MP "
      CMAKE_EXE_LINKER_FLAGS: "/machine:x64"
      CMAKE_MSVC_DEBUG_INFORMATION_FORMAT: ""
      CMAKE_MSVC_RUNTIME_LIBRARY: "MultiThreaded$<$<CONFIG:Debug>:Debug>$<$<STREQUAL:dynamic,dynamic>:DLL>"
      VCPKG_CHAINLOAD_TOOLCHAIN_FILE: "D:/Microsoft Visual Studio/18/Community/VC/vcpkg/scripts/toolchains/windows.cmake"
      VCPKG_CRT_LINKAGE: "dynamic"
      VCPKG_CXX_FLAGS: ""
      VCPKG_CXX_FLAGS_DEBUG: ""
      VCPKG_CXX_FLAGS_RELEASE: ""
      VCPKG_C_FLAGS: ""
      VCPKG_C_FLAGS_DEBUG: ""
      VCPKG_C_FLAGS_RELEASE: ""
      VCPKG_INSTALLED_DIR: "D:/WaterSurfaceRendererScratch/vcpkg_installed"
      VCPKG_LINKER_FLAGS: ""
      VCPKG_LINKER_FLAGS_DEBUG: ""
      VCPKG_LINKER_FLAGS_RELEASE: ""
      VCPKG_PLATFORM_TOOLSET: "v145"
      VCPKG_PREFER_SYSTEM_LIBS: "OFF"
      VCPKG_SET_CHARSET_FLAG: "ON"
      VCPKG_TARGET_ARCHITECTURE: "x64"
      VCPKG_TARGET_TRIPLET: "x64-windows"
      Z_VCPKG_ROOT_DIR: "D:/Microsoft Visual Studio/18/Community/VC/vcpkg"
    buildResult:
      variable: "HAVE_DECL_MEMALIGN"
      cached: true
      stdout: |
        Change Dir: 'D:/WaterSurfaceRendererScratch/vcpkg_installed/vcpkg/blds/fftw3/x64-windows-dbg/CMakeFiles/CMakeScratch/TryCompile-gn94ll'
        
        Run Build Command(s): "D:/Microsoft Visual Studio/18/Community/Common7/IDE/CommonExtensions/Microsoft/CMake/Ninja/ninja.exe" -v cmTC_d489a
        [1/2] "D:\\Microsoft Visual Studio\\18\\Community\\VC\\Tools\\MSVC\\14.51.36231\\bin\\Hostx64\\x64\\cl.exe"  /nologo -D_MBCS  /nologo /DWIN32 /D_WINDOWS /utf-8 /MP   /MDd /Z7 /Ob0 /Od /RTC1 /showIncludes /FoCMakeFiles\\cmTC_d489a.dir\\CheckPrototypeDefinition.c.obj /FdCMakeFiles\\cmTC_d489a.dir\\ /FS -c D:\\WaterSurfaceRendererScratch\\vcpkg_installed\\vcpkg\\blds\\fftw3\\x64-windows-dbg\\CMakeFiles\\CMakeScratch\\TryCompile-gn94ll\\CheckPrototypeDefinition.c
        FAILED: [code=2] CMakeFiles/cmTC_d489a.dir/CheckPrototypeDefinition.c.obj 
        "D:\\Microsoft Visual Studio\\18\\Community\\VC\\Tools\\MSVC\\14.51.36231\\bin\\Hostx64\\x64\\cl.exe"  /nologo -D_MBCS  /nologo /DWIN32 /D_WINDOWS /utf-8 /MP   /MDd /Z7 /Ob0 /Od /RTC1 /showIncludes /FoCMakeFiles\\cmTC_d489a.dir\\CheckPrototypeDefinition.c.obj /FdCMakeFiles\\cmTC_d489a.dir\\ /FS -c D:\\WaterSurfaceRendererScratch\\vcpkg_installed\\vcpkg\\blds\\fftw3\\x64-windows-dbg\\CMakeFiles\\CMakeScratch\\TryCompile-gn94ll\\CheckPrototypeDefinition.c
        D:\\WaterSurfaceRendererScratch\\vcpkg_installed\\vcpkg\\blds\\fftw3\\x64-windows-dbg\\CMakeFiles\\CMakeScratch\\TryCompile-gn94ll\\CheckPrototypeDefinition.c(10): error C2065: “memalign”: 未声明的标识符
        ninja: build stopped: subcommand failed.
        
      exitCode: 2
  -
    kind: "try_compile-v1"
    backtrace:
      - "D:/Microsoft Visual Studio/18/Community/Common7/IDE/CommonExtensions/Microsoft/CMake/CMake/share/cmake-4.3/Modules/CheckPrototypeDefinition.cmake:145 (try_compile)"
      - "CMakeLists.txt:69 (check_prototype_definition)"
    checks:
      - "Checking prototype posix_memalign for HAVE_DECL_POSIX_MEMALIGN"
    directories:
      source: "D:/WaterSurfaceRendererScratch/vcpkg_installed/vcpkg/blds/fftw3/x64-windows-dbg/CMakeFiles/CMakeScratch/TryCompile-8lyst5"
      binary: "D:/WaterSurfaceRendererScratch/vcpkg_installed/vcpkg/blds/fftw3/x64-windows-dbg/CMakeFiles/CMakeScratch/TryCompile-8lyst5"
    cmakeVariables:
      CMAKE_CXX_STDLIB_MODULES_JSON: ""
      CMAKE_C_FLAGS: " /nologo /DWIN32 /D_WINDOWS /utf-8 /MP "
      CMAKE_EXE_LINKER_FLAGS: "/machine:x64"
      CMAKE_MSVC_DEBUG_INFORMATION_FORMAT: ""
      CMAKE_MSVC_RUNTIME_LIBRARY: "MultiThreaded$<$<CONFIG:Debug>:Debug>$<$<STREQUAL:dynamic,dynamic>:DLL>"
      VCPKG_CHAINLOAD_TOOLCHAIN_FILE: "D:/Microsoft Visual Studio/18/Community/VC/vcpkg/scripts/toolchains/windows.cmake"
      VCPKG_CRT_LINKAGE: "dynamic"
      VCPKG_CXX_FLAGS: ""
      VCPKG_CXX_FLAGS_DEBUG: ""
      VCPKG_CXX_FLAGS_RELEASE: ""
      VCPKG_C_FLAGS: ""
      VCPKG_C_FLAGS_DEBUG: ""
      VCPKG_C_FLAGS_RELEASE: ""
      VCPKG_INSTALLED_DIR: "D:/WaterSurfaceRendererScratch/vcpkg_installed"
      VCPKG_LINKER_FLAGS: ""
      VCPKG_LINKER_FLAGS_DEBUG: ""
      VCPKG_LINKER_FLAGS_RELEASE: ""
      VCPKG_PLATFORM_TOOLSET: "v145"
      VCPKG_PREFER_SYSTEM_LIBS: "OFF"
      VCPKG_SET_CHARSET_FLAG: "ON"
      VCPKG_TARGET_ARCHITECTURE: "x64"
      VCPKG_TARGET_TRIPLET: "x64-windows"
      Z_VCPKG_ROOT_DIR: "D:/Microsoft Visual Studio/18/Community/VC/vcpkg"
    buildResult:
      variable: "HAVE_DECL_POSIX_MEMALIGN"
      cached: true
      stdout: |
        Change Dir: 'D:/WaterSurfaceRendererScratch/vcpkg_installed/vcpkg/blds/fftw3/x64-windows-dbg/CMakeFiles/CMakeScratch/TryCompile-8lyst5'
        
        Run Build Command(s): "D:/Microsoft Visual Studio/18/Community/Common7/IDE/CommonExtensions/Microsoft/CMake/Ninja/ninja.exe" -v cmTC_20aed
        [1/2] "D:\\Microsoft Visual Studio\\18\\Community\\VC\\Tools\\MSVC\\14.51.36231\\bin\\Hostx64\\x64\\cl.exe"  /nologo -D_MBCS  /nologo /DWIN32 /D_WINDOWS /utf-8 /MP   /MDd /Z7 /Ob0 /Od /RTC1 /showIncludes /FoCMakeFiles\\cmTC_20aed.dir\\CheckPrototypeDefinition.c.obj /FdCMakeFiles\\cmTC_20aed.dir\\ /FS -c D:\\WaterSurfaceRendererScratch\\vcpkg_installed\\vcpkg\\blds\\fftw3\\x64-windows-dbg\\CMakeFiles\\CMakeScratch\\TryCompile-8lyst5\\CheckPrototypeDefinition.c
        FAILED: [code=2] CMakeFiles/cmTC_20aed.dir/CheckPrototypeDefinition.c.obj 
        "D:\\Microsoft Visual Studio\\18\\Community\\VC\\Tools\\MSVC\\14.51.36231\\bin\\Hostx64\\x64\\cl.exe"  /nologo -D_MBCS  /nologo /DWIN32 /D_WINDOWS /utf-8 /MP   /MDd /Z7 /Ob0 /Od /RTC1 /showIncludes /FoCMakeFiles\\cmTC_20aed.dir\\CheckPrototypeDefinition.c.obj /FdCMakeFiles\\cmTC_20aed.dir\\ /FS -c D:\\WaterSurfaceRendererScratch\\vcpkg_installed\\vcpkg\\blds\\fftw3\\x64-windows-dbg\\CMakeFiles\\CMakeScratch\\TryCompile-8lyst5\\CheckPrototypeDefinition.c
        D:\\WaterSurfaceRendererScratch\\vcpkg_installed\\vcpkg\\blds\\fftw3\\x64-windows-dbg\\CMakeFiles\\CMakeScratch\\TryCompile-8lyst5\\CheckPrototypeDefinition.c(10): error C2065: “posix_memalign”: 未声明的标识符
        ninja: build stopped: subcommand failed.
        
      exitCode: 2
  -
    kind: "try_compile-v1"
    backtrace:
      - "D:/Microsoft Visual Studio/18/Community/Common7/IDE/CommonExtensions/Microsoft/CMake/CMake/share/cmake-4.3/Modules/CheckPrototypeDefinition.cmake:145 (try_compile)"
      - "CMakeLists.txt:70 (check_prototype_definition)"
    checks:
      - "Checking prototype _aligned_malloc for HAVE_DECL_ALIGNED_MALLOC"
    directories:
      source: "D:/WaterSurfaceRendererScratch/vcpkg_installed/vcpkg/blds/fftw3/x64-windows-dbg/CMakeFiles/CMakeScratch/TryCompile-qrjmm7"
      binary: "D:/WaterSurfaceRendererScratch/vcpkg_installed/vcpkg/blds/fftw3/x64-windows-dbg/CMakeFiles/CMakeScratch/TryCompile-qrjmm7"
    cmakeVariables:
      CMAKE_CXX_STDLIB_MODULES_JSON: ""
      CMAKE_C_FLAGS: " /nologo /DWIN32 /D_WINDOWS /utf-8 /MP "
      CMAKE_EXE_LINKER_FLAGS: "/machine:x64"
      CMAKE_MSVC_DEBUG_INFORMATION_FORMAT: ""
      CMAKE_MSVC_RUNTIME_LIBRARY: "MultiThreaded$<$<CONFIG:Debug>:Debug>$<$<STREQUAL:dynamic,dynamic>:DLL>"
      VCPKG_CHAINLOAD_TOOLCHAIN_FILE: "D:/Microsoft Visual Studio/18/Community/VC/vcpkg/scripts/toolchains/windows.cmake"
      VCPKG_CRT_LINKAGE: "dynamic"
      VCPKG_CXX_FLAGS: ""
      VCPKG_CXX_FLAGS_DEBUG: ""
      VCPKG_CXX_FLAGS_RELEASE: ""
      VCPKG_C_FLAGS: ""
      VCPKG_C_FLAGS_DEBUG: ""
      VCPKG_C_FLAGS_RELEASE: ""
      VCPKG_INSTALLED_DIR: "D:/WaterSurfaceRendererScratch/vcpkg_installed"
      VCPKG_LINKER_FLAGS: ""
      VCPKG_LINKER_FLAGS_DEBUG: ""
      VCPKG_LINKER_FLAGS_RELEASE: ""
      VCPKG_PLATFORM_TOOLSET: "v145"
      VCPKG_PREFER_SYSTEM_LIBS: "OFF"
      VCPKG_SET_CHARSET_FLAG: "ON"
      VCPKG_TARGET_ARCHITECTURE: "x64"
      VCPKG_TARGET_TRIPLET: "x64-windows"
      Z_VCPKG_ROOT_DIR: "D:/Microsoft Visual Studio/18/Community/VC/vcpkg"
    buildResult:
      variable: "HAVE_DECL_ALIGNED_MALLOC"
      cached: true
      stdout: |
        Change Dir: 'D:/WaterSurfaceRendererScratch/vcpkg_installed/vcpkg/blds/fftw3/x64-windows-dbg/CMakeFiles/CMakeScratch/TryCompile-qrjmm7'
        
        Run Build Command(s): "D:/Microsoft Visual Studio/18/Community/Common7/IDE/CommonExtensions/Microsoft/CMake/Ninja/ninja.exe" -v cmTC_2ea3b
        [1/2] "D:\\Microsoft Visual Studio\\18\\Community\\VC\\Tools\\MSVC\\14.51.36231\\bin\\Hostx64\\x64\\cl.exe"  /nologo -D_MBCS  /nologo /DWIN32 /D_WINDOWS /utf-8 /MP   /MDd /Z7 /Ob0 /Od /RTC1 /showIncludes /FoCMakeFiles\\cmTC_2ea3b.dir\\CheckPrototypeDefinition.c.obj /FdCMakeFiles\\cmTC_2ea3b.dir\\ /FS -c D:\\WaterSurfaceRendererScratch\\vcpkg_installed\\vcpkg\\blds\\fftw3\\x64-windows-dbg\\CMakeFiles\\CMakeScratch\\TryCompile-qrjmm7\\CheckPrototypeDefinition.c
        D:\\WaterSurfaceRendererScratch\\vcpkg_installed\\vcpkg\\blds\\fftw3\\x64-windows-dbg\\CMakeFiles\\CMakeScratch\\TryCompile-qrjmm7\\CheckPrototypeDefinition.c(14): warning C4273: “_aligned_malloc”: dll 链接不一致
        C:\\Program Files (x86)\\Windows Kits\\10\\include\\10.0.26100.0\\ucrt\\corecrt_malloc.h(154): note: 参见“_aligned_malloc”的前一个定义
        [2/2] C:\\windows\\system32\\cmd.exe /C "cd . && "D:\\Microsoft Visual Studio\\18\\Community\\Common7\\IDE\\CommonExtensions\\Microsoft\\CMake\\CMake\\bin\\cmake.exe" -E vs_link_exe --msvc-ver=1951 --intdir=CMakeFiles\\cmTC_2ea3b.dir --rc=C:\\PROGRA~2\\WI3CF2~1\\10\\bin\\100261~1.0\\x64\\rc.exe --mt=C:\\PROGRA~2\\WI3CF2~1\\10\\bin\\100261~1.0\\x64\\mt.exe --manifests  -- "D:\\Microsoft Visual Studio\\18\\Community\\VC\\Tools\\MSVC\\14.51.36231\\bin\\Hostx64\\x64\\link.exe" /nologo CMakeFiles\\cmTC_2ea3b.dir\\CheckPrototypeDefinition.c.obj  /out:cmTC_2ea3b.exe /implib:cmTC_2ea3b.lib /pdb:cmTC_2ea3b.pdb /version:0.0 /machine:x64 /nologo /debug /INCREMENTAL /subsystem:console  kernel32.lib user32.lib gdi32.lib winspool.lib shell32.lib ole32.lib oleaut32.lib uuid.lib comdlg32.lib advapi32.lib && cd ."
        
      exitCode: 0
  -
    kind: "try_compile-v1"
    backtrace:
      - "D:/Microsoft Visual Studio/18/Community/Common7/IDE/CommonExtensions/Microsoft/CMake/CMake/share/cmake-4.3/Modules/CheckSymbolExists.cmake:193 (try_compile)"
      - "D:/Microsoft Visual Studio/18/Community/Common7/IDE/CommonExtensions/Microsoft/CMake/CMake/share/cmake-4.3/Modules/CheckSymbolExists.cmake:98 (__CHECK_SYMBOL_EXISTS_IMPL)"
      - "CMakeLists.txt:73 (check_symbol_exists)"
    checks:
      - "Looking for clock_gettime"
    directories:
      source: "D:/WaterSurfaceRendererScratch/vcpkg_installed/vcpkg/blds/fftw3/x64-windows-dbg/CMakeFiles/CMakeScratch/TryCompile-jfdgst"
      binary: "D:/WaterSurfaceRendererScratch/vcpkg_installed/vcpkg/blds/fftw3/x64-windows-dbg/CMakeFiles/CMakeScratch/TryCompile-jfdgst"
    cmakeVariables:
      CMAKE_CXX_STDLIB_MODULES_JSON: ""
      CMAKE_C_FLAGS: " /nologo /DWIN32 /D_WINDOWS /utf-8 /MP "
      CMAKE_EXE_LINKER_FLAGS: "/machine:x64"
      CMAKE_MSVC_DEBUG_INFORMATION_FORMAT: ""
      CMAKE_MSVC_RUNTIME_LIBRARY: "MultiThreaded$<$<CONFIG:Debug>:Debug>$<$<STREQUAL:dynamic,dynamic>:DLL>"
      VCPKG_CHAINLOAD_TOOLCHAIN_FILE: "D:/Microsoft Visual Studio/18/Community/VC/vcpkg/scripts/toolchains/windows.cmake"
      VCPKG_CRT_LINKAGE: "dynamic"
      VCPKG_CXX_FLAGS: ""
      VCPKG_CXX_FLAGS_DEBUG: ""
      VCPKG_CXX_FLAGS_RELEASE: ""
      VCPKG_C_FLAGS: ""
      VCPKG_C_FLAGS_DEBUG: ""
      VCPKG_C_FLAGS_RELEASE: ""
      VCPKG_INSTALLED_DIR: "D:/WaterSurfaceRendererScratch/vcpkg_installed"
      VCPKG_LINKER_FLAGS: ""
      VCPKG_LINKER_FLAGS_DEBUG: ""
      VCPKG_LINKER_FLAGS_RELEASE: ""
      VCPKG_PLATFORM_TOOLSET: "v145"
      VCPKG_PREFER_SYSTEM_LIBS: "OFF"
      VCPKG_SET_CHARSET_FLAG: "ON"
      VCPKG_TARGET_ARCHITECTURE: "x64"
      VCPKG_TARGET_TRIPLET: "x64-windows"
      Z_VCPKG_ROOT_DIR: "D:/Microsoft Visual Studio/18/Community/VC/vcpkg"
    buildResult:
      variable: "HAVE_CLOCK_GETTIME"
      cached: true
      stdout: |
        Change Dir: 'D:/WaterSurfaceRendererScratch/vcpkg_installed/vcpkg/blds/fftw3/x64-windows-dbg/CMakeFiles/CMakeScratch/TryCompile-jfdgst'
        
        Run Build Command(s): "D:/Microsoft Visual Studio/18/Community/Common7/IDE/CommonExtensions/Microsoft/CMake/Ninja/ninja.exe" -v cmTC_87c51
        [1/2] "D:\\Microsoft Visual Studio\\18\\Community\\VC\\Tools\\MSVC\\14.51.36231\\bin\\Hostx64\\x64\\cl.exe"  /nologo -D_MBCS  /nologo /DWIN32 /D_WINDOWS /utf-8 /MP   /MDd /Z7 /Ob0 /Od /RTC1 /showIncludes /FoCMakeFiles\\cmTC_87c51.dir\\CheckSymbolExists.c.obj /FdCMakeFiles\\cmTC_87c51.dir\\ /FS -c D:\\WaterSurfaceRendererScratch\\vcpkg_installed\\vcpkg\\blds\\fftw3\\x64-windows-dbg\\CMakeFiles\\CMakeScratch\\TryCompile-jfdgst\\CheckSymbolExists.c
        FAILED: [code=2] CMakeFiles/cmTC_87c51.dir/CheckSymbolExists.c.obj 
        "D:\\Microsoft Visual Studio\\18\\Community\\VC\\Tools\\MSVC\\14.51.36231\\bin\\Hostx64\\x64\\cl.exe"  /nologo -D_MBCS  /nologo /DWIN32 /D_WINDOWS /utf-8 /MP   /MDd /Z7 /Ob0 /Od /RTC1 /showIncludes /FoCMakeFiles\\cmTC_87c51.dir\\CheckSymbolExists.c.obj /FdCMakeFiles\\cmTC_87c51.dir\\ /FS -c D:\\WaterSurfaceRendererScratch\\vcpkg_installed\\vcpkg\\blds\\fftw3\\x64-windows-dbg\\CMakeFiles\\CMakeScratch\\TryCompile-jfdgst\\CheckSymbolExists.c
        D:\\WaterSurfaceRendererScratch\\vcpkg_installed\\vcpkg\\blds\\fftw3\\x64-windows-dbg\\CMakeFiles\\CMakeScratch\\TryCompile-jfdgst\\CheckSymbolExists.c(8): error C2065: “clock_gettime”: 未声明的标识符
        ninja: build stopped: subcommand failed.
        
      exitCode: 2
  -
    kind: "try_compile-v1"
    backtrace:
      - "D:/Microsoft Visual Studio/18/Community/Common7/IDE/CommonExtensions/Microsoft/CMake/CMake/share/cmake-4.3/Modules/CheckSymbolExists.cmake:193 (try_compile)"
      - "D:/Microsoft Visual Studio/18/Community/Common7/IDE/CommonExtensions/Microsoft/CMake/CMake/share/cmake-4.3/Modules/CheckSymbolExists.cmake:98 (__CHECK_SYMBOL_EXISTS_IMPL)"
      - "CMakeLists.txt:74 (check_symbol_exists)"
    checks:
      - "Looking for gettimeofday"
    directories:
      source: "D:/WaterSurfaceRendererScratch/vcpkg_installed/vcpkg/blds/fftw3/x64-windows-dbg/CMakeFiles/CMakeScratch/TryCompile-164iu7"
      binary: "D:/WaterSurfaceRendererScratch/vcpkg_installed/vcpkg/blds/fftw3/x64-windows-dbg/CMakeFiles/CMakeScratch/TryCompile-164iu7"
    cmakeVariables:
      CMAKE_CXX_STDLIB_MODULES_JSON: ""
      CMAKE_C_FLAGS: " /nologo /DWIN32 /D_WINDOWS /utf-8 /MP "
      CMAKE_EXE_LINKER_FLAGS: "/machine:x64"
      CMAKE_MSVC_DEBUG_INFORMATION_FORMAT: ""
      CMAKE_MSVC_RUNTIME_LIBRARY: "MultiThreaded$<$<CONFIG:Debug>:Debug>$<$<STREQUAL:dynamic,dynamic>:DLL>"
      VCPKG_CHAINLOAD_TOOLCHAIN_FILE: "D:/Microsoft Visual Studio/18/Community/VC/vcpkg/scripts/toolchains/windows.cmake"
      VCPKG_CRT_LINKAGE: "dynamic"
      VCPKG_CXX_FLAGS: ""
      VCPKG_CXX_FLAGS_DEBUG: ""
      VCPKG_CXX_FLAGS_RELEASE: ""
      VCPKG_C_FLAGS: ""
      VCPKG_C_FLAGS_DEBUG: ""
      VCPKG_C_FLAGS_RELEASE: ""
      VCPKG_INSTALLED_DIR: "D:/WaterSurfaceRendererScratch/vcpkg_installed"
      VCPKG_LINKER_FLAGS: ""
      VCPKG_LINKER_FLAGS_DEBUG: ""
      VCPKG_LINKER_FLAGS_RELEASE: ""
      VCPKG_PLATFORM_TOOLSET: "v145"
      VCPKG_PREFER_SYSTEM_LIBS: "OFF"
      VCPKG_SET_CHARSET_FLAG: "ON"
      VCPKG_TARGET_ARCHITECTURE: "x64"
      VCPKG_TARGET_TRIPLET: "x64-windows"
      Z_VCPKG_ROOT_DIR: "D:/Microsoft Visual Studio/18/Community/VC/vcpkg"
    buildResult:
      variable: "HAVE_GETTIMEOFDAY"
      cached: true
      stdout: |
        Change Dir: 'D:/WaterSurfaceRendererScratch/vcpkg_installed/vcpkg/blds/fftw3/x64-windows-dbg/CMakeFiles/CMakeScratch/TryCompile-164iu7'
        
        Run Build Command(s): "D:/Microsoft Visual Studio/18/Community/Common7/IDE/CommonExtensions/Microsoft/CMake/Ninja/ninja.exe" -v cmTC_03c53
        [1/2] "D:\\Microsoft Visual Studio\\18\\Community\\VC\\Tools\\MSVC\\14.51.36231\\bin\\Hostx64\\x64\\cl.exe"  /nologo -D_MBCS  /nologo /DWIN32 /D_WINDOWS /utf-8 /MP   /MDd /Z7 /Ob0 /Od /RTC1 /showIncludes /FoCMakeFiles\\cmTC_03c53.dir\\CheckSymbolExists.c.obj /FdCMakeFiles\\cmTC_03c53.dir\\ /FS -c D:\\WaterSurfaceRendererScratch\\vcpkg_installed\\vcpkg\\blds\\fftw3\\x64-windows-dbg\\CMakeFiles\\CMakeScratch\\TryCompile-164iu7\\CheckSymbolExists.c
        FAILED: [code=2] CMakeFiles/cmTC_03c53.dir/CheckSymbolExists.c.obj 
        "D:\\Microsoft Visual Studio\\18\\Community\\VC\\Tools\\MSVC\\14.51.36231\\bin\\Hostx64\\x64\\cl.exe"  /nologo -D_MBCS  /nologo /DWIN32 /D_WINDOWS /utf-8 /MP   /MDd /Z7 /Ob0 /Od /RTC1 /showIncludes /FoCMakeFiles\\cmTC_03c53.dir\\CheckSymbolExists.c.obj /FdCMakeFiles\\cmTC_03c53.dir\\ /FS -c D:\\WaterSurfaceRendererScratch\\vcpkg_installed\\vcpkg\\blds\\fftw3\\x64-windows-dbg\\CMakeFiles\\CMakeScratch\\TryCompile-164iu7\\CheckSymbolExists.c
        D:\\WaterSurfaceRendererScratch\\vcpkg_installed\\vcpkg\\blds\\fftw3\\x64-windows-dbg\\CMakeFiles\\CMakeScratch\\TryCompile-164iu7\\CheckSymbolExists.c(2): fatal error C1083: 无法打开包括文件: “sys/time.h”: No such file or directory
        ninja: build stopped: subcommand failed.
        
      exitCode: 2
  -
    kind: "try_compile-v1"
    backtrace:
      - "D:/Microsoft Visual Studio/18/Community/Common7/IDE/CommonExtensions/Microsoft/CMake/CMake/share/cmake-4.3/Modules/CheckSymbolExists.cmake:193 (try_compile)"
      - "D:/Microsoft Visual Studio/18/Community/Common7/IDE/CommonExtensions/Microsoft/CMake/CMake/share/cmake-4.3/Modules/CheckSymbolExists.cmake:98 (__CHECK_SYMBOL_EXISTS_IMPL)"
      - "CMakeLists.txt:75 (check_symbol_exists)"
    checks:
      - "Looking for getpagesize"
    directories:
      source: "D:/WaterSurfaceRendererScratch/vcpkg_installed/vcpkg/blds/fftw3/x64-windows-dbg/CMakeFiles/CMakeScratch/TryCompile-u14p0o"
      binary: "D:/WaterSurfaceRendererScratch/vcpkg_installed/vcpkg/blds/fftw3/x64-windows-dbg/CMakeFiles/CMakeScratch/TryCompile-u14p0o"
    cmakeVariables:
      CMAKE_CXX_STDLIB_MODULES_JSON: ""
      CMAKE_C_FLAGS: " /nologo /DWIN32 /D_WINDOWS /utf-8 /MP "
      CMAKE_EXE_LINKER_FLAGS: "/machine:x64"
      CMAKE_MSVC_DEBUG_INFORMATION_FORMAT: ""
      CMAKE_MSVC_RUNTIME_LIBRARY: "MultiThreaded$<$<CONFIG:Debug>:Debug>$<$<STREQUAL:dynamic,dynamic>:DLL>"
      VCPKG_CHAINLOAD_TOOLCHAIN_FILE: "D:/Microsoft Visual Studio/18/Community/VC/vcpkg/scripts/toolchains/windows.cmake"
      VCPKG_CRT_LINKAGE: "dynamic"
      VCPKG_CXX_FLAGS: ""
      VCPKG_CXX_FLAGS_DEBUG: ""
      VCPKG_CXX_FLAGS_RELEASE: ""
      VCPKG_C_FLAGS: ""
      VCPKG_C_FLAGS_DEBUG: ""
      VCPKG_C_FLAGS_RELEASE: ""
      VCPKG_INSTALLED_DIR: "D:/WaterSurfaceRendererScratch/vcpkg_installed"
      VCPKG_LINKER_FLAGS: ""
      VCPKG_LINKER_FLAGS_DEBUG: ""
      VCPKG_LINKER_FLAGS_RELEASE: ""
      VCPKG_PLATFORM_TOOLSET: "v145"
      VCPKG_PREFER_SYSTEM_LIBS: "OFF"
      VCPKG_SET_CHARSET_FLAG: "ON"
      VCPKG_TARGET_ARCHITECTURE: "x64"
      VCPKG_TARGET_TRIPLET: "x64-windows"
      Z_VCPKG_ROOT_DIR: "D:/Microsoft Visual Studio/18/Community/VC/vcpkg"
    buildResult:
      variable: "HAVE_GETPAGESIZE"
      cached: true
      stdout: |
        Change Dir: 'D:/WaterSurfaceRendererScratch/vcpkg_installed/vcpkg/blds/fftw3/x64-windows-dbg/CMakeFiles/CMakeScratch/TryCompile-u14p0o'
        
        Run Build Command(s): "D:/Microsoft Visual Studio/18/Community/Common7/IDE/CommonExtensions/Microsoft/CMake/Ninja/ninja.exe" -v cmTC_adc3f
        [1/2] "D:\\Microsoft Visual Studio\\18\\Community\\VC\\Tools\\MSVC\\14.51.36231\\bin\\Hostx64\\x64\\cl.exe"  /nologo -D_MBCS  /nologo /DWIN32 /D_WINDOWS /utf-8 /MP   /MDd /Z7 /Ob0 /Od /RTC1 /showIncludes /FoCMakeFiles\\cmTC_adc3f.dir\\CheckSymbolExists.c.obj /FdCMakeFiles\\cmTC_adc3f.dir\\ /FS -c D:\\WaterSurfaceRendererScratch\\vcpkg_installed\\vcpkg\\blds\\fftw3\\x64-windows-dbg\\CMakeFiles\\CMakeScratch\\TryCompile-u14p0o\\CheckSymbolExists.c
        FAILED: [code=2] CMakeFiles/cmTC_adc3f.dir/CheckSymbolExists.c.obj 
        "D:\\Microsoft Visual Studio\\18\\Community\\VC\\Tools\\MSVC\\14.51.36231\\bin\\Hostx64\\x64\\cl.exe"  /nologo -D_MBCS  /nologo /DWIN32 /D_WINDOWS /utf-8 /MP   /MDd /Z7 /Ob0 /Od /RTC1 /showIncludes /FoCMakeFiles\\cmTC_adc3f.dir\\CheckSymbolExists.c.obj /FdCMakeFiles\\cmTC_adc3f.dir\\ /FS -c D:\\WaterSurfaceRendererScratch\\vcpkg_installed\\vcpkg\\blds\\fftw3\\x64-windows-dbg\\CMakeFiles\\CMakeScratch\\TryCompile-u14p0o\\CheckSymbolExists.c
        D:\\WaterSurfaceRendererScratch\\vcpkg_installed\\vcpkg\\blds\\fftw3\\x64-windows-dbg\\CMakeFiles\\CMakeScratch\\TryCompile-u14p0o\\CheckSymbolExists.c(2): fatal error C1083: 无法打开包括文件: “unistd.h”: No such file or directory
        ninja: build stopped: subcommand failed.
        
      exitCode: 2
  -
    kind: "try_compile-v1"
    backtrace:
      - "D:/Microsoft Visual Studio/18/Community/Common7/IDE/CommonExtensions/Microsoft/CMake/CMake/share/cmake-4.3/Modules/CheckSymbolExists.cmake:193 (try_compile)"
      - "D:/Microsoft Visual Studio/18/Community/Common7/IDE/CommonExtensions/Microsoft/CMake/CMake/share/cmake-4.3/Modules/CheckSymbolExists.cmake:98 (__CHECK_SYMBOL_EXISTS_IMPL)"
      - "CMakeLists.txt:76 (check_symbol_exists)"
    checks:
      - "Looking for drand48"
    directories:
      source: "D:/WaterSurfaceRendererScratch/vcpkg_installed/vcpkg/blds/fftw3/x64-windows-dbg/CMakeFiles/CMakeScratch/TryCompile-w6m6rw"
      binary: "D:/WaterSurfaceRendererScratch/vcpkg_installed/vcpkg/blds/fftw3/x64-windows-dbg/CMakeFiles/CMakeScratch/TryCompile-w6m6rw"
    cmakeVariables:
      CMAKE_CXX_STDLIB_MODULES_JSON: ""
      CMAKE_C_FLAGS: " /nologo /DWIN32 /D_WINDOWS /utf-8 /MP "
      CMAKE_EXE_LINKER_FLAGS: "/machine:x64"
      CMAKE_MSVC_DEBUG_INFORMATION_FORMAT: ""
      CMAKE_MSVC_RUNTIME_LIBRARY: "MultiThreaded$<$<CONFIG:Debug>:Debug>$<$<STREQUAL:dynamic,dynamic>:DLL>"
      VCPKG_CHAINLOAD_TOOLCHAIN_FILE: "D:/Microsoft Visual Studio/18/Community/VC/vcpkg/scripts/toolchains/windows.cmake"
      VCPKG_CRT_LINKAGE: "dynamic"
      VCPKG_CXX_FLAGS: ""
      VCPKG_CXX_FLAGS_DEBUG: ""
      VCPKG_CXX_FLAGS_RELEASE: ""
      VCPKG_C_FLAGS: ""
      VCPKG_C_FLAGS_DEBUG: ""
      VCPKG_C_FLAGS_RELEASE: ""
      VCPKG_INSTALLED_DIR: "D:/WaterSurfaceRendererScratch/vcpkg_installed"
      VCPKG_LINKER_FLAGS: ""
      VCPKG_LINKER_FLAGS_DEBUG: ""
      VCPKG_LINKER_FLAGS_RELEASE: ""
      VCPKG_PLATFORM_TOOLSET: "v145"
      VCPKG_PREFER_SYSTEM_LIBS: "OFF"
      VCPKG_SET_CHARSET_FLAG: "ON"
      VCPKG_TARGET_ARCHITECTURE: "x64"
      VCPKG_TARGET_TRIPLET: "x64-windows"
      Z_VCPKG_ROOT_DIR: "D:/Microsoft Visual Studio/18/Community/VC/vcpkg"
    buildResult:
      variable: "HAVE_DRAND48"
      cached: true
      stdout: |
        Change Dir: 'D:/WaterSurfaceRendererScratch/vcpkg_installed/vcpkg/blds/fftw3/x64-windows-dbg/CMakeFiles/CMakeScratch/TryCompile-w6m6rw'
        
        Run Build Command(s): "D:/Microsoft Visual Studio/18/Community/Common7/IDE/CommonExtensions/Microsoft/CMake/Ninja/ninja.exe" -v cmTC_b69cc
        [1/2] "D:\\Microsoft Visual Studio\\18\\Community\\VC\\Tools\\MSVC\\14.51.36231\\bin\\Hostx64\\x64\\cl.exe"  /nologo -D_MBCS  /nologo /DWIN32 /D_WINDOWS /utf-8 /MP   /MDd /Z7 /Ob0 /Od /RTC1 /showIncludes /FoCMakeFiles\\cmTC_b69cc.dir\\CheckSymbolExists.c.obj /FdCMakeFiles\\cmTC_b69cc.dir\\ /FS -c D:\\WaterSurfaceRendererScratch\\vcpkg_installed\\vcpkg\\blds\\fftw3\\x64-windows-dbg\\CMakeFiles\\CMakeScratch\\TryCompile-w6m6rw\\CheckSymbolExists.c
        FAILED: [code=2] CMakeFiles/cmTC_b69cc.dir/CheckSymbolExists.c.obj 
        "D:\\Microsoft Visual Studio\\18\\Community\\VC\\Tools\\MSVC\\14.51.36231\\bin\\Hostx64\\x64\\cl.exe"  /nologo -D_MBCS  /nologo /DWIN32 /D_WINDOWS /utf-8 /MP   /MDd /Z7 /Ob0 /Od /RTC1 /showIncludes /FoCMakeFiles\\cmTC_b69cc.dir\\CheckSymbolExists.c.obj /FdCMakeFiles\\cmTC_b69cc.dir\\ /FS -c D:\\WaterSurfaceRendererScratch\\vcpkg_installed\\vcpkg\\blds\\fftw3\\x64-windows-dbg\\CMakeFiles\\CMakeScratch\\TryCompile-w6m6rw\\CheckSymbolExists.c
        D:\\WaterSurfaceRendererScratch\\vcpkg_installed\\vcpkg\\blds\\fftw3\\x64-windows-dbg\\CMakeFiles\\CMakeScratch\\TryCompile-w6m6rw\\CheckSymbolExists.c(8): error C2065: “drand48”: 未声明的标识符
        ninja: build stopped: subcommand failed.
        
      exitCode: 2
  -
    kind: "try_compile-v1"
    backtrace:
      - "D:/Microsoft Visual Studio/18/Community/Common7/IDE/CommonExtensions/Microsoft/CMake/CMake/share/cmake-4.3/Modules/CheckSymbolExists.cmake:193 (try_compile)"
      - "D:/Microsoft Visual Studio/18/Community/Common7/IDE/CommonExtensions/Microsoft/CMake/CMake/share/cmake-4.3/Modules/CheckSymbolExists.cmake:98 (__CHECK_SYMBOL_EXISTS_IMPL)"
      - "CMakeLists.txt:77 (check_symbol_exists)"
    checks:
      - "Looking for srand48"
    directories:
      source: "D:/WaterSurfaceRendererScratch/vcpkg_installed/vcpkg/blds/fftw3/x64-windows-dbg/CMakeFiles/CMakeScratch/TryCompile-tl3omj"
      binary: "D:/WaterSurfaceRendererScratch/vcpkg_installed/vcpkg/blds/fftw3/x64-windows-dbg/CMakeFiles/CMakeScratch/TryCompile-tl3omj"
    cmakeVariables:
      CMAKE_CXX_STDLIB_MODULES_JSON: ""
      CMAKE_C_FLAGS: " /nologo /DWIN32 /D_WINDOWS /utf-8 /MP "
      CMAKE_EXE_LINKER_FLAGS: "/machine:x64"
      CMAKE_MSVC_DEBUG_INFORMATION_FORMAT: ""
      CMAKE_MSVC_RUNTIME_LIBRARY: "MultiThreaded$<$<CONFIG:Debug>:Debug>$<$<STREQUAL:dynamic,dynamic>:DLL>"
      VCPKG_CHAINLOAD_TOOLCHAIN_FILE: "D:/Microsoft Visual Studio/18/Community/VC/vcpkg/scripts/toolchains/windows.cmake"
      VCPKG_CRT_LINKAGE: "dynamic"
      VCPKG_CXX_FLAGS: ""
      VCPKG_CXX_FLAGS_DEBUG: ""
      VCPKG_CXX_FLAGS_RELEASE: ""
      VCPKG_C_FLAGS: ""
      VCPKG_C_FLAGS_DEBUG: ""
      VCPKG_C_FLAGS_RELEASE: ""
      VCPKG_INSTALLED_DIR: "D:/WaterSurfaceRendererScratch/vcpkg_installed"
      VCPKG_LINKER_FLAGS: ""
      VCPKG_LINKER_FLAGS_DEBUG: ""
      VCPKG_LINKER_FLAGS_RELEASE: ""
      VCPKG_PLATFORM_TOOLSET: "v145"
      VCPKG_PREFER_SYSTEM_LIBS: "OFF"
      VCPKG_SET_CHARSET_FLAG: "ON"
      VCPKG_TARGET_ARCHITECTURE: "x64"
      VCPKG_TARGET_TRIPLET: "x64-windows"
      Z_VCPKG_ROOT_DIR: "D:/Microsoft Visual Studio/18/Community/VC/vcpkg"
    buildResult:
      variable: "HAVE_SRAND48"
      cached: true
      stdout: |
        Change Dir: 'D:/WaterSurfaceRendererScratch/vcpkg_installed/vcpkg/blds/fftw3/x64-windows-dbg/CMakeFiles/CMakeScratch/TryCompile-tl3omj'
        
        Run Build Command(s): "D:/Microsoft Visual Studio/18/Community/Common7/IDE/CommonExtensions/Microsoft/CMake/Ninja/ninja.exe" -v cmTC_884e2
        [1/2] "D:\\Microsoft Visual Studio\\18\\Community\\VC\\Tools\\MSVC\\14.51.36231\\bin\\Hostx64\\x64\\cl.exe"  /nologo -D_MBCS  /nologo /DWIN32 /D_WINDOWS /utf-8 /MP   /MDd /Z7 /Ob0 /Od /RTC1 /showIncludes /FoCMakeFiles\\cmTC_884e2.dir\\CheckSymbolExists.c.obj /FdCMakeFiles\\cmTC_884e2.dir\\ /FS -c D:\\WaterSurfaceRendererScratch\\vcpkg_installed\\vcpkg\\blds\\fftw3\\x64-windows-dbg\\CMakeFiles\\CMakeScratch\\TryCompile-tl3omj\\CheckSymbolExists.c
        FAILED: [code=2] CMakeFiles/cmTC_884e2.dir/CheckSymbolExists.c.obj 
        "D:\\Microsoft Visual Studio\\18\\Community\\VC\\Tools\\MSVC\\14.51.36231\\bin\\Hostx64\\x64\\cl.exe"  /nologo -D_MBCS  /nologo /DWIN32 /D_WINDOWS /utf-8 /MP   /MDd /Z7 /Ob0 /Od /RTC1 /showIncludes /FoCMakeFiles\\cmTC_884e2.dir\\CheckSymbolExists.c.obj /FdCMakeFiles\\cmTC_884e2.dir\\ /FS -c D:\\WaterSurfaceRendererScratch\\vcpkg_installed\\vcpkg\\blds\\fftw3\\x64-windows-dbg\\CMakeFiles\\CMakeScratch\\TryCompile-tl3omj\\CheckSymbolExists.c
        D:\\WaterSurfaceRendererScratch\\vcpkg_installed\\vcpkg\\blds\\fftw3\\x64-windows-dbg\\CMakeFiles\\CMakeScratch\\TryCompile-tl3omj\\CheckSymbolExists.c(8): error C2065: “srand48”: 未声明的标识符
        ninja: build stopped: subcommand failed.
        
      exitCode: 2
  -
    kind: "try_compile-v1"
    backtrace:
      - "D:/Microsoft Visual Studio/18/Community/Common7/IDE/CommonExtensions/Microsoft/CMake/CMake/share/cmake-4.3/Modules/CheckSymbolExists.cmake:193 (try_compile)"
      - "D:/Microsoft Visual Studio/18/Community/Common7/IDE/CommonExtensions/Microsoft/CMake/CMake/share/cmake-4.3/Modules/CheckSymbolExists.cmake:98 (__CHECK_SYMBOL_EXISTS_IMPL)"
      - "CMakeLists.txt:78 (check_symbol_exists)"
    checks:
      - "Looking for memalign"
    directories:
      source: "D:/WaterSurfaceRendererScratch/vcpkg_installed/vcpkg/blds/fftw3/x64-windows-dbg/CMakeFiles/CMakeScratch/TryCompile-dnjoa8"
      binary: "D:/WaterSurfaceRendererScratch/vcpkg_installed/vcpkg/blds/fftw3/x64-windows-dbg/CMakeFiles/CMakeScratch/TryCompile-dnjoa8"
    cmakeVariables:
      CMAKE_CXX_STDLIB_MODULES_JSON: ""
      CMAKE_C_FLAGS: " /nologo /DWIN32 /D_WINDOWS /utf-8 /MP "
      CMAKE_EXE_LINKER_FLAGS: "/machine:x64"
      CMAKE_MSVC_DEBUG_INFORMATION_FORMAT: ""
      CMAKE_MSVC_RUNTIME_LIBRARY: "MultiThreaded$<$<CONFIG:Debug>:Debug>$<$<STREQUAL:dynamic,dynamic>:DLL>"
      VCPKG_CHAINLOAD_TOOLCHAIN_FILE: "D:/Microsoft Visual Studio/18/Community/VC/vcpkg/scripts/toolchains/windows.cmake"
      VCPKG_CRT_LINKAGE: "dynamic"
      VCPKG_CXX_FLAGS: ""
      VCPKG_CXX_FLAGS_DEBUG: ""
      VCPKG_CXX_FLAGS_RELEASE: ""
      VCPKG_C_FLAGS: ""
      VCPKG_C_FLAGS_DEBUG: ""
      VCPKG_C_FLAGS_RELEASE: ""
      VCPKG_INSTALLED_DIR: "D:/WaterSurfaceRendererScratch/vcpkg_installed"
      VCPKG_LINKER_FLAGS: ""
      VCPKG_LINKER_FLAGS_DEBUG: ""
      VCPKG_LINKER_FLAGS_RELEASE: ""
      VCPKG_PLATFORM_TOOLSET: "v145"
      VCPKG_PREFER_SYSTEM_LIBS: "OFF"
      VCPKG_SET_CHARSET_FLAG: "ON"
      VCPKG_TARGET_ARCHITECTURE: "x64"
      VCPKG_TARGET_TRIPLET: "x64-windows"
      Z_VCPKG_ROOT_DIR: "D:/Microsoft Visual Studio/18/Community/VC/vcpkg"
    buildResult:
      variable: "HAVE_MEMALIGN"
      cached: true
      stdout: |
        Change Dir: 'D:/WaterSurfaceRendererScratch/vcpkg_installed/vcpkg/blds/fftw3/x64-windows-dbg/CMakeFiles/CMakeScratch/TryCompile-dnjoa8'
        
        Run Build Command(s): "D:/Microsoft Visual Studio/18/Community/Common7/IDE/CommonExtensions/Microsoft/CMake/Ninja/ninja.exe" -v cmTC_0f94f
        [1/2] "D:\\Microsoft Visual Studio\\18\\Community\\VC\\Tools\\MSVC\\14.51.36231\\bin\\Hostx64\\x64\\cl.exe"  /nologo -D_MBCS  /nologo /DWIN32 /D_WINDOWS /utf-8 /MP   /MDd /Z7 /Ob0 /Od /RTC1 /showIncludes /FoCMakeFiles\\cmTC_0f94f.dir\\CheckSymbolExists.c.obj /FdCMakeFiles\\cmTC_0f94f.dir\\ /FS -c D:\\WaterSurfaceRendererScratch\\vcpkg_installed\\vcpkg\\blds\\fftw3\\x64-windows-dbg\\CMakeFiles\\CMakeScratch\\TryCompile-dnjoa8\\CheckSymbolExists.c
        FAILED: [code=2] CMakeFiles/cmTC_0f94f.dir/CheckSymbolExists.c.obj 
        "D:\\Microsoft Visual Studio\\18\\Community\\VC\\Tools\\MSVC\\14.51.36231\\bin\\Hostx64\\x64\\cl.exe"  /nologo -D_MBCS  /nologo /DWIN32 /D_WINDOWS /utf-8 /MP   /MDd /Z7 /Ob0 /Od /RTC1 /showIncludes /FoCMakeFiles\\cmTC_0f94f.dir\\CheckSymbolExists.c.obj /FdCMakeFiles\\cmTC_0f94f.dir\\ /FS -c D:\\WaterSurfaceRendererScratch\\vcpkg_installed\\vcpkg\\blds\\fftw3\\x64-windows-dbg\\CMakeFiles\\CMakeScratch\\TryCompile-dnjoa8\\CheckSymbolExists.c
        D:\\WaterSurfaceRendererScratch\\vcpkg_installed\\vcpkg\\blds\\fftw3\\x64-windows-dbg\\CMakeFiles\\CMakeScratch\\TryCompile-dnjoa8\\CheckSymbolExists.c(8): error C2065: “memalign”: 未声明的标识符
        ninja: build stopped: subcommand failed.
        
      exitCode: 2
  -
    kind: "try_compile-v1"
    backtrace:
      - "D:/Microsoft Visual Studio/18/Community/Common7/IDE/CommonExtensions/Microsoft/CMake/CMake/share/cmake-4.3/Modules/CheckSymbolExists.cmake:193 (try_compile)"
      - "D:/Microsoft Visual Studio/18/Community/Common7/IDE/CommonExtensions/Microsoft/CMake/CMake/share/cmake-4.3/Modules/CheckSymbolExists.cmake:98 (__CHECK_SYMBOL_EXISTS_IMPL)"
      - "CMakeLists.txt:79 (check_symbol_exists)"
    checks:
      - "Looking for posix_memalign"
    directories:
      source: "D:/WaterSurfaceRendererScratch/vcpkg_installed/vcpkg/blds/fftw3/x64-windows-dbg/CMakeFiles/CMakeScratch/TryCompile-ad6pb2"
      binary: "D:/WaterSurfaceRendererScratch/vcpkg_installed/vcpkg/blds/fftw3/x64-windows-dbg/CMakeFiles/CMakeScratch/TryCompile-ad6pb2"
    cmakeVariables:
      CMAKE_CXX_STDLIB_MODULES_JSON: ""
      CMAKE_C_FLAGS: " /nologo /DWIN32 /D_WINDOWS /utf-8 /MP "
      CMAKE_EXE_LINKER_FLAGS: "/machine:x64"
      CMAKE_MSVC_DEBUG_INFORMATION_FORMAT: ""
      CMAKE_MSVC_RUNTIME_LIBRARY: "MultiThreaded$<$<CONFIG:Debug>:Debug>$<$<STREQUAL:dynamic,dynamic>:DLL>"
      VCPKG_CHAINLOAD_TOOLCHAIN_FILE: "D:/Microsoft Visual Studio/18/Community/VC/vcpkg/scripts/toolchains/windows.cmake"
      VCPKG_CRT_LINKAGE: "dynamic"
      VCPKG_CXX_FLAGS: ""
      VCPKG_CXX_FLAGS_DEBUG: ""
      VCPKG_CXX_FLAGS_RELEASE: ""
      VCPKG_C_FLAGS: ""
      VCPKG_C_FLAGS_DEBUG: ""
      VCPKG_C_FLAGS_RELEASE: ""
      VCPKG_INSTALLED_DIR: "D:/WaterSurfaceRendererScratch/vcpkg_installed"
      VCPKG_LINKER_FLAGS: ""
      VCPKG_LINKER_FLAGS_DEBUG: ""
      VCPKG_LINKER_FLAGS_RELEASE: ""
      VCPKG_PLATFORM_TOOLSET: "v145"
      VCPKG_PREFER_SYSTEM_LIBS: "OFF"
      VCPKG_SET_CHARSET_FLAG: "ON"
      VCPKG_TARGET_ARCHITECTURE: "x64"
      VCPKG_TARGET_TRIPLET: "x64-windows"
      Z_VCPKG_ROOT_DIR: "D:/Microsoft Visual Studio/18/Community/VC/vcpkg"
    buildResult:
      variable: "HAVE_POSIX_MEMALIGN"
      cached: true
      stdout: |
        Change Dir: 'D:/WaterSurfaceRendererScratch/vcpkg_installed/vcpkg/blds/fftw3/x64-windows-dbg/CMakeFiles/CMakeScratch/TryCompile-ad6pb2'
        
        Run Build Command(s): "D:/Microsoft Visual Studio/18/Community/Common7/IDE/CommonExtensions/Microsoft/CMake/Ninja/ninja.exe" -v cmTC_231dc
        [1/2] "D:\\Microsoft Visual Studio\\18\\Community\\VC\\Tools\\MSVC\\14.51.36231\\bin\\Hostx64\\x64\\cl.exe"  /nologo -D_MBCS  /nologo /DWIN32 /D_WINDOWS /utf-8 /MP   /MDd /Z7 /Ob0 /Od /RTC1 /showIncludes /FoCMakeFiles\\cmTC_231dc.dir\\CheckSymbolExists.c.obj /FdCMakeFiles\\cmTC_231dc.dir\\ /FS -c D:\\WaterSurfaceRendererScratch\\vcpkg_installed\\vcpkg\\blds\\fftw3\\x64-windows-dbg\\CMakeFiles\\CMakeScratch\\TryCompile-ad6pb2\\CheckSymbolExists.c
        FAILED: [code=2] CMakeFiles/cmTC_231dc.dir/CheckSymbolExists.c.obj 
        "D:\\Microsoft Visual Studio\\18\\Community\\VC\\Tools\\MSVC\\14.51.36231\\bin\\Hostx64\\x64\\cl.exe"  /nologo -D_MBCS  /nologo /DWIN32 /D_WINDOWS /utf-8 /MP   /MDd /Z7 /Ob0 /Od /RTC1 /showIncludes /FoCMakeFiles\\cmTC_231dc.dir\\CheckSymbolExists.c.obj /FdCMakeFiles\\cmTC_231dc.dir\\ /FS -c D:\\WaterSurfaceRendererScratch\\vcpkg_installed\\vcpkg\\blds\\fftw3\\x64-windows-dbg\\CMakeFiles\\CMakeScratch\\TryCompile-ad6pb2\\CheckSymbolExists.c
        D:\\WaterSurfaceRendererScratch\\vcpkg_installed\\vcpkg\\blds\\fftw3\\x64-windows-dbg\\CMakeFiles\\CMakeScratch\\TryCompile-ad6pb2\\CheckSymbolExists.c(8): error C2065: “posix_memalign”: 未声明的标识符
        ninja: build stopped: subcommand failed.
        
      exitCode: 2
  -
    kind: "try_compile-v1"
    backtrace:
      - "D:/Microsoft Visual Studio/18/Community/Common7/IDE/CommonExtensions/Microsoft/CMake/CMake/share/cmake-4.3/Modules/CheckSymbolExists.cmake:193 (try_compile)"
      - "D:/Microsoft Visual Studio/18/Community/Common7/IDE/CommonExtensions/Microsoft/CMake/CMake/share/cmake-4.3/Modules/CheckSymbolExists.cmake:98 (__CHECK_SYMBOL_EXISTS_IMPL)"
      - "CMakeLists.txt:80 (check_symbol_exists)"
    checks:
      - "Looking for _aligned_malloc"
    directories:
      source: "D:/WaterSurfaceRendererScratch/vcpkg_installed/vcpkg/blds/fftw3/x64-windows-dbg/CMakeFiles/CMakeScratch/TryCompile-wd7nwm"
      binary: "D:/WaterSurfaceRendererScratch/vcpkg_installed/vcpkg/blds/fftw3/x64-windows-dbg/CMakeFiles/CMakeScratch/TryCompile-wd7nwm"
    cmakeVariables:
      CMAKE_CXX_STDLIB_MODULES_JSON: ""
      CMAKE_C_FLAGS: " /nologo /DWIN32 /D_WINDOWS /utf-8 /MP "
      CMAKE_EXE_LINKER_FLAGS: "/machine:x64"
      CMAKE_MSVC_DEBUG_INFORMATION_FORMAT: ""
      CMAKE_MSVC_RUNTIME_LIBRARY: "MultiThreaded$<$<CONFIG:Debug>:Debug>$<$<STREQUAL:dynamic,dynamic>:DLL>"
      VCPKG_CHAINLOAD_TOOLCHAIN_FILE: "D:/Microsoft Visual Studio/18/Community/VC/vcpkg/scripts/toolchains/windows.cmake"
      VCPKG_CRT_LINKAGE: "dynamic"
      VCPKG_CXX_FLAGS: ""
      VCPKG_CXX_FLAGS_DEBUG: ""
      VCPKG_CXX_FLAGS_RELEASE: ""
      VCPKG_C_FLAGS: ""
      VCPKG_C_FLAGS_DEBUG: ""
      VCPKG_C_FLAGS_RELEASE: ""
      VCPKG_INSTALLED_DIR: "D:/WaterSurfaceRendererScratch/vcpkg_installed"
      VCPKG_LINKER_FLAGS: ""
      VCPKG_LINKER_FLAGS_DEBUG: ""
      VCPKG_LINKER_FLAGS_RELEASE: ""
      VCPKG_PLATFORM_TOOLSET: "v145"
      VCPKG_PREFER_SYSTEM_LIBS: "OFF"
      VCPKG_SET_CHARSET_FLAG: "ON"
      VCPKG_TARGET_ARCHITECTURE: "x64"
      VCPKG_TARGET_TRIPLET: "x64-windows"
      Z_VCPKG_ROOT_DIR: "D:/Microsoft Visual Studio/18/Community/VC/vcpkg"
    buildResult:
      variable: "HAVE_ALIGNED_MALLOC"
      cached: true
      stdout: |
        Change Dir: 'D:/WaterSurfaceRendererScratch/vcpkg_installed/vcpkg/blds/fftw3/x64-windows-dbg/CMakeFiles/CMakeScratch/TryCompile-wd7nwm'
        
        Run Build Command(s): "D:/Microsoft Visual Studio/18/Community/Common7/IDE/CommonExtensions/Microsoft/CMake/Ninja/ninja.exe" -v cmTC_c895b
        [1/2] "D:\\Microsoft Visual Studio\\18\\Community\\VC\\Tools\\MSVC\\14.51.36231\\bin\\Hostx64\\x64\\cl.exe"  /nologo -D_MBCS  /nologo /DWIN32 /D_WINDOWS /utf-8 /MP   /MDd /Z7 /Ob0 /Od /RTC1 /showIncludes /FoCMakeFiles\\cmTC_c895b.dir\\CheckSymbolExists.c.obj /FdCMakeFiles\\cmTC_c895b.dir\\ /FS -c D:\\WaterSurfaceRendererScratch\\vcpkg_installed\\vcpkg\\blds\\fftw3\\x64-windows-dbg\\CMakeFiles\\CMakeScratch\\TryCompile-wd7nwm\\CheckSymbolExists.c
        [2/2] C:\\windows\\system32\\cmd.exe /C "cd . && "D:\\Microsoft Visual Studio\\18\\Community\\Common7\\IDE\\CommonExtensions\\Microsoft\\CMake\\CMake\\bin\\cmake.exe" -E vs_link_exe --msvc-ver=1951 --intdir=CMakeFiles\\cmTC_c895b.dir --rc=C:\\PROGRA~2\\WI3CF2~1\\10\\bin\\100261~1.0\\x64\\rc.exe --mt=C:\\PROGRA~2\\WI3CF2~1\\10\\bin\\100261~1.0\\x64\\mt.exe --manifests  -- "D:\\Microsoft Visual Studio\\18\\Community\\VC\\Tools\\MSVC\\14.51.36231\\bin\\Hostx64\\x64\\link.exe" /nologo CMakeFiles\\cmTC_c895b.dir\\CheckSymbolExists.c.obj  /out:cmTC_c895b.exe /implib:cmTC_c895b.lib /pdb:cmTC_c895b.pdb /version:0.0 /machine:x64 /nologo /debug /INCREMENTAL /subsystem:console  kernel32.lib user32.lib gdi32.lib winspool.lib shell32.lib ole32.lib oleaut32.lib uuid.lib comdlg32.lib advapi32.lib && cd ."
        
      exitCode: 0
  -
    kind: "try_compile-v1"
    backtrace:
      - "D:/Microsoft Visual Studio/18/Community/Common7/IDE/CommonExtensions/Microsoft/CMake/CMake/share/cmake-4.3/Modules/CheckSymbolExists.cmake:193 (try_compile)"
      - "D:/Microsoft Visual Studio/18/Community/Common7/IDE/CommonExtensions/Microsoft/CMake/CMake/share/cmake-4.3/Modules/CheckSymbolExists.cmake:98 (__CHECK_SYMBOL_EXISTS_IMPL)"
      - "CMakeLists.txt:81 (check_symbol_exists)"
    checks:
      - "Looking for mach_absolute_time"
    directories:
      source: "D:/WaterSurfaceRendererScratch/vcpkg_installed/vcpkg/blds/fftw3/x64-windows-dbg/CMakeFiles/CMakeScratch/TryCompile-4n5grb"
      binary: "D:/WaterSurfaceRendererScratch/vcpkg_installed/vcpkg/blds/fftw3/x64-windows-dbg/CMakeFiles/CMakeScratch/TryCompile-4n5grb"
    cmakeVariables:
      CMAKE_CXX_STDLIB_MODULES_JSON: ""
      CMAKE_C_FLAGS: " /nologo /DWIN32 /D_WINDOWS /utf-8 /MP "
      CMAKE_EXE_LINKER_FLAGS: "/machine:x64"
      CMAKE_MSVC_DEBUG_INFORMATION_FORMAT: ""
      CMAKE_MSVC_RUNTIME_LIBRARY: "MultiThreaded$<$<CONFIG:Debug>:Debug>$<$<STREQUAL:dynamic,dynamic>:DLL>"
      VCPKG_CHAINLOAD_TOOLCHAIN_FILE: "D:/Microsoft Visual Studio/18/Community/VC/vcpkg/scripts/toolchains/windows.cmake"
      VCPKG_CRT_LINKAGE: "dynamic"
      VCPKG_CXX_FLAGS: ""
      VCPKG_CXX_FLAGS_DEBUG: ""
      VCPKG_CXX_FLAGS_RELEASE: ""
      VCPKG_C_FLAGS: ""
      VCPKG_C_FLAGS_DEBUG: ""
      VCPKG_C_FLAGS_RELEASE: ""
      VCPKG_INSTALLED_DIR: "D:/WaterSurfaceRendererScratch/vcpkg_installed"
      VCPKG_LINKER_FLAGS: ""
      VCPKG_LINKER_FLAGS_DEBUG: ""
      VCPKG_LINKER_FLAGS_RELEASE: ""
      VCPKG_PLATFORM_TOOLSET: "v145"
      VCPKG_PREFER_SYSTEM_LIBS: "OFF"
      VCPKG_SET_CHARSET_FLAG: "ON"
      VCPKG_TARGET_ARCHITECTURE: "x64"
      VCPKG_TARGET_TRIPLET: "x64-windows"
      Z_VCPKG_ROOT_DIR: "D:/Microsoft Visual Studio/18/Community/VC/vcpkg"
    buildResult:
      variable: "HAVE_MACH_ABSOLUTE_TIME"
      cached: true
      stdout: |
        Change Dir: 'D:/WaterSurfaceRendererScratch/vcpkg_installed/vcpkg/blds/fftw3/x64-windows-dbg/CMakeFiles/CMakeScratch/TryCompile-4n5grb'
        
        Run Build Command(s): "D:/Microsoft Visual Studio/18/Community/Common7/IDE/CommonExtensions/Microsoft/CMake/Ninja/ninja.exe" -v cmTC_419cd
        [1/2] "D:\\Microsoft Visual Studio\\18\\Community\\VC\\Tools\\MSVC\\14.51.36231\\bin\\Hostx64\\x64\\cl.exe"  /nologo -D_MBCS  /nologo /DWIN32 /D_WINDOWS /utf-8 /MP   /MDd /Z7 /Ob0 /Od /RTC1 /showIncludes /FoCMakeFiles\\cmTC_419cd.dir\\CheckSymbolExists.c.obj /FdCMakeFiles\\cmTC_419cd.dir\\ /FS -c D:\\WaterSurfaceRendererScratch\\vcpkg_installed\\vcpkg\\blds\\fftw3\\x64-windows-dbg\\CMakeFiles\\CMakeScratch\\TryCompile-4n5grb\\CheckSymbolExists.c
        FAILED: [code=2] CMakeFiles/cmTC_419cd.dir/CheckSymbolExists.c.obj 
        "D:\\Microsoft Visual Studio\\18\\Community\\VC\\Tools\\MSVC\\14.51.36231\\bin\\Hostx64\\x64\\cl.exe"  /nologo -D_MBCS  /nologo /DWIN32 /D_WINDOWS /utf-8 /MP   /MDd /Z7 /Ob0 /Od /RTC1 /showIncludes /FoCMakeFiles\\cmTC_419cd.dir\\CheckSymbolExists.c.obj /FdCMakeFiles\\cmTC_419cd.dir\\ /FS -c D:\\WaterSurfaceRendererScratch\\vcpkg_installed\\vcpkg\\blds\\fftw3\\x64-windows-dbg\\CMakeFiles\\CMakeScratch\\TryCompile-4n5grb\\CheckSymbolExists.c
        D:\\WaterSurfaceRendererScratch\\vcpkg_installed\\vcpkg\\blds\\fftw3\\x64-windows-dbg\\CMakeFiles\\CMakeScratch\\TryCompile-4n5grb\\CheckSymbolExists.c(2): fatal error C1083: 无法打开包括文件: “mach/mach_time.h”: No such file or directory
        ninja: build stopped: subcommand failed.
        
      exitCode: 2
  -
    kind: "try_compile-v1"
    backtrace:
      - "D:/Microsoft Visual Studio/18/Community/Common7/IDE/CommonExtensions/Microsoft/CMake/CMake/share/cmake-4.3/Modules/CheckSymbolExists.cmake:193 (try_compile)"
      - "D:/Microsoft Visual Studio/18/Community/Common7/IDE/CommonExtensions/Microsoft/CMake/CMake/share/cmake-4.3/Modules/CheckSymbolExists.cmake:98 (__CHECK_SYMBOL_EXISTS_IMPL)"
      - "CMakeLists.txt:82 (check_symbol_exists)"
    checks:
      - "Looking for alloca"
    directories:
      source: "D:/WaterSurfaceRendererScratch/vcpkg_installed/vcpkg/blds/fftw3/x64-windows-dbg/CMakeFiles/CMakeScratch/TryCompile-rm2mip"
      binary: "D:/WaterSurfaceRendererScratch/vcpkg_installed/vcpkg/blds/fftw3/x64-windows-dbg/CMakeFiles/CMakeScratch/TryCompile-rm2mip"
    cmakeVariables:
      CMAKE_CXX_STDLIB_MODULES_JSON: ""
      CMAKE_C_FLAGS: " /nologo /DWIN32 /D_WINDOWS /utf-8 /MP "
      CMAKE_EXE_LINKER_FLAGS: "/machine:x64"
      CMAKE_MSVC_DEBUG_INFORMATION_FORMAT: ""
      CMAKE_MSVC_RUNTIME_LIBRARY: "MultiThreaded$<$<CONFIG:Debug>:Debug>$<$<STREQUAL:dynamic,dynamic>:DLL>"
      VCPKG_CHAINLOAD_TOOLCHAIN_FILE: "D:/Microsoft Visual Studio/18/Community/VC/vcpkg/scripts/toolchains/windows.cmake"
      VCPKG_CRT_LINKAGE: "dynamic"
      VCPKG_CXX_FLAGS: ""
      VCPKG_CXX_FLAGS_DEBUG: ""
      VCPKG_CXX_FLAGS_RELEASE: ""
      VCPKG_C_FLAGS: ""
      VCPKG_C_FLAGS_DEBUG: ""
      VCPKG_C_FLAGS_RELEASE: ""
      VCPKG_INSTALLED_DIR: "D:/WaterSurfaceRendererScratch/vcpkg_installed"
      VCPKG_LINKER_FLAGS: ""
      VCPKG_LINKER_FLAGS_DEBUG: ""
      VCPKG_LINKER_FLAGS_RELEASE: ""
      VCPKG_PLATFORM_TOOLSET: "v145"
      VCPKG_PREFER_SYSTEM_LIBS: "OFF"
      VCPKG_SET_CHARSET_FLAG: "ON"
      VCPKG_TARGET_ARCHITECTURE: "x64"
      VCPKG_TARGET_TRIPLET: "x64-windows"
      Z_VCPKG_ROOT_DIR: "D:/Microsoft Visual Studio/18/Community/VC/vcpkg"
    buildResult:
      variable: "HAVE_ALLOCA"
      cached: true
      stdout: |
        Change Dir: 'D:/WaterSurfaceRendererScratch/vcpkg_installed/vcpkg/blds/fftw3/x64-windows-dbg/CMakeFiles/CMakeScratch/TryCompile-rm2mip'
        
        Run Build Command(s): "D:/Microsoft Visual Studio/18/Community/Common7/IDE/CommonExtensions/Microsoft/CMake/Ninja/ninja.exe" -v cmTC_c05c3
        [1/2] "D:\\Microsoft Visual Studio\\18\\Community\\VC\\Tools\\MSVC\\14.51.36231\\bin\\Hostx64\\x64\\cl.exe"  /nologo -D_MBCS  /nologo /DWIN32 /D_WINDOWS /utf-8 /MP   /MDd /Z7 /Ob0 /Od /RTC1 /showIncludes /FoCMakeFiles\\cmTC_c05c3.dir\\CheckSymbolExists.c.obj /FdCMakeFiles\\cmTC_c05c3.dir\\ /FS -c D:\\WaterSurfaceRendererScratch\\vcpkg_installed\\vcpkg\\blds\\fftw3\\x64-windows-dbg\\CMakeFiles\\CMakeScratch\\TryCompile-rm2mip\\CheckSymbolExists.c
        FAILED: [code=2] CMakeFiles/cmTC_c05c3.dir/CheckSymbolExists.c.obj 
        "D:\\Microsoft Visual Studio\\18\\Community\\VC\\Tools\\MSVC\\14.51.36231\\bin\\Hostx64\\x64\\cl.exe"  /nologo -D_MBCS  /nologo /DWIN32 /D_WINDOWS /utf-8 /MP   /MDd /Z7 /Ob0 /Od /RTC1 /showIncludes /FoCMakeFiles\\cmTC_c05c3.dir\\CheckSymbolExists.c.obj /FdCMakeFiles\\cmTC_c05c3.dir\\ /FS -c D:\\WaterSurfaceRendererScratch\\vcpkg_installed\\vcpkg\\blds\\fftw3\\x64-windows-dbg\\CMakeFiles\\CMakeScratch\\TryCompile-rm2mip\\CheckSymbolExists.c
        D:\\WaterSurfaceRendererScratch\\vcpkg_installed\\vcpkg\\blds\\fftw3\\x64-windows-dbg\\CMakeFiles\\CMakeScratch\\TryCompile-rm2mip\\CheckSymbolExists.c(2): fatal error C1083: 无法打开包括文件: “alloca.h”: No such file or directory
        ninja: build stopped: subcommand failed.
        
      exitCode: 2
  -
    kind: "try_compile-v1"
    backtrace:
      - "D:/Microsoft Visual Studio/18/Community/Common7/IDE/CommonExtensions/Microsoft/CMake/CMake/share/cmake-4.3/Modules/CheckSymbolExists.cmake:193 (try_compile)"
      - "D:/Microsoft Visual Studio/18/Community/Common7/IDE/CommonExtensions/Microsoft/CMake/CMake/share/cmake-4.3/Modules/CheckSymbolExists.cmake:98 (__CHECK_SYMBOL_EXISTS_IMPL)"
      - "CMakeLists.txt:85 (check_symbol_exists)"
    checks:
      - "Looking for alloca"
    directories:
      source: "D:/WaterSurfaceRendererScratch/vcpkg_installed/vcpkg/blds/fftw3/x64-windows-dbg/CMakeFiles/CMakeScratch/TryCompile-xebv2v"
      binary: "D:/WaterSurfaceRendererScratch/vcpkg_installed/vcpkg/blds/fftw3/x64-windows-dbg/CMakeFiles/CMakeScratch/TryCompile-xebv2v"
    cmakeVariables:
      CMAKE_CXX_STDLIB_MODULES_JSON: ""
      CMAKE_C_FLAGS: " /nologo /DWIN32 /D_WINDOWS /utf-8 /MP "
      CMAKE_EXE_LINKER_FLAGS: "/machine:x64"
      CMAKE_MSVC_DEBUG_INFORMATION_FORMAT: ""
      CMAKE_MSVC_RUNTIME_LIBRARY: "MultiThreaded$<$<CONFIG:Debug>:Debug>$<$<STREQUAL:dynamic,dynamic>:DLL>"
      VCPKG_CHAINLOAD_TOOLCHAIN_FILE: "D:/Microsoft Visual Studio/18/Community/VC/vcpkg/scripts/toolchains/windows.cmake"
      VCPKG_CRT_LINKAGE: "dynamic"
      VCPKG_CXX_FLAGS: ""
      VCPKG_CXX_FLAGS_DEBUG: ""
      VCPKG_CXX_FLAGS_RELEASE: ""
      VCPKG_C_FLAGS: ""
      VCPKG_C_FLAGS_DEBUG: ""
      VCPKG_C_FLAGS_RELEASE: ""
      VCPKG_INSTALLED_DIR: "D:/WaterSurfaceRendererScratch/vcpkg_installed"
      VCPKG_LINKER_FLAGS: ""
      VCPKG_LINKER_FLAGS_DEBUG: ""
      VCPKG_LINKER_FLAGS_RELEASE: ""
      VCPKG_PLATFORM_TOOLSET: "v145"
      VCPKG_PREFER_SYSTEM_LIBS: "OFF"
      VCPKG_SET_CHARSET_FLAG: "ON"
      VCPKG_TARGET_ARCHITECTURE: "x64"
      VCPKG_TARGET_TRIPLET: "x64-windows"
      Z_VCPKG_ROOT_DIR: "D:/Microsoft Visual Studio/18/Community/VC/vcpkg"
    buildResult:
      variable: "HAVE_ALLOCA"
      cached: true
      stdout: |
        Change Dir: 'D:/WaterSurfaceRendererScratch/vcpkg_installed/vcpkg/blds/fftw3/x64-windows-dbg/CMakeFiles/CMakeScratch/TryCompile-xebv2v'
        
        Run Build Command(s): "D:/Microsoft Visual Studio/18/Community/Common7/IDE/CommonExtensions/Microsoft/CMake/Ninja/ninja.exe" -v cmTC_926a9
        [1/2] "D:\\Microsoft Visual Studio\\18\\Community\\VC\\Tools\\MSVC\\14.51.36231\\bin\\Hostx64\\x64\\cl.exe"  /nologo -D_MBCS  /nologo /DWIN32 /D_WINDOWS /utf-8 /MP   /MDd /Z7 /Ob0 /Od /RTC1 /showIncludes /FoCMakeFiles\\cmTC_926a9.dir\\CheckSymbolExists.c.obj /FdCMakeFiles\\cmTC_926a9.dir\\ /FS -c D:\\WaterSurfaceRendererScratch\\vcpkg_installed\\vcpkg\\blds\\fftw3\\x64-windows-dbg\\CMakeFiles\\CMakeScratch\\TryCompile-xebv2v\\CheckSymbolExists.c
        [2/2] C:\\windows\\system32\\cmd.exe /C "cd . && "D:\\Microsoft Visual Studio\\18\\Community\\Common7\\IDE\\CommonExtensions\\Microsoft\\CMake\\CMake\\bin\\cmake.exe" -E vs_link_exe --msvc-ver=1951 --intdir=CMakeFiles\\cmTC_926a9.dir --rc=C:\\PROGRA~2\\WI3CF2~1\\10\\bin\\100261~1.0\\x64\\rc.exe --mt=C:\\PROGRA~2\\WI3CF2~1\\10\\bin\\100261~1.0\\x64\\mt.exe --manifests  -- "D:\\Microsoft Visual Studio\\18\\Community\\VC\\Tools\\MSVC\\14.51.36231\\bin\\Hostx64\\x64\\link.exe" /nologo CMakeFiles\\cmTC_926a9.dir\\CheckSymbolExists.c.obj  /out:cmTC_926a9.exe /implib:cmTC_926a9.lib /pdb:cmTC_926a9.pdb /version:0.0 /machine:x64 /nologo /debug /INCREMENTAL /subsystem:console  kernel32.lib user32.lib gdi32.lib winspool.lib shell32.lib ole32.lib oleaut32.lib uuid.lib comdlg32.lib advapi32.lib && cd ."
        
      exitCode: 0
  -
    kind: "try_compile-v1"
    backtrace:
      - "D:/Microsoft Visual Studio/18/Community/Common7/IDE/CommonExtensions/Microsoft/CMake/CMake/share/cmake-4.3/Modules/CheckSymbolExists.cmake:193 (try_compile)"
      - "D:/Microsoft Visual Studio/18/Community/Common7/IDE/CommonExtensions/Microsoft/CMake/CMake/share/cmake-4.3/Modules/CheckSymbolExists.cmake:98 (__CHECK_SYMBOL_EXISTS_IMPL)"
      - "CMakeLists.txt:87 (check_symbol_exists)"
    checks:
      - "Looking for isnan"
    directories:
      source: "D:/WaterSurfaceRendererScratch/vcpkg_installed/vcpkg/blds/fftw3/x64-windows-dbg/CMakeFiles/CMakeScratch/TryCompile-inzlr1"
      binary: "D:/WaterSurfaceRendererScratch/vcpkg_installed/vcpkg/blds/fftw3/x64-windows-dbg/CMakeFiles/CMakeScratch/TryCompile-inzlr1"
    cmakeVariables:
      CMAKE_CXX_STDLIB_MODULES_JSON: ""
      CMAKE_C_FLAGS: " /nologo /DWIN32 /D_WINDOWS /utf-8 /MP "
      CMAKE_EXE_LINKER_FLAGS: "/machine:x64"
      CMAKE_MSVC_DEBUG_INFORMATION_FORMAT: ""
      CMAKE_MSVC_RUNTIME_LIBRARY: "MultiThreaded$<$<CONFIG:Debug>:Debug>$<$<STREQUAL:dynamic,dynamic>:DLL>"
      VCPKG_CHAINLOAD_TOOLCHAIN_FILE: "D:/Microsoft Visual Studio/18/Community/VC/vcpkg/scripts/toolchains/windows.cmake"
      VCPKG_CRT_LINKAGE: "dynamic"
      VCPKG_CXX_FLAGS: ""
      VCPKG_CXX_FLAGS_DEBUG: ""
      VCPKG_CXX_FLAGS_RELEASE: ""
      VCPKG_C_FLAGS: ""
      VCPKG_C_FLAGS_DEBUG: ""
      VCPKG_C_FLAGS_RELEASE: ""
      VCPKG_INSTALLED_DIR: "D:/WaterSurfaceRendererScratch/vcpkg_installed"
      VCPKG_LINKER_FLAGS: ""
      VCPKG_LINKER_FLAGS_DEBUG: ""
      VCPKG_LINKER_FLAGS_RELEASE: ""
      VCPKG_PLATFORM_TOOLSET: "v145"
      VCPKG_PREFER_SYSTEM_LIBS: "OFF"
      VCPKG_SET_CHARSET_FLAG: "ON"
      VCPKG_TARGET_ARCHITECTURE: "x64"
      VCPKG_TARGET_TRIPLET: "x64-windows"
      Z_VCPKG_ROOT_DIR: "D:/Microsoft Visual Studio/18/Community/VC/vcpkg"
    buildResult:
      variable: "HAVE_ISNAN"
      cached: true
      stdout: |
        Change Dir: 'D:/WaterSurfaceRendererScratch/vcpkg_installed/vcpkg/blds/fftw3/x64-windows-dbg/CMakeFiles/CMakeScratch/TryCompile-inzlr1'
        
        Run Build Command(s): "D:/Microsoft Visual Studio/18/Community/Common7/IDE/CommonExtensions/Microsoft/CMake/Ninja/ninja.exe" -v cmTC_0bd02
        [1/2] "D:\\Microsoft Visual Studio\\18\\Community\\VC\\Tools\\MSVC\\14.51.36231\\bin\\Hostx64\\x64\\cl.exe"  /nologo -D_MBCS  /nologo /DWIN32 /D_WINDOWS /utf-8 /MP   /MDd /Z7 /Ob0 /Od /RTC1 /showIncludes /FoCMakeFiles\\cmTC_0bd02.dir\\CheckSymbolExists.c.obj /FdCMakeFiles\\cmTC_0bd02.dir\\ /FS -c D:\\WaterSurfaceRendererScratch\\vcpkg_installed\\vcpkg\\blds\\fftw3\\x64-windows-dbg\\CMakeFiles\\CMakeScratch\\TryCompile-inzlr1\\CheckSymbolExists.c
        [2/2] C:\\windows\\system32\\cmd.exe /C "cd . && "D:\\Microsoft Visual Studio\\18\\Community\\Common7\\IDE\\CommonExtensions\\Microsoft\\CMake\\CMake\\bin\\cmake.exe" -E vs_link_exe --msvc-ver=1951 --intdir=CMakeFiles\\cmTC_0bd02.dir --rc=C:\\PROGRA~2\\WI3CF2~1\\10\\bin\\100261~1.0\\x64\\rc.exe --mt=C:\\PROGRA~2\\WI3CF2~1\\10\\bin\\100261~1.0\\x64\\mt.exe --manifests  -- "D:\\Microsoft Visual Studio\\18\\Community\\VC\\Tools\\MSVC\\14.51.36231\\bin\\Hostx64\\x64\\link.exe" /nologo CMakeFiles\\cmTC_0bd02.dir\\CheckSymbolExists.c.obj  /out:cmTC_0bd02.exe /implib:cmTC_0bd02.lib /pdb:cmTC_0bd02.pdb /version:0.0 /machine:x64 /nologo /debug /INCREMENTAL /subsystem:console  kernel32.lib user32.lib gdi32.lib winspool.lib shell32.lib ole32.lib oleaut32.lib uuid.lib comdlg32.lib advapi32.lib && cd ."
        
      exitCode: 0
  -
    kind: "try_compile-v1"
    backtrace:
      - "D:/Microsoft Visual Studio/18/Community/Common7/IDE/CommonExtensions/Microsoft/CMake/CMake/share/cmake-4.3/Modules/CheckSymbolExists.cmake:193 (try_compile)"
      - "D:/Microsoft Visual Studio/18/Community/Common7/IDE/CommonExtensions/Microsoft/CMake/CMake/share/cmake-4.3/Modules/CheckSymbolExists.cmake:98 (__CHECK_SYMBOL_EXISTS_IMPL)"
      - "CMakeLists.txt:88 (check_symbol_exists)"
    checks:
      - "Looking for snprintf"
    directories:
      source: "D:/WaterSurfaceRendererScratch/vcpkg_installed/vcpkg/blds/fftw3/x64-windows-dbg/CMakeFiles/CMakeScratch/TryCompile-va8f92"
      binary: "D:/WaterSurfaceRendererScratch/vcpkg_installed/vcpkg/blds/fftw3/x64-windows-dbg/CMakeFiles/CMakeScratch/TryCompile-va8f92"
    cmakeVariables:
      CMAKE_CXX_STDLIB_MODULES_JSON: ""
      CMAKE_C_FLAGS: " /nologo /DWIN32 /D_WINDOWS /utf-8 /MP "
      CMAKE_EXE_LINKER_FLAGS: "/machine:x64"
      CMAKE_MSVC_DEBUG_INFORMATION_FORMAT: ""
      CMAKE_MSVC_RUNTIME_LIBRARY: "MultiThreaded$<$<CONFIG:Debug>:Debug>$<$<STREQUAL:dynamic,dynamic>:DLL>"
      VCPKG_CHAINLOAD_TOOLCHAIN_FILE: "D:/Microsoft Visual Studio/18/Community/VC/vcpkg/scripts/toolchains/windows.cmake"
      VCPKG_CRT_LINKAGE: "dynamic"
      VCPKG_CXX_FLAGS: ""
      VCPKG_CXX_FLAGS_DEBUG: ""
      VCPKG_CXX_FLAGS_RELEASE: ""
      VCPKG_C_FLAGS: ""
      VCPKG_C_FLAGS_DEBUG: ""
      VCPKG_C_FLAGS_RELEASE: ""
      VCPKG_INSTALLED_DIR: "D:/WaterSurfaceRendererScratch/vcpkg_installed"
      VCPKG_LINKER_FLAGS: ""
      VCPKG_LINKER_FLAGS_DEBUG: ""
      VCPKG_LINKER_FLAGS_RELEASE: ""
      VCPKG_PLATFORM_TOOLSET: "v145"
      VCPKG_PREFER_SYSTEM_LIBS: "OFF"
      VCPKG_SET_CHARSET_FLAG: "ON"
      VCPKG_TARGET_ARCHITECTURE: "x64"
      VCPKG_TARGET_TRIPLET: "x64-windows"
      Z_VCPKG_ROOT_DIR: "D:/Microsoft Visual Studio/18/Community/VC/vcpkg"
    buildResult:
      variable: "HAVE_SNPRINTF"
      cached: true
      stdout: |
        Change Dir: 'D:/WaterSurfaceRendererScratch/vcpkg_installed/vcpkg/blds/fftw3/x64-windows-dbg/CMakeFiles/CMakeScratch/TryCompile-va8f92'
        
        Run Build Command(s): "D:/Microsoft Visual Studio/18/Community/Common7/IDE/CommonExtensions/Microsoft/CMake/Ninja/ninja.exe" -v cmTC_2fc6e
        [1/2] "D:\\Microsoft Visual Studio\\18\\Community\\VC\\Tools\\MSVC\\14.51.36231\\bin\\Hostx64\\x64\\cl.exe"  /nologo -D_MBCS  /nologo /DWIN32 /D_WINDOWS /utf-8 /MP   /MDd /Z7 /Ob0 /Od /RTC1 /showIncludes /FoCMakeFiles\\cmTC_2fc6e.dir\\CheckSymbolExists.c.obj /FdCMakeFiles\\cmTC_2fc6e.dir\\ /FS -c D:\\WaterSurfaceRendererScratch\\vcpkg_installed\\vcpkg\\blds\\fftw3\\x64-windows-dbg\\CMakeFiles\\CMakeScratch\\TryCompile-va8f92\\CheckSymbolExists.c
        [2/2] C:\\windows\\system32\\cmd.exe /C "cd . && "D:\\Microsoft Visual Studio\\18\\Community\\Common7\\IDE\\CommonExtensions\\Microsoft\\CMake\\CMake\\bin\\cmake.exe" -E vs_link_exe --msvc-ver=1951 --intdir=CMakeFiles\\cmTC_2fc6e.dir --rc=C:\\PROGRA~2\\WI3CF2~1\\10\\bin\\100261~1.0\\x64\\rc.exe --mt=C:\\PROGRA~2\\WI3CF2~1\\10\\bin\\100261~1.0\\x64\\mt.exe --manifests  -- "D:\\Microsoft Visual Studio\\18\\Community\\VC\\Tools\\MSVC\\14.51.36231\\bin\\Hostx64\\x64\\link.exe" /nologo CMakeFiles\\cmTC_2fc6e.dir\\CheckSymbolExists.c.obj  /out:cmTC_2fc6e.exe /implib:cmTC_2fc6e.lib /pdb:cmTC_2fc6e.pdb /version:0.0 /machine:x64 /nologo /debug /INCREMENTAL /subsystem:console  kernel32.lib user32.lib gdi32.lib winspool.lib shell32.lib ole32.lib oleaut32.lib uuid.lib comdlg32.lib advapi32.lib && cd ."
        
      exitCode: 0
  -
    kind: "try_compile-v1"
    backtrace:
      - "D:/Microsoft Visual Studio/18/Community/Common7/IDE/CommonExtensions/Microsoft/CMake/CMake/share/cmake-4.3/Modules/CheckSymbolExists.cmake:193 (try_compile)"
      - "D:/Microsoft Visual Studio/18/Community/Common7/IDE/CommonExtensions/Microsoft/CMake/CMake/share/cmake-4.3/Modules/CheckSymbolExists.cmake:98 (__CHECK_SYMBOL_EXISTS_IMPL)"
      - "CMakeLists.txt:89 (check_symbol_exists)"
    checks:
      - "Looking for strchr"
    directories:
      source: "D:/WaterSurfaceRendererScratch/vcpkg_installed/vcpkg/blds/fftw3/x64-windows-dbg/CMakeFiles/CMakeScratch/TryCompile-jeoivf"
      binary: "D:/WaterSurfaceRendererScratch/vcpkg_installed/vcpkg/blds/fftw3/x64-windows-dbg/CMakeFiles/CMakeScratch/TryCompile-jeoivf"
    cmakeVariables:
      CMAKE_CXX_STDLIB_MODULES_JSON: ""
      CMAKE_C_FLAGS: " /nologo /DWIN32 /D_WINDOWS /utf-8 /MP "
      CMAKE_EXE_LINKER_FLAGS: "/machine:x64"
      CMAKE_MSVC_DEBUG_INFORMATION_FORMAT: ""
      CMAKE_MSVC_RUNTIME_LIBRARY: "MultiThreaded$<$<CONFIG:Debug>:Debug>$<$<STREQUAL:dynamic,dynamic>:DLL>"
      VCPKG_CHAINLOAD_TOOLCHAIN_FILE: "D:/Microsoft Visual Studio/18/Community/VC/vcpkg/scripts/toolchains/windows.cmake"
      VCPKG_CRT_LINKAGE: "dynamic"
      VCPKG_CXX_FLAGS: ""
      VCPKG_CXX_FLAGS_DEBUG: ""
      VCPKG_CXX_FLAGS_RELEASE: ""
      VCPKG_C_FLAGS: ""
      VCPKG_C_FLAGS_DEBUG: ""
      VCPKG_C_FLAGS_RELEASE: ""
      VCPKG_INSTALLED_DIR: "D:/WaterSurfaceRendererScratch/vcpkg_installed"
      VCPKG_LINKER_FLAGS: ""
      VCPKG_LINKER_FLAGS_DEBUG: ""
      VCPKG_LINKER_FLAGS_RELEASE: ""
      VCPKG_PLATFORM_TOOLSET: "v145"
      VCPKG_PREFER_SYSTEM_LIBS: "OFF"
      VCPKG_SET_CHARSET_FLAG: "ON"
      VCPKG_TARGET_ARCHITECTURE: "x64"
      VCPKG_TARGET_TRIPLET: "x64-windows"
      Z_VCPKG_ROOT_DIR: "D:/Microsoft Visual Studio/18/Community/VC/vcpkg"
    buildResult:
      variable: "HAVE_STRCHR"
      cached: true
      stdout: |
        Change Dir: 'D:/WaterSurfaceRendererScratch/vcpkg_installed/vcpkg/blds/fftw3/x64-windows-dbg/CMakeFiles/CMakeScratch/TryCompile-jeoivf'
        
        Run Build Command(s): "D:/Microsoft Visual Studio/18/Community/Common7/IDE/CommonExtensions/Microsoft/CMake/Ninja/ninja.exe" -v cmTC_6f3bf
        [1/2] "D:\\Microsoft Visual Studio\\18\\Community\\VC\\Tools\\MSVC\\14.51.36231\\bin\\Hostx64\\x64\\cl.exe"  /nologo -D_MBCS  /nologo /DWIN32 /D_WINDOWS /utf-8 /MP   /MDd /Z7 /Ob0 /Od /RTC1 /showIncludes /FoCMakeFiles\\cmTC_6f3bf.dir\\CheckSymbolExists.c.obj /FdCMakeFiles\\cmTC_6f3bf.dir\\ /FS -c D:\\WaterSurfaceRendererScratch\\vcpkg_installed\\vcpkg\\blds\\fftw3\\x64-windows-dbg\\CMakeFiles\\CMakeScratch\\TryCompile-jeoivf\\CheckSymbolExists.c
        [2/2] C:\\windows\\system32\\cmd.exe /C "cd . && "D:\\Microsoft Visual Studio\\18\\Community\\Common7\\IDE\\CommonExtensions\\Microsoft\\CMake\\CMake\\bin\\cmake.exe" -E vs_link_exe --msvc-ver=1951 --intdir=CMakeFiles\\cmTC_6f3bf.dir --rc=C:\\PROGRA~2\\WI3CF2~1\\10\\bin\\100261~1.0\\x64\\rc.exe --mt=C:\\PROGRA~2\\WI3CF2~1\\10\\bin\\100261~1.0\\x64\\mt.exe --manifests  -- "D:\\Microsoft Visual Studio\\18\\Community\\VC\\Tools\\MSVC\\14.51.36231\\bin\\Hostx64\\x64\\link.exe" /nologo CMakeFiles\\cmTC_6f3bf.dir\\CheckSymbolExists.c.obj  /out:cmTC_6f3bf.exe /implib:cmTC_6f3bf.lib /pdb:cmTC_6f3bf.pdb /version:0.0 /machine:x64 /nologo /debug /INCREMENTAL /subsystem:console  kernel32.lib user32.lib gdi32.lib winspool.lib shell32.lib ole32.lib oleaut32.lib uuid.lib comdlg32.lib advapi32.lib && cd ."
        
      exitCode: 0
  -
    kind: "try_compile-v1"
    backtrace:
      - "D:/Microsoft Visual Studio/18/Community/Common7/IDE/CommonExtensions/Microsoft/CMake/CMake/share/cmake-4.3/Modules/CheckSymbolExists.cmake:193 (try_compile)"
      - "D:/Microsoft Visual Studio/18/Community/Common7/IDE/CommonExtensions/Microsoft/CMake/CMake/share/cmake-4.3/Modules/CheckSymbolExists.cmake:98 (__CHECK_SYMBOL_EXISTS_IMPL)"
      - "CMakeLists.txt:90 (check_symbol_exists)"
    checks:
      - "Looking for sysctl"
    directories:
      source: "D:/WaterSurfaceRendererScratch/vcpkg_installed/vcpkg/blds/fftw3/x64-windows-dbg/CMakeFiles/CMakeScratch/TryCompile-i1aa7m"
      binary: "D:/WaterSurfaceRendererScratch/vcpkg_installed/vcpkg/blds/fftw3/x64-windows-dbg/CMakeFiles/CMakeScratch/TryCompile-i1aa7m"
    cmakeVariables:
      CMAKE_CXX_STDLIB_MODULES_JSON: ""
      CMAKE_C_FLAGS: " /nologo /DWIN32 /D_WINDOWS /utf-8 /MP "
      CMAKE_EXE_LINKER_FLAGS: "/machine:x64"
      CMAKE_MSVC_DEBUG_INFORMATION_FORMAT: ""
      CMAKE_MSVC_RUNTIME_LIBRARY: "MultiThreaded$<$<CONFIG:Debug>:Debug>$<$<STREQUAL:dynamic,dynamic>:DLL>"
      VCPKG_CHAINLOAD_TOOLCHAIN_FILE: "D:/Microsoft Visual Studio/18/Community/VC/vcpkg/scripts/toolchains/windows.cmake"
      VCPKG_CRT_LINKAGE: "dynamic"
      VCPKG_CXX_FLAGS: ""
      VCPKG_CXX_FLAGS_DEBUG: ""
      VCPKG_CXX_FLAGS_RELEASE: ""
      VCPKG_C_FLAGS: ""
      VCPKG_C_FLAGS_DEBUG: ""
      VCPKG_C_FLAGS_RELEASE: ""
      VCPKG_INSTALLED_DIR: "D:/WaterSurfaceRendererScratch/vcpkg_installed"
      VCPKG_LINKER_FLAGS: ""
      VCPKG_LINKER_FLAGS_DEBUG: ""
      VCPKG_LINKER_FLAGS_RELEASE: ""
      VCPKG_PLATFORM_TOOLSET: "v145"
      VCPKG_PREFER_SYSTEM_LIBS: "OFF"
      VCPKG_SET_CHARSET_FLAG: "ON"
      VCPKG_TARGET_ARCHITECTURE: "x64"
      VCPKG_TARGET_TRIPLET: "x64-windows"
      Z_VCPKG_ROOT_DIR: "D:/Microsoft Visual Studio/18/Community/VC/vcpkg"
    buildResult:
      variable: "HAVE_SYSCTL"
      cached: true
      stdout: |
        Change Dir: 'D:/WaterSurfaceRendererScratch/vcpkg_installed/vcpkg/blds/fftw3/x64-windows-dbg/CMakeFiles/CMakeScratch/TryCompile-i1aa7m'
        
        Run Build Command(s): "D:/Microsoft Visual Studio/18/Community/Common7/IDE/CommonExtensions/Microsoft/CMake/Ninja/ninja.exe" -v cmTC_a5f6e
        [1/2] "D:\\Microsoft Visual Studio\\18\\Community\\VC\\Tools\\MSVC\\14.51.36231\\bin\\Hostx64\\x64\\cl.exe"  /nologo -D_MBCS  /nologo /DWIN32 /D_WINDOWS /utf-8 /MP   /MDd /Z7 /Ob0 /Od /RTC1 /showIncludes /FoCMakeFiles\\cmTC_a5f6e.dir\\CheckSymbolExists.c.obj /FdCMakeFiles\\cmTC_a5f6e.dir\\ /FS -c D:\\WaterSurfaceRendererScratch\\vcpkg_installed\\vcpkg\\blds\\fftw3\\x64-windows-dbg\\CMakeFiles\\CMakeScratch\\TryCompile-i1aa7m\\CheckSymbolExists.c
        FAILED: [code=2] CMakeFiles/cmTC_a5f6e.dir/CheckSymbolExists.c.obj 
        "D:\\Microsoft Visual Studio\\18\\Community\\VC\\Tools\\MSVC\\14.51.36231\\bin\\Hostx64\\x64\\cl.exe"  /nologo -D_MBCS  /nologo /DWIN32 /D_WINDOWS /utf-8 /MP   /MDd /Z7 /Ob0 /Od /RTC1 /showIncludes /FoCMakeFiles\\cmTC_a5f6e.dir\\CheckSymbolExists.c.obj /FdCMakeFiles\\cmTC_a5f6e.dir\\ /FS -c D:\\WaterSurfaceRendererScratch\\vcpkg_installed\\vcpkg\\blds\\fftw3\\x64-windows-dbg\\CMakeFiles\\CMakeScratch\\TryCompile-i1aa7m\\CheckSymbolExists.c
        D:\\WaterSurfaceRendererScratch\\vcpkg_installed\\vcpkg\\blds\\fftw3\\x64-windows-dbg\\CMakeFiles\\CMakeScratch\\TryCompile-i1aa7m\\CheckSymbolExists.c(2): fatal error C1083: 无法打开包括文件: “unistd.h”: No such file or directory
        ninja: build stopped: subcommand failed.
        
      exitCode: 2
  -
    kind: "try_compile-v1"
    backtrace:
      - "D:/Microsoft Visual Studio/18/Community/Common7/IDE/CommonExtensions/Microsoft/CMake/CMake/share/cmake-4.3/Modules/CheckSymbolExists.cmake:193 (try_compile)"
      - "D:/Microsoft Visual Studio/18/Community/Common7/IDE/CommonExtensions/Microsoft/CMake/CMake/share/cmake-4.3/Modules/CheckSymbolExists.cmake:98 (__CHECK_SYMBOL_EXISTS_IMPL)"
      - "CMakeLists.txt:95 (check_symbol_exists)"
    checks:
      - "Looking for cosl"
    directories:
      source: "D:/WaterSurfaceRendererScratch/vcpkg_installed/vcpkg/blds/fftw3/x64-windows-dbg/CMakeFiles/CMakeScratch/TryCompile-5taod0"
      binary: "D:/WaterSurfaceRendererScratch/vcpkg_installed/vcpkg/blds/fftw3/x64-windows-dbg/CMakeFiles/CMakeScratch/TryCompile-5taod0"
    cmakeVariables:
      CMAKE_CXX_STDLIB_MODULES_JSON: ""
      CMAKE_C_FLAGS: " /nologo /DWIN32 /D_WINDOWS /utf-8 /MP "
      CMAKE_EXE_LINKER_FLAGS: "/machine:x64"
      CMAKE_MSVC_DEBUG_INFORMATION_FORMAT: ""
      CMAKE_MSVC_RUNTIME_LIBRARY: "MultiThreaded$<$<CONFIG:Debug>:Debug>$<$<STREQUAL:dynamic,dynamic>:DLL>"
      VCPKG_CHAINLOAD_TOOLCHAIN_FILE: "D:/Microsoft Visual Studio/18/Community/VC/vcpkg/scripts/toolchains/windows.cmake"
      VCPKG_CRT_LINKAGE: "dynamic"
      VCPKG_CXX_FLAGS: ""
      VCPKG_CXX_FLAGS_DEBUG: ""
      VCPKG_CXX_FLAGS_RELEASE: ""
      VCPKG_C_FLAGS: ""
      VCPKG_C_FLAGS_DEBUG: ""
      VCPKG_C_FLAGS_RELEASE: ""
      VCPKG_INSTALLED_DIR: "D:/WaterSurfaceRendererScratch/vcpkg_installed"
      VCPKG_LINKER_FLAGS: ""
      VCPKG_LINKER_FLAGS_DEBUG: ""
      VCPKG_LINKER_FLAGS_RELEASE: ""
      VCPKG_PLATFORM_TOOLSET: "v145"
      VCPKG_PREFER_SYSTEM_LIBS: "OFF"
      VCPKG_SET_CHARSET_FLAG: "ON"
      VCPKG_TARGET_ARCHITECTURE: "x64"
      VCPKG_TARGET_TRIPLET: "x64-windows"
      Z_VCPKG_ROOT_DIR: "D:/Microsoft Visual Studio/18/Community/VC/vcpkg"
    buildResult:
      variable: "HAVE_COSL"
      cached: true
      stdout: |
        Change Dir: 'D:/WaterSurfaceRendererScratch/vcpkg_installed/vcpkg/blds/fftw3/x64-windows-dbg/CMakeFiles/CMakeScratch/TryCompile-5taod0'
        
        Run Build Command(s): "D:/Microsoft Visual Studio/18/Community/Common7/IDE/CommonExtensions/Microsoft/CMake/Ninja/ninja.exe" -v cmTC_7e9e1
        [1/2] "D:\\Microsoft Visual Studio\\18\\Community\\VC\\Tools\\MSVC\\14.51.36231\\bin\\Hostx64\\x64\\cl.exe"  /nologo -D_MBCS  /nologo /DWIN32 /D_WINDOWS /utf-8 /MP   /MDd /Z7 /Ob0 /Od /RTC1 /showIncludes /FoCMakeFiles\\cmTC_7e9e1.dir\\CheckSymbolExists.c.obj /FdCMakeFiles\\cmTC_7e9e1.dir\\ /FS -c D:\\WaterSurfaceRendererScratch\\vcpkg_installed\\vcpkg\\blds\\fftw3\\x64-windows-dbg\\CMakeFiles\\CMakeScratch\\TryCompile-5taod0\\CheckSymbolExists.c
        [2/2] C:\\windows\\system32\\cmd.exe /C "cd . && "D:\\Microsoft Visual Studio\\18\\Community\\Common7\\IDE\\CommonExtensions\\Microsoft\\CMake\\CMake\\bin\\cmake.exe" -E vs_link_exe --msvc-ver=1951 --intdir=CMakeFiles\\cmTC_7e9e1.dir --rc=C:\\PROGRA~2\\WI3CF2~1\\10\\bin\\100261~1.0\\x64\\rc.exe --mt=C:\\PROGRA~2\\WI3CF2~1\\10\\bin\\100261~1.0\\x64\\mt.exe --manifests  -- "D:\\Microsoft Visual Studio\\18\\Community\\VC\\Tools\\MSVC\\14.51.36231\\bin\\Hostx64\\x64\\link.exe" /nologo CMakeFiles\\cmTC_7e9e1.dir\\CheckSymbolExists.c.obj  /out:cmTC_7e9e1.exe /implib:cmTC_7e9e1.lib /pdb:cmTC_7e9e1.pdb /version:0.0 /machine:x64 /nologo /debug /INCREMENTAL /subsystem:console  kernel32.lib user32.lib gdi32.lib winspool.lib shell32.lib ole32.lib oleaut32.lib uuid.lib comdlg32.lib advapi32.lib && cd ."
        
      exitCode: 0
  -
    kind: "try_compile-v1"
    backtrace:
      - "D:/Microsoft Visual Studio/18/Community/Common7/IDE/CommonExtensions/Microsoft/CMake/CMake/share/cmake-4.3/Modules/CheckSymbolExists.cmake:193 (try_compile)"
      - "D:/Microsoft Visual Studio/18/Community/Common7/IDE/CommonExtensions/Microsoft/CMake/CMake/share/cmake-4.3/Modules/CheckSymbolExists.cmake:98 (__CHECK_SYMBOL_EXISTS_IMPL)"
      - "CMakeLists.txt:96 (check_symbol_exists)"
    checks:
      - "Looking for sinl"
    directories:
      source: "D:/WaterSurfaceRendererScratch/vcpkg_installed/vcpkg/blds/fftw3/x64-windows-dbg/CMakeFiles/CMakeScratch/TryCompile-rfniap"
      binary: "D:/WaterSurfaceRendererScratch/vcpkg_installed/vcpkg/blds/fftw3/x64-windows-dbg/CMakeFiles/CMakeScratch/TryCompile-rfniap"
    cmakeVariables:
      CMAKE_CXX_STDLIB_MODULES_JSON: ""
      CMAKE_C_FLAGS: " /nologo /DWIN32 /D_WINDOWS /utf-8 /MP "
      CMAKE_EXE_LINKER_FLAGS: "/machine:x64"
      CMAKE_MSVC_DEBUG_INFORMATION_FORMAT: ""
      CMAKE_MSVC_RUNTIME_LIBRARY: "MultiThreaded$<$<CONFIG:Debug>:Debug>$<$<STREQUAL:dynamic,dynamic>:DLL>"
      VCPKG_CHAINLOAD_TOOLCHAIN_FILE: "D:/Microsoft Visual Studio/18/Community/VC/vcpkg/scripts/toolchains/windows.cmake"
      VCPKG_CRT_LINKAGE: "dynamic"
      VCPKG_CXX_FLAGS: ""
      VCPKG_CXX_FLAGS_DEBUG: ""
      VCPKG_CXX_FLAGS_RELEASE: ""
      VCPKG_C_FLAGS: ""
      VCPKG_C_FLAGS_DEBUG: ""
      VCPKG_C_FLAGS_RELEASE: ""
      VCPKG_INSTALLED_DIR: "D:/WaterSurfaceRendererScratch/vcpkg_installed"
      VCPKG_LINKER_FLAGS: ""
      VCPKG_LINKER_FLAGS_DEBUG: ""
      VCPKG_LINKER_FLAGS_RELEASE: ""
      VCPKG_PLATFORM_TOOLSET: "v145"
      VCPKG_PREFER_SYSTEM_LIBS: "OFF"
      VCPKG_SET_CHARSET_FLAG: "ON"
      VCPKG_TARGET_ARCHITECTURE: "x64"
      VCPKG_TARGET_TRIPLET: "x64-windows"
      Z_VCPKG_ROOT_DIR: "D:/Microsoft Visual Studio/18/Community/VC/vcpkg"
    buildResult:
      variable: "HAVE_SINL"
      cached: true
      stdout: |
        Change Dir: 'D:/WaterSurfaceRendererScratch/vcpkg_installed/vcpkg/blds/fftw3/x64-windows-dbg/CMakeFiles/CMakeScratch/TryCompile-rfniap'
        
        Run Build Command(s): "D:/Microsoft Visual Studio/18/Community/Common7/IDE/CommonExtensions/Microsoft/CMake/Ninja/ninja.exe" -v cmTC_8d824
        [1/2] "D:\\Microsoft Visual Studio\\18\\Community\\VC\\Tools\\MSVC\\14.51.36231\\bin\\Hostx64\\x64\\cl.exe"  /nologo -D_MBCS  /nologo /DWIN32 /D_WINDOWS /utf-8 /MP   /MDd /Z7 /Ob0 /Od /RTC1 /showIncludes /FoCMakeFiles\\cmTC_8d824.dir\\CheckSymbolExists.c.obj /FdCMakeFiles\\cmTC_8d824.dir\\ /FS -c D:\\WaterSurfaceRendererScratch\\vcpkg_installed\\vcpkg\\blds\\fftw3\\x64-windows-dbg\\CMakeFiles\\CMakeScratch\\TryCompile-rfniap\\CheckSymbolExists.c
        [2/2] C:\\windows\\system32\\cmd.exe /C "cd . && "D:\\Microsoft Visual Studio\\18\\Community\\Common7\\IDE\\CommonExtensions\\Microsoft\\CMake\\CMake\\bin\\cmake.exe" -E vs_link_exe --msvc-ver=1951 --intdir=CMakeFiles\\cmTC_8d824.dir --rc=C:\\PROGRA~2\\WI3CF2~1\\10\\bin\\100261~1.0\\x64\\rc.exe --mt=C:\\PROGRA~2\\WI3CF2~1\\10\\bin\\100261~1.0\\x64\\mt.exe --manifests  -- "D:\\Microsoft Visual Studio\\18\\Community\\VC\\Tools\\MSVC\\14.51.36231\\bin\\Hostx64\\x64\\link.exe" /nologo CMakeFiles\\cmTC_8d824.dir\\CheckSymbolExists.c.obj  /out:cmTC_8d824.exe /implib:cmTC_8d824.lib /pdb:cmTC_8d824.pdb /version:0.0 /machine:x64 /nologo /debug /INCREMENTAL /subsystem:console  kernel32.lib user32.lib gdi32.lib winspool.lib shell32.lib ole32.lib oleaut32.lib uuid.lib comdlg32.lib advapi32.lib && cd ."
        
      exitCode: 0
  -
    kind: "try_compile-v1"
    backtrace:
      - "D:/Microsoft Visual Studio/18/Community/Common7/IDE/CommonExtensions/Microsoft/CMake/CMake/share/cmake-4.3/Modules/CheckTypeSize.cmake:348 (try_compile)"
      - "D:/Microsoft Visual Studio/18/Community/Common7/IDE/CommonExtensions/Microsoft/CMake/CMake/share/cmake-4.3/Modules/CheckTypeSize.cmake:481 (__check_type_size_impl)"
      - "CMakeLists.txt:99 (check_type_size)"
    checks:
      - "Check size of float"
    directories:
      source: "D:/WaterSurfaceRendererScratch/vcpkg_installed/vcpkg/blds/fftw3/x64-windows-dbg/CMakeFiles/CMakeScratch/TryCompile-tmgbvc"
      binary: "D:/WaterSurfaceRendererScratch/vcpkg_installed/vcpkg/blds/fftw3/x64-windows-dbg/CMakeFiles/CMakeScratch/TryCompile-tmgbvc"
    cmakeVariables:
      CMAKE_CXX_STDLIB_MODULES_JSON: ""
      CMAKE_C_FLAGS: " /nologo /DWIN32 /D_WINDOWS /utf-8 /MP "
      CMAKE_EXE_LINKER_FLAGS: "/machine:x64"
      CMAKE_MSVC_DEBUG_INFORMATION_FORMAT: ""
      CMAKE_MSVC_RUNTIME_LIBRARY: "MultiThreaded$<$<CONFIG:Debug>:Debug>$<$<STREQUAL:dynamic,dynamic>:DLL>"
      VCPKG_CHAINLOAD_TOOLCHAIN_FILE: "D:/Microsoft Visual Studio/18/Community/VC/vcpkg/scripts/toolchains/windows.cmake"
      VCPKG_CRT_LINKAGE: "dynamic"
      VCPKG_CXX_FLAGS: ""
      VCPKG_CXX_FLAGS_DEBUG: ""
      VCPKG_CXX_FLAGS_RELEASE: ""
      VCPKG_C_FLAGS: ""
      VCPKG_C_FLAGS_DEBUG: ""
      VCPKG_C_FLAGS_RELEASE: ""
      VCPKG_INSTALLED_DIR: "D:/WaterSurfaceRendererScratch/vcpkg_installed"
      VCPKG_LINKER_FLAGS: ""
      VCPKG_LINKER_FLAGS_DEBUG: ""
      VCPKG_LINKER_FLAGS_RELEASE: ""
      VCPKG_PLATFORM_TOOLSET: "v145"
      VCPKG_PREFER_SYSTEM_LIBS: "OFF"
      VCPKG_SET_CHARSET_FLAG: "ON"
      VCPKG_TARGET_ARCHITECTURE: "x64"
      VCPKG_TARGET_TRIPLET: "x64-windows"
      Z_VCPKG_ROOT_DIR: "D:/Microsoft Visual Studio/18/Community/VC/vcpkg"
    buildResult:
      variable: "HAVE_SIZEOF_FLOAT"
      cached: true
      stdout: |
        Change Dir: 'D:/WaterSurfaceRendererScratch/vcpkg_installed/vcpkg/blds/fftw3/x64-windows-dbg/CMakeFiles/CMakeScratch/TryCompile-tmgbvc'
        
        Run Build Command(s): "D:/Microsoft Visual Studio/18/Community/Common7/IDE/CommonExtensions/Microsoft/CMake/Ninja/ninja.exe" -v cmTC_585fa
        [1/2] "D:\\Microsoft Visual Studio\\18\\Community\\VC\\Tools\\MSVC\\14.51.36231\\bin\\Hostx64\\x64\\cl.exe"  /nologo -D_MBCS  /nologo /DWIN32 /D_WINDOWS /utf-8 /MP   /MDd /Z7 /Ob0 /Od /RTC1 /showIncludes /FoCMakeFiles\\cmTC_585fa.dir\\SIZEOF_FLOAT.c.obj /FdCMakeFiles\\cmTC_585fa.dir\\ /FS -c D:\\WaterSurfaceRendererScratch\\vcpkg_installed\\vcpkg\\blds\\fftw3\\x64-windows-dbg\\CMakeFiles\\CMakeScratch\\TryCompile-tmgbvc\\SIZEOF_FLOAT.c
        [2/2] C:\\windows\\system32\\cmd.exe /C "cd . && "D:\\Microsoft Visual Studio\\18\\Community\\Common7\\IDE\\CommonExtensions\\Microsoft\\CMake\\CMake\\bin\\cmake.exe" -E vs_link_exe --msvc-ver=1951 --intdir=CMakeFiles\\cmTC_585fa.dir --rc=C:\\PROGRA~2\\WI3CF2~1\\10\\bin\\100261~1.0\\x64\\rc.exe --mt=C:\\PROGRA~2\\WI3CF2~1\\10\\bin\\100261~1.0\\x64\\mt.exe --manifests  -- "D:\\Microsoft Visual Studio\\18\\Community\\VC\\Tools\\MSVC\\14.51.36231\\bin\\Hostx64\\x64\\link.exe" /nologo CMakeFiles\\cmTC_585fa.dir\\SIZEOF_FLOAT.c.obj  /out:cmTC_585fa.exe /implib:cmTC_585fa.lib /pdb:cmTC_585fa.pdb /version:0.0 /machine:x64 /nologo /debug /INCREMENTAL /subsystem:console  kernel32.lib user32.lib gdi32.lib winspool.lib shell32.lib ole32.lib oleaut32.lib uuid.lib comdlg32.lib advapi32.lib && cd ."
        
      exitCode: 0
  -
    kind: "try_compile-v1"
    backtrace:
      - "D:/Microsoft Visual Studio/18/Community/Common7/IDE/CommonExtensions/Microsoft/CMake/CMake/share/cmake-4.3/Modules/CheckTypeSize.cmake:348 (try_compile)"
      - "D:/Microsoft Visual Studio/18/Community/Common7/IDE/CommonExtensions/Microsoft/CMake/CMake/share/cmake-4.3/Modules/CheckTypeSize.cmake:481 (__check_type_size_impl)"
      - "CMakeLists.txt:100 (check_type_size)"
    checks:
      - "Check size of double"
    directories:
      source: "D:/WaterSurfaceRendererScratch/vcpkg_installed/vcpkg/blds/fftw3/x64-windows-dbg/CMakeFiles/CMakeScratch/TryCompile-pni9qd"
      binary: "D:/WaterSurfaceRendererScratch/vcpkg_installed/vcpkg/blds/fftw3/x64-windows-dbg/CMakeFiles/CMakeScratch/TryCompile-pni9qd"
    cmakeVariables:
      CMAKE_CXX_STDLIB_MODULES_JSON: ""
      CMAKE_C_FLAGS: " /nologo /DWIN32 /D_WINDOWS /utf-8 /MP "
      CMAKE_EXE_LINKER_FLAGS: "/machine:x64"
      CMAKE_MSVC_DEBUG_INFORMATION_FORMAT: ""
      CMAKE_MSVC_RUNTIME_LIBRARY: "MultiThreaded$<$<CONFIG:Debug>:Debug>$<$<STREQUAL:dynamic,dynamic>:DLL>"
      VCPKG_CHAINLOAD_TOOLCHAIN_FILE: "D:/Microsoft Visual Studio/18/Community/VC/vcpkg/scripts/toolchains/windows.cmake"
      VCPKG_CRT_LINKAGE: "dynamic"
      VCPKG_CXX_FLAGS: ""
      VCPKG_CXX_FLAGS_DEBUG: ""
      VCPKG_CXX_FLAGS_RELEASE: ""
      VCPKG_C_FLAGS: ""
      VCPKG_C_FLAGS_DEBUG: ""
      VCPKG_C_FLAGS_RELEASE: ""
      VCPKG_INSTALLED_DIR: "D:/WaterSurfaceRendererScratch/vcpkg_installed"
      VCPKG_LINKER_FLAGS: ""
      VCPKG_LINKER_FLAGS_DEBUG: ""
      VCPKG_LINKER_FLAGS_RELEASE: ""
      VCPKG_PLATFORM_TOOLSET: "v145"
      VCPKG_PREFER_SYSTEM_LIBS: "OFF"
      VCPKG_SET_CHARSET_FLAG: "ON"
      VCPKG_TARGET_ARCHITECTURE: "x64"
      VCPKG_TARGET_TRIPLET: "x64-windows"
      Z_VCPKG_ROOT_DIR: "D:/Microsoft Visual Studio/18/Community/VC/vcpkg"
    buildResult:
      variable: "HAVE_SIZEOF_DOUBLE"
      cached: true
      stdout: |
        Change Dir: 'D:/WaterSurfaceRendererScratch/vcpkg_installed/vcpkg/blds/fftw3/x64-windows-dbg/CMakeFiles/CMakeScratch/TryCompile-pni9qd'
        
        Run Build Command(s): "D:/Microsoft Visual Studio/18/Community/Common7/IDE/CommonExtensions/Microsoft/CMake/Ninja/ninja.exe" -v cmTC_a3de6
        [1/2] "D:\\Microsoft Visual Studio\\18\\Community\\VC\\Tools\\MSVC\\14.51.36231\\bin\\Hostx64\\x64\\cl.exe"  /nologo -D_MBCS  /nologo /DWIN32 /D_WINDOWS /utf-8 /MP   /MDd /Z7 /Ob0 /Od /RTC1 /showIncludes /FoCMakeFiles\\cmTC_a3de6.dir\\SIZEOF_DOUBLE.c.obj /FdCMakeFiles\\cmTC_a3de6.dir\\ /FS -c D:\\WaterSurfaceRendererScratch\\vcpkg_installed\\vcpkg\\blds\\fftw3\\x64-windows-dbg\\CMakeFiles\\CMakeScratch\\TryCompile-pni9qd\\SIZEOF_DOUBLE.c
        [2/2] C:\\windows\\system32\\cmd.exe /C "cd . && "D:\\Microsoft Visual Studio\\18\\Community\\Common7\\IDE\\CommonExtensions\\Microsoft\\CMake\\CMake\\bin\\cmake.exe" -E vs_link_exe --msvc-ver=1951 --intdir=CMakeFiles\\cmTC_a3de6.dir --rc=C:\\PROGRA~2\\WI3CF2~1\\10\\bin\\100261~1.0\\x64\\rc.exe --mt=C:\\PROGRA~2\\WI3CF2~1\\10\\bin\\100261~1.0\\x64\\mt.exe --manifests  -- "D:\\Microsoft Visual Studio\\18\\Community\\VC\\Tools\\MSVC\\14.51.36231\\bin\\Hostx64\\x64\\link.exe" /nologo CMakeFiles\\cmTC_a3de6.dir\\SIZEOF_DOUBLE.c.obj  /out:cmTC_a3de6.exe /implib:cmTC_a3de6.lib /pdb:cmTC_a3de6.pdb /version:0.0 /machine:x64 /nologo /debug /INCREMENTAL /subsystem:console  kernel32.lib user32.lib gdi32.lib winspool.lib shell32.lib ole32.lib oleaut32.lib uuid.lib comdlg32.lib advapi32.lib && cd ."
        
      exitCode: 0
  -
    kind: "try_compile-v1"
    backtrace:
      - "D:/Microsoft Visual Studio/18/Community/Common7/IDE/CommonExtensions/Microsoft/CMake/CMake/share/cmake-4.3/Modules/CheckTypeSize.cmake:348 (try_compile)"
      - "D:/Microsoft Visual Studio/18/Community/Common7/IDE/CommonExtensions/Microsoft/CMake/CMake/share/cmake-4.3/Modules/CheckTypeSize.cmake:481 (__check_type_size_impl)"
      - "CMakeLists.txt:101 (check_type_size)"
    checks:
      - "Check size of int"
    directories:
      source: "D:/WaterSurfaceRendererScratch/vcpkg_installed/vcpkg/blds/fftw3/x64-windows-dbg/CMakeFiles/CMakeScratch/TryCompile-e1dtd9"
      binary: "D:/WaterSurfaceRendererScratch/vcpkg_installed/vcpkg/blds/fftw3/x64-windows-dbg/CMakeFiles/CMakeScratch/TryCompile-e1dtd9"
    cmakeVariables:
      CMAKE_CXX_STDLIB_MODULES_JSON: ""
      CMAKE_C_FLAGS: " /nologo /DWIN32 /D_WINDOWS /utf-8 /MP "
      CMAKE_EXE_LINKER_FLAGS: "/machine:x64"
      CMAKE_MSVC_DEBUG_INFORMATION_FORMAT: ""
      CMAKE_MSVC_RUNTIME_LIBRARY: "MultiThreaded$<$<CONFIG:Debug>:Debug>$<$<STREQUAL:dynamic,dynamic>:DLL>"
      VCPKG_CHAINLOAD_TOOLCHAIN_FILE: "D:/Microsoft Visual Studio/18/Community/VC/vcpkg/scripts/toolchains/windows.cmake"
      VCPKG_CRT_LINKAGE: "dynamic"
      VCPKG_CXX_FLAGS: ""
      VCPKG_CXX_FLAGS_DEBUG: ""
      VCPKG_CXX_FLAGS_RELEASE: ""
      VCPKG_C_FLAGS: ""
      VCPKG_C_FLAGS_DEBUG: ""
      VCPKG_C_FLAGS_RELEASE: ""
      VCPKG_INSTALLED_DIR: "D:/WaterSurfaceRendererScratch/vcpkg_installed"
      VCPKG_LINKER_FLAGS: ""
      VCPKG_LINKER_FLAGS_DEBUG: ""
      VCPKG_LINKER_FLAGS_RELEASE: ""
      VCPKG_PLATFORM_TOOLSET: "v145"
      VCPKG_PREFER_SYSTEM_LIBS: "OFF"
      VCPKG_SET_CHARSET_FLAG: "ON"
      VCPKG_TARGET_ARCHITECTURE: "x64"
      VCPKG_TARGET_TRIPLET: "x64-windows"
      Z_VCPKG_ROOT_DIR: "D:/Microsoft Visual Studio/18/Community/VC/vcpkg"
    buildResult:
      variable: "HAVE_SIZEOF_INT"
      cached: true
      stdout: |
        Change Dir: 'D:/WaterSurfaceRendererScratch/vcpkg_installed/vcpkg/blds/fftw3/x64-windows-dbg/CMakeFiles/CMakeScratch/TryCompile-e1dtd9'
        
        Run Build Command(s): "D:/Microsoft Visual Studio/18/Community/Common7/IDE/CommonExtensions/Microsoft/CMake/Ninja/ninja.exe" -v cmTC_72ee7
        [1/2] "D:\\Microsoft Visual Studio\\18\\Community\\VC\\Tools\\MSVC\\14.51.36231\\bin\\Hostx64\\x64\\cl.exe"  /nologo -D_MBCS  /nologo /DWIN32 /D_WINDOWS /utf-8 /MP   /MDd /Z7 /Ob0 /Od /RTC1 /showIncludes /FoCMakeFiles\\cmTC_72ee7.dir\\SIZEOF_INT.c.obj /FdCMakeFiles\\cmTC_72ee7.dir\\ /FS -c D:\\WaterSurfaceRendererScratch\\vcpkg_installed\\vcpkg\\blds\\fftw3\\x64-windows-dbg\\CMakeFiles\\CMakeScratch\\TryCompile-e1dtd9\\SIZEOF_INT.c
        [2/2] C:\\windows\\system32\\cmd.exe /C "cd . && "D:\\Microsoft Visual Studio\\18\\Community\\Common7\\IDE\\CommonExtensions\\Microsoft\\CMake\\CMake\\bin\\cmake.exe" -E vs_link_exe --msvc-ver=1951 --intdir=CMakeFiles\\cmTC_72ee7.dir --rc=C:\\PROGRA~2\\WI3CF2~1\\10\\bin\\100261~1.0\\x64\\rc.exe --mt=C:\\PROGRA~2\\WI3CF2~1\\10\\bin\\100261~1.0\\x64\\mt.exe --manifests  -- "D:\\Microsoft Visual Studio\\18\\Community\\VC\\Tools\\MSVC\\14.51.36231\\bin\\Hostx64\\x64\\link.exe" /nologo CMakeFiles\\cmTC_72ee7.dir\\SIZEOF_INT.c.obj  /out:cmTC_72ee7.exe /implib:cmTC_72ee7.lib /pdb:cmTC_72ee7.pdb /version:0.0 /machine:x64 /nologo /debug /INCREMENTAL /subsystem:console  kernel32.lib user32.lib gdi32.lib winspool.lib shell32.lib ole32.lib oleaut32.lib uuid.lib comdlg32.lib advapi32.lib && cd ."
        
      exitCode: 0
  -
    kind: "try_compile-v1"
    backtrace:
      - "D:/Microsoft Visual Studio/18/Community/Common7/IDE/CommonExtensions/Microsoft/CMake/CMake/share/cmake-4.3/Modules/CheckTypeSize.cmake:348 (try_compile)"
      - "D:/Microsoft Visual Studio/18/Community/Common7/IDE/CommonExtensions/Microsoft/CMake/CMake/share/cmake-4.3/Modules/CheckTypeSize.cmake:481 (__check_type_size_impl)"
      - "CMakeLists.txt:102 (check_type_size)"
    checks:
      - "Check size of long"
    directories:
      source: "D:/WaterSurfaceRendererScratch/vcpkg_installed/vcpkg/blds/fftw3/x64-windows-dbg/CMakeFiles/CMakeScratch/TryCompile-l6cyog"
      binary: "D:/WaterSurfaceRendererScratch/vcpkg_installed/vcpkg/blds/fftw3/x64-windows-dbg/CMakeFiles/CMakeScratch/TryCompile-l6cyog"
    cmakeVariables:
      CMAKE_CXX_STDLIB_MODULES_JSON: ""
      CMAKE_C_FLAGS: " /nologo /DWIN32 /D_WINDOWS /utf-8 /MP "
      CMAKE_EXE_LINKER_FLAGS: "/machine:x64"
      CMAKE_MSVC_DEBUG_INFORMATION_FORMAT: ""
      CMAKE_MSVC_RUNTIME_LIBRARY: "MultiThreaded$<$<CONFIG:Debug>:Debug>$<$<STREQUAL:dynamic,dynamic>:DLL>"
      VCPKG_CHAINLOAD_TOOLCHAIN_FILE: "D:/Microsoft Visual Studio/18/Community/VC/vcpkg/scripts/toolchains/windows.cmake"
      VCPKG_CRT_LINKAGE: "dynamic"
      VCPKG_CXX_FLAGS: ""
      VCPKG_CXX_FLAGS_DEBUG: ""
      VCPKG_CXX_FLAGS_RELEASE: ""
      VCPKG_C_FLAGS: ""
      VCPKG_C_FLAGS_DEBUG: ""
      VCPKG_C_FLAGS_RELEASE: ""
      VCPKG_INSTALLED_DIR: "D:/WaterSurfaceRendererScratch/vcpkg_installed"
      VCPKG_LINKER_FLAGS: ""
      VCPKG_LINKER_FLAGS_DEBUG: ""
      VCPKG_LINKER_FLAGS_RELEASE: ""
      VCPKG_PLATFORM_TOOLSET: "v145"
      VCPKG_PREFER_SYSTEM_LIBS: "OFF"
      VCPKG_SET_CHARSET_FLAG: "ON"
      VCPKG_TARGET_ARCHITECTURE: "x64"
      VCPKG_TARGET_TRIPLET: "x64-windows"
      Z_VCPKG_ROOT_DIR: "D:/Microsoft Visual Studio/18/Community/VC/vcpkg"
    buildResult:
      variable: "HAVE_SIZEOF_LONG"
      cached: true
      stdout: |
        Change Dir: 'D:/WaterSurfaceRendererScratch/vcpkg_installed/vcpkg/blds/fftw3/x64-windows-dbg/CMakeFiles/CMakeScratch/TryCompile-l6cyog'
        
        Run Build Command(s): "D:/Microsoft Visual Studio/18/Community/Common7/IDE/CommonExtensions/Microsoft/CMake/Ninja/ninja.exe" -v cmTC_e5b04
        [1/2] "D:\\Microsoft Visual Studio\\18\\Community\\VC\\Tools\\MSVC\\14.51.36231\\bin\\Hostx64\\x64\\cl.exe"  /nologo -D_MBCS  /nologo /DWIN32 /D_WINDOWS /utf-8 /MP   /MDd /Z7 /Ob0 /Od /RTC1 /showIncludes /FoCMakeFiles\\cmTC_e5b04.dir\\SIZEOF_LONG.c.obj /FdCMakeFiles\\cmTC_e5b04.dir\\ /FS -c D:\\WaterSurfaceRendererScratch\\vcpkg_installed\\vcpkg\\blds\\fftw3\\x64-windows-dbg\\CMakeFiles\\CMakeScratch\\TryCompile-l6cyog\\SIZEOF_LONG.c
        [2/2] C:\\windows\\system32\\cmd.exe /C "cd . && "D:\\Microsoft Visual Studio\\18\\Community\\Common7\\IDE\\CommonExtensions\\Microsoft\\CMake\\CMake\\bin\\cmake.exe" -E vs_link_exe --msvc-ver=1951 --intdir=CMakeFiles\\cmTC_e5b04.dir --rc=C:\\PROGRA~2\\WI3CF2~1\\10\\bin\\100261~1.0\\x64\\rc.exe --mt=C:\\PROGRA~2\\WI3CF2~1\\10\\bin\\100261~1.0\\x64\\mt.exe --manifests  -- "D:\\Microsoft Visual Studio\\18\\Community\\VC\\Tools\\MSVC\\14.51.36231\\bin\\Hostx64\\x64\\link.exe" /nologo CMakeFiles\\cmTC_e5b04.dir\\SIZEOF_LONG.c.obj  /out:cmTC_e5b04.exe /implib:cmTC_e5b04.lib /pdb:cmTC_e5b04.pdb /version:0.0 /machine:x64 /nologo /debug /INCREMENTAL /subsystem:console  kernel32.lib user32.lib gdi32.lib winspool.lib shell32.lib ole32.lib oleaut32.lib uuid.lib comdlg32.lib advapi32.lib && cd ."
        
      exitCode: 0
  -
    kind: "try_compile-v1"
    backtrace:
      - "D:/Microsoft Visual Studio/18/Community/Common7/IDE/CommonExtensions/Microsoft/CMake/CMake/share/cmake-4.3/Modules/CheckTypeSize.cmake:348 (try_compile)"
      - "D:/Microsoft Visual Studio/18/Community/Common7/IDE/CommonExtensions/Microsoft/CMake/CMake/share/cmake-4.3/Modules/CheckTypeSize.cmake:481 (__check_type_size_impl)"
      - "CMakeLists.txt:103 (check_type_size)"
    checks:
      - "Check size of long long"
    directories:
      source: "D:/WaterSurfaceRendererScratch/vcpkg_installed/vcpkg/blds/fftw3/x64-windows-dbg/CMakeFiles/CMakeScratch/TryCompile-zfdt7n"
      binary: "D:/WaterSurfaceRendererScratch/vcpkg_installed/vcpkg/blds/fftw3/x64-windows-dbg/CMakeFiles/CMakeScratch/TryCompile-zfdt7n"
    cmakeVariables:
      CMAKE_CXX_STDLIB_MODULES_JSON: ""
      CMAKE_C_FLAGS: " /nologo /DWIN32 /D_WINDOWS /utf-8 /MP "
      CMAKE_EXE_LINKER_FLAGS: "/machine:x64"
      CMAKE_MSVC_DEBUG_INFORMATION_FORMAT: ""
      CMAKE_MSVC_RUNTIME_LIBRARY: "MultiThreaded$<$<CONFIG:Debug>:Debug>$<$<STREQUAL:dynamic,dynamic>:DLL>"
      VCPKG_CHAINLOAD_TOOLCHAIN_FILE: "D:/Microsoft Visual Studio/18/Community/VC/vcpkg/scripts/toolchains/windows.cmake"
      VCPKG_CRT_LINKAGE: "dynamic"
      VCPKG_CXX_FLAGS: ""
      VCPKG_CXX_FLAGS_DEBUG: ""
      VCPKG_CXX_FLAGS_RELEASE: ""
      VCPKG_C_FLAGS: ""
      VCPKG_C_FLAGS_DEBUG: ""
      VCPKG_C_FLAGS_RELEASE: ""
      VCPKG_INSTALLED_DIR: "D:/WaterSurfaceRendererScratch/vcpkg_installed"
      VCPKG_LINKER_FLAGS: ""
      VCPKG_LINKER_FLAGS_DEBUG: ""
      VCPKG_LINKER_FLAGS_RELEASE: ""
      VCPKG_PLATFORM_TOOLSET: "v145"
      VCPKG_PREFER_SYSTEM_LIBS: "OFF"
      VCPKG_SET_CHARSET_FLAG: "ON"
      VCPKG_TARGET_ARCHITECTURE: "x64"
      VCPKG_TARGET_TRIPLET: "x64-windows"
      Z_VCPKG_ROOT_DIR: "D:/Microsoft Visual Studio/18/Community/VC/vcpkg"
    buildResult:
      variable: "HAVE_SIZEOF_LONG_LONG"
      cached: true
      stdout: |
        Change Dir: 'D:/WaterSurfaceRendererScratch/vcpkg_installed/vcpkg/blds/fftw3/x64-windows-dbg/CMakeFiles/CMakeScratch/TryCompile-zfdt7n'
        
        Run Build Command(s): "D:/Microsoft Visual Studio/18/Community/Common7/IDE/CommonExtensions/Microsoft/CMake/Ninja/ninja.exe" -v cmTC_b9514
        [1/2] "D:\\Microsoft Visual Studio\\18\\Community\\VC\\Tools\\MSVC\\14.51.36231\\bin\\Hostx64\\x64\\cl.exe"  /nologo -D_MBCS  /nologo /DWIN32 /D_WINDOWS /utf-8 /MP   /MDd /Z7 /Ob0 /Od /RTC1 /showIncludes /FoCMakeFiles\\cmTC_b9514.dir\\SIZEOF_LONG_LONG.c.obj /FdCMakeFiles\\cmTC_b9514.dir\\ /FS -c D:\\WaterSurfaceRendererScratch\\vcpkg_installed\\vcpkg\\blds\\fftw3\\x64-windows-dbg\\CMakeFiles\\CMakeScratch\\TryCompile-zfdt7n\\SIZEOF_LONG_LONG.c
        [2/2] C:\\windows\\system32\\cmd.exe /C "cd . && "D:\\Microsoft Visual Studio\\18\\Community\\Common7\\IDE\\CommonExtensions\\Microsoft\\CMake\\CMake\\bin\\cmake.exe" -E vs_link_exe --msvc-ver=1951 --intdir=CMakeFiles\\cmTC_b9514.dir --rc=C:\\PROGRA~2\\WI3CF2~1\\10\\bin\\100261~1.0\\x64\\rc.exe --mt=C:\\PROGRA~2\\WI3CF2~1\\10\\bin\\100261~1.0\\x64\\mt.exe --manifests  -- "D:\\Microsoft Visual Studio\\18\\Community\\VC\\Tools\\MSVC\\14.51.36231\\bin\\Hostx64\\x64\\link.exe" /nologo CMakeFiles\\cmTC_b9514.dir\\SIZEOF_LONG_LONG.c.obj  /out:cmTC_b9514.exe /implib:cmTC_b9514.lib /pdb:cmTC_b9514.pdb /version:0.0 /machine:x64 /nologo /debug /INCREMENTAL /subsystem:console  kernel32.lib user32.lib gdi32.lib winspool.lib shell32.lib ole32.lib oleaut32.lib uuid.lib comdlg32.lib advapi32.lib && cd ."
        
      exitCode: 0
  -
    kind: "try_compile-v1"
    backtrace:
      - "D:/Microsoft Visual Studio/18/Community/Common7/IDE/CommonExtensions/Microsoft/CMake/CMake/share/cmake-4.3/Modules/CheckTypeSize.cmake:348 (try_compile)"
      - "D:/Microsoft Visual Studio/18/Community/Common7/IDE/CommonExtensions/Microsoft/CMake/CMake/share/cmake-4.3/Modules/CheckTypeSize.cmake:481 (__check_type_size_impl)"
      - "CMakeLists.txt:104 (check_type_size)"
    checks:
      - "Check size of unsigned int"
    directories:
      source: "D:/WaterSurfaceRendererScratch/vcpkg_installed/vcpkg/blds/fftw3/x64-windows-dbg/CMakeFiles/CMakeScratch/TryCompile-qfix0k"
      binary: "D:/WaterSurfaceRendererScratch/vcpkg_installed/vcpkg/blds/fftw3/x64-windows-dbg/CMakeFiles/CMakeScratch/TryCompile-qfix0k"
    cmakeVariables:
      CMAKE_CXX_STDLIB_MODULES_JSON: ""
      CMAKE_C_FLAGS: " /nologo /DWIN32 /D_WINDOWS /utf-8 /MP "
      CMAKE_EXE_LINKER_FLAGS: "/machine:x64"
      CMAKE_MSVC_DEBUG_INFORMATION_FORMAT: ""
      CMAKE_MSVC_RUNTIME_LIBRARY: "MultiThreaded$<$<CONFIG:Debug>:Debug>$<$<STREQUAL:dynamic,dynamic>:DLL>"
      VCPKG_CHAINLOAD_TOOLCHAIN_FILE: "D:/Microsoft Visual Studio/18/Community/VC/vcpkg/scripts/toolchains/windows.cmake"
      VCPKG_CRT_LINKAGE: "dynamic"
      VCPKG_CXX_FLAGS: ""
      VCPKG_CXX_FLAGS_DEBUG: ""
      VCPKG_CXX_FLAGS_RELEASE: ""
      VCPKG_C_FLAGS: ""
      VCPKG_C_FLAGS_DEBUG: ""
      VCPKG_C_FLAGS_RELEASE: ""
      VCPKG_INSTALLED_DIR: "D:/WaterSurfaceRendererScratch/vcpkg_installed"
      VCPKG_LINKER_FLAGS: ""
      VCPKG_LINKER_FLAGS_DEBUG: ""
      VCPKG_LINKER_FLAGS_RELEASE: ""
      VCPKG_PLATFORM_TOOLSET: "v145"
      VCPKG_PREFER_SYSTEM_LIBS: "OFF"
      VCPKG_SET_CHARSET_FLAG: "ON"
      VCPKG_TARGET_ARCHITECTURE: "x64"
      VCPKG_TARGET_TRIPLET: "x64-windows"
      Z_VCPKG_ROOT_DIR: "D:/Microsoft Visual Studio/18/Community/VC/vcpkg"
    buildResult:
      variable: "HAVE_SIZEOF_UNSIGNED_INT"
      cached: true
      stdout: |
        Change Dir: 'D:/WaterSurfaceRendererScratch/vcpkg_installed/vcpkg/blds/fftw3/x64-windows-dbg/CMakeFiles/CMakeScratch/TryCompile-qfix0k'
        
        Run Build Command(s): "D:/Microsoft Visual Studio/18/Community/Common7/IDE/CommonExtensions/Microsoft/CMake/Ninja/ninja.exe" -v cmTC_541c9
        [1/2] "D:\\Microsoft Visual Studio\\18\\Community\\VC\\Tools\\MSVC\\14.51.36231\\bin\\Hostx64\\x64\\cl.exe"  /nologo -D_MBCS  /nologo /DWIN32 /D_WINDOWS /utf-8 /MP   /MDd /Z7 /Ob0 /Od /RTC1 /showIncludes /FoCMakeFiles\\cmTC_541c9.dir\\SIZEOF_UNSIGNED_INT.c.obj /FdCMakeFiles\\cmTC_541c9.dir\\ /FS -c D:\\WaterSurfaceRendererScratch\\vcpkg_installed\\vcpkg\\blds\\fftw3\\x64-windows-dbg\\CMakeFiles\\CMakeScratch\\TryCompile-qfix0k\\SIZEOF_UNSIGNED_INT.c
        [2/2] C:\\windows\\system32\\cmd.exe /C "cd . && "D:\\Microsoft Visual Studio\\18\\Community\\Common7\\IDE\\CommonExtensions\\Microsoft\\CMake\\CMake\\bin\\cmake.exe" -E vs_link_exe --msvc-ver=1951 --intdir=CMakeFiles\\cmTC_541c9.dir --rc=C:\\PROGRA~2\\WI3CF2~1\\10\\bin\\100261~1.0\\x64\\rc.exe --mt=C:\\PROGRA~2\\WI3CF2~1\\10\\bin\\100261~1.0\\x64\\mt.exe --manifests  -- "D:\\Microsoft Visual Studio\\18\\Community\\VC\\Tools\\MSVC\\14.51.36231\\bin\\Hostx64\\x64\\link.exe" /nologo CMakeFiles\\cmTC_541c9.dir\\SIZEOF_UNSIGNED_INT.c.obj  /out:cmTC_541c9.exe /implib:cmTC_541c9.lib /pdb:cmTC_541c9.pdb /version:0.0 /machine:x64 /nologo /debug /INCREMENTAL /subsystem:console  kernel32.lib user32.lib gdi32.lib winspool.lib shell32.lib ole32.lib oleaut32.lib uuid.lib comdlg32.lib advapi32.lib && cd ."
        
      exitCode: 0
  -
    kind: "try_compile-v1"
    backtrace:
      - "D:/Microsoft Visual Studio/18/Community/Common7/IDE/CommonExtensions/Microsoft/CMake/CMake/share/cmake-4.3/Modules/CheckTypeSize.cmake:348 (try_compile)"
      - "D:/Microsoft Visual Studio/18/Community/Common7/IDE/CommonExtensions/Microsoft/CMake/CMake/share/cmake-4.3/Modules/CheckTypeSize.cmake:481 (__check_type_size_impl)"
      - "CMakeLists.txt:105 (check_type_size)"
    checks:
      - "Check size of unsigned long"
    directories:
      source: "D:/WaterSurfaceRendererScratch/vcpkg_installed/vcpkg/blds/fftw3/x64-windows-dbg/CMakeFiles/CMakeScratch/TryCompile-sudh7o"
      binary: "D:/WaterSurfaceRendererScratch/vcpkg_installed/vcpkg/blds/fftw3/x64-windows-dbg/CMakeFiles/CMakeScratch/TryCompile-sudh7o"
    cmakeVariables:
      CMAKE_CXX_STDLIB_MODULES_JSON: ""
      CMAKE_C_FLAGS: " /nologo /DWIN32 /D_WINDOWS /utf-8 /MP "
      CMAKE_EXE_LINKER_FLAGS: "/machine:x64"
      CMAKE_MSVC_DEBUG_INFORMATION_FORMAT: ""
      CMAKE_MSVC_RUNTIME_LIBRARY: "MultiThreaded$<$<CONFIG:Debug>:Debug>$<$<STREQUAL:dynamic,dynamic>:DLL>"
      VCPKG_CHAINLOAD_TOOLCHAIN_FILE: "D:/Microsoft Visual Studio/18/Community/VC/vcpkg/scripts/toolchains/windows.cmake"
      VCPKG_CRT_LINKAGE: "dynamic"
      VCPKG_CXX_FLAGS: ""
      VCPKG_CXX_FLAGS_DEBUG: ""
      VCPKG_CXX_FLAGS_RELEASE: ""
      VCPKG_C_FLAGS: ""
      VCPKG_C_FLAGS_DEBUG: ""
      VCPKG_C_FLAGS_RELEASE: ""
      VCPKG_INSTALLED_DIR: "D:/WaterSurfaceRendererScratch/vcpkg_installed"
      VCPKG_LINKER_FLAGS: ""
      VCPKG_LINKER_FLAGS_DEBUG: ""
      VCPKG_LINKER_FLAGS_RELEASE: ""
      VCPKG_PLATFORM_TOOLSET: "v145"
      VCPKG_PREFER_SYSTEM_LIBS: "OFF"
      VCPKG_SET_CHARSET_FLAG: "ON"
      VCPKG_TARGET_ARCHITECTURE: "x64"
      VCPKG_TARGET_TRIPLET: "x64-windows"
      Z_VCPKG_ROOT_DIR: "D:/Microsoft Visual Studio/18/Community/VC/vcpkg"
    buildResult:
      variable: "HAVE_SIZEOF_UNSIGNED_LONG"
      cached: true
      stdout: |
        Change Dir: 'D:/WaterSurfaceRendererScratch/vcpkg_installed/vcpkg/blds/fftw3/x64-windows-dbg/CMakeFiles/CMakeScratch/TryCompile-sudh7o'
        
        Run Build Command(s): "D:/Microsoft Visual Studio/18/Community/Common7/IDE/CommonExtensions/Microsoft/CMake/Ninja/ninja.exe" -v cmTC_812af
        [1/2] "D:\\Microsoft Visual Studio\\18\\Community\\VC\\Tools\\MSVC\\14.51.36231\\bin\\Hostx64\\x64\\cl.exe"  /nologo -D_MBCS  /nologo /DWIN32 /D_WINDOWS /utf-8 /MP   /MDd /Z7 /Ob0 /Od /RTC1 /showIncludes /FoCMakeFiles\\cmTC_812af.dir\\SIZEOF_UNSIGNED_LONG.c.obj /FdCMakeFiles\\cmTC_812af.dir\\ /FS -c D:\\WaterSurfaceRendererScratch\\vcpkg_installed\\vcpkg\\blds\\fftw3\\x64-windows-dbg\\CMakeFiles\\CMakeScratch\\TryCompile-sudh7o\\SIZEOF_UNSIGNED_LONG.c
        [2/2] C:\\windows\\system32\\cmd.exe /C "cd . && "D:\\Microsoft Visual Studio\\18\\Community\\Common7\\IDE\\CommonExtensions\\Microsoft\\CMake\\CMake\\bin\\cmake.exe" -E vs_link_exe --msvc-ver=1951 --intdir=CMakeFiles\\cmTC_812af.dir --rc=C:\\PROGRA~2\\WI3CF2~1\\10\\bin\\100261~1.0\\x64\\rc.exe --mt=C:\\PROGRA~2\\WI3CF2~1\\10\\bin\\100261~1.0\\x64\\mt.exe --manifests  -- "D:\\Microsoft Visual Studio\\18\\Community\\VC\\Tools\\MSVC\\14.51.36231\\bin\\Hostx64\\x64\\link.exe" /nologo CMakeFiles\\cmTC_812af.dir\\SIZEOF_UNSIGNED_LONG.c.obj  /out:cmTC_812af.exe /implib:cmTC_812af.lib /pdb:cmTC_812af.pdb /version:0.0 /machine:x64 /nologo /debug /INCREMENTAL /subsystem:console  kernel32.lib user32.lib gdi32.lib winspool.lib shell32.lib ole32.lib oleaut32.lib uuid.lib comdlg32.lib advapi32.lib && cd ."
        
      exitCode: 0
  -
    kind: "try_compile-v1"
    backtrace:
      - "D:/Microsoft Visual Studio/18/Community/Common7/IDE/CommonExtensions/Microsoft/CMake/CMake/share/cmake-4.3/Modules/CheckTypeSize.cmake:348 (try_compile)"
      - "D:/Microsoft Visual Studio/18/Community/Common7/IDE/CommonExtensions/Microsoft/CMake/CMake/share/cmake-4.3/Modules/CheckTypeSize.cmake:481 (__check_type_size_impl)"
      - "CMakeLists.txt:106 (check_type_size)"
    checks:
      - "Check size of unsigned long long"
    directories:
      source: "D:/WaterSurfaceRendererScratch/vcpkg_installed/vcpkg/blds/fftw3/x64-windows-dbg/CMakeFiles/CMakeScratch/TryCompile-qj2v2o"
      binary: "D:/WaterSurfaceRendererScratch/vcpkg_installed/vcpkg/blds/fftw3/x64-windows-dbg/CMakeFiles/CMakeScratch/TryCompile-qj2v2o"
    cmakeVariables:
      CMAKE_CXX_STDLIB_MODULES_JSON: ""
      CMAKE_C_FLAGS: " /nologo /DWIN32 /D_WINDOWS /utf-8 /MP "
      CMAKE_EXE_LINKER_FLAGS: "/machine:x64"
      CMAKE_MSVC_DEBUG_INFORMATION_FORMAT: ""
      CMAKE_MSVC_RUNTIME_LIBRARY: "MultiThreaded$<$<CONFIG:Debug>:Debug>$<$<STREQUAL:dynamic,dynamic>:DLL>"
      VCPKG_CHAINLOAD_TOOLCHAIN_FILE: "D:/Microsoft Visual Studio/18/Community/VC/vcpkg/scripts/toolchains/windows.cmake"
      VCPKG_CRT_LINKAGE: "dynamic"
      VCPKG_CXX_FLAGS: ""
      VCPKG_CXX_FLAGS_DEBUG: ""
      VCPKG_CXX_FLAGS_RELEASE: ""
      VCPKG_C_FLAGS: ""
      VCPKG_C_FLAGS_DEBUG: ""
      VCPKG_C_FLAGS_RELEASE: ""
      VCPKG_INSTALLED_DIR: "D:/WaterSurfaceRendererScratch/vcpkg_installed"
      VCPKG_LINKER_FLAGS: ""
      VCPKG_LINKER_FLAGS_DEBUG: ""
      VCPKG_LINKER_FLAGS_RELEASE: ""
      VCPKG_PLATFORM_TOOLSET: "v145"
      VCPKG_PREFER_SYSTEM_LIBS: "OFF"
      VCPKG_SET_CHARSET_FLAG: "ON"
      VCPKG_TARGET_ARCHITECTURE: "x64"
      VCPKG_TARGET_TRIPLET: "x64-windows"
      Z_VCPKG_ROOT_DIR: "D:/Microsoft Visual Studio/18/Community/VC/vcpkg"
    buildResult:
      variable: "HAVE_SIZEOF_UNSIGNED_LONG_LONG"
      cached: true
      stdout: |
        Change Dir: 'D:/WaterSurfaceRendererScratch/vcpkg_installed/vcpkg/blds/fftw3/x64-windows-dbg/CMakeFiles/CMakeScratch/TryCompile-qj2v2o'
        
        Run Build Command(s): "D:/Microsoft Visual Studio/18/Community/Common7/IDE/CommonExtensions/Microsoft/CMake/Ninja/ninja.exe" -v cmTC_56720
        [1/2] "D:\\Microsoft Visual Studio\\18\\Community\\VC\\Tools\\MSVC\\14.51.36231\\bin\\Hostx64\\x64\\cl.exe"  /nologo -D_MBCS  /nologo /DWIN32 /D_WINDOWS /utf-8 /MP   /MDd /Z7 /Ob0 /Od /RTC1 /showIncludes /FoCMakeFiles\\cmTC_56720.dir\\SIZEOF_UNSIGNED_LONG_LONG.c.obj /FdCMakeFiles\\cmTC_56720.dir\\ /FS -c D:\\WaterSurfaceRendererScratch\\vcpkg_installed\\vcpkg\\blds\\fftw3\\x64-windows-dbg\\CMakeFiles\\CMakeScratch\\TryCompile-qj2v2o\\SIZEOF_UNSIGNED_LONG_LONG.c
        [2/2] C:\\windows\\system32\\cmd.exe /C "cd . && "D:\\Microsoft Visual Studio\\18\\Community\\Common7\\IDE\\CommonExtensions\\Microsoft\\CMake\\CMake\\bin\\cmake.exe" -E vs_link_exe --msvc-ver=1951 --intdir=CMakeFiles\\cmTC_56720.dir --rc=C:\\PROGRA~2\\WI3CF2~1\\10\\bin\\100261~1.0\\x64\\rc.exe --mt=C:\\PROGRA~2\\WI3CF2~1\\10\\bin\\100261~1.0\\x64\\mt.exe --manifests  -- "D:\\Microsoft Visual Studio\\18\\Community\\VC\\Tools\\MSVC\\14.51.36231\\bin\\Hostx64\\x64\\link.exe" /nologo CMakeFiles\\cmTC_56720.dir\\SIZEOF_UNSIGNED_LONG_LONG.c.obj  /out:cmTC_56720.exe /implib:cmTC_56720.lib /pdb:cmTC_56720.pdb /version:0.0 /machine:x64 /nologo /debug /INCREMENTAL /subsystem:console  kernel32.lib user32.lib gdi32.lib winspool.lib shell32.lib ole32.lib oleaut32.lib uuid.lib comdlg32.lib advapi32.lib && cd ."
        
      exitCode: 0
  -
    kind: "try_compile-v1"
    backtrace:
      - "D:/Microsoft Visual Studio/18/Community/Common7/IDE/CommonExtensions/Microsoft/CMake/CMake/share/cmake-4.3/Modules/CheckTypeSize.cmake:348 (try_compile)"
      - "D:/Microsoft Visual Studio/18/Community/Common7/IDE/CommonExtensions/Microsoft/CMake/CMake/share/cmake-4.3/Modules/CheckTypeSize.cmake:481 (__check_type_size_impl)"
      - "CMakeLists.txt:107 (check_type_size)"
    checks:
      - "Check size of size_t"
    directories:
      source: "D:/WaterSurfaceRendererScratch/vcpkg_installed/vcpkg/blds/fftw3/x64-windows-dbg/CMakeFiles/CMakeScratch/TryCompile-53rw57"
      binary: "D:/WaterSurfaceRendererScratch/vcpkg_installed/vcpkg/blds/fftw3/x64-windows-dbg/CMakeFiles/CMakeScratch/TryCompile-53rw57"
    cmakeVariables:
      CMAKE_CXX_STDLIB_MODULES_JSON: ""
      CMAKE_C_FLAGS: " /nologo /DWIN32 /D_WINDOWS /utf-8 /MP "
      CMAKE_EXE_LINKER_FLAGS: "/machine:x64"
      CMAKE_MSVC_DEBUG_INFORMATION_FORMAT: ""
      CMAKE_MSVC_RUNTIME_LIBRARY: "MultiThreaded$<$<CONFIG:Debug>:Debug>$<$<STREQUAL:dynamic,dynamic>:DLL>"
      VCPKG_CHAINLOAD_TOOLCHAIN_FILE: "D:/Microsoft Visual Studio/18/Community/VC/vcpkg/scripts/toolchains/windows.cmake"
      VCPKG_CRT_LINKAGE: "dynamic"
      VCPKG_CXX_FLAGS: ""
      VCPKG_CXX_FLAGS_DEBUG: ""
      VCPKG_CXX_FLAGS_RELEASE: ""
      VCPKG_C_FLAGS: ""
      VCPKG_C_FLAGS_DEBUG: ""
      VCPKG_C_FLAGS_RELEASE: ""
      VCPKG_INSTALLED_DIR: "D:/WaterSurfaceRendererScratch/vcpkg_installed"
      VCPKG_LINKER_FLAGS: ""
      VCPKG_LINKER_FLAGS_DEBUG: ""
      VCPKG_LINKER_FLAGS_RELEASE: ""
      VCPKG_PLATFORM_TOOLSET: "v145"
      VCPKG_PREFER_SYSTEM_LIBS: "OFF"
      VCPKG_SET_CHARSET_FLAG: "ON"
      VCPKG_TARGET_ARCHITECTURE: "x64"
      VCPKG_TARGET_TRIPLET: "x64-windows"
      Z_VCPKG_ROOT_DIR: "D:/Microsoft Visual Studio/18/Community/VC/vcpkg"
    buildResult:
      variable: "HAVE_SIZEOF_SIZE_T"
      cached: true
      stdout: |
        Change Dir: 'D:/WaterSurfaceRendererScratch/vcpkg_installed/vcpkg/blds/fftw3/x64-windows-dbg/CMakeFiles/CMakeScratch/TryCompile-53rw57'
        
        Run Build Command(s): "D:/Microsoft Visual Studio/18/Community/Common7/IDE/CommonExtensions/Microsoft/CMake/Ninja/ninja.exe" -v cmTC_707ad
        [1/2] "D:\\Microsoft Visual Studio\\18\\Community\\VC\\Tools\\MSVC\\14.51.36231\\bin\\Hostx64\\x64\\cl.exe"  /nologo -D_MBCS  /nologo /DWIN32 /D_WINDOWS /utf-8 /MP   /MDd /Z7 /Ob0 /Od /RTC1 /showIncludes /FoCMakeFiles\\cmTC_707ad.dir\\SIZEOF_SIZE_T.c.obj /FdCMakeFiles\\cmTC_707ad.dir\\ /FS -c D:\\WaterSurfaceRendererScratch\\vcpkg_installed\\vcpkg\\blds\\fftw3\\x64-windows-dbg\\CMakeFiles\\CMakeScratch\\TryCompile-53rw57\\SIZEOF_SIZE_T.c
        [2/2] C:\\windows\\system32\\cmd.exe /C "cd . && "D:\\Microsoft Visual Studio\\18\\Community\\Common7\\IDE\\CommonExtensions\\Microsoft\\CMake\\CMake\\bin\\cmake.exe" -E vs_link_exe --msvc-ver=1951 --intdir=CMakeFiles\\cmTC_707ad.dir --rc=C:\\PROGRA~2\\WI3CF2~1\\10\\bin\\100261~1.0\\x64\\rc.exe --mt=C:\\PROGRA~2\\WI3CF2~1\\10\\bin\\100261~1.0\\x64\\mt.exe --manifests  -- "D:\\Microsoft Visual Studio\\18\\Community\\VC\\Tools\\MSVC\\14.51.36231\\bin\\Hostx64\\x64\\link.exe" /nologo CMakeFiles\\cmTC_707ad.dir\\SIZEOF_SIZE_T.c.obj  /out:cmTC_707ad.exe /implib:cmTC_707ad.lib /pdb:cmTC_707ad.pdb /version:0.0 /machine:x64 /nologo /debug /INCREMENTAL /subsystem:console  kernel32.lib user32.lib gdi32.lib winspool.lib shell32.lib ole32.lib oleaut32.lib uuid.lib comdlg32.lib advapi32.lib && cd ."
        
      exitCode: 0
  -
    kind: "try_compile-v1"
    backtrace:
      - "D:/Microsoft Visual Studio/18/Community/Common7/IDE/CommonExtensions/Microsoft/CMake/CMake/share/cmake-4.3/Modules/CheckTypeSize.cmake:348 (try_compile)"
      - "D:/Microsoft Visual Studio/18/Community/Common7/IDE/CommonExtensions/Microsoft/CMake/CMake/share/cmake-4.3/Modules/CheckTypeSize.cmake:481 (__check_type_size_impl)"
      - "CMakeLists.txt:108 (check_type_size)"
    checks:
      - "Check size of ptrdiff_t"
    directories:
      source: "D:/WaterSurfaceRendererScratch/vcpkg_installed/vcpkg/blds/fftw3/x64-windows-dbg/CMakeFiles/CMakeScratch/TryCompile-rjxhs4"
      binary: "D:/WaterSurfaceRendererScratch/vcpkg_installed/vcpkg/blds/fftw3/x64-windows-dbg/CMakeFiles/CMakeScratch/TryCompile-rjxhs4"
    cmakeVariables:
      CMAKE_CXX_STDLIB_MODULES_JSON: ""
      CMAKE_C_FLAGS: " /nologo /DWIN32 /D_WINDOWS /utf-8 /MP "
      CMAKE_EXE_LINKER_FLAGS: "/machine:x64"
      CMAKE_MSVC_DEBUG_INFORMATION_FORMAT: ""
      CMAKE_MSVC_RUNTIME_LIBRARY: "MultiThreaded$<$<CONFIG:Debug>:Debug>$<$<STREQUAL:dynamic,dynamic>:DLL>"
      VCPKG_CHAINLOAD_TOOLCHAIN_FILE: "D:/Microsoft Visual Studio/18/Community/VC/vcpkg/scripts/toolchains/windows.cmake"
      VCPKG_CRT_LINKAGE: "dynamic"
      VCPKG_CXX_FLAGS: ""
      VCPKG_CXX_FLAGS_DEBUG: ""
      VCPKG_CXX_FLAGS_RELEASE: ""
      VCPKG_C_FLAGS: ""
      VCPKG_C_FLAGS_DEBUG: ""
      VCPKG_C_FLAGS_RELEASE: ""
      VCPKG_INSTALLED_DIR: "D:/WaterSurfaceRendererScratch/vcpkg_installed"
      VCPKG_LINKER_FLAGS: ""
      VCPKG_LINKER_FLAGS_DEBUG: ""
      VCPKG_LINKER_FLAGS_RELEASE: ""
      VCPKG_PLATFORM_TOOLSET: "v145"
      VCPKG_PREFER_SYSTEM_LIBS: "OFF"
      VCPKG_SET_CHARSET_FLAG: "ON"
      VCPKG_TARGET_ARCHITECTURE: "x64"
      VCPKG_TARGET_TRIPLET: "x64-windows"
      Z_VCPKG_ROOT_DIR: "D:/Microsoft Visual Studio/18/Community/VC/vcpkg"
    buildResult:
      variable: "HAVE_SIZEOF_PTRDIFF_T"
      cached: true
      stdout: |
        Change Dir: 'D:/WaterSurfaceRendererScratch/vcpkg_installed/vcpkg/blds/fftw3/x64-windows-dbg/CMakeFiles/CMakeScratch/TryCompile-rjxhs4'
        
        Run Build Command(s): "D:/Microsoft Visual Studio/18/Community/Common7/IDE/CommonExtensions/Microsoft/CMake/Ninja/ninja.exe" -v cmTC_437a3
        [1/2] "D:\\Microsoft Visual Studio\\18\\Community\\VC\\Tools\\MSVC\\14.51.36231\\bin\\Hostx64\\x64\\cl.exe"  /nologo -D_MBCS  /nologo /DWIN32 /D_WINDOWS /utf-8 /MP   /MDd /Z7 /Ob0 /Od /RTC1 /showIncludes /FoCMakeFiles\\cmTC_437a3.dir\\SIZEOF_PTRDIFF_T.c.obj /FdCMakeFiles\\cmTC_437a3.dir\\ /FS -c D:\\WaterSurfaceRendererScratch\\vcpkg_installed\\vcpkg\\blds\\fftw3\\x64-windows-dbg\\CMakeFiles\\CMakeScratch\\TryCompile-rjxhs4\\SIZEOF_PTRDIFF_T.c
        [2/2] C:\\windows\\system32\\cmd.exe /C "cd . && "D:\\Microsoft Visual Studio\\18\\Community\\Common7\\IDE\\CommonExtensions\\Microsoft\\CMake\\CMake\\bin\\cmake.exe" -E vs_link_exe --msvc-ver=1951 --intdir=CMakeFiles\\cmTC_437a3.dir --rc=C:\\PROGRA~2\\WI3CF2~1\\10\\bin\\100261~1.0\\x64\\rc.exe --mt=C:\\PROGRA~2\\WI3CF2~1\\10\\bin\\100261~1.0\\x64\\mt.exe --manifests  -- "D:\\Microsoft Visual Studio\\18\\Community\\VC\\Tools\\MSVC\\14.51.36231\\bin\\Hostx64\\x64\\link.exe" /nologo CMakeFiles\\cmTC_437a3.dir\\SIZEOF_PTRDIFF_T.c.obj  /out:cmTC_437a3.exe /implib:cmTC_437a3.lib /pdb:cmTC_437a3.pdb /version:0.0 /machine:x64 /nologo /debug /INCREMENTAL /subsystem:console  kernel32.lib user32.lib gdi32.lib winspool.lib shell32.lib ole32.lib oleaut32.lib uuid.lib comdlg32.lib advapi32.lib && cd ."
        
      exitCode: 0
  -
    kind: "find-v1"
    backtrace:
      - "CMakeLists.txt:112 (find_library)"
    mode: "library"
    variable: "LIBM_LIBRARY"
    description: "Path to a library."
    settings:
      SearchFramework: "LAST"
      SearchAppBundle: "LAST"
      CMAKE_FIND_USE_CMAKE_PATH: true
      CMAKE_FIND_USE_CMAKE_ENVIRONMENT_PATH: true
      CMAKE_FIND_USE_SYSTEM_ENVIRONMENT_PATH: true
      CMAKE_FIND_USE_CMAKE_SYSTEM_PATH: true
      CMAKE_FIND_USE_INSTALL_PREFIX: true
    names:
      - "m"
    candidate_directories:
      - "D:/WaterSurfaceRendererScratch/vcpkg_installed/x64-windows/debug/lib/"
      - "D:/WaterSurfaceRendererScratch/vcpkg_installed/x64-windows/debug/"
      - "D:/WaterSurfaceRendererScratch/vcpkg_installed/x64-windows/debug/WaterSurfaceRendererScratch/vcpkg_installed/x64-windows/lib/"
      - "D:/WaterSurfaceRendererScratch/vcpkg_installed/x64-windows/debug/WaterSurfaceRendererScratch/vcpkg_installed/x64-windows/"
      - "D:/WaterSurfaceRendererScratch/vcpkg_installed/x64-windows/debug/lib/manual-link/"
      - "D:/WaterSurfaceRendererScratch/vcpkg_installed/x64-windows/debug/WaterSurfaceRendererScratch/vcpkg_installed/x64-windows/lib/manual-link/"
      - "D:/WaterSurfaceRendererScratch/vcpkg_installed/x64-windows/debug/Microsoft Visual Studio/18/Community/VC/Tools/MSVC/14.51.36231/atlmfc/lib/x64/"
      - "D:/WaterSurfaceRendererScratch/vcpkg_installed/x64-windows/debug/Microsoft Visual Studio/18/Community/VC/Tools/MSVC/14.51.36231/lib/x64/"
      - "D:/WaterSurfaceRendererScratch/vcpkg_installed/x64-windows/debug/Program Files (x86)/Windows Kits/NETFXSDK/4.8/Lib/um/x64/"
      - "D:/WaterSurfaceRendererScratch/vcpkg_installed/x64-windows/debug/Program Files (x86)/Windows Kits/10/Lib/10.0.26100.0/ucrt/x64/"
      - "D:/WaterSurfaceRendererScratch/vcpkg_installed/x64-windows/debug/Program Files (x86)/Windows Kits/10/Lib/10.0.26100.0/um/x64/"
      - "D:/WaterSurfaceRendererScratch/vcpkg_installed/x64-windows/debug/Microsoft Visual Studio/18/Community/VC/Tools/MSVC/14.51.36231/bin/Hostx64/x64/"
      - "D:/WaterSurfaceRendererScratch/vcpkg_installed/x64-windows/debug/Microsoft Visual Studio/18/Community/Common7/IDE/VC/vcpackages/"
      - "D:/WaterSurfaceRendererScratch/vcpkg_installed/x64-windows/debug/Microsoft Visual Studio/18/Community/Common7/IDE/CommonExtensions/Microsoft/TestWindow/"
      - "D:/WaterSurfaceRendererScratch/vcpkg_installed/x64-windows/debug/Microsoft Visual Studio/18/Community/Common7/IDE/CommonExtensions/Microsoft/TeamFoundation/Team Explorer/"
      - "D:/WaterSurfaceRendererScratch/vcpkg_installed/x64-windows/debug/Microsoft Visual Studio/18/Community/MSBuild/Current/Bin/Roslyn/"
      - "D:/WaterSurfaceRendererScratch/vcpkg_installed/x64-windows/debug/Program Files (x86)/Microsoft SDKs/Windows/v10.0A/bin/NETFX 4.8 Tools/x64/"
      - "D:/WaterSurfaceRendererScratch/vcpkg_installed/x64-windows/debug/Microsoft Visual Studio/18/Community/Team Tools/DiagnosticsHub/Collector/"
      - "D:/WaterSurfaceRendererScratch/vcpkg_installed/x64-windows/debug/Microsoft Visual Studio/18/Community/Common7/IDE/Extensions/Microsoft/CodeCoverage.Console/"
      - "D:/WaterSurfaceRendererScratch/vcpkg_installed/x64-windows/debug/Program Files (x86)/Windows Kits/10/bin/10.0.26100.0/x64/"
      - "D:/WaterSurfaceRendererScratch/vcpkg_installed/x64-windows/debug/Program Files (x86)/Windows Kits/10/bin/x64/"
      - "D:/WaterSurfaceRendererScratch/vcpkg_installed/x64-windows/debug/Microsoft Visual Studio/18/Community/MSBuild/Current/Bin/amd64/"
      - "D:/WaterSurfaceRendererScratch/vcpkg_installed/x64-windows/debug/Windows/Microsoft.NET/Framework64/v4.0.30319/"
      - "D:/WaterSurfaceRendererScratch/vcpkg_installed/x64-windows/debug/Microsoft Visual Studio/18/Community/Common7/IDE/"
      - "D:/WaterSurfaceRendererScratch/vcpkg_installed/x64-windows/debug/Microsoft Visual Studio/18/Community/Common7/Tools/"
      - "D:/WaterSurfaceRendererScratch/vcpkg_installed/x64-windows/debug/Users/xukeheng/AppData/Local/vcpkg/downloads/tools/powershell-core-7.5.4-windows/"
      - "D:/WaterSurfaceRendererScratch/vcpkg_installed/x64-windows/debug/Windows/System32/"
      - "D:/WaterSurfaceRendererScratch/vcpkg_installed/x64-windows/debug/Windows/"
      - "D:/WaterSurfaceRendererScratch/vcpkg_installed/x64-windows/debug/Windows/System32/wbem/"
      - "D:/WaterSurfaceRendererScratch/vcpkg_installed/x64-windows/debug/Windows/System32/WindowsPowerShell/v1.0/"
      - "D:/WaterSurfaceRendererScratch/vcpkg_installed/x64-windows/debug/Windows/System32/OpenSSH/"
      - "D:/WaterSurfaceRendererScratch/vcpkg_installed/x64-windows/debug/Microsoft Visual Studio/18/Community/Common7/IDE/CommonExtensions/Microsoft/CMake/CMake/bin/"
      - "D:/WaterSurfaceRendererScratch/vcpkg_installed/x64-windows/debug/Microsoft Visual Studio/18/Community/Common7/IDE/CommonExtensions/Microsoft/CMake/Ninja/"
      - "D:/WaterSurfaceRendererScratch/vcpkg_installed/x64-windows/debug/Microsoft Visual Studio/18/Community/Common7/IDE/VC/Linux/bin/ConnectionManagerExe/"
      - "D:/WaterSurfaceRendererScratch/vcpkg_installed/x64-windows/debug/Microsoft Visual Studio/18/Community/VC/vcpkg/"
      - "D:/WaterSurfaceRendererScratch/vcpkg_installed/x64-windows/debug/Program Files/lib/"
      - "D:/WaterSurfaceRendererScratch/vcpkg_installed/x64-windows/debug/Program Files/"
      - "D:/WaterSurfaceRendererScratch/vcpkg_installed/x64-windows/debug/Program Files (x86)/lib/"
      - "D:/WaterSurfaceRendererScratch/vcpkg_installed/x64-windows/debug/Program Files (x86)/"
      - "D:/WaterSurfaceRendererScratch/vcpkg_installed/x64-windows/debug/Microsoft Visual Studio/18/Community/Common7/IDE/CommonExtensions/Microsoft/CMake/CMake/lib/"
      - "D:/WaterSurfaceRendererScratch/vcpkg_installed/x64-windows/debug/Microsoft Visual Studio/18/Community/Common7/IDE/CommonExtensions/Microsoft/CMake/CMake/"
      - "D:/WaterSurfaceRendererScratch/vcpkg_installed/x64-windows/debug/WaterSurfaceRendererScratch/vcpkg_installed/vcpkg/pkgs/fftw3_x64-windows/debug/lib/"
      - "D:/WaterSurfaceRendererScratch/vcpkg_installed/x64-windows/debug/WaterSurfaceRendererScratch/vcpkg_installed/vcpkg/pkgs/fftw3_x64-windows/debug/"
      - "D:/WaterSurfaceRendererScratch/vcpkg_installed/x64-windows/debug/WaterSurfaceRendererScratch/vcpkg_installed/vcpkg/pkgs/fftw3_x64-windows/debug/bin/"
      - "D:/WaterSurfaceRendererScratch/vcpkg_installed/x64-windows/debug/bin/"
      - "D:/WaterSurfaceRendererScratch/vcpkg_installed/x64-windows/debug/lib/"
      - "D:/WaterSurfaceRendererScratch/vcpkg_installed/x64-windows/debug/"
      - "D:/WaterSurfaceRendererScratch/vcpkg_installed/x64-windows/lib/"
      - "D:/WaterSurfaceRendererScratch/vcpkg_installed/x64-windows/"
      - "D:/WaterSurfaceRendererScratch/vcpkg_installed/x64-windows/debug/lib/manual-link/"
      - "D:/WaterSurfaceRendererScratch/vcpkg_installed/x64-windows/lib/manual-link/"
      - "D:/WaterSurfaceRendererScratch/vcpkg_installed/x64-windows/Microsoft Visual Studio/18/Community/VC/Tools/MSVC/14.51.36231/atlmfc/lib/x64/"
      - "D:/WaterSurfaceRendererScratch/vcpkg_installed/x64-windows/Microsoft Visual Studio/18/Community/VC/Tools/MSVC/14.51.36231/lib/x64/"
      - "D:/WaterSurfaceRendererScratch/vcpkg_installed/x64-windows/Program Files (x86)/Windows Kits/NETFXSDK/4.8/Lib/um/x64/"
      - "D:/WaterSurfaceRendererScratch/vcpkg_installed/x64-windows/Program Files (x86)/Windows Kits/10/Lib/10.0.26100.0/ucrt/x64/"
      - "D:/WaterSurfaceRendererScratch/vcpkg_installed/x64-windows/Program Files (x86)/Windows Kits/10/Lib/10.0.26100.0/um/x64/"
      - "D:/WaterSurfaceRendererScratch/vcpkg_installed/x64-windows/Microsoft Visual Studio/18/Community/VC/Tools/MSVC/14.51.36231/bin/Hostx64/x64/"
      - "D:/WaterSurfaceRendererScratch/vcpkg_installed/x64-windows/Microsoft Visual Studio/18/Community/Common7/IDE/VC/vcpackages/"
      - "D:/WaterSurfaceRendererScratch/vcpkg_installed/x64-windows/Microsoft Visual Studio/18/Community/Common7/IDE/CommonExtensions/Microsoft/TestWindow/"
      - "D:/WaterSurfaceRendererScratch/vcpkg_installed/x64-windows/Microsoft Visual Studio/18/Community/Common7/IDE/CommonExtensions/Microsoft/TeamFoundation/Team Explorer/"
      - "D:/WaterSurfaceRendererScratch/vcpkg_installed/x64-windows/Microsoft Visual Studio/18/Community/MSBuild/Current/Bin/Roslyn/"
      - "D:/WaterSurfaceRendererScratch/vcpkg_installed/x64-windows/Program Files (x86)/Microsoft SDKs/Windows/v10.0A/bin/NETFX 4.8 Tools/x64/"
      - "D:/WaterSurfaceRendererScratch/vcpkg_installed/x64-windows/Microsoft Visual Studio/18/Community/Team Tools/DiagnosticsHub/Collector/"
      - "D:/WaterSurfaceRendererScratch/vcpkg_installed/x64-windows/Microsoft Visual Studio/18/Community/Common7/IDE/Extensions/Microsoft/CodeCoverage.Console/"
      - "D:/WaterSurfaceRendererScratch/vcpkg_installed/x64-windows/Program Files (x86)/Windows Kits/10/bin/10.0.26100.0/x64/"
      - "D:/WaterSurfaceRendererScratch/vcpkg_installed/x64-windows/Program Files (x86)/Windows Kits/10/bin/x64/"
      - "D:/WaterSurfaceRendererScratch/vcpkg_installed/x64-windows/Microsoft Visual Studio/18/Community/MSBuild/Current/Bin/amd64/"
      - "D:/WaterSurfaceRendererScratch/vcpkg_installed/x64-windows/Windows/Microsoft.NET/Framework64/v4.0.30319/"
      - "D:/WaterSurfaceRendererScratch/vcpkg_installed/x64-windows/Microsoft Visual Studio/18/Community/Common7/IDE/"
      - "D:/WaterSurfaceRendererScratch/vcpkg_installed/x64-windows/Microsoft Visual Studio/18/Community/Common7/Tools/"
      - "D:/WaterSurfaceRendererScratch/vcpkg_installed/x64-windows/Users/xukeheng/AppData/Local/vcpkg/downloads/tools/powershell-core-7.5.4-windows/"
      - "D:/WaterSurfaceRendererScratch/vcpkg_installed/x64-windows/Windows/System32/"
      - "D:/WaterSurfaceRendererScratch/vcpkg_installed/x64-windows/Windows/"
      - "D:/WaterSurfaceRendererScratch/vcpkg_installed/x64-windows/Windows/System32/wbem/"
      - "D:/WaterSurfaceRendererScratch/vcpkg_installed/x64-windows/Windows/System32/WindowsPowerShell/v1.0/"
      - "D:/WaterSurfaceRendererScratch/vcpkg_installed/x64-windows/Windows/System32/OpenSSH/"
      - "D:/WaterSurfaceRendererScratch/vcpkg_installed/x64-windows/Microsoft Visual Studio/18/Community/Common7/IDE/CommonExtensions/Microsoft/CMake/CMake/bin/"
      - "D:/WaterSurfaceRendererScratch/vcpkg_installed/x64-windows/Microsoft Visual Studio/18/Community/Common7/IDE/CommonExtensions/Microsoft/CMake/Ninja/"
      - "D:/WaterSurfaceRendererScratch/vcpkg_installed/x64-windows/Microsoft Visual Studio/18/Community/Common7/IDE/VC/Linux/bin/ConnectionManagerExe/"
      - "D:/WaterSurfaceRendererScratch/vcpkg_installed/x64-windows/Microsoft Visual Studio/18/Community/VC/vcpkg/"
      - "D:/WaterSurfaceRendererScratch/vcpkg_installed/x64-windows/Program Files/lib/"
      - "D:/WaterSurfaceRendererScratch/vcpkg_installed/x64-windows/Program Files/"
      - "D:/WaterSurfaceRendererScratch/vcpkg_installed/x64-windows/Program Files (x86)/lib/"
      - "D:/WaterSurfaceRendererScratch/vcpkg_installed/x64-windows/Program Files (x86)/"
      - "D:/WaterSurfaceRendererScratch/vcpkg_installed/x64-windows/Microsoft Visual Studio/18/Community/Common7/IDE/CommonExtensions/Microsoft/CMake/CMake/lib/"
      - "D:/WaterSurfaceRendererScratch/vcpkg_installed/x64-windows/Microsoft Visual Studio/18/Community/Common7/IDE/CommonExtensions/Microsoft/CMake/CMake/"
      - "D:/WaterSurfaceRendererScratch/vcpkg_installed/x64-windows/WaterSurfaceRendererScratch/vcpkg_installed/vcpkg/pkgs/fftw3_x64-windows/debug/lib/"
      - "D:/WaterSurfaceRendererScratch/vcpkg_installed/x64-windows/WaterSurfaceRendererScratch/vcpkg_installed/vcpkg/pkgs/fftw3_x64-windows/debug/"
      - "D:/WaterSurfaceRendererScratch/vcpkg_installed/x64-windows/WaterSurfaceRendererScratch/vcpkg_installed/vcpkg/pkgs/fftw3_x64-windows/debug/bin/"
      - "D:/WaterSurfaceRendererScratch/vcpkg_installed/x64-windows/bin/"
      - "D:/WaterSurfaceRendererScratch/vcpkg_installed/x64-windows/debug/lib/"
      - "D:/WaterSurfaceRendererScratch/vcpkg_installed/x64-windows/debug/"
      - "D:/WaterSurfaceRendererScratch/vcpkg_installed/x64-windows/lib/"
      - "D:/WaterSurfaceRendererScratch/vcpkg_installed/x64-windows/"
      - "D:/WaterSurfaceRendererScratch/vcpkg_installed/x64-windows/debug/lib/manual-link/"
      - "D:/WaterSurfaceRendererScratch/vcpkg_installed/x64-windows/lib/manual-link/"
      - "D:/Microsoft Visual Studio/18/Community/VC/Tools/MSVC/14.51.36231/atlmfc/lib/x64/"
      - "D:/Microsoft Visual Studio/18/Community/VC/Tools/MSVC/14.51.36231/lib/x64/"
      - "C:/Program Files (x86)/Windows Kits/NETFXSDK/4.8/Lib/um/x64/"
      - "C:/Program Files (x86)/Windows Kits/10/Lib/10.0.26100.0/ucrt/x64/"
      - "C:/Program Files (x86)/Windows Kits/10/Lib/10.0.26100.0/um/x64/"
      - "D:/Microsoft Visual Studio/18/Community/VC/Tools/MSVC/14.51.36231/bin/Hostx64/x64/"
      - "D:/Microsoft Visual Studio/18/Community/Common7/IDE/VC/vcpackages/"
      - "D:/Microsoft Visual Studio/18/Community/Common7/IDE/CommonExtensions/Microsoft/TestWindow/"
      - "D:/Microsoft Visual Studio/18/Community/Common7/IDE/CommonExtensions/Microsoft/TeamFoundation/Team Explorer/"
      - "D:/Microsoft Visual Studio/18/Community/MSBuild/Current/Bin/Roslyn/"
      - "C:/Program Files (x86)/Microsoft SDKs/Windows/v10.0A/bin/NETFX 4.8 Tools/x64/"
      - "D:/Microsoft Visual Studio/18/Community/Team Tools/DiagnosticsHub/Collector/"
      - "D:/Microsoft Visual Studio/18/Community/Common7/IDE/Extensions/Microsoft/CodeCoverage.Console/"
      - "C:/Program Files (x86)/Windows Kits/10/bin/10.0.26100.0/x64/"
      - "C:/Program Files (x86)/Windows Kits/10/bin/x64/"
      - "D:/Microsoft Visual Studio/18/Community/MSBuild/Current/Bin/amd64/"
      - "C:/Windows/Microsoft.NET/Framework64/v4.0.30319/"
      - "D:/Microsoft Visual Studio/18/Community/Common7/IDE/"
      - "D:/Microsoft Visual Studio/18/Community/Common7/Tools/"
      - "C:/Users/xukeheng/AppData/Local/vcpkg/downloads/tools/powershell-core-7.5.4-windows/"
      - "C:/Windows/System32/"
      - "C:/Windows/"
      - "C:/Windows/System32/wbem/"
      - "C:/Windows/System32/WindowsPowerShell/v1.0/"
      - "C:/Windows/System32/OpenSSH/"
      - "D:/Microsoft Visual Studio/18/Community/Common7/IDE/CommonExtensions/Microsoft/CMake/CMake/bin/"
      - "D:/Microsoft Visual Studio/18/Community/Common7/IDE/CommonExtensions/Microsoft/CMake/Ninja/"
      - "D:/Microsoft Visual Studio/18/Community/Common7/IDE/VC/Linux/bin/ConnectionManagerExe/"
      - "D:/Microsoft Visual Studio/18/Community/VC/vcpkg/"
      - "C:/Program Files/lib/"
      - "C:/Program Files/"
      - "C:/Program Files (x86)/lib/"
      - "C:/Program Files (x86)/"
      - "D:/Microsoft Visual Studio/18/Community/Common7/IDE/CommonExtensions/Microsoft/CMake/CMake/lib/"
      - "D:/Microsoft Visual Studio/18/Community/Common7/IDE/CommonExtensions/Microsoft/CMake/CMake/"
      - "D:/WaterSurfaceRendererScratch/vcpkg_installed/vcpkg/pkgs/fftw3_x64-windows/debug/lib/"
      - "D:/WaterSurfaceRendererScratch/vcpkg_installed/vcpkg/pkgs/fftw3_x64-windows/debug/"
      - "D:/WaterSurfaceRendererScratch/vcpkg_installed/vcpkg/pkgs/fftw3_x64-windows/debug/bin/"
      - "/bin/"
    searched_directories:
      - "D:/WaterSurfaceRendererScratch/vcpkg_installed/x64-windows/debug/lib/"
      - "D:/WaterSurfaceRendererScratch/vcpkg_installed/x64-windows/debug/"
      - "D:/WaterSurfaceRendererScratch/vcpkg_installed/x64-windows/debug/WaterSurfaceRendererScratch/vcpkg_installed/x64-windows/lib/"
      - "D:/WaterSurfaceRendererScratch/vcpkg_installed/x64-windows/debug/WaterSurfaceRendererScratch/vcpkg_installed/x64-windows/"
      - "D:/WaterSurfaceRendererScratch/vcpkg_installed/x64-windows/debug/lib/manual-link/"
      - "D:/WaterSurfaceRendererScratch/vcpkg_installed/x64-windows/debug/WaterSurfaceRendererScratch/vcpkg_installed/x64-windows/lib/manual-link/"
      - "D:/WaterSurfaceRendererScratch/vcpkg_installed/x64-windows/debug/Microsoft Visual Studio/18/Community/VC/Tools/MSVC/14.51.36231/atlmfc/lib/x64/"
      - "D:/WaterSurfaceRendererScratch/vcpkg_installed/x64-windows/debug/Microsoft Visual Studio/18/Community/VC/Tools/MSVC/14.51.36231/lib/x64/"
      - "D:/WaterSurfaceRendererScratch/vcpkg_installed/x64-windows/debug/Program Files (x86)/Windows Kits/NETFXSDK/4.8/Lib/um/x64/"
      - "D:/WaterSurfaceRendererScratch/vcpkg_installed/x64-windows/debug/Program Files (x86)/Windows Kits/10/Lib/10.0.26100.0/ucrt/x64/"
      - "D:/WaterSurfaceRendererScratch/vcpkg_installed/x64-windows/debug/Program Files (x86)/Windows Kits/10/Lib/10.0.26100.0/um/x64/"
      - "D:/WaterSurfaceRendererScratch/vcpkg_installed/x64-windows/debug/Microsoft Visual Studio/18/Community/VC/Tools/MSVC/14.51.36231/bin/Hostx64/x64/"
      - "D:/WaterSurfaceRendererScratch/vcpkg_installed/x64-windows/debug/Microsoft Visual Studio/18/Community/Common7/IDE/VC/vcpackages/"
      - "D:/WaterSurfaceRendererScratch/vcpkg_installed/x64-windows/debug/Microsoft Visual Studio/18/Community/Common7/IDE/CommonExtensions/Microsoft/TestWindow/"
      - "D:/WaterSurfaceRendererScratch/vcpkg_installed/x64-windows/debug/Microsoft Visual Studio/18/Community/Common7/IDE/CommonExtensions/Microsoft/TeamFoundation/Team Explorer/"
      - "D:/WaterSurfaceRendererScratch/vcpkg_installed/x64-windows/debug/Microsoft Visual Studio/18/Community/MSBuild/Current/Bin/Roslyn/"
      - "D:/WaterSurfaceRendererScratch/vcpkg_installed/x64-windows/debug/Program Files (x86)/Microsoft SDKs/Windows/v10.0A/bin/NETFX 4.8 Tools/x64/"
      - "D:/WaterSurfaceRendererScratch/vcpkg_installed/x64-windows/debug/Microsoft Visual Studio/18/Community/Team Tools/DiagnosticsHub/Collector/"
      - "D:/WaterSurfaceRendererScratch/vcpkg_installed/x64-windows/debug/Microsoft Visual Studio/18/Community/Common7/IDE/Extensions/Microsoft/CodeCoverage.Console/"
      - "D:/WaterSurfaceRendererScratch/vcpkg_installed/x64-windows/debug/Program Files (x86)/Windows Kits/10/bin/10.0.26100.0/x64/"
      - "D:/WaterSurfaceRendererScratch/vcpkg_installed/x64-windows/debug/Program Files (x86)/Windows Kits/10/bin/x64/"
      - "D:/WaterSurfaceRendererScratch/vcpkg_installed/x64-windows/debug/Microsoft Visual Studio/18/Community/MSBuild/Current/Bin/amd64/"
      - "D:/WaterSurfaceRendererScratch/vcpkg_installed/x64-windows/debug/Windows/Microsoft.NET/Framework64/v4.0.30319/"
      - "D:/WaterSurfaceRendererScratch/vcpkg_installed/x64-windows/debug/Microsoft Visual Studio/18/Community/Common7/IDE/"
      - "D:/WaterSurfaceRendererScratch/vcpkg_installed/x64-windows/debug/Microsoft Visual Studio/18/Community/Common7/Tools/"
      - "D:/WaterSurfaceRendererScratch/vcpkg_installed/x64-windows/debug/Users/xukeheng/AppData/Local/vcpkg/downloads/tools/powershell-core-7.5.4-windows/"
      - "D:/WaterSurfaceRendererScratch/vcpkg_installed/x64-windows/debug/Windows/System32/"
      - "D:/WaterSurfaceRendererScratch/vcpkg_installed/x64-windows/debug/Windows/"
      - "D:/WaterSurfaceRendererScratch/vcpkg_installed/x64-windows/debug/Windows/System32/wbem/"
      - "D:/WaterSurfaceRendererScratch/vcpkg_installed/x64-windows/debug/Windows/System32/WindowsPowerShell/v1.0/"
      - "D:/WaterSurfaceRendererScratch/vcpkg_installed/x64-windows/debug/Windows/System32/OpenSSH/"
      - "D:/WaterSurfaceRendererScratch/vcpkg_installed/x64-windows/debug/Microsoft Visual Studio/18/Community/Common7/IDE/CommonExtensions/Microsoft/CMake/CMake/bin/"
      - "D:/WaterSurfaceRendererScratch/vcpkg_installed/x64-windows/debug/Microsoft Visual Studio/18/Community/Common7/IDE/CommonExtensions/Microsoft/CMake/Ninja/"
      - "D:/WaterSurfaceRendererScratch/vcpkg_installed/x64-windows/debug/Microsoft Visual Studio/18/Community/Common7/IDE/VC/Linux/bin/ConnectionManagerExe/"
      - "D:/WaterSurfaceRendererScratch/vcpkg_installed/x64-windows/debug/Microsoft Visual Studio/18/Community/VC/vcpkg/"
      - "D:/WaterSurfaceRendererScratch/vcpkg_installed/x64-windows/debug/Program Files/lib/"
      - "D:/WaterSurfaceRendererScratch/vcpkg_installed/x64-windows/debug/Program Files/"
      - "D:/WaterSurfaceRendererScratch/vcpkg_installed/x64-windows/debug/Program Files (x86)/lib/"
      - "D:/WaterSurfaceRendererScratch/vcpkg_installed/x64-windows/debug/Program Files (x86)/"
      - "D:/WaterSurfaceRendererScratch/vcpkg_installed/x64-windows/debug/Microsoft Visual Studio/18/Community/Common7/IDE/CommonExtensions/Microsoft/CMake/CMake/lib/"
      - "D:/WaterSurfaceRendererScratch/vcpkg_installed/x64-windows/debug/Microsoft Visual Studio/18/Community/Common7/IDE/CommonExtensions/Microsoft/CMake/CMake/"
      - "D:/WaterSurfaceRendererScratch/vcpkg_installed/x64-windows/debug/WaterSurfaceRendererScratch/vcpkg_installed/vcpkg/pkgs/fftw3_x64-windows/debug/lib/"
      - "D:/WaterSurfaceRendererScratch/vcpkg_installed/x64-windows/debug/WaterSurfaceRendererScratch/vcpkg_installed/vcpkg/pkgs/fftw3_x64-windows/debug/"
      - "D:/WaterSurfaceRendererScratch/vcpkg_installed/x64-windows/debug/WaterSurfaceRendererScratch/vcpkg_installed/vcpkg/pkgs/fftw3_x64-windows/debug/bin/"
      - "D:/WaterSurfaceRendererScratch/vcpkg_installed/x64-windows/debug/bin/"
      - "D:/WaterSurfaceRendererScratch/vcpkg_installed/x64-windows/debug/lib/"
      - "D:/WaterSurfaceRendererScratch/vcpkg_installed/x64-windows/debug/"
      - "D:/WaterSurfaceRendererScratch/vcpkg_installed/x64-windows/lib/"
      - "D:/WaterSurfaceRendererScratch/vcpkg_installed/x64-windows/"
      - "D:/WaterSurfaceRendererScratch/vcpkg_installed/x64-windows/debug/lib/manual-link/"
      - "D:/WaterSurfaceRendererScratch/vcpkg_installed/x64-windows/lib/manual-link/"
      - "D:/WaterSurfaceRendererScratch/vcpkg_installed/x64-windows/Microsoft Visual Studio/18/Community/VC/Tools/MSVC/14.51.36231/atlmfc/lib/x64/"
      - "D:/WaterSurfaceRendererScratch/vcpkg_installed/x64-windows/Microsoft Visual Studio/18/Community/VC/Tools/MSVC/14.51.36231/lib/x64/"
      - "D:/WaterSurfaceRendererScratch/vcpkg_installed/x64-windows/Program Files (x86)/Windows Kits/NETFXSDK/4.8/Lib/um/x64/"
      - "D:/WaterSurfaceRendererScratch/vcpkg_installed/x64-windows/Program Files (x86)/Windows Kits/10/Lib/10.0.26100.0/ucrt/x64/"
      - "D:/WaterSurfaceRendererScratch/vcpkg_installed/x64-windows/Program Files (x86)/Windows Kits/10/Lib/10.0.26100.0/um/x64/"
      - "D:/WaterSurfaceRendererScratch/vcpkg_installed/x64-windows/Microsoft Visual Studio/18/Community/VC/Tools/MSVC/14.51.36231/bin/Hostx64/x64/"
      - "D:/WaterSurfaceRendererScratch/vcpkg_installed/x64-windows/Microsoft Visual Studio/18/Community/Common7/IDE/VC/vcpackages/"
      - "D:/WaterSurfaceRendererScratch/vcpkg_installed/x64-windows/Microsoft Visual Studio/18/Community/Common7/IDE/CommonExtensions/Microsoft/TestWindow/"
      - "D:/WaterSurfaceRendererScratch/vcpkg_installed/x64-windows/Microsoft Visual Studio/18/Community/Common7/IDE/CommonExtensions/Microsoft/TeamFoundation/Team Explorer/"
      - "D:/WaterSurfaceRendererScratch/vcpkg_installed/x64-windows/Microsoft Visual Studio/18/Community/MSBuild/Current/Bin/Roslyn/"
      - "D:/WaterSurfaceRendererScratch/vcpkg_installed/x64-windows/Program Files (x86)/Microsoft SDKs/Windows/v10.0A/bin/NETFX 4.8 Tools/x64/"
      - "D:/WaterSurfaceRendererScratch/vcpkg_installed/x64-windows/Microsoft Visual Studio/18/Community/Team Tools/DiagnosticsHub/Collector/"
      - "D:/WaterSurfaceRendererScratch/vcpkg_installed/x64-windows/Microsoft Visual Studio/18/Community/Common7/IDE/Extensions/Microsoft/CodeCoverage.Console/"
      - "D:/WaterSurfaceRendererScratch/vcpkg_installed/x64-windows/Program Files (x86)/Windows Kits/10/bin/10.0.26100.0/x64/"
      - "D:/WaterSurfaceRendererScratch/vcpkg_installed/x64-windows/Program Files (x86)/Windows Kits/10/bin/x64/"
      - "D:/WaterSurfaceRendererScratch/vcpkg_installed/x64-windows/Microsoft Visual Studio/18/Community/MSBuild/Current/Bin/amd64/"
      - "D:/WaterSurfaceRendererScratch/vcpkg_installed/x64-windows/Windows/Microsoft.NET/Framework64/v4.0.30319/"
      - "D:/WaterSurfaceRendererScratch/vcpkg_installed/x64-windows/Microsoft Visual Studio/18/Community/Common7/IDE/"
      - "D:/WaterSurfaceRendererScratch/vcpkg_installed/x64-windows/Microsoft Visual Studio/18/Community/Common7/Tools/"
      - "D:/WaterSurfaceRendererScratch/vcpkg_installed/x64-windows/Users/xukeheng/AppData/Local/vcpkg/downloads/tools/powershell-core-7.5.4-windows/"
      - "D:/WaterSurfaceRendererScratch/vcpkg_installed/x64-windows/Windows/System32/"
      - "D:/WaterSurfaceRendererScratch/vcpkg_installed/x64-windows/Windows/"
      - "D:/WaterSurfaceRendererScratch/vcpkg_installed/x64-windows/Windows/System32/wbem/"
      - "D:/WaterSurfaceRendererScratch/vcpkg_installed/x64-windows/Windows/System32/WindowsPowerShell/v1.0/"
      - "D:/WaterSurfaceRendererScratch/vcpkg_installed/x64-windows/Windows/System32/OpenSSH/"
      - "D:/WaterSurfaceRendererScratch/vcpkg_installed/x64-windows/Microsoft Visual Studio/18/Community/Common7/IDE/CommonExtensions/Microsoft/CMake/CMake/bin/"
      - "D:/WaterSurfaceRendererScratch/vcpkg_installed/x64-windows/Microsoft Visual Studio/18/Community/Common7/IDE/CommonExtensions/Microsoft/CMake/Ninja/"
      - "D:/WaterSurfaceRendererScratch/vcpkg_installed/x64-windows/Microsoft Visual Studio/18/Community/Common7/IDE/VC/Linux/bin/ConnectionManagerExe/"
      - "D:/WaterSurfaceRendererScratch/vcpkg_installed/x64-windows/Microsoft Visual Studio/18/Community/VC/vcpkg/"
      - "D:/WaterSurfaceRendererScratch/vcpkg_installed/x64-windows/Program Files/lib/"
      - "D:/WaterSurfaceRendererScratch/vcpkg_installed/x64-windows/Program Files/"
      - "D:/WaterSurfaceRendererScratch/vcpkg_installed/x64-windows/Program Files (x86)/lib/"
      - "D:/WaterSurfaceRendererScratch/vcpkg_installed/x64-windows/Program Files (x86)/"
      - "D:/WaterSurfaceRendererScratch/vcpkg_installed/x64-windows/Microsoft Visual Studio/18/Community/Common7/IDE/CommonExtensions/Microsoft/CMake/CMake/lib/"
      - "D:/WaterSurfaceRendererScratch/vcpkg_installed/x64-windows/Microsoft Visual Studio/18/Community/Common7/IDE/CommonExtensions/Microsoft/CMake/CMake/"
      - "D:/WaterSurfaceRendererScratch/vcpkg_installed/x64-windows/WaterSurfaceRendererScratch/vcpkg_installed/vcpkg/pkgs/fftw3_x64-windows/debug/lib/"
      - "D:/WaterSurfaceRendererScratch/vcpkg_installed/x64-windows/WaterSurfaceRendererScratch/vcpkg_installed/vcpkg/pkgs/fftw3_x64-windows/debug/"
      - "D:/WaterSurfaceRendererScratch/vcpkg_installed/x64-windows/WaterSurfaceRendererScratch/vcpkg_installed/vcpkg/pkgs/fftw3_x64-windows/debug/bin/"
      - "D:/WaterSurfaceRendererScratch/vcpkg_installed/x64-windows/bin/"
      - "D:/WaterSurfaceRendererScratch/vcpkg_installed/x64-windows/debug/lib/"
      - "D:/WaterSurfaceRendererScratch/vcpkg_installed/x64-windows/debug/"
      - "D:/WaterSurfaceRendererScratch/vcpkg_installed/x64-windows/lib/"
      - "D:/WaterSurfaceRendererScratch/vcpkg_installed/x64-windows/"
      - "D:/WaterSurfaceRendererScratch/vcpkg_installed/x64-windows/debug/lib/manual-link/"
      - "D:/WaterSurfaceRendererScratch/vcpkg_installed/x64-windows/lib/manual-link/"
      - "D:/Microsoft Visual Studio/18/Community/VC/Tools/MSVC/14.51.36231/atlmfc/lib/x64/"
      - "D:/Microsoft Visual Studio/18/Community/VC/Tools/MSVC/14.51.36231/lib/x64/"
      - "C:/Program Files (x86)/Windows Kits/NETFXSDK/4.8/Lib/um/x64/"
      - "C:/Program Files (x86)/Windows Kits/10/Lib/10.0.26100.0/ucrt/x64/"
      - "C:/Program Files (x86)/Windows Kits/10/Lib/10.0.26100.0/um/x64/"
      - "D:/Microsoft Visual Studio/18/Community/VC/Tools/MSVC/14.51.36231/bin/Hostx64/x64/"
      - "D:/Microsoft Visual Studio/18/Community/Common7/IDE/VC/vcpackages/"
      - "D:/Microsoft Visual Studio/18/Community/Common7/IDE/CommonExtensions/Microsoft/TestWindow/"
      - "D:/Microsoft Visual Studio/18/Community/Common7/IDE/CommonExtensions/Microsoft/TeamFoundation/Team Explorer/"
      - "D:/Microsoft Visual Studio/18/Community/MSBuild/Current/Bin/Roslyn/"
      - "C:/Program Files (x86)/Microsoft SDKs/Windows/v10.0A/bin/NETFX 4.8 Tools/x64/"
      - "D:/Microsoft Visual Studio/18/Community/Team Tools/DiagnosticsHub/Collector/"
      - "D:/Microsoft Visual Studio/18/Community/Common7/IDE/Extensions/Microsoft/CodeCoverage.Console/"
      - "C:/Program Files (x86)/Windows Kits/10/bin/10.0.26100.0/x64/"
      - "C:/Program Files (x86)/Windows Kits/10/bin/x64/"
      - "D:/Microsoft Visual Studio/18/Community/MSBuild/Current/Bin/amd64/"
      - "C:/Windows/Microsoft.NET/Framework64/v4.0.30319/"
      - "D:/Microsoft Visual Studio/18/Community/Common7/IDE/"
      - "D:/Microsoft Visual Studio/18/Community/Common7/Tools/"
      - "C:/Users/xukeheng/AppData/Local/vcpkg/downloads/tools/powershell-core-7.5.4-windows/"
      - "C:/Windows/System32/"
      - "C:/Windows/"
      - "C:/Windows/System32/wbem/"
      - "C:/Windows/System32/WindowsPowerShell/v1.0/"
      - "C:/Windows/System32/OpenSSH/"
      - "D:/Microsoft Visual Studio/18/Community/Common7/IDE/CommonExtensions/Microsoft/CMake/CMake/bin/"
      - "D:/Microsoft Visual Studio/18/Community/Common7/IDE/CommonExtensions/Microsoft/CMake/Ninja/"
      - "D:/Microsoft Visual Studio/18/Community/Common7/IDE/VC/Linux/bin/ConnectionManagerExe/"
      - "D:/Microsoft Visual Studio/18/Community/VC/vcpkg/"
      - "C:/Program Files/lib/"
      - "C:/Program Files/"
      - "C:/Program Files (x86)/lib/"
      - "C:/Program Files (x86)/"
      - "D:/Microsoft Visual Studio/18/Community/Common7/IDE/CommonExtensions/Microsoft/CMake/CMake/lib/"
      - "D:/Microsoft Visual Studio/18/Community/Common7/IDE/CommonExtensions/Microsoft/CMake/CMake/"
      - "D:/WaterSurfaceRendererScratch/vcpkg_installed/vcpkg/pkgs/fftw3_x64-windows/debug/lib/"
      - "D:/WaterSurfaceRendererScratch/vcpkg_installed/vcpkg/pkgs/fftw3_x64-windows/debug/"
      - "D:/WaterSurfaceRendererScratch/vcpkg_installed/vcpkg/pkgs/fftw3_x64-windows/debug/bin/"
      - "/bin/"
    found: false
    search_context:
      CMAKE_LIBRARY_PATH:
        - "D:/WaterSurfaceRendererScratch/vcpkg_installed/x64-windows/debug/lib/manual-link"
        - "D:/WaterSurfaceRendererScratch/vcpkg_installed/x64-windows/lib/manual-link"
      CMAKE_PREFIX_PATH:
        - "D:/WaterSurfaceRendererScratch/vcpkg_installed/x64-windows/debug"
        - "D:/WaterSurfaceRendererScratch/vcpkg_installed/x64-windows"
      ENV{PATH}:
        - "D:\\Microsoft Visual Studio\\18\\Community\\VC\\Tools\\MSVC\\14.51.36231\\bin\\HostX64\\x64"
        - "D:\\Microsoft Visual Studio\\18\\Community\\Common7\\IDE\\VC\\VCPackages"
        - "D:\\Microsoft Visual Studio\\18\\Community\\Common7\\IDE\\CommonExtensions\\Microsoft\\TestWindow"
        - "D:\\Microsoft Visual Studio\\18\\Community\\Common7\\IDE\\CommonExtensions\\Microsoft\\TeamFoundation\\Team Explorer"
        - "D:\\Microsoft Visual Studio\\18\\Community\\MSBuild\\Current\\bin\\Roslyn"
        - "C:\\Program Files (x86)\\Microsoft SDKs\\Windows\\v10.0A\\bin\\NETFX 4.8 Tools\\x64\\"
        - "D:\\Microsoft Visual Studio\\18\\Community\\Team Tools\\DiagnosticsHub\\Collector"
        - "D:\\Microsoft Visual Studio\\18\\Community\\Common7\\IDE\\Extensions\\Microsoft\\CodeCoverage.Console"
        - "C:\\Program Files (x86)\\Windows Kits\\10\\bin\\10.0.26100.0\\\\x64"
        - "C:\\Program Files (x86)\\Windows Kits\\10\\bin\\\\x64"
        - "D:\\Microsoft Visual Studio\\18\\Community\\\\MSBuild\\Current\\Bin\\amd64"
        - "C:\\Windows\\Microsoft.NET\\Framework64\\v4.0.30319"
        - "D:\\Microsoft Visual Studio\\18\\Community\\Common7\\IDE\\"
        - "D:\\Microsoft Visual Studio\\18\\Community\\Common7\\Tools\\"
        - "C:\\Users\\xukeheng\\AppData\\Local\\vcpkg\\downloads\\tools\\powershell-core-7.5.4-windows"
        - "C:\\windows\\system32"
        - "C:\\windows"
        - "C:\\windows\\system32\\Wbem"
        - "C:\\windows\\system32\\WindowsPowerShell\\v1.0\\"
        - "C:\\windows\\system32\\OpenSSH\\"
        - "D:\\Microsoft Visual Studio\\18\\Community\\Common7\\IDE\\CommonExtensions\\Microsoft\\CMake\\CMake\\bin"
        - "D:\\Microsoft Visual Studio\\18\\Community\\Common7\\IDE\\CommonExtensions\\Microsoft\\CMake\\Ninja"
        - "D:\\Microsoft Visual Studio\\18\\Community\\Common7\\IDE\\VC\\Linux\\bin\\ConnectionManagerExe"
        - "D:\\Microsoft Visual Studio\\18\\Community\\VC\\vcpkg"
        - "D:\\Microsoft Visual Studio\\18\\Community\\Common7\\IDE\\CommonExtensions\\Microsoft\\CMake\\Ninja"
        - "D:\\Microsoft Visual Studio\\18\\Community\\Common7\\IDE\\CommonExtensions\\Microsoft\\CMake\\Ninja"
        - "D:\\Microsoft Visual Studio\\18\\Community\\Common7\\IDE\\CommonExtensions\\Microsoft\\CMake\\Ninja"
      CMAKE_INSTALL_PREFIX: "D:/WaterSurfaceRendererScratch/vcpkg_installed/vcpkg/pkgs/fftw3_x64-windows/debug"
      CMAKE_SYSTEM_PREFIX_PATH:
        - "C:/Program Files"
        - "C:/Program Files (x86)"
        - "D:/Microsoft Visual Studio/18/Community/Common7/IDE/CommonExtensions/Microsoft/CMake/CMake"
        - "D:/WaterSurfaceRendererScratch/vcpkg_installed/vcpkg/pkgs/fftw3_x64-windows/debug"
      CMAKE_SYSTEM_LIBRARY_PATH:
        - "D:/WaterSurfaceRendererScratch/vcpkg_installed/vcpkg/pkgs/fftw3_x64-windows/debug/bin"
        - "D:/Microsoft Visual Studio/18/Community/Common7/IDE/CommonExtensions/Microsoft/CMake/CMake/bin"
        - "/bin"
      CMAKE_FIND_ROOT_PATH: "D:/WaterSurfaceRendererScratch/vcpkg_installed/x64-windows/debug;D:/WaterSurfaceRendererScratch/vcpkg_installed/x64-windows"
      ENV{LIB}:
        - "D:\\Microsoft Visual Studio\\18\\Community\\VC\\Tools\\MSVC\\14.51.36231\\ATLMFC\\lib\\x64"
        - "D:\\Microsoft Visual Studio\\18\\Community\\VC\\Tools\\MSVC\\14.51.36231\\lib\\x64"
        - "C:\\Program Files (x86)\\Windows Kits\\NETFXSDK\\4.8\\lib\\um\\x64"
        - "C:\\Program Files (x86)\\Windows Kits\\10\\lib\\10.0.26100.0\\ucrt\\x64"
        - "C:\\Program Files (x86)\\Windows Kits\\10\\\\lib\\10.0.26100.0\\\\um\\x64"
...
