
---
events:
  -
    kind: "message-v1"
    backtrace:
      - "D:/Microsoft Visual Studio/18/Community/Common7/IDE/CommonExtensions/Microsoft/CMake/CMake/share/cmake-4.3/Modules/CMakeDetermineSystem.cmake:212 (message)"
      - "CMakeLists.txt:7 (project)"
    message: |
      The system is: Windows - 10.0.26200 - AMD64
  -
    kind: "find-v1"
    backtrace:
      - "D:/Microsoft Visual Studio/18/Community/Common7/IDE/CommonExtensions/Microsoft/CMake/CMake/share/cmake-4.3/Modules/CMakeDetermineCompiler.cmake:63 (find_program)"
      - "D:/Microsoft Visual Studio/18/Community/Common7/IDE/CommonExtensions/Microsoft/CMake/CMake/share/cmake-4.3/Modules/CMakeDetermineCCompiler.cmake:64 (_cmake_find_compiler)"
      - "CMakeLists.txt:7 (project)"
    mode: "program"
    variable: "CMAKE_C_COMPILER"
    description: "C compiler"
    settings:
      SearchFramework: "LAST"
      SearchAppBundle: "LAST"
      CMAKE_FIND_USE_CMAKE_PATH: false
      CMAKE_FIND_USE_CMAKE_ENVIRONMENT_PATH: false
      CMAKE_FIND_USE_SYSTEM_ENVIRONMENT_PATH: true
      CMAKE_FIND_USE_CMAKE_SYSTEM_PATH: false
      CMAKE_FIND_USE_INSTALL_PREFIX: true
    names:
      - "cc"
      - "gcc"
      - "cl"
      - "bcc"
      - "xlc"
      - "icx"
      - "clang"
    candidate_directories:
      - "D:/WaterSurfaceRendererScratch/vcpkg_installed/x64-windows/Microsoft Visual Studio/18/Community/VC/Tools/MSVC/14.51.36231/bin/Hostx64/x64/"
      - "D:/WaterSurfaceRendererScratch/vcpkg_installed/x64-windows/Microsoft Visual Studio/18/Community/Common7/IDE/VC/vcpackages/"
      - "D:/WaterSurfaceRendererScratch/vcpkg_installed/x64-windows/Microsoft Visual Studio/18/Community/Common7/IDE/CommonExtensions/Microsoft/TestWindow/"
      - "D:/WaterSurfaceRendererScratch/vcpkg_installed/x64-windows/Microsoft Visual Studio/18/Community/Common7/IDE/CommonExtensions/Microsoft/TeamFoundation/Team Explorer/"
      - "D:/WaterSurfaceRendererScratch/vcpkg_installed/x64-windows/Microsoft Visual Studio/18/Community/MSBuild/Current/Bin/Roslyn/"
      - "D:/WaterSurfaceRendererScratch/vcpkg_installed/x64-windows/Program Files (x86)/Microsoft SDKs/Windows/v10.0A/bin/NETFX 4.8 Tools/x64/"
      - "D:/WaterSurfaceRendererScratch/vcpkg_installed/x64-windows/Microsoft Visual Studio/18/Community/Team Tools/DiagnosticsHub/Collector/"
      - "D:/WaterSurfaceRendererScratch/vcpkg_installed/x64-windows/Microsoft Visual Studio/18/Community/Common7/IDE/Extensions/Microsoft/CodeCoverage.Console/"
      - "D:/WaterSurfaceRendererScratch/vcpkg_installed/x64-windows/Program Files (x86)/Windows Kits/10/bin/10.0.26100.0/x64/"
      - "D:/WaterSurfaceRendererScratch/vcpkg_installed/x64-windows/Program Files (x86)/Windows Kits/10/bin/x64/"
      - "D:/WaterSurfaceRendererScratch/vcpkg_installed/x64-windows/Microsoft Visual Studio/18/Community/MSBuild/Current/Bin/amd64/"
      - "D:/WaterSurfaceRendererScratch/vcpkg_installed/x64-windows/Windows/Microsoft.NET/Framework64/v4.0.30319/"
      - "D:/WaterSurfaceRendererScratch/vcpkg_installed/x64-windows/Microsoft Visual Studio/18/Community/Common7/IDE/"
      - "D:/WaterSurfaceRendererScratch/vcpkg_installed/x64-windows/Microsoft Visual Studio/18/Community/Common7/Tools/"
      - "D:/WaterSurfaceRendererScratch/vcpkg_installed/x64-windows/Users/xukeheng/AppData/Local/vcpkg/downloads/tools/powershell-core-7.5.4-windows/"
      - "D:/WaterSurfaceRendererScratch/vcpkg_installed/x64-windows/Windows/System32/"
      - "D:/WaterSurfaceRendererScratch/vcpkg_installed/x64-windows/Windows/"
      - "D:/WaterSurfaceRendererScratch/vcpkg_installed/x64-windows/Windows/System32/wbem/"
      - "D:/WaterSurfaceRendererScratch/vcpkg_installed/x64-windows/Windows/System32/WindowsPowerShell/v1.0/"
      - "D:/WaterSurfaceRendererScratch/vcpkg_installed/x64-windows/Windows/System32/OpenSSH/"
      - "D:/WaterSurfaceRendererScratch/vcpkg_installed/x64-windows/Microsoft Visual Studio/18/Community/Common7/IDE/CommonExtensions/Microsoft/CMake/CMake/bin/"
      - "D:/WaterSurfaceRendererScratch/vcpkg_installed/x64-windows/Microsoft Visual Studio/18/Community/Common7/IDE/CommonExtensions/Microsoft/CMake/Ninja/"
      - "D:/WaterSurfaceRendererScratch/vcpkg_installed/x64-windows/Microsoft Visual Studio/18/Community/Common7/IDE/VC/Linux/bin/ConnectionManagerExe/"
      - "D:/WaterSurfaceRendererScratch/vcpkg_installed/x64-windows/Microsoft Visual Studio/18/Community/VC/vcpkg/"
      - "D:/WaterSurfaceRendererScratch/vcpkg_installed/x64-windows/debug/Microsoft Visual Studio/18/Community/VC/Tools/MSVC/14.51.36231/bin/Hostx64/x64/"
      - "D:/WaterSurfaceRendererScratch/vcpkg_installed/x64-windows/debug/Microsoft Visual Studio/18/Community/Common7/IDE/VC/vcpackages/"
      - "D:/WaterSurfaceRendererScratch/vcpkg_installed/x64-windows/debug/Microsoft Visual Studio/18/Community/Common7/IDE/CommonExtensions/Microsoft/TestWindow/"
      - "D:/WaterSurfaceRendererScratch/vcpkg_installed/x64-windows/debug/Microsoft Visual Studio/18/Community/Common7/IDE/CommonExtensions/Microsoft/TeamFoundation/Team Explorer/"
      - "D:/WaterSurfaceRendererScratch/vcpkg_installed/x64-windows/debug/Microsoft Visual Studio/18/Community/MSBuild/Current/Bin/Roslyn/"
      - "D:/WaterSurfaceRendererScratch/vcpkg_installed/x64-windows/debug/Program Files (x86)/Microsoft SDKs/Windows/v10.0A/bin/NETFX 4.8 Tools/x64/"
      - "D:/WaterSurfaceRendererScratch/vcpkg_installed/x64-windows/debug/Microsoft Visual Studio/18/Community/Team Tools/DiagnosticsHub/Collector/"
      - "D:/WaterSurfaceRendererScratch/vcpkg_installed/x64-windows/debug/Microsoft Visual Studio/18/Community/Common7/IDE/Extensions/Microsoft/CodeCoverage.Console/"
      - "D:/WaterSurfaceRendererScratch/vcpkg_installed/x64-windows/debug/Program Files (x86)/Windows Kits/10/bin/10.0.26100.0/x64/"
      - "D:/WaterSurfaceRendererScratch/vcpkg_installed/x64-windows/debug/Program Files (x86)/Windows Kits/10/bin/x64/"
      - "D:/WaterSurfaceRendererScratch/vcpkg_installed/x64-windows/debug/Microsoft Visual Studio/18/Community/MSBuild/Current/Bin/amd64/"
      - "D:/WaterSurfaceRendererScratch/vcpkg_installed/x64-windows/debug/Windows/Microsoft.NET/Framework64/v4.0.30319/"
      - "D:/WaterSurfaceRendererScratch/vcpkg_installed/x64-windows/debug/Microsoft Visual Studio/18/Community/Common7/IDE/"
      - "D:/WaterSurfaceRendererScratch/vcpkg_installed/x64-windows/debug/Microsoft Visual Studio/18/Community/Common7/Tools/"
      - "D:/WaterSurfaceRendererScratch/vcpkg_installed/x64-windows/debug/Users/xukeheng/AppData/Local/vcpkg/downloads/tools/powershell-core-7.5.4-windows/"
      - "D:/WaterSurfaceRendererScratch/vcpkg_installed/x64-windows/debug/Windows/System32/"
      - "D:/WaterSurfaceRendererScratch/vcpkg_installed/x64-windows/debug/Windows/"
      - "D:/WaterSurfaceRendererScratch/vcpkg_installed/x64-windows/debug/Windows/System32/wbem/"
      - "D:/WaterSurfaceRendererScratch/vcpkg_installed/x64-windows/debug/Windows/System32/WindowsPowerShell/v1.0/"
      - "D:/WaterSurfaceRendererScratch/vcpkg_installed/x64-windows/debug/Windows/System32/OpenSSH/"
      - "D:/WaterSurfaceRendererScratch/vcpkg_installed/x64-windows/debug/Microsoft Visual Studio/18/Community/Common7/IDE/CommonExtensions/Microsoft/CMake/CMake/bin/"
      - "D:/WaterSurfaceRendererScratch/vcpkg_installed/x64-windows/debug/Microsoft Visual Studio/18/Community/Common7/IDE/CommonExtensions/Microsoft/CMake/Ninja/"
      - "D:/WaterSurfaceRendererScratch/vcpkg_installed/x64-windows/debug/Microsoft Visual Studio/18/Community/Common7/IDE/VC/Linux/bin/ConnectionManagerExe/"
      - "D:/WaterSurfaceRendererScratch/vcpkg_installed/x64-windows/debug/Microsoft Visual Studio/18/Community/VC/vcpkg/"
      - "D:/Microsoft Visual Studio/18/Community/VC/Tools/MSVC/14.51.36231/bin/Hostx64/x64/"
      - "D:/Microsoft Visual Studio/18/Community/Common7/IDE/VC/vcpackages/"
      - "D:/Microsoft Visual Studio/18/Community/Common7/IDE/CommonExtensions/Microsoft/TestWindow/"
      - "D:/Microsoft Visual Studio/18/Community/Common7/IDE/CommonExtensions/Microsoft/TeamFoundation/Team Explorer/"
      - "D:/Microsoft Visual Studio/18/Community/MSBuild/Current/Bin/Roslyn/"
      - "C:/Program Files (x86)/Microsoft SDKs/Windows/v10.0A/bin/NETFX 4.8 Tools/x64/"
      - "D:/Microsoft Visual Studio/18/Community/Team Tools/DiagnosticsHub/Collector/"
      - "D:/Microsoft Visual Studio/18/Community/Common7/IDE/Extensions/Microsoft/CodeCoverage.Console/"
      - "C:/Program Files (x86)/Windows Kits/10/bin/10.0.26100.0/x64/"
      - "C:/Program Files (x86)/Windows Kits/10/bin/x64/"
      - "D:/Microsoft Visual Studio/18/Community/MSBuild/Current/Bin/amd64/"
      - "C:/Windows/Microsoft.NET/Framework64/v4.0.30319/"
      - "D:/Microsoft Visual Studio/18/Community/Common7/IDE/"
      - "D:/Microsoft Visual Studio/18/Community/Common7/Tools/"
      - "C:/Users/xukeheng/AppData/Local/vcpkg/downloads/tools/powershell-core-7.5.4-windows/"
      - "C:/Windows/System32/"
      - "C:/Windows/"
      - "C:/Windows/System32/wbem/"
      - "C:/Windows/System32/WindowsPowerShell/v1.0/"
      - "C:/Windows/System32/OpenSSH/"
      - "D:/Microsoft Visual Studio/18/Community/Common7/IDE/CommonExtensions/Microsoft/CMake/CMake/bin/"
      - "D:/Microsoft Visual Studio/18/Community/Common7/IDE/CommonExtensions/Microsoft/CMake/Ninja/"
      - "D:/Microsoft Visual Studio/18/Community/Common7/IDE/VC/Linux/bin/ConnectionManagerExe/"
      - "D:/Microsoft Visual Studio/18/Community/VC/vcpkg/"
    searched_directories:
      - "D:/WaterSurfaceRendererScratch/vcpkg_installed/x64-windows/Microsoft Visual Studio/18/Community/VC/Tools/MSVC/14.51.36231/bin/Hostx64/x64/cc.com"
      - "D:/WaterSurfaceRendererScratch/vcpkg_installed/x64-windows/Microsoft Visual Studio/18/Community/VC/Tools/MSVC/14.51.36231/bin/Hostx64/x64/cc.exe"
      - "D:/WaterSurfaceRendererScratch/vcpkg_installed/x64-windows/Microsoft Visual Studio/18/Community/VC/Tools/MSVC/14.51.36231/bin/Hostx64/x64/cc"
      - "D:/WaterSurfaceRendererScratch/vcpkg_installed/x64-windows/Microsoft Visual Studio/18/Community/VC/Tools/MSVC/14.51.36231/bin/Hostx64/x64/gcc.com"
      - "D:/WaterSurfaceRendererScratch/vcpkg_installed/x64-windows/Microsoft Visual Studio/18/Community/VC/Tools/MSVC/14.51.36231/bin/Hostx64/x64/gcc.exe"
      - "D:/WaterSurfaceRendererScratch/vcpkg_installed/x64-windows/Microsoft Visual Studio/18/Community/VC/Tools/MSVC/14.51.36231/bin/Hostx64/x64/gcc"
      - "D:/WaterSurfaceRendererScratch/vcpkg_installed/x64-windows/Microsoft Visual Studio/18/Community/VC/Tools/MSVC/14.51.36231/bin/Hostx64/x64/cl.com"
      - "D:/WaterSurfaceRendererScratch/vcpkg_installed/x64-windows/Microsoft Visual Studio/18/Community/VC/Tools/MSVC/14.51.36231/bin/Hostx64/x64/cl.exe"
      - "D:/WaterSurfaceRendererScratch/vcpkg_installed/x64-windows/Microsoft Visual Studio/18/Community/VC/Tools/MSVC/14.51.36231/bin/Hostx64/x64/cl"
      - "D:/WaterSurfaceRendererScratch/vcpkg_installed/x64-windows/Microsoft Visual Studio/18/Community/VC/Tools/MSVC/14.51.36231/bin/Hostx64/x64/bcc.com"
      - "D:/WaterSurfaceRendererScratch/vcpkg_installed/x64-windows/Microsoft Visual Studio/18/Community/VC/Tools/MSVC/14.51.36231/bin/Hostx64/x64/bcc.exe"
      - "D:/WaterSurfaceRendererScratch/vcpkg_installed/x64-windows/Microsoft Visual Studio/18/Community/VC/Tools/MSVC/14.51.36231/bin/Hostx64/x64/bcc"
      - "D:/WaterSurfaceRendererScratch/vcpkg_installed/x64-windows/Microsoft Visual Studio/18/Community/VC/Tools/MSVC/14.51.36231/bin/Hostx64/x64/xlc.com"
      - "D:/WaterSurfaceRendererScratch/vcpkg_installed/x64-windows/Microsoft Visual Studio/18/Community/VC/Tools/MSVC/14.51.36231/bin/Hostx64/x64/xlc.exe"
      - "D:/WaterSurfaceRendererScratch/vcpkg_installed/x64-windows/Microsoft Visual Studio/18/Community/VC/Tools/MSVC/14.51.36231/bin/Hostx64/x64/xlc"
      - "D:/WaterSurfaceRendererScratch/vcpkg_installed/x64-windows/Microsoft Visual Studio/18/Community/VC/Tools/MSVC/14.51.36231/bin/Hostx64/x64/icx.com"
      - "D:/WaterSurfaceRendererScratch/vcpkg_installed/x64-windows/Microsoft Visual Studio/18/Community/VC/Tools/MSVC/14.51.36231/bin/Hostx64/x64/icx.exe"
      - "D:/WaterSurfaceRendererScratch/vcpkg_installed/x64-windows/Microsoft Visual Studio/18/Community/VC/Tools/MSVC/14.51.36231/bin/Hostx64/x64/icx"
      - "D:/WaterSurfaceRendererScratch/vcpkg_installed/x64-windows/Microsoft Visual Studio/18/Community/VC/Tools/MSVC/14.51.36231/bin/Hostx64/x64/clang.com"
      - "D:/WaterSurfaceRendererScratch/vcpkg_installed/x64-windows/Microsoft Visual Studio/18/Community/VC/Tools/MSVC/14.51.36231/bin/Hostx64/x64/clang.exe"
      - "D:/WaterSurfaceRendererScratch/vcpkg_installed/x64-windows/Microsoft Visual Studio/18/Community/VC/Tools/MSVC/14.51.36231/bin/Hostx64/x64/clang"
      - "D:/WaterSurfaceRendererScratch/vcpkg_installed/x64-windows/Microsoft Visual Studio/18/Community/Common7/IDE/VC/vcpackages/cc.com"
      - "D:/WaterSurfaceRendererScratch/vcpkg_installed/x64-windows/Microsoft Visual Studio/18/Community/Common7/IDE/VC/vcpackages/cc.exe"
      - "D:/WaterSurfaceRendererScratch/vcpkg_installed/x64-windows/Microsoft Visual Studio/18/Community/Common7/IDE/VC/vcpackages/cc"
      - "D:/WaterSurfaceRendererScratch/vcpkg_installed/x64-windows/Microsoft Visual Studio/18/Community/Common7/IDE/VC/vcpackages/gcc.com"
      - "D:/WaterSurfaceRendererScratch/vcpkg_installed/x64-windows/Microsoft Visual Studio/18/Community/Common7/IDE/VC/vcpackages/gcc.exe"
      - "D:/WaterSurfaceRendererScratch/vcpkg_installed/x64-windows/Microsoft Visual Studio/18/Community/Common7/IDE/VC/vcpackages/gcc"
      - "D:/WaterSurfaceRendererScratch/vcpkg_installed/x64-windows/Microsoft Visual Studio/18/Community/Common7/IDE/VC/vcpackages/cl.com"
      - "D:/WaterSurfaceRendererScratch/vcpkg_installed/x64-windows/Microsoft Visual Studio/18/Community/Common7/IDE/VC/vcpackages/cl.exe"
      - "D:/WaterSurfaceRendererScratch/vcpkg_installed/x64-windows/Microsoft Visual Studio/18/Community/Common7/IDE/VC/vcpackages/cl"
      - "D:/WaterSurfaceRendererScratch/vcpkg_installed/x64-windows/Microsoft Visual Studio/18/Community/Common7/IDE/VC/vcpackages/bcc.com"
      - "D:/WaterSurfaceRendererScratch/vcpkg_installed/x64-windows/Microsoft Visual Studio/18/Community/Common7/IDE/VC/vcpackages/bcc.exe"
      - "D:/WaterSurfaceRendererScratch/vcpkg_installed/x64-windows/Microsoft Visual Studio/18/Community/Common7/IDE/VC/vcpackages/bcc"
      - "D:/WaterSurfaceRendererScratch/vcpkg_installed/x64-windows/Microsoft Visual Studio/18/Community/Common7/IDE/VC/vcpackages/xlc.com"
      - "D:/WaterSurfaceRendererScratch/vcpkg_installed/x64-windows/Microsoft Visual Studio/18/Community/Common7/IDE/VC/vcpackages/xlc.exe"
      - "D:/WaterSurfaceRendererScratch/vcpkg_installed/x64-windows/Microsoft Visual Studio/18/Community/Common7/IDE/VC/vcpackages/xlc"
      - "D:/WaterSurfaceRendererScratch/vcpkg_installed/x64-windows/Microsoft Visual Studio/18/Community/Common7/IDE/VC/vcpackages/icx.com"
      - "D:/WaterSurfaceRendererScratch/vcpkg_installed/x64-windows/Microsoft Visual Studio/18/Community/Common7/IDE/VC/vcpackages/icx.exe"
      - "D:/WaterSurfaceRendererScratch/vcpkg_installed/x64-windows/Microsoft Visual Studio/18/Community/Common7/IDE/VC/vcpackages/icx"
      - "D:/WaterSurfaceRendererScratch/vcpkg_installed/x64-windows/Microsoft Visual Studio/18/Community/Common7/IDE/VC/vcpackages/clang.com"
      - "D:/WaterSurfaceRendererScratch/vcpkg_installed/x64-windows/Microsoft Visual Studio/18/Community/Common7/IDE/VC/vcpackages/clang.exe"
      - "D:/WaterSurfaceRendererScratch/vcpkg_installed/x64-windows/Microsoft Visual Studio/18/Community/Common7/IDE/VC/vcpackages/clang"
      - "D:/WaterSurfaceRendererScratch/vcpkg_installed/x64-windows/Microsoft Visual Studio/18/Community/Common7/IDE/CommonExtensions/Microsoft/TestWindow/cc.com"
      - "D:/WaterSurfaceRendererScratch/vcpkg_installed/x64-windows/Microsoft Visual Studio/18/Community/Common7/IDE/CommonExtensions/Microsoft/TestWindow/cc.exe"
      - "D:/WaterSurfaceRendererScratch/vcpkg_installed/x64-windows/Microsoft Visual Studio/18/Community/Common7/IDE/CommonExtensions/Microsoft/TestWindow/cc"
      - "D:/WaterSurfaceRendererScratch/vcpkg_installed/x64-windows/Microsoft Visual Studio/18/Community/Common7/IDE/CommonExtensions/Microsoft/TestWindow/gcc.com"
      - "D:/WaterSurfaceRendererScratch/vcpkg_installed/x64-windows/Microsoft Visual Studio/18/Community/Common7/IDE/CommonExtensions/Microsoft/TestWindow/gcc.exe"
      - "D:/WaterSurfaceRendererScratch/vcpkg_installed/x64-windows/Microsoft Visual Studio/18/Community/Common7/IDE/CommonExtensions/Microsoft/TestWindow/gcc"
      - "D:/WaterSurfaceRendererScratch/vcpkg_installed/x64-windows/Microsoft Visual Studio/18/Community/Common7/IDE/CommonExtensions/Microsoft/TestWindow/cl.com"
      - "D:/WaterSurfaceRendererScratch/vcpkg_installed/x64-windows/Microsoft Visual Studio/18/Community/Common7/IDE/CommonExtensions/Microsoft/TestWindow/cl.exe"
      - "D:/WaterSurfaceRendererScratch/vcpkg_installed/x64-windows/Microsoft Visual Studio/18/Community/Common7/IDE/CommonExtensions/Microsoft/TestWindow/cl"
      - "D:/WaterSurfaceRendererScratch/vcpkg_installed/x64-windows/Microsoft Visual Studio/18/Community/Common7/IDE/CommonExtensions/Microsoft/TestWindow/bcc.com"
      - "D:/WaterSurfaceRendererScratch/vcpkg_installed/x64-windows/Microsoft Visual Studio/18/Community/Common7/IDE/CommonExtensions/Microsoft/TestWindow/bcc.exe"
      - "D:/WaterSurfaceRendererScratch/vcpkg_installed/x64-windows/Microsoft Visual Studio/18/Community/Common7/IDE/CommonExtensions/Microsoft/TestWindow/bcc"
      - "D:/WaterSurfaceRendererScratch/vcpkg_installed/x64-windows/Microsoft Visual Studio/18/Community/Common7/IDE/CommonExtensions/Microsoft/TestWindow/xlc.com"
      - "D:/WaterSurfaceRendererScratch/vcpkg_installed/x64-windows/Microsoft Visual Studio/18/Community/Common7/IDE/CommonExtensions/Microsoft/TestWindow/xlc.exe"
      - "D:/WaterSurfaceRendererScratch/vcpkg_installed/x64-windows/Microsoft Visual Studio/18/Community/Common7/IDE/CommonExtensions/Microsoft/TestWindow/xlc"
      - "D:/WaterSurfaceRendererScratch/vcpkg_installed/x64-windows/Microsoft Visual Studio/18/Community/Common7/IDE/CommonExtensions/Microsoft/TestWindow/icx.com"
      - "D:/WaterSurfaceRendererScratch/vcpkg_installed/x64-windows/Microsoft Visual Studio/18/Community/Common7/IDE/CommonExtensions/Microsoft/TestWindow/icx.exe"
      - "D:/WaterSurfaceRendererScratch/vcpkg_installed/x64-windows/Microsoft Visual Studio/18/Community/Common7/IDE/CommonExtensions/Microsoft/TestWindow/icx"
      - "D:/WaterSurfaceRendererScratch/vcpkg_installed/x64-windows/Microsoft Visual Studio/18/Community/Common7/IDE/CommonExtensions/Microsoft/TestWindow/clang.com"
      - "D:/WaterSurfaceRendererScratch/vcpkg_installed/x64-windows/Microsoft Visual Studio/18/Community/Common7/IDE/CommonExtensions/Microsoft/TestWindow/clang.exe"
      - "D:/WaterSurfaceRendererScratch/vcpkg_installed/x64-windows/Microsoft Visual Studio/18/Community/Common7/IDE/CommonExtensions/Microsoft/TestWindow/clang"
      - "D:/WaterSurfaceRendererScratch/vcpkg_installed/x64-windows/Microsoft Visual Studio/18/Community/Common7/IDE/CommonExtensions/Microsoft/TeamFoundation/Team Explorer/cc.com"
      - "D:/WaterSurfaceRendererScratch/vcpkg_installed/x64-windows/Microsoft Visual Studio/18/Community/Common7/IDE/CommonExtensions/Microsoft/TeamFoundation/Team Explorer/cc.exe"
      - "D:/WaterSurfaceRendererScratch/vcpkg_installed/x64-windows/Microsoft Visual Studio/18/Community/Common7/IDE/CommonExtensions/Microsoft/TeamFoundation/Team Explorer/cc"
      - "D:/WaterSurfaceRendererScratch/vcpkg_installed/x64-windows/Microsoft Visual Studio/18/Community/Common7/IDE/CommonExtensions/Microsoft/TeamFoundation/Team Explorer/gcc.com"
      - "D:/WaterSurfaceRendererScratch/vcpkg_installed/x64-windows/Microsoft Visual Studio/18/Community/Common7/IDE/CommonExtensions/Microsoft/TeamFoundation/Team Explorer/gcc.exe"
      - "D:/WaterSurfaceRendererScratch/vcpkg_installed/x64-windows/Microsoft Visual Studio/18/Community/Common7/IDE/CommonExtensions/Microsoft/TeamFoundation/Team Explorer/gcc"
      - "D:/WaterSurfaceRendererScratch/vcpkg_installed/x64-windows/Microsoft Visual Studio/18/Community/Common7/IDE/CommonExtensions/Microsoft/TeamFoundation/Team Explorer/cl.com"
      - "D:/WaterSurfaceRendererScratch/vcpkg_installed/x64-windows/Microsoft Visual Studio/18/Community/Common7/IDE/CommonExtensions/Microsoft/TeamFoundation/Team Explorer/cl.exe"
      - "D:/WaterSurfaceRendererScratch/vcpkg_installed/x64-windows/Microsoft Visual Studio/18/Community/Common7/IDE/CommonExtensions/Microsoft/TeamFoundation/Team Explorer/cl"
      - "D:/WaterSurfaceRendererScratch/vcpkg_installed/x64-windows/Microsoft Visual Studio/18/Community/Common7/IDE/CommonExtensions/Microsoft/TeamFoundation/Team Explorer/bcc.com"
      - "D:/WaterSurfaceRendererScratch/vcpkg_installed/x64-windows/Microsoft Visual Studio/18/Community/Common7/IDE/CommonExtensions/Microsoft/TeamFoundation/Team Explorer/bcc.exe"
      - "D:/WaterSurfaceRendererScratch/vcpkg_installed/x64-windows/Microsoft Visual Studio/18/Community/Common7/IDE/CommonExtensions/Microsoft/TeamFoundation/Team Explorer/bcc"
      - "D:/WaterSurfaceRendererScratch/vcpkg_installed/x64-windows/Microsoft Visual Studio/18/Community/Common7/IDE/CommonExtensions/Microsoft/TeamFoundation/Team Explorer/xlc.com"
      - "D:/WaterSurfaceRendererScratch/vcpkg_installed/x64-windows/Microsoft Visual Studio/18/Community/Common7/IDE/CommonExtensions/Microsoft/TeamFoundation/Team Explorer/xlc.exe"
      - "D:/WaterSurfaceRendererScratch/vcpkg_installed/x64-windows/Microsoft Visual Studio/18/Community/Common7/IDE/CommonExtensions/Microsoft/TeamFoundation/Team Explorer/xlc"
      - "D:/WaterSurfaceRendererScratch/vcpkg_installed/x64-windows/Microsoft Visual Studio/18/Community/Common7/IDE/CommonExtensions/Microsoft/TeamFoundation/Team Explorer/icx.com"
      - "D:/WaterSurfaceRendererScratch/vcpkg_installed/x64-windows/Microsoft Visual Studio/18/Community/Common7/IDE/CommonExtensions/Microsoft/TeamFoundation/Team Explorer/icx.exe"
      - "D:/WaterSurfaceRendererScratch/vcpkg_installed/x64-windows/Microsoft Visual Studio/18/Community/Common7/IDE/CommonExtensions/Microsoft/TeamFoundation/Team Explorer/icx"
      - "D:/WaterSurfaceRendererScratch/vcpkg_installed/x64-windows/Microsoft Visual Studio/18/Community/Common7/IDE/CommonExtensions/Microsoft/TeamFoundation/Team Explorer/clang.com"
      - "D:/WaterSurfaceRendererScratch/vcpkg_installed/x64-windows/Microsoft Visual Studio/18/Community/Common7/IDE/CommonExtensions/Microsoft/TeamFoundation/Team Explorer/clang.exe"
      - "D:/WaterSurfaceRendererScratch/vcpkg_installed/x64-windows/Microsoft Visual Studio/18/Community/Common7/IDE/CommonExtensions/Microsoft/TeamFoundation/Team Explorer/clang"
      - "D:/WaterSurfaceRendererScratch/vcpkg_installed/x64-windows/Microsoft Visual Studio/18/Community/MSBuild/Current/Bin/Roslyn/cc.com"
      - "D:/WaterSurfaceRendererScratch/vcpkg_installed/x64-windows/Microsoft Visual Studio/18/Community/MSBuild/Current/Bin/Roslyn/cc.exe"
      - "D:/WaterSurfaceRendererScratch/vcpkg_installed/x64-windows/Microsoft Visual Studio/18/Community/MSBuild/Current/Bin/Roslyn/cc"
      - "D:/WaterSurfaceRendererScratch/vcpkg_installed/x64-windows/Microsoft Visual Studio/18/Community/MSBuild/Current/Bin/Roslyn/gcc.com"
      - "D:/WaterSurfaceRendererScratch/vcpkg_installed/x64-windows/Microsoft Visual Studio/18/Community/MSBuild/Current/Bin/Roslyn/gcc.exe"
      - "D:/WaterSurfaceRendererScratch/vcpkg_installed/x64-windows/Microsoft Visual Studio/18/Community/MSBuild/Current/Bin/Roslyn/gcc"
      - "D:/WaterSurfaceRendererScratch/vcpkg_installed/x64-windows/Microsoft Visual Studio/18/Community/MSBuild/Current/Bin/Roslyn/cl.com"
      - "D:/WaterSurfaceRendererScratch/vcpkg_installed/x64-windows/Microsoft Visual Studio/18/Community/MSBuild/Current/Bin/Roslyn/cl.exe"
      - "D:/WaterSurfaceRendererScratch/vcpkg_installed/x64-windows/Microsoft Visual Studio/18/Community/MSBuild/Current/Bin/Roslyn/cl"
      - "D:/WaterSurfaceRendererScratch/vcpkg_installed/x64-windows/Microsoft Visual Studio/18/Community/MSBuild/Current/Bin/Roslyn/bcc.com"
      - "D:/WaterSurfaceRendererScratch/vcpkg_installed/x64-windows/Microsoft Visual Studio/18/Community/MSBuild/Current/Bin/Roslyn/bcc.exe"
      - "D:/WaterSurfaceRendererScratch/vcpkg_installed/x64-windows/Microsoft Visual Studio/18/Community/MSBuild/Current/Bin/Roslyn/bcc"
      - "D:/WaterSurfaceRendererScratch/vcpkg_installed/x64-windows/Microsoft Visual Studio/18/Community/MSBuild/Current/Bin/Roslyn/xlc.com"
      - "D:/WaterSurfaceRendererScratch/vcpkg_installed/x64-windows/Microsoft Visual Studio/18/Community/MSBuild/Current/Bin/Roslyn/xlc.exe"
      - "D:/WaterSurfaceRendererScratch/vcpkg_installed/x64-windows/Microsoft Visual Studio/18/Community/MSBuild/Current/Bin/Roslyn/xlc"
      - "D:/WaterSurfaceRendererScratch/vcpkg_installed/x64-windows/Microsoft Visual Studio/18/Community/MSBuild/Current/Bin/Roslyn/icx.com"
      - "D:/WaterSurfaceRendererScratch/vcpkg_installed/x64-windows/Microsoft Visual Studio/18/Community/MSBuild/Current/Bin/Roslyn/icx.exe"
      - "D:/WaterSurfaceRendererScratch/vcpkg_installed/x64-windows/Microsoft Visual Studio/18/Community/MSBuild/Current/Bin/Roslyn/icx"
      - "D:/WaterSurfaceRendererScratch/vcpkg_installed/x64-windows/Microsoft Visual Studio/18/Community/MSBuild/Current/Bin/Roslyn/clang.com"
      - "D:/WaterSurfaceRendererScratch/vcpkg_installed/x64-windows/Microsoft Visual Studio/18/Community/MSBuild/Current/Bin/Roslyn/clang.exe"
      - "D:/WaterSurfaceRendererScratch/vcpkg_installed/x64-windows/Microsoft Visual Studio/18/Community/MSBuild/Current/Bin/Roslyn/clang"
      - "D:/WaterSurfaceRendererScratch/vcpkg_installed/x64-windows/Program Files (x86)/Microsoft SDKs/Windows/v10.0A/bin/NETFX 4.8 Tools/x64/cc.com"
      - "D:/WaterSurfaceRendererScratch/vcpkg_installed/x64-windows/Program Files (x86)/Microsoft SDKs/Windows/v10.0A/bin/NETFX 4.8 Tools/x64/cc.exe"
      - "D:/WaterSurfaceRendererScratch/vcpkg_installed/x64-windows/Program Files (x86)/Microsoft SDKs/Windows/v10.0A/bin/NETFX 4.8 Tools/x64/cc"
      - "D:/WaterSurfaceRendererScratch/vcpkg_installed/x64-windows/Program Files (x86)/Microsoft SDKs/Windows/v10.0A/bin/NETFX 4.8 Tools/x64/gcc.com"
      - "D:/WaterSurfaceRendererScratch/vcpkg_installed/x64-windows/Program Files (x86)/Microsoft SDKs/Windows/v10.0A/bin/NETFX 4.8 Tools/x64/gcc.exe"
      - "D:/WaterSurfaceRendererScratch/vcpkg_installed/x64-windows/Program Files (x86)/Microsoft SDKs/Windows/v10.0A/bin/NETFX 4.8 Tools/x64/gcc"
      - "D:/WaterSurfaceRendererScratch/vcpkg_installed/x64-windows/Program Files (x86)/Microsoft SDKs/Windows/v10.0A/bin/NETFX 4.8 Tools/x64/cl.com"
      - "D:/WaterSurfaceRendererScratch/vcpkg_installed/x64-windows/Program Files (x86)/Microsoft SDKs/Windows/v10.0A/bin/NETFX 4.8 Tools/x64/cl.exe"
      - "D:/WaterSurfaceRendererScratch/vcpkg_installed/x64-windows/Program Files (x86)/Microsoft SDKs/Windows/v10.0A/bin/NETFX 4.8 Tools/x64/cl"
      - "D:/WaterSurfaceRendererScratch/vcpkg_installed/x64-windows/Program Files (x86)/Microsoft SDKs/Windows/v10.0A/bin/NETFX 4.8 Tools/x64/bcc.com"
      - "D:/WaterSurfaceRendererScratch/vcpkg_installed/x64-windows/Program Files (x86)/Microsoft SDKs/Windows/v10.0A/bin/NETFX 4.8 Tools/x64/bcc.exe"
      - "D:/WaterSurfaceRendererScratch/vcpkg_installed/x64-windows/Program Files (x86)/Microsoft SDKs/Windows/v10.0A/bin/NETFX 4.8 Tools/x64/bcc"
      - "D:/WaterSurfaceRendererScratch/vcpkg_installed/x64-windows/Program Files (x86)/Microsoft SDKs/Windows/v10.0A/bin/NETFX 4.8 Tools/x64/xlc.com"
      - "D:/WaterSurfaceRendererScratch/vcpkg_installed/x64-windows/Program Files (x86)/Microsoft SDKs/Windows/v10.0A/bin/NETFX 4.8 Tools/x64/xlc.exe"
      - "D:/WaterSurfaceRendererScratch/vcpkg_installed/x64-windows/Program Files (x86)/Microsoft SDKs/Windows/v10.0A/bin/NETFX 4.8 Tools/x64/xlc"
      - "D:/WaterSurfaceRendererScratch/vcpkg_installed/x64-windows/Program Files (x86)/Microsoft SDKs/Windows/v10.0A/bin/NETFX 4.8 Tools/x64/icx.com"
      - "D:/WaterSurfaceRendererScratch/vcpkg_installed/x64-windows/Program Files (x86)/Microsoft SDKs/Windows/v10.0A/bin/NETFX 4.8 Tools/x64/icx.exe"
      - "D:/WaterSurfaceRendererScratch/vcpkg_installed/x64-windows/Program Files (x86)/Microsoft SDKs/Windows/v10.0A/bin/NETFX 4.8 Tools/x64/icx"
      - "D:/WaterSurfaceRendererScratch/vcpkg_installed/x64-windows/Program Files (x86)/Microsoft SDKs/Windows/v10.0A/bin/NETFX 4.8 Tools/x64/clang.com"
      - "D:/WaterSurfaceRendererScratch/vcpkg_installed/x64-windows/Program Files (x86)/Microsoft SDKs/Windows/v10.0A/bin/NETFX 4.8 Tools/x64/clang.exe"
      - "D:/WaterSurfaceRendererScratch/vcpkg_installed/x64-windows/Program Files (x86)/Microsoft SDKs/Windows/v10.0A/bin/NETFX 4.8 Tools/x64/clang"
      - "D:/WaterSurfaceRendererScratch/vcpkg_installed/x64-windows/Microsoft Visual Studio/18/Community/Team Tools/DiagnosticsHub/Collector/cc.com"
      - "D:/WaterSurfaceRendererScratch/vcpkg_installed/x64-windows/Microsoft Visual Studio/18/Community/Team Tools/DiagnosticsHub/Collector/cc.exe"
      - "D:/WaterSurfaceRendererScratch/vcpkg_installed/x64-windows/Microsoft Visual Studio/18/Community/Team Tools/DiagnosticsHub/Collector/cc"
      - "D:/WaterSurfaceRendererScratch/vcpkg_installed/x64-windows/Microsoft Visual Studio/18/Community/Team Tools/DiagnosticsHub/Collector/gcc.com"
      - "D:/WaterSurfaceRendererScratch/vcpkg_installed/x64-windows/Microsoft Visual Studio/18/Community/Team Tools/DiagnosticsHub/Collector/gcc.exe"
      - "D:/WaterSurfaceRendererScratch/vcpkg_installed/x64-windows/Microsoft Visual Studio/18/Community/Team Tools/DiagnosticsHub/Collector/gcc"
      - "D:/WaterSurfaceRendererScratch/vcpkg_installed/x64-windows/Microsoft Visual Studio/18/Community/Team Tools/DiagnosticsHub/Collector/cl.com"
      - "D:/WaterSurfaceRendererScratch/vcpkg_installed/x64-windows/Microsoft Visual Studio/18/Community/Team Tools/DiagnosticsHub/Collector/cl.exe"
      - "D:/WaterSurfaceRendererScratch/vcpkg_installed/x64-windows/Microsoft Visual Studio/18/Community/Team Tools/DiagnosticsHub/Collector/cl"
      - "D:/WaterSurfaceRendererScratch/vcpkg_installed/x64-windows/Microsoft Visual Studio/18/Community/Team Tools/DiagnosticsHub/Collector/bcc.com"
      - "D:/WaterSurfaceRendererScratch/vcpkg_installed/x64-windows/Microsoft Visual Studio/18/Community/Team Tools/DiagnosticsHub/Collector/bcc.exe"
      - "D:/WaterSurfaceRendererScratch/vcpkg_installed/x64-windows/Microsoft Visual Studio/18/Community/Team Tools/DiagnosticsHub/Collector/bcc"
      - "D:/WaterSurfaceRendererScratch/vcpkg_installed/x64-windows/Microsoft Visual Studio/18/Community/Team Tools/DiagnosticsHub/Collector/xlc.com"
      - "D:/WaterSurfaceRendererScratch/vcpkg_installed/x64-windows/Microsoft Visual Studio/18/Community/Team Tools/DiagnosticsHub/Collector/xlc.exe"
      - "D:/WaterSurfaceRendererScratch/vcpkg_installed/x64-windows/Microsoft Visual Studio/18/Community/Team Tools/DiagnosticsHub/Collector/xlc"
      - "D:/WaterSurfaceRendererScratch/vcpkg_installed/x64-windows/Microsoft Visual Studio/18/Community/Team Tools/DiagnosticsHub/Collector/icx.com"
      - "D:/WaterSurfaceRendererScratch/vcpkg_installed/x64-windows/Microsoft Visual Studio/18/Community/Team Tools/DiagnosticsHub/Collector/icx.exe"
      - "D:/WaterSurfaceRendererScratch/vcpkg_installed/x64-windows/Microsoft Visual Studio/18/Community/Team Tools/DiagnosticsHub/Collector/icx"
      - "D:/WaterSurfaceRendererScratch/vcpkg_installed/x64-windows/Microsoft Visual Studio/18/Community/Team Tools/DiagnosticsHub/Collector/clang.com"
      - "D:/WaterSurfaceRendererScratch/vcpkg_installed/x64-windows/Microsoft Visual Studio/18/Community/Team Tools/DiagnosticsHub/Collector/clang.exe"
      - "D:/WaterSurfaceRendererScratch/vcpkg_installed/x64-windows/Microsoft Visual Studio/18/Community/Team Tools/DiagnosticsHub/Collector/clang"
      - "D:/WaterSurfaceRendererScratch/vcpkg_installed/x64-windows/Microsoft Visual Studio/18/Community/Common7/IDE/Extensions/Microsoft/CodeCoverage.Console/cc.com"
      - "D:/WaterSurfaceRendererScratch/vcpkg_installed/x64-windows/Microsoft Visual Studio/18/Community/Common7/IDE/Extensions/Microsoft/CodeCoverage.Console/cc.exe"
      - "D:/WaterSurfaceRendererScratch/vcpkg_installed/x64-windows/Microsoft Visual Studio/18/Community/Common7/IDE/Extensions/Microsoft/CodeCoverage.Console/cc"
      - "D:/WaterSurfaceRendererScratch/vcpkg_installed/x64-windows/Microsoft Visual Studio/18/Community/Common7/IDE/Extensions/Microsoft/CodeCoverage.Console/gcc.com"
      - "D:/WaterSurfaceRendererScratch/vcpkg_installed/x64-windows/Microsoft Visual Studio/18/Community/Common7/IDE/Extensions/Microsoft/CodeCoverage.Console/gcc.exe"
      - "D:/WaterSurfaceRendererScratch/vcpkg_installed/x64-windows/Microsoft Visual Studio/18/Community/Common7/IDE/Extensions/Microsoft/CodeCoverage.Console/gcc"
      - "D:/WaterSurfaceRendererScratch/vcpkg_installed/x64-windows/Microsoft Visual Studio/18/Community/Common7/IDE/Extensions/Microsoft/CodeCoverage.Console/cl.com"
      - "D:/WaterSurfaceRendererScratch/vcpkg_installed/x64-windows/Microsoft Visual Studio/18/Community/Common7/IDE/Extensions/Microsoft/CodeCoverage.Console/cl.exe"
      - "D:/WaterSurfaceRendererScratch/vcpkg_installed/x64-windows/Microsoft Visual Studio/18/Community/Common7/IDE/Extensions/Microsoft/CodeCoverage.Console/cl"
      - "D:/WaterSurfaceRendererScratch/vcpkg_installed/x64-windows/Microsoft Visual Studio/18/Community/Common7/IDE/Extensions/Microsoft/CodeCoverage.Console/bcc.com"
      - "D:/WaterSurfaceRendererScratch/vcpkg_installed/x64-windows/Microsoft Visual Studio/18/Community/Common7/IDE/Extensions/Microsoft/CodeCoverage.Console/bcc.exe"
      - "D:/WaterSurfaceRendererScratch/vcpkg_installed/x64-windows/Microsoft Visual Studio/18/Community/Common7/IDE/Extensions/Microsoft/CodeCoverage.Console/bcc"
      - "D:/WaterSurfaceRendererScratch/vcpkg_installed/x64-windows/Microsoft Visual Studio/18/Community/Common7/IDE/Extensions/Microsoft/CodeCoverage.Console/xlc.com"
      - "D:/WaterSurfaceRendererScratch/vcpkg_installed/x64-windows/Microsoft Visual Studio/18/Community/Common7/IDE/Extensions/Microsoft/CodeCoverage.Console/xlc.exe"
      - "D:/WaterSurfaceRendererScratch/vcpkg_installed/x64-windows/Microsoft Visual Studio/18/Community/Common7/IDE/Extensions/Microsoft/CodeCoverage.Console/xlc"
      - "D:/WaterSurfaceRendererScratch/vcpkg_installed/x64-windows/Microsoft Visual Studio/18/Community/Common7/IDE/Extensions/Microsoft/CodeCoverage.Console/icx.com"
      - "D:/WaterSurfaceRendererScratch/vcpkg_installed/x64-windows/Microsoft Visual Studio/18/Community/Common7/IDE/Extensions/Microsoft/CodeCoverage.Console/icx.exe"
      - "D:/WaterSurfaceRendererScratch/vcpkg_installed/x64-windows/Microsoft Visual Studio/18/Community/Common7/IDE/Extensions/Microsoft/CodeCoverage.Console/icx"
      - "D:/WaterSurfaceRendererScratch/vcpkg_installed/x64-windows/Microsoft Visual Studio/18/Community/Common7/IDE/Extensions/Microsoft/CodeCoverage.Console/clang.com"
      - "D:/WaterSurfaceRendererScratch/vcpkg_installed/x64-windows/Microsoft Visual Studio/18/Community/Common7/IDE/Extensions/Microsoft/CodeCoverage.Console/clang.exe"
      - "D:/WaterSurfaceRendererScratch/vcpkg_installed/x64-windows/Microsoft Visual Studio/18/Community/Common7/IDE/Extensions/Microsoft/CodeCoverage.Console/clang"
      - "D:/WaterSurfaceRendererScratch/vcpkg_installed/x64-windows/Program Files (x86)/Windows Kits/10/bin/10.0.26100.0/x64/cc.com"
      - "D:/WaterSurfaceRendererScratch/vcpkg_installed/x64-windows/Program Files (x86)/Windows Kits/10/bin/10.0.26100.0/x64/cc.exe"
      - "D:/WaterSurfaceRendererScratch/vcpkg_installed/x64-windows/Program Files (x86)/Windows Kits/10/bin/10.0.26100.0/x64/cc"
      - "D:/WaterSurfaceRendererScratch/vcpkg_installed/x64-windows/Program Files (x86)/Windows Kits/10/bin/10.0.26100.0/x64/gcc.com"
      - "D:/WaterSurfaceRendererScratch/vcpkg_installed/x64-windows/Program Files (x86)/Windows Kits/10/bin/10.0.26100.0/x64/gcc.exe"
      - "D:/WaterSurfaceRendererScratch/vcpkg_installed/x64-windows/Program Files (x86)/Windows Kits/10/bin/10.0.26100.0/x64/gcc"
      - "D:/WaterSurfaceRendererScratch/vcpkg_installed/x64-windows/Program Files (x86)/Windows Kits/10/bin/10.0.26100.0/x64/cl.com"
      - "D:/WaterSurfaceRendererScratch/vcpkg_installed/x64-windows/Program Files (x86)/Windows Kits/10/bin/10.0.26100.0/x64/cl.exe"
      - "D:/WaterSurfaceRendererScratch/vcpkg_installed/x64-windows/Program Files (x86)/Windows Kits/10/bin/10.0.26100.0/x64/cl"
      - "D:/WaterSurfaceRendererScratch/vcpkg_installed/x64-windows/Program Files (x86)/Windows Kits/10/bin/10.0.26100.0/x64/bcc.com"
      - "D:/WaterSurfaceRendererScratch/vcpkg_installed/x64-windows/Program Files (x86)/Windows Kits/10/bin/10.0.26100.0/x64/bcc.exe"
      - "D:/WaterSurfaceRendererScratch/vcpkg_installed/x64-windows/Program Files (x86)/Windows Kits/10/bin/10.0.26100.0/x64/bcc"
      - "D:/WaterSurfaceRendererScratch/vcpkg_installed/x64-windows/Program Files (x86)/Windows Kits/10/bin/10.0.26100.0/x64/xlc.com"
      - "D:/WaterSurfaceRendererScratch/vcpkg_installed/x64-windows/Program Files (x86)/Windows Kits/10/bin/10.0.26100.0/x64/xlc.exe"
      - "D:/WaterSurfaceRendererScratch/vcpkg_installed/x64-windows/Program Files (x86)/Windows Kits/10/bin/10.0.26100.0/x64/xlc"
      - "D:/WaterSurfaceRendererScratch/vcpkg_installed/x64-windows/Program Files (x86)/Windows Kits/10/bin/10.0.26100.0/x64/icx.com"
      - "D:/WaterSurfaceRendererScratch/vcpkg_installed/x64-windows/Program Files (x86)/Windows Kits/10/bin/10.0.26100.0/x64/icx.exe"
      - "D:/WaterSurfaceRendererScratch/vcpkg_installed/x64-windows/Program Files (x86)/Windows Kits/10/bin/10.0.26100.0/x64/icx"
      - "D:/WaterSurfaceRendererScratch/vcpkg_installed/x64-windows/Program Files (x86)/Windows Kits/10/bin/10.0.26100.0/x64/clang.com"
      - "D:/WaterSurfaceRendererScratch/vcpkg_installed/x64-windows/Program Files (x86)/Windows Kits/10/bin/10.0.26100.0/x64/clang.exe"
      - "D:/WaterSurfaceRendererScratch/vcpkg_installed/x64-windows/Program Files (x86)/Windows Kits/10/bin/10.0.26100.0/x64/clang"
      - "D:/WaterSurfaceRendererScratch/vcpkg_installed/x64-windows/Program Files (x86)/Windows Kits/10/bin/x64/cc.com"
      - "D:/WaterSurfaceRendererScratch/vcpkg_installed/x64-windows/Program Files (x86)/Windows Kits/10/bin/x64/cc.exe"
      - "D:/WaterSurfaceRendererScratch/vcpkg_installed/x64-windows/Program Files (x86)/Windows Kits/10/bin/x64/cc"
      - "D:/WaterSurfaceRendererScratch/vcpkg_installed/x64-windows/Program Files (x86)/Windows Kits/10/bin/x64/gcc.com"
      - "D:/WaterSurfaceRendererScratch/vcpkg_installed/x64-windows/Program Files (x86)/Windows Kits/10/bin/x64/gcc.exe"
      - "D:/WaterSurfaceRendererScratch/vcpkg_installed/x64-windows/Program Files (x86)/Windows Kits/10/bin/x64/gcc"
      - "D:/WaterSurfaceRendererScratch/vcpkg_installed/x64-windows/Program Files (x86)/Windows Kits/10/bin/x64/cl.com"
      - "D:/WaterSurfaceRendererScratch/vcpkg_installed/x64-windows/Program Files (x86)/Windows Kits/10/bin/x64/cl.exe"
      - "D:/WaterSurfaceRendererScratch/vcpkg_installed/x64-windows/Program Files (x86)/Windows Kits/10/bin/x64/cl"
      - "D:/WaterSurfaceRendererScratch/vcpkg_installed/x64-windows/Program Files (x86)/Windows Kits/10/bin/x64/bcc.com"
      - "D:/WaterSurfaceRendererScratch/vcpkg_installed/x64-windows/Program Files (x86)/Windows Kits/10/bin/x64/bcc.exe"
      - "D:/WaterSurfaceRendererScratch/vcpkg_installed/x64-windows/Program Files (x86)/Windows Kits/10/bin/x64/bcc"
      - "D:/WaterSurfaceRendererScratch/vcpkg_installed/x64-windows/Program Files (x86)/Windows Kits/10/bin/x64/xlc.com"
      - "D:/WaterSurfaceRendererScratch/vcpkg_installed/x64-windows/Program Files (x86)/Windows Kits/10/bin/x64/xlc.exe"
      - "D:/WaterSurfaceRendererScratch/vcpkg_installed/x64-windows/Program Files (x86)/Windows Kits/10/bin/x64/xlc"
      - "D:/WaterSurfaceRendererScratch/vcpkg_installed/x64-windows/Program Files (x86)/Windows Kits/10/bin/x64/icx.com"
      - "D:/WaterSurfaceRendererScratch/vcpkg_installed/x64-windows/Program Files (x86)/Windows Kits/10/bin/x64/icx.exe"
      - "D:/WaterSurfaceRendererScratch/vcpkg_installed/x64-windows/Program Files (x86)/Windows Kits/10/bin/x64/icx"
      - "D:/WaterSurfaceRendererScratch/vcpkg_installed/x64-windows/Program Files (x86)/Windows Kits/10/bin/x64/clang.com"
      - "D:/WaterSurfaceRendererScratch/vcpkg_installed/x64-windows/Program Files (x86)/Windows Kits/10/bin/x64/clang.exe"
      - "D:/WaterSurfaceRendererScratch/vcpkg_installed/x64-windows/Program Files (x86)/Windows Kits/10/bin/x64/clang"
      - "D:/WaterSurfaceRendererScratch/vcpkg_installed/x64-windows/Microsoft Visual Studio/18/Community/MSBuild/Current/Bin/amd64/cc.com"
      - "D:/WaterSurfaceRendererScratch/vcpkg_installed/x64-windows/Microsoft Visual Studio/18/Community/MSBuild/Current/Bin/amd64/cc.exe"
      - "D:/WaterSurfaceRendererScratch/vcpkg_installed/x64-windows/Microsoft Visual Studio/18/Community/MSBuild/Current/Bin/amd64/cc"
      - "D:/WaterSurfaceRendererScratch/vcpkg_installed/x64-windows/Microsoft Visual Studio/18/Community/MSBuild/Current/Bin/amd64/gcc.com"
      - "D:/WaterSurfaceRendererScratch/vcpkg_installed/x64-windows/Microsoft Visual Studio/18/Community/MSBuild/Current/Bin/amd64/gcc.exe"
      - "D:/WaterSurfaceRendererScratch/vcpkg_installed/x64-windows/Microsoft Visual Studio/18/Community/MSBuild/Current/Bin/amd64/gcc"
      - "D:/WaterSurfaceRendererScratch/vcpkg_installed/x64-windows/Microsoft Visual Studio/18/Community/MSBuild/Current/Bin/amd64/cl.com"
      - "D:/WaterSurfaceRendererScratch/vcpkg_installed/x64-windows/Microsoft Visual Studio/18/Community/MSBuild/Current/Bin/amd64/cl.exe"
      - "D:/WaterSurfaceRendererScratch/vcpkg_installed/x64-windows/Microsoft Visual Studio/18/Community/MSBuild/Current/Bin/amd64/cl"
      - "D:/WaterSurfaceRendererScratch/vcpkg_installed/x64-windows/Microsoft Visual Studio/18/Community/MSBuild/Current/Bin/amd64/bcc.com"
      - "D:/WaterSurfaceRendererScratch/vcpkg_installed/x64-windows/Microsoft Visual Studio/18/Community/MSBuild/Current/Bin/amd64/bcc.exe"
      - "D:/WaterSurfaceRendererScratch/vcpkg_installed/x64-windows/Microsoft Visual Studio/18/Community/MSBuild/Current/Bin/amd64/bcc"
      - "D:/WaterSurfaceRendererScratch/vcpkg_installed/x64-windows/Microsoft Visual Studio/18/Community/MSBuild/Current/Bin/amd64/xlc.com"
      - "D:/WaterSurfaceRendererScratch/vcpkg_installed/x64-windows/Microsoft Visual Studio/18/Community/MSBuild/Current/Bin/amd64/xlc.exe"
      - "D:/WaterSurfaceRendererScratch/vcpkg_installed/x64-windows/Microsoft Visual Studio/18/Community/MSBuild/Current/Bin/amd64/xlc"
      - "D:/WaterSurfaceRendererScratch/vcpkg_installed/x64-windows/Microsoft Visual Studio/18/Community/MSBuild/Current/Bin/amd64/icx.com"
      - "D:/WaterSurfaceRendererScratch/vcpkg_installed/x64-windows/Microsoft Visual Studio/18/Community/MSBuild/Current/Bin/amd64/icx.exe"
      - "D:/WaterSurfaceRendererScratch/vcpkg_installed/x64-windows/Microsoft Visual Studio/18/Community/MSBuild/Current/Bin/amd64/icx"
      - "D:/WaterSurfaceRendererScratch/vcpkg_installed/x64-windows/Microsoft Visual Studio/18/Community/MSBuild/Current/Bin/amd64/clang.com"
      - "D:/WaterSurfaceRendererScratch/vcpkg_installed/x64-windows/Microsoft Visual Studio/18/Community/MSBuild/Current/Bin/amd64/clang.exe"
      - "D:/WaterSurfaceRendererScratch/vcpkg_installed/x64-windows/Microsoft Visual Studio/18/Community/MSBuild/Current/Bin/amd64/clang"
      - "D:/WaterSurfaceRendererScratch/vcpkg_installed/x64-windows/Windows/Microsoft.NET/Framework64/v4.0.30319/cc.com"
      - "D:/WaterSurfaceRendererScratch/vcpkg_installed/x64-windows/Windows/Microsoft.NET/Framework64/v4.0.30319/cc.exe"
      - "D:/WaterSurfaceRendererScratch/vcpkg_installed/x64-windows/Windows/Microsoft.NET/Framework64/v4.0.30319/cc"
      - "D:/WaterSurfaceRendererScratch/vcpkg_installed/x64-windows/Windows/Microsoft.NET/Framework64/v4.0.30319/gcc.com"
      - "D:/WaterSurfaceRendererScratch/vcpkg_installed/x64-windows/Windows/Microsoft.NET/Framework64/v4.0.30319/gcc.exe"
      - "D:/WaterSurfaceRendererScratch/vcpkg_installed/x64-windows/Windows/Microsoft.NET/Framework64/v4.0.30319/gcc"
      - "D:/WaterSurfaceRendererScratch/vcpkg_installed/x64-windows/Windows/Microsoft.NET/Framework64/v4.0.30319/cl.com"
      - "D:/WaterSurfaceRendererScratch/vcpkg_installed/x64-windows/Windows/Microsoft.NET/Framework64/v4.0.30319/cl.exe"
      - "D:/WaterSurfaceRendererScratch/vcpkg_installed/x64-windows/Windows/Microsoft.NET/Framework64/v4.0.30319/cl"
      - "D:/WaterSurfaceRendererScratch/vcpkg_installed/x64-windows/Windows/Microsoft.NET/Framework64/v4.0.30319/bcc.com"
      - "D:/WaterSurfaceRendererScratch/vcpkg_installed/x64-windows/Windows/Microsoft.NET/Framework64/v4.0.30319/bcc.exe"
      - "D:/WaterSurfaceRendererScratch/vcpkg_installed/x64-windows/Windows/Microsoft.NET/Framework64/v4.0.30319/bcc"
      - "D:/WaterSurfaceRendererScratch/vcpkg_installed/x64-windows/Windows/Microsoft.NET/Framework64/v4.0.30319/xlc.com"
      - "D:/WaterSurfaceRendererScratch/vcpkg_installed/x64-windows/Windows/Microsoft.NET/Framework64/v4.0.30319/xlc.exe"
      - "D:/WaterSurfaceRendererScratch/vcpkg_installed/x64-windows/Windows/Microsoft.NET/Framework64/v4.0.30319/xlc"
      - "D:/WaterSurfaceRendererScratch/vcpkg_installed/x64-windows/Windows/Microsoft.NET/Framework64/v4.0.30319/icx.com"
      - "D:/WaterSurfaceRendererScratch/vcpkg_installed/x64-windows/Windows/Microsoft.NET/Framework64/v4.0.30319/icx.exe"
      - "D:/WaterSurfaceRendererScratch/vcpkg_installed/x64-windows/Windows/Microsoft.NET/Framework64/v4.0.30319/icx"
      - "D:/WaterSurfaceRendererScratch/vcpkg_installed/x64-windows/Windows/Microsoft.NET/Framework64/v4.0.30319/clang.com"
      - "D:/WaterSurfaceRendererScratch/vcpkg_installed/x64-windows/Windows/Microsoft.NET/Framework64/v4.0.30319/clang.exe"
      - "D:/WaterSurfaceRendererScratch/vcpkg_installed/x64-windows/Windows/Microsoft.NET/Framework64/v4.0.30319/clang"
      - "D:/WaterSurfaceRendererScratch/vcpkg_installed/x64-windows/Microsoft Visual Studio/18/Community/Common7/IDE/cc.com"
      - "D:/WaterSurfaceRendererScratch/vcpkg_installed/x64-windows/Microsoft Visual Studio/18/Community/Common7/IDE/cc.exe"
      - "D:/WaterSurfaceRendererScratch/vcpkg_installed/x64-windows/Microsoft Visual Studio/18/Community/Common7/IDE/cc"
      - "D:/WaterSurfaceRendererScratch/vcpkg_installed/x64-windows/Microsoft Visual Studio/18/Community/Common7/IDE/gcc.com"
      - "D:/WaterSurfaceRendererScratch/vcpkg_installed/x64-windows/Microsoft Visual Studio/18/Community/Common7/IDE/gcc.exe"
      - "D:/WaterSurfaceRendererScratch/vcpkg_installed/x64-windows/Microsoft Visual Studio/18/Community/Common7/IDE/gcc"
      - "D:/WaterSurfaceRendererScratch/vcpkg_installed/x64-windows/Microsoft Visual Studio/18/Community/Common7/IDE/cl.com"
      - "D:/WaterSurfaceRendererScratch/vcpkg_installed/x64-windows/Microsoft Visual Studio/18/Community/Common7/IDE/cl.exe"
      - "D:/WaterSurfaceRendererScratch/vcpkg_installed/x64-windows/Microsoft Visual Studio/18/Community/Common7/IDE/cl"
      - "D:/WaterSurfaceRendererScratch/vcpkg_installed/x64-windows/Microsoft Visual Studio/18/Community/Common7/IDE/bcc.com"
      - "D:/WaterSurfaceRendererScratch/vcpkg_installed/x64-windows/Microsoft Visual Studio/18/Community/Common7/IDE/bcc.exe"
      - "D:/WaterSurfaceRendererScratch/vcpkg_installed/x64-windows/Microsoft Visual Studio/18/Community/Common7/IDE/bcc"
      - "D:/WaterSurfaceRendererScratch/vcpkg_installed/x64-windows/Microsoft Visual Studio/18/Community/Common7/IDE/xlc.com"
      - "D:/WaterSurfaceRendererScratch/vcpkg_installed/x64-windows/Microsoft Visual Studio/18/Community/Common7/IDE/xlc.exe"
      - "D:/WaterSurfaceRendererScratch/vcpkg_installed/x64-windows/Microsoft Visual Studio/18/Community/Common7/IDE/xlc"
      - "D:/WaterSurfaceRendererScratch/vcpkg_installed/x64-windows/Microsoft Visual Studio/18/Community/Common7/IDE/icx.com"
      - "D:/WaterSurfaceRendererScratch/vcpkg_installed/x64-windows/Microsoft Visual Studio/18/Community/Common7/IDE/icx.exe"
      - "D:/WaterSurfaceRendererScratch/vcpkg_installed/x64-windows/Microsoft Visual Studio/18/Community/Common7/IDE/icx"
      - "D:/WaterSurfaceRendererScratch/vcpkg_installed/x64-windows/Microsoft Visual Studio/18/Community/Common7/IDE/clang.com"
      - "D:/WaterSurfaceRendererScratch/vcpkg_installed/x64-windows/Microsoft Visual Studio/18/Community/Common7/IDE/clang.exe"
      - "D:/WaterSurfaceRendererScratch/vcpkg_installed/x64-windows/Microsoft Visual Studio/18/Community/Common7/IDE/clang"
      - "D:/WaterSurfaceRendererScratch/vcpkg_installed/x64-windows/Microsoft Visual Studio/18/Community/Common7/Tools/cc.com"
      - "D:/WaterSurfaceRendererScratch/vcpkg_installed/x64-windows/Microsoft Visual Studio/18/Community/Common7/Tools/cc.exe"
      - "D:/WaterSurfaceRendererScratch/vcpkg_installed/x64-windows/Microsoft Visual Studio/18/Community/Common7/Tools/cc"
      - "D:/WaterSurfaceRendererScratch/vcpkg_installed/x64-windows/Microsoft Visual Studio/18/Community/Common7/Tools/gcc.com"
      - "D:/WaterSurfaceRendererScratch/vcpkg_installed/x64-windows/Microsoft Visual Studio/18/Community/Common7/Tools/gcc.exe"
      - "D:/WaterSurfaceRendererScratch/vcpkg_installed/x64-windows/Microsoft Visual Studio/18/Community/Common7/Tools/gcc"
      - "D:/WaterSurfaceRendererScratch/vcpkg_installed/x64-windows/Microsoft Visual Studio/18/Community/Common7/Tools/cl.com"
      - "D:/WaterSurfaceRendererScratch/vcpkg_installed/x64-windows/Microsoft Visual Studio/18/Community/Common7/Tools/cl.exe"
      - "D:/WaterSurfaceRendererScratch/vcpkg_installed/x64-windows/Microsoft Visual Studio/18/Community/Common7/Tools/cl"
      - "D:/WaterSurfaceRendererScratch/vcpkg_installed/x64-windows/Microsoft Visual Studio/18/Community/Common7/Tools/bcc.com"
      - "D:/WaterSurfaceRendererScratch/vcpkg_installed/x64-windows/Microsoft Visual Studio/18/Community/Common7/Tools/bcc.exe"
      - "D:/WaterSurfaceRendererScratch/vcpkg_installed/x64-windows/Microsoft Visual Studio/18/Community/Common7/Tools/bcc"
      - "D:/WaterSurfaceRendererScratch/vcpkg_installed/x64-windows/Microsoft Visual Studio/18/Community/Common7/Tools/xlc.com"
      - "D:/WaterSurfaceRendererScratch/vcpkg_installed/x64-windows/Microsoft Visual Studio/18/Community/Common7/Tools/xlc.exe"
      - "D:/WaterSurfaceRendererScratch/vcpkg_installed/x64-windows/Microsoft Visual Studio/18/Community/Common7/Tools/xlc"
      - "D:/WaterSurfaceRendererScratch/vcpkg_installed/x64-windows/Microsoft Visual Studio/18/Community/Common7/Tools/icx.com"
      - "D:/WaterSurfaceRendererScratch/vcpkg_installed/x64-windows/Microsoft Visual Studio/18/Community/Common7/Tools/icx.exe"
      - "D:/WaterSurfaceRendererScratch/vcpkg_installed/x64-windows/Microsoft Visual Studio/18/Community/Common7/Tools/icx"
      - "D:/WaterSurfaceRendererScratch/vcpkg_installed/x64-windows/Microsoft Visual Studio/18/Community/Common7/Tools/clang.com"
      - "D:/WaterSurfaceRendererScratch/vcpkg_installed/x64-windows/Microsoft Visual Studio/18/Community/Common7/Tools/clang.exe"
      - "D:/WaterSurfaceRendererScratch/vcpkg_installed/x64-windows/Microsoft Visual Studio/18/Community/Common7/Tools/clang"
      - "D:/WaterSurfaceRendererScratch/vcpkg_installed/x64-windows/Users/xukeheng/AppData/Local/vcpkg/downloads/tools/powershell-core-7.5.4-windows/cc.com"
      - "D:/WaterSurfaceRendererScratch/vcpkg_installed/x64-windows/Users/xukeheng/AppData/Local/vcpkg/downloads/tools/powershell-core-7.5.4-windows/cc.exe"
      - "D:/WaterSurfaceRendererScratch/vcpkg_installed/x64-windows/Users/xukeheng/AppData/Local/vcpkg/downloads/tools/powershell-core-7.5.4-windows/cc"
      - "D:/WaterSurfaceRendererScratch/vcpkg_installed/x64-windows/Users/xukeheng/AppData/Local/vcpkg/downloads/tools/powershell-core-7.5.4-windows/gcc.com"
      - "D:/WaterSurfaceRendererScratch/vcpkg_installed/x64-windows/Users/xukeheng/AppData/Local/vcpkg/downloads/tools/powershell-core-7.5.4-windows/gcc.exe"
      - "D:/WaterSurfaceRendererScratch/vcpkg_installed/x64-windows/Users/xukeheng/AppData/Local/vcpkg/downloads/tools/powershell-core-7.5.4-windows/gcc"
      - "D:/WaterSurfaceRendererScratch/vcpkg_installed/x64-windows/Users/xukeheng/AppData/Local/vcpkg/downloads/tools/powershell-core-7.5.4-windows/cl.com"
      - "D:/WaterSurfaceRendererScratch/vcpkg_installed/x64-windows/Users/xukeheng/AppData/Local/vcpkg/downloads/tools/powershell-core-7.5.4-windows/cl.exe"
      - "D:/WaterSurfaceRendererScratch/vcpkg_installed/x64-windows/Users/xukeheng/AppData/Local/vcpkg/downloads/tools/powershell-core-7.5.4-windows/cl"
      - "D:/WaterSurfaceRendererScratch/vcpkg_installed/x64-windows/Users/xukeheng/AppData/Local/vcpkg/downloads/tools/powershell-core-7.5.4-windows/bcc.com"
      - "D:/WaterSurfaceRendererScratch/vcpkg_installed/x64-windows/Users/xukeheng/AppData/Local/vcpkg/downloads/tools/powershell-core-7.5.4-windows/bcc.exe"
      - "D:/WaterSurfaceRendererScratch/vcpkg_installed/x64-windows/Users/xukeheng/AppData/Local/vcpkg/downloads/tools/powershell-core-7.5.4-windows/bcc"
      - "D:/WaterSurfaceRendererScratch/vcpkg_installed/x64-windows/Users/xukeheng/AppData/Local/vcpkg/downloads/tools/powershell-core-7.5.4-windows/xlc.com"
      - "D:/WaterSurfaceRendererScratch/vcpkg_installed/x64-windows/Users/xukeheng/AppData/Local/vcpkg/downloads/tools/powershell-core-7.5.4-windows/xlc.exe"
      - "D:/WaterSurfaceRendererScratch/vcpkg_installed/x64-windows/Users/xukeheng/AppData/Local/vcpkg/downloads/tools/powershell-core-7.5.4-windows/xlc"
      - "D:/WaterSurfaceRendererScratch/vcpkg_installed/x64-windows/Users/xukeheng/AppData/Local/vcpkg/downloads/tools/powershell-core-7.5.4-windows/icx.com"
      - "D:/WaterSurfaceRendererScratch/vcpkg_installed/x64-windows/Users/xukeheng/AppData/Local/vcpkg/downloads/tools/powershell-core-7.5.4-windows/icx.exe"
      - "D:/WaterSurfaceRendererScratch/vcpkg_installed/x64-windows/Users/xukeheng/AppData/Local/vcpkg/downloads/tools/powershell-core-7.5.4-windows/icx"
      - "D:/WaterSurfaceRendererScratch/vcpkg_installed/x64-windows/Users/xukeheng/AppData/Local/vcpkg/downloads/tools/powershell-core-7.5.4-windows/clang.com"
      - "D:/WaterSurfaceRendererScratch/vcpkg_installed/x64-windows/Users/xukeheng/AppData/Local/vcpkg/downloads/tools/powershell-core-7.5.4-windows/clang.exe"
      - "D:/WaterSurfaceRendererScratch/vcpkg_installed/x64-windows/Users/xukeheng/AppData/Local/vcpkg/downloads/tools/powershell-core-7.5.4-windows/clang"
      - "D:/WaterSurfaceRendererScratch/vcpkg_installed/x64-windows/Windows/System32/cc.com"
      - "D:/WaterSurfaceRendererScratch/vcpkg_installed/x64-windows/Windows/System32/cc.exe"
      - "D:/WaterSurfaceRendererScratch/vcpkg_installed/x64-windows/Windows/System32/cc"
      - "D:/WaterSurfaceRendererScratch/vcpkg_installed/x64-windows/Windows/System32/gcc.com"
      - "D:/WaterSurfaceRendererScratch/vcpkg_installed/x64-windows/Windows/System32/gcc.exe"
      - "D:/WaterSurfaceRendererScratch/vcpkg_installed/x64-windows/Windows/System32/gcc"
      - "D:/WaterSurfaceRendererScratch/vcpkg_installed/x64-windows/Windows/System32/cl.com"
      - "D:/WaterSurfaceRendererScratch/vcpkg_installed/x64-windows/Windows/System32/cl.exe"
      - "D:/WaterSurfaceRendererScratch/vcpkg_installed/x64-windows/Windows/System32/cl"
      - "D:/WaterSurfaceRendererScratch/vcpkg_installed/x64-windows/Windows/System32/bcc.com"
      - "D:/WaterSurfaceRendererScratch/vcpkg_installed/x64-windows/Windows/System32/bcc.exe"
      - "D:/WaterSurfaceRendererScratch/vcpkg_installed/x64-windows/Windows/System32/bcc"
      - "D:/WaterSurfaceRendererScratch/vcpkg_installed/x64-windows/Windows/System32/xlc.com"
      - "D:/WaterSurfaceRendererScratch/vcpkg_installed/x64-windows/Windows/System32/xlc.exe"
      - "D:/WaterSurfaceRendererScratch/vcpkg_installed/x64-windows/Windows/System32/xlc"
      - "D:/WaterSurfaceRendererScratch/vcpkg_installed/x64-windows/Windows/System32/icx.com"
      - "D:/WaterSurfaceRendererScratch/vcpkg_installed/x64-windows/Windows/System32/icx.exe"
      - "D:/WaterSurfaceRendererScratch/vcpkg_installed/x64-windows/Windows/System32/icx"
      - "D:/WaterSurfaceRendererScratch/vcpkg_installed/x64-windows/Windows/System32/clang.com"
      - "D:/WaterSurfaceRendererScratch/vcpkg_installed/x64-windows/Windows/System32/clang.exe"
      - "D:/WaterSurfaceRendererScratch/vcpkg_installed/x64-windows/Windows/System32/clang"
      - "D:/WaterSurfaceRendererScratch/vcpkg_installed/x64-windows/Windows/cc.com"
      - "D:/WaterSurfaceRendererScratch/vcpkg_installed/x64-windows/Windows/cc.exe"
      - "D:/WaterSurfaceRendererScratch/vcpkg_installed/x64-windows/Windows/cc"
      - "D:/WaterSurfaceRendererScratch/vcpkg_installed/x64-windows/Windows/gcc.com"
      - "D:/WaterSurfaceRendererScratch/vcpkg_installed/x64-windows/Windows/gcc.exe"
      - "D:/WaterSurfaceRendererScratch/vcpkg_installed/x64-windows/Windows/gcc"
      - "D:/WaterSurfaceRendererScratch/vcpkg_installed/x64-windows/Windows/cl.com"
      - "D:/WaterSurfaceRendererScratch/vcpkg_installed/x64-windows/Windows/cl.exe"
      - "D:/WaterSurfaceRendererScratch/vcpkg_installed/x64-windows/Windows/cl"
      - "D:/WaterSurfaceRendererScratch/vcpkg_installed/x64-windows/Windows/bcc.com"
      - "D:/WaterSurfaceRendererScratch/vcpkg_installed/x64-windows/Windows/bcc.exe"
      - "D:/WaterSurfaceRendererScratch/vcpkg_installed/x64-windows/Windows/bcc"
      - "D:/WaterSurfaceRendererScratch/vcpkg_installed/x64-windows/Windows/xlc.com"
      - "D:/WaterSurfaceRendererScratch/vcpkg_installed/x64-windows/Windows/xlc.exe"
      - "D:/WaterSurfaceRendererScratch/vcpkg_installed/x64-windows/Windows/xlc"
      - "D:/WaterSurfaceRendererScratch/vcpkg_installed/x64-windows/Windows/icx.com"
      - "D:/WaterSurfaceRendererScratch/vcpkg_installed/x64-windows/Windows/icx.exe"
      - "D:/WaterSurfaceRendererScratch/vcpkg_installed/x64-windows/Windows/icx"
      - "D:/WaterSurfaceRendererScratch/vcpkg_installed/x64-windows/Windows/clang.com"
      - "D:/WaterSurfaceRendererScratch/vcpkg_installed/x64-windows/Windows/clang.exe"
      - "D:/WaterSurfaceRendererScratch/vcpkg_installed/x64-windows/Windows/clang"
      - "D:/WaterSurfaceRendererScratch/vcpkg_installed/x64-windows/Windows/System32/wbem/cc.com"
      - "D:/WaterSurfaceRendererScratch/vcpkg_installed/x64-windows/Windows/System32/wbem/cc.exe"
      - "D:/WaterSurfaceRendererScratch/vcpkg_installed/x64-windows/Windows/System32/wbem/cc"
      - "D:/WaterSurfaceRendererScratch/vcpkg_installed/x64-windows/Windows/System32/wbem/gcc.com"
      - "D:/WaterSurfaceRendererScratch/vcpkg_installed/x64-windows/Windows/System32/wbem/gcc.exe"
      - "D:/WaterSurfaceRendererScratch/vcpkg_installed/x64-windows/Windows/System32/wbem/gcc"
      - "D:/WaterSurfaceRendererScratch/vcpkg_installed/x64-windows/Windows/System32/wbem/cl.com"
      - "D:/WaterSurfaceRendererScratch/vcpkg_installed/x64-windows/Windows/System32/wbem/cl.exe"
      - "D:/WaterSurfaceRendererScratch/vcpkg_installed/x64-windows/Windows/System32/wbem/cl"
      - "D:/WaterSurfaceRendererScratch/vcpkg_installed/x64-windows/Windows/System32/wbem/bcc.com"
      - "D:/WaterSurfaceRendererScratch/vcpkg_installed/x64-windows/Windows/System32/wbem/bcc.exe"
      - "D:/WaterSurfaceRendererScratch/vcpkg_installed/x64-windows/Windows/System32/wbem/bcc"
      - "D:/WaterSurfaceRendererScratch/vcpkg_installed/x64-windows/Windows/System32/wbem/xlc.com"
      - "D:/WaterSurfaceRendererScratch/vcpkg_installed/x64-windows/Windows/System32/wbem/xlc.exe"
      - "D:/WaterSurfaceRendererScratch/vcpkg_installed/x64-windows/Windows/System32/wbem/xlc"
      - "D:/WaterSurfaceRendererScratch/vcpkg_installed/x64-windows/Windows/System32/wbem/icx.com"
      - "D:/WaterSurfaceRendererScratch/vcpkg_installed/x64-windows/Windows/System32/wbem/icx.exe"
      - "D:/WaterSurfaceRendererScratch/vcpkg_installed/x64-windows/Windows/System32/wbem/icx"
      - "D:/WaterSurfaceRendererScratch/vcpkg_installed/x64-windows/Windows/System32/wbem/clang.com"
      - "D:/WaterSurfaceRendererScratch/vcpkg_installed/x64-windows/Windows/System32/wbem/clang.exe"
      - "D:/WaterSurfaceRendererScratch/vcpkg_installed/x64-windows/Windows/System32/wbem/clang"
      - "D:/WaterSurfaceRendererScratch/vcpkg_installed/x64-windows/Windows/System32/WindowsPowerShell/v1.0/cc.com"
      - "D:/WaterSurfaceRendererScratch/vcpkg_installed/x64-windows/Windows/System32/WindowsPowerShell/v1.0/cc.exe"
      - "D:/WaterSurfaceRendererScratch/vcpkg_installed/x64-windows/Windows/System32/WindowsPowerShell/v1.0/cc"
      - "D:/WaterSurfaceRendererScratch/vcpkg_installed/x64-windows/Windows/System32/WindowsPowerShell/v1.0/gcc.com"
      - "D:/WaterSurfaceRendererScratch/vcpkg_installed/x64-windows/Windows/System32/WindowsPowerShell/v1.0/gcc.exe"
      - "D:/WaterSurfaceRendererScratch/vcpkg_installed/x64-windows/Windows/System32/WindowsPowerShell/v1.0/gcc"
      - "D:/WaterSurfaceRendererScratch/vcpkg_installed/x64-windows/Windows/System32/WindowsPowerShell/v1.0/cl.com"
      - "D:/WaterSurfaceRendererScratch/vcpkg_installed/x64-windows/Windows/System32/WindowsPowerShell/v1.0/cl.exe"
      - "D:/WaterSurfaceRendererScratch/vcpkg_installed/x64-windows/Windows/System32/WindowsPowerShell/v1.0/cl"
      - "D:/WaterSurfaceRendererScratch/vcpkg_installed/x64-windows/Windows/System32/WindowsPowerShell/v1.0/bcc.com"
      - "D:/WaterSurfaceRendererScratch/vcpkg_installed/x64-windows/Windows/System32/WindowsPowerShell/v1.0/bcc.exe"
      - "D:/WaterSurfaceRendererScratch/vcpkg_installed/x64-windows/Windows/System32/WindowsPowerShell/v1.0/bcc"
      - "D:/WaterSurfaceRendererScratch/vcpkg_installed/x64-windows/Windows/System32/WindowsPowerShell/v1.0/xlc.com"
      - "D:/WaterSurfaceRendererScratch/vcpkg_installed/x64-windows/Windows/System32/WindowsPowerShell/v1.0/xlc.exe"
      - "D:/WaterSurfaceRendererScratch/vcpkg_installed/x64-windows/Windows/System32/WindowsPowerShell/v1.0/xlc"
      - "D:/WaterSurfaceRendererScratch/vcpkg_installed/x64-windows/Windows/System32/WindowsPowerShell/v1.0/icx.com"
      - "D:/WaterSurfaceRendererScratch/vcpkg_installed/x64-windows/Windows/System32/WindowsPowerShell/v1.0/icx.exe"
      - "D:/WaterSurfaceRendererScratch/vcpkg_installed/x64-windows/Windows/System32/WindowsPowerShell/v1.0/icx"
      - "D:/WaterSurfaceRendererScratch/vcpkg_installed/x64-windows/Windows/System32/WindowsPowerShell/v1.0/clang.com"
      - "D:/WaterSurfaceRendererScratch/vcpkg_installed/x64-windows/Windows/System32/WindowsPowerShell/v1.0/clang.exe"
      - "D:/WaterSurfaceRendererScratch/vcpkg_installed/x64-windows/Windows/System32/WindowsPowerShell/v1.0/clang"
      - "D:/WaterSurfaceRendererScratch/vcpkg_installed/x64-windows/Windows/System32/OpenSSH/cc.com"
      - "D:/WaterSurfaceRendererScratch/vcpkg_installed/x64-windows/Windows/System32/OpenSSH/cc.exe"
      - "D:/WaterSurfaceRendererScratch/vcpkg_installed/x64-windows/Windows/System32/OpenSSH/cc"
      - "D:/WaterSurfaceRendererScratch/vcpkg_installed/x64-windows/Windows/System32/OpenSSH/gcc.com"
      - "D:/WaterSurfaceRendererScratch/vcpkg_installed/x64-windows/Windows/System32/OpenSSH/gcc.exe"
      - "D:/WaterSurfaceRendererScratch/vcpkg_installed/x64-windows/Windows/System32/OpenSSH/gcc"
      - "D:/WaterSurfaceRendererScratch/vcpkg_installed/x64-windows/Windows/System32/OpenSSH/cl.com"
      - "D:/WaterSurfaceRendererScratch/vcpkg_installed/x64-windows/Windows/System32/OpenSSH/cl.exe"
      - "D:/WaterSurfaceRendererScratch/vcpkg_installed/x64-windows/Windows/System32/OpenSSH/cl"
      - "D:/WaterSurfaceRendererScratch/vcpkg_installed/x64-windows/Windows/System32/OpenSSH/bcc.com"
      - "D:/WaterSurfaceRendererScratch/vcpkg_installed/x64-windows/Windows/System32/OpenSSH/bcc.exe"
      - "D:/WaterSurfaceRendererScratch/vcpkg_installed/x64-windows/Windows/System32/OpenSSH/bcc"
      - "D:/WaterSurfaceRendererScratch/vcpkg_installed/x64-windows/Windows/System32/OpenSSH/xlc.com"
      - "D:/WaterSurfaceRendererScratch/vcpkg_installed/x64-windows/Windows/System32/OpenSSH/xlc.exe"
      - "D:/WaterSurfaceRendererScratch/vcpkg_installed/x64-windows/Windows/System32/OpenSSH/xlc"
      - "D:/WaterSurfaceRendererScratch/vcpkg_installed/x64-windows/Windows/System32/OpenSSH/icx.com"
      - "D:/WaterSurfaceRendererScratch/vcpkg_installed/x64-windows/Windows/System32/OpenSSH/icx.exe"
      - "D:/WaterSurfaceRendererScratch/vcpkg_installed/x64-windows/Windows/System32/OpenSSH/icx"
      - "D:/WaterSurfaceRendererScratch/vcpkg_installed/x64-windows/Windows/System32/OpenSSH/clang.com"
      - "D:/WaterSurfaceRendererScratch/vcpkg_installed/x64-windows/Windows/System32/OpenSSH/clang.exe"
      - "D:/WaterSurfaceRendererScratch/vcpkg_installed/x64-windows/Windows/System32/OpenSSH/clang"
      - "D:/WaterSurfaceRendererScratch/vcpkg_installed/x64-windows/Microsoft Visual Studio/18/Community/Common7/IDE/CommonExtensions/Microsoft/CMake/CMake/bin/cc.com"
      - "D:/WaterSurfaceRendererScratch/vcpkg_installed/x64-windows/Microsoft Visual Studio/18/Community/Common7/IDE/CommonExtensions/Microsoft/CMake/CMake/bin/cc.exe"
      - "D:/WaterSurfaceRendererScratch/vcpkg_installed/x64-windows/Microsoft Visual Studio/18/Community/Common7/IDE/CommonExtensions/Microsoft/CMake/CMake/bin/cc"
      - "D:/WaterSurfaceRendererScratch/vcpkg_installed/x64-windows/Microsoft Visual Studio/18/Community/Common7/IDE/CommonExtensions/Microsoft/CMake/CMake/bin/gcc.com"
      - "D:/WaterSurfaceRendererScratch/vcpkg_installed/x64-windows/Microsoft Visual Studio/18/Community/Common7/IDE/CommonExtensions/Microsoft/CMake/CMake/bin/gcc.exe"
      - "D:/WaterSurfaceRendererScratch/vcpkg_installed/x64-windows/Microsoft Visual Studio/18/Community/Common7/IDE/CommonExtensions/Microsoft/CMake/CMake/bin/gcc"
      - "D:/WaterSurfaceRendererScratch/vcpkg_installed/x64-windows/Microsoft Visual Studio/18/Community/Common7/IDE/CommonExtensions/Microsoft/CMake/CMake/bin/cl.com"
      - "D:/WaterSurfaceRendererScratch/vcpkg_installed/x64-windows/Microsoft Visual Studio/18/Community/Common7/IDE/CommonExtensions/Microsoft/CMake/CMake/bin/cl.exe"
      - "D:/WaterSurfaceRendererScratch/vcpkg_installed/x64-windows/Microsoft Visual Studio/18/Community/Common7/IDE/CommonExtensions/Microsoft/CMake/CMake/bin/cl"
      - "D:/WaterSurfaceRendererScratch/vcpkg_installed/x64-windows/Microsoft Visual Studio/18/Community/Common7/IDE/CommonExtensions/Microsoft/CMake/CMake/bin/bcc.com"
      - "D:/WaterSurfaceRendererScratch/vcpkg_installed/x64-windows/Microsoft Visual Studio/18/Community/Common7/IDE/CommonExtensions/Microsoft/CMake/CMake/bin/bcc.exe"
      - "D:/WaterSurfaceRendererScratch/vcpkg_installed/x64-windows/Microsoft Visual Studio/18/Community/Common7/IDE/CommonExtensions/Microsoft/CMake/CMake/bin/bcc"
      - "D:/WaterSurfaceRendererScratch/vcpkg_installed/x64-windows/Microsoft Visual Studio/18/Community/Common7/IDE/CommonExtensions/Microsoft/CMake/CMake/bin/xlc.com"
      - "D:/WaterSurfaceRendererScratch/vcpkg_installed/x64-windows/Microsoft Visual Studio/18/Community/Common7/IDE/CommonExtensions/Microsoft/CMake/CMake/bin/xlc.exe"
      - "D:/WaterSurfaceRendererScratch/vcpkg_installed/x64-windows/Microsoft Visual Studio/18/Community/Common7/IDE/CommonExtensions/Microsoft/CMake/CMake/bin/xlc"
      - "D:/WaterSurfaceRendererScratch/vcpkg_installed/x64-windows/Microsoft Visual Studio/18/Community/Common7/IDE/CommonExtensions/Microsoft/CMake/CMake/bin/icx.com"
      - "D:/WaterSurfaceRendererScratch/vcpkg_installed/x64-windows/Microsoft Visual Studio/18/Community/Common7/IDE/CommonExtensions/Microsoft/CMake/CMake/bin/icx.exe"
      - "D:/WaterSurfaceRendererScratch/vcpkg_installed/x64-windows/Microsoft Visual Studio/18/Community/Common7/IDE/CommonExtensions/Microsoft/CMake/CMake/bin/icx"
      - "D:/WaterSurfaceRendererScratch/vcpkg_installed/x64-windows/Microsoft Visual Studio/18/Community/Common7/IDE/CommonExtensions/Microsoft/CMake/CMake/bin/clang.com"
      - "D:/WaterSurfaceRendererScratch/vcpkg_installed/x64-windows/Microsoft Visual Studio/18/Community/Common7/IDE/CommonExtensions/Microsoft/CMake/CMake/bin/clang.exe"
      - "D:/WaterSurfaceRendererScratch/vcpkg_installed/x64-windows/Microsoft Visual Studio/18/Community/Common7/IDE/CommonExtensions/Microsoft/CMake/CMake/bin/clang"
      - "D:/WaterSurfaceRendererScratch/vcpkg_installed/x64-windows/Microsoft Visual Studio/18/Community/Common7/IDE/CommonExtensions/Microsoft/CMake/Ninja/cc.com"
      - "D:/WaterSurfaceRendererScratch/vcpkg_installed/x64-windows/Microsoft Visual Studio/18/Community/Common7/IDE/CommonExtensions/Microsoft/CMake/Ninja/cc.exe"
      - "D:/WaterSurfaceRendererScratch/vcpkg_installed/x64-windows/Microsoft Visual Studio/18/Community/Common7/IDE/CommonExtensions/Microsoft/CMake/Ninja/cc"
      - "D:/WaterSurfaceRendererScratch/vcpkg_installed/x64-windows/Microsoft Visual Studio/18/Community/Common7/IDE/CommonExtensions/Microsoft/CMake/Ninja/gcc.com"
      - "D:/WaterSurfaceRendererScratch/vcpkg_installed/x64-windows/Microsoft Visual Studio/18/Community/Common7/IDE/CommonExtensions/Microsoft/CMake/Ninja/gcc.exe"
      - "D:/WaterSurfaceRendererScratch/vcpkg_installed/x64-windows/Microsoft Visual Studio/18/Community/Common7/IDE/CommonExtensions/Microsoft/CMake/Ninja/gcc"
      - "D:/WaterSurfaceRendererScratch/vcpkg_installed/x64-windows/Microsoft Visual Studio/18/Community/Common7/IDE/CommonExtensions/Microsoft/CMake/Ninja/cl.com"
      - "D:/WaterSurfaceRendererScratch/vcpkg_installed/x64-windows/Microsoft Visual Studio/18/Community/Common7/IDE/CommonExtensions/Microsoft/CMake/Ninja/cl.exe"
      - "D:/WaterSurfaceRendererScratch/vcpkg_installed/x64-windows/Microsoft Visual Studio/18/Community/Common7/IDE/CommonExtensions/Microsoft/CMake/Ninja/cl"
      - "D:/WaterSurfaceRendererScratch/vcpkg_installed/x64-windows/Microsoft Visual Studio/18/Community/Common7/IDE/CommonExtensions/Microsoft/CMake/Ninja/bcc.com"
      - "D:/WaterSurfaceRendererScratch/vcpkg_installed/x64-windows/Microsoft Visual Studio/18/Community/Common7/IDE/CommonExtensions/Microsoft/CMake/Ninja/bcc.exe"
      - "D:/WaterSurfaceRendererScratch/vcpkg_installed/x64-windows/Microsoft Visual Studio/18/Community/Common7/IDE/CommonExtensions/Microsoft/CMake/Ninja/bcc"
      - "D:/WaterSurfaceRendererScratch/vcpkg_installed/x64-windows/Microsoft Visual Studio/18/Community/Common7/IDE/CommonExtensions/Microsoft/CMake/Ninja/xlc.com"
      - "D:/WaterSurfaceRendererScratch/vcpkg_installed/x64-windows/Microsoft Visual Studio/18/Community/Common7/IDE/CommonExtensions/Microsoft/CMake/Ninja/xlc.exe"
      - "D:/WaterSurfaceRendererScratch/vcpkg_installed/x64-windows/Microsoft Visual Studio/18/Community/Common7/IDE/CommonExtensions/Microsoft/CMake/Ninja/xlc"
      - "D:/WaterSurfaceRendererScratch/vcpkg_installed/x64-windows/Microsoft Visual Studio/18/Community/Common7/IDE/CommonExtensions/Microsoft/CMake/Ninja/icx.com"
      - "D:/WaterSurfaceRendererScratch/vcpkg_installed/x64-windows/Microsoft Visual Studio/18/Community/Common7/IDE/CommonExtensions/Microsoft/CMake/Ninja/icx.exe"
      - "D:/WaterSurfaceRendererScratch/vcpkg_installed/x64-windows/Microsoft Visual Studio/18/Community/Common7/IDE/CommonExtensions/Microsoft/CMake/Ninja/icx"
      - "D:/WaterSurfaceRendererScratch/vcpkg_installed/x64-windows/Microsoft Visual Studio/18/Community/Common7/IDE/CommonExtensions/Microsoft/CMake/Ninja/clang.com"
      - "D:/WaterSurfaceRendererScratch/vcpkg_installed/x64-windows/Microsoft Visual Studio/18/Community/Common7/IDE/CommonExtensions/Microsoft/CMake/Ninja/clang.exe"
      - "D:/WaterSurfaceRendererScratch/vcpkg_installed/x64-windows/Microsoft Visual Studio/18/Community/Common7/IDE/CommonExtensions/Microsoft/CMake/Ninja/clang"
      - "D:/WaterSurfaceRendererScratch/vcpkg_installed/x64-windows/Microsoft Visual Studio/18/Community/Common7/IDE/VC/Linux/bin/ConnectionManagerExe/cc.com"
      - "D:/WaterSurfaceRendererScratch/vcpkg_installed/x64-windows/Microsoft Visual Studio/18/Community/Common7/IDE/VC/Linux/bin/ConnectionManagerExe/cc.exe"
      - "D:/WaterSurfaceRendererScratch/vcpkg_installed/x64-windows/Microsoft Visual Studio/18/Community/Common7/IDE/VC/Linux/bin/ConnectionManagerExe/cc"
      - "D:/WaterSurfaceRendererScratch/vcpkg_installed/x64-windows/Microsoft Visual Studio/18/Community/Common7/IDE/VC/Linux/bin/ConnectionManagerExe/gcc.com"
      - "D:/WaterSurfaceRendererScratch/vcpkg_installed/x64-windows/Microsoft Visual Studio/18/Community/Common7/IDE/VC/Linux/bin/ConnectionManagerExe/gcc.exe"
      - "D:/WaterSurfaceRendererScratch/vcpkg_installed/x64-windows/Microsoft Visual Studio/18/Community/Common7/IDE/VC/Linux/bin/ConnectionManagerExe/gcc"
      - "D:/WaterSurfaceRendererScratch/vcpkg_installed/x64-windows/Microsoft Visual Studio/18/Community/Common7/IDE/VC/Linux/bin/ConnectionManagerExe/cl.com"
      - "D:/WaterSurfaceRendererScratch/vcpkg_installed/x64-windows/Microsoft Visual Studio/18/Community/Common7/IDE/VC/Linux/bin/ConnectionManagerExe/cl.exe"
      - "D:/WaterSurfaceRendererScratch/vcpkg_installed/x64-windows/Microsoft Visual Studio/18/Community/Common7/IDE/VC/Linux/bin/ConnectionManagerExe/cl"
      - "D:/WaterSurfaceRendererScratch/vcpkg_installed/x64-windows/Microsoft Visual Studio/18/Community/Common7/IDE/VC/Linux/bin/ConnectionManagerExe/bcc.com"
      - "D:/WaterSurfaceRendererScratch/vcpkg_installed/x64-windows/Microsoft Visual Studio/18/Community/Common7/IDE/VC/Linux/bin/ConnectionManagerExe/bcc.exe"
      - "D:/WaterSurfaceRendererScratch/vcpkg_installed/x64-windows/Microsoft Visual Studio/18/Community/Common7/IDE/VC/Linux/bin/ConnectionManagerExe/bcc"
      - "D:/WaterSurfaceRendererScratch/vcpkg_installed/x64-windows/Microsoft Visual Studio/18/Community/Common7/IDE/VC/Linux/bin/ConnectionManagerExe/xlc.com"
      - "D:/WaterSurfaceRendererScratch/vcpkg_installed/x64-windows/Microsoft Visual Studio/18/Community/Common7/IDE/VC/Linux/bin/ConnectionManagerExe/xlc.exe"
      - "D:/WaterSurfaceRendererScratch/vcpkg_installed/x64-windows/Microsoft Visual Studio/18/Community/Common7/IDE/VC/Linux/bin/ConnectionManagerExe/xlc"
      - "D:/WaterSurfaceRendererScratch/vcpkg_installed/x64-windows/Microsoft Visual Studio/18/Community/Common7/IDE/VC/Linux/bin/ConnectionManagerExe/icx.com"
      - "D:/WaterSurfaceRendererScratch/vcpkg_installed/x64-windows/Microsoft Visual Studio/18/Community/Common7/IDE/VC/Linux/bin/ConnectionManagerExe/icx.exe"
      - "D:/WaterSurfaceRendererScratch/vcpkg_installed/x64-windows/Microsoft Visual Studio/18/Community/Common7/IDE/VC/Linux/bin/ConnectionManagerExe/icx"
      - "D:/WaterSurfaceRendererScratch/vcpkg_installed/x64-windows/Microsoft Visual Studio/18/Community/Common7/IDE/VC/Linux/bin/ConnectionManagerExe/clang.com"
      - "D:/WaterSurfaceRendererScratch/vcpkg_installed/x64-windows/Microsoft Visual Studio/18/Community/Common7/IDE/VC/Linux/bin/ConnectionManagerExe/clang.exe"
      - "D:/WaterSurfaceRendererScratch/vcpkg_installed/x64-windows/Microsoft Visual Studio/18/Community/Common7/IDE/VC/Linux/bin/ConnectionManagerExe/clang"
      - "D:/WaterSurfaceRendererScratch/vcpkg_installed/x64-windows/Microsoft Visual Studio/18/Community/VC/vcpkg/cc.com"
      - "D:/WaterSurfaceRendererScratch/vcpkg_installed/x64-windows/Microsoft Visual Studio/18/Community/VC/vcpkg/cc.exe"
      - "D:/WaterSurfaceRendererScratch/vcpkg_installed/x64-windows/Microsoft Visual Studio/18/Community/VC/vcpkg/cc"
      - "D:/WaterSurfaceRendererScratch/vcpkg_installed/x64-windows/Microsoft Visual Studio/18/Community/VC/vcpkg/gcc.com"
      - "D:/WaterSurfaceRendererScratch/vcpkg_installed/x64-windows/Microsoft Visual Studio/18/Community/VC/vcpkg/gcc.exe"
      - "D:/WaterSurfaceRendererScratch/vcpkg_installed/x64-windows/Microsoft Visual Studio/18/Community/VC/vcpkg/gcc"
      - "D:/WaterSurfaceRendererScratch/vcpkg_installed/x64-windows/Microsoft Visual Studio/18/Community/VC/vcpkg/cl.com"
      - "D:/WaterSurfaceRendererScratch/vcpkg_installed/x64-windows/Microsoft Visual Studio/18/Community/VC/vcpkg/cl.exe"
      - "D:/WaterSurfaceRendererScratch/vcpkg_installed/x64-windows/Microsoft Visual Studio/18/Community/VC/vcpkg/cl"
      - "D:/WaterSurfaceRendererScratch/vcpkg_installed/x64-windows/Microsoft Visual Studio/18/Community/VC/vcpkg/bcc.com"
      - "D:/WaterSurfaceRendererScratch/vcpkg_installed/x64-windows/Microsoft Visual Studio/18/Community/VC/vcpkg/bcc.exe"
      - "D:/WaterSurfaceRendererScratch/vcpkg_installed/x64-windows/Microsoft Visual Studio/18/Community/VC/vcpkg/bcc"
      - "D:/WaterSurfaceRendererScratch/vcpkg_installed/x64-windows/Microsoft Visual Studio/18/Community/VC/vcpkg/xlc.com"
      - "D:/WaterSurfaceRendererScratch/vcpkg_installed/x64-windows/Microsoft Visual Studio/18/Community/VC/vcpkg/xlc.exe"
      - "D:/WaterSurfaceRendererScratch/vcpkg_installed/x64-windows/Microsoft Visual Studio/18/Community/VC/vcpkg/xlc"
      - "D:/WaterSurfaceRendererScratch/vcpkg_installed/x64-windows/Microsoft Visual Studio/18/Community/VC/vcpkg/icx.com"
      - "D:/WaterSurfaceRendererScratch/vcpkg_installed/x64-windows/Microsoft Visual Studio/18/Community/VC/vcpkg/icx.exe"
      - "D:/WaterSurfaceRendererScratch/vcpkg_installed/x64-windows/Microsoft Visual Studio/18/Community/VC/vcpkg/icx"
      - "D:/WaterSurfaceRendererScratch/vcpkg_installed/x64-windows/Microsoft Visual Studio/18/Community/VC/vcpkg/clang.com"
      - "D:/WaterSurfaceRendererScratch/vcpkg_installed/x64-windows/Microsoft Visual Studio/18/Community/VC/vcpkg/clang.exe"
      - "D:/WaterSurfaceRendererScratch/vcpkg_installed/x64-windows/Microsoft Visual Studio/18/Community/VC/vcpkg/clang"
      - "D:/WaterSurfaceRendererScratch/vcpkg_installed/x64-windows/debug/Microsoft Visual Studio/18/Community/VC/Tools/MSVC/14.51.36231/bin/Hostx64/x64/cc.com"
      - "D:/WaterSurfaceRendererScratch/vcpkg_installed/x64-windows/debug/Microsoft Visual Studio/18/Community/VC/Tools/MSVC/14.51.36231/bin/Hostx64/x64/cc.exe"
      - "D:/WaterSurfaceRendererScratch/vcpkg_installed/x64-windows/debug/Microsoft Visual Studio/18/Community/VC/Tools/MSVC/14.51.36231/bin/Hostx64/x64/cc"
      - "D:/WaterSurfaceRendererScratch/vcpkg_installed/x64-windows/debug/Microsoft Visual Studio/18/Community/VC/Tools/MSVC/14.51.36231/bin/Hostx64/x64/gcc.com"
      - "D:/WaterSurfaceRendererScratch/vcpkg_installed/x64-windows/debug/Microsoft Visual Studio/18/Community/VC/Tools/MSVC/14.51.36231/bin/Hostx64/x64/gcc.exe"
      - "D:/WaterSurfaceRendererScratch/vcpkg_installed/x64-windows/debug/Microsoft Visual Studio/18/Community/VC/Tools/MSVC/14.51.36231/bin/Hostx64/x64/gcc"
      - "D:/WaterSurfaceRendererScratch/vcpkg_installed/x64-windows/debug/Microsoft Visual Studio/18/Community/VC/Tools/MSVC/14.51.36231/bin/Hostx64/x64/cl.com"
      - "D:/WaterSurfaceRendererScratch/vcpkg_installed/x64-windows/debug/Microsoft Visual Studio/18/Community/VC/Tools/MSVC/14.51.36231/bin/Hostx64/x64/cl.exe"
      - "D:/WaterSurfaceRendererScratch/vcpkg_installed/x64-windows/debug/Microsoft Visual Studio/18/Community/VC/Tools/MSVC/14.51.36231/bin/Hostx64/x64/cl"
      - "D:/WaterSurfaceRendererScratch/vcpkg_installed/x64-windows/debug/Microsoft Visual Studio/18/Community/VC/Tools/MSVC/14.51.36231/bin/Hostx64/x64/bcc.com"
      - "D:/WaterSurfaceRendererScratch/vcpkg_installed/x64-windows/debug/Microsoft Visual Studio/18/Community/VC/Tools/MSVC/14.51.36231/bin/Hostx64/x64/bcc.exe"
      - "D:/WaterSurfaceRendererScratch/vcpkg_installed/x64-windows/debug/Microsoft Visual Studio/18/Community/VC/Tools/MSVC/14.51.36231/bin/Hostx64/x64/bcc"
      - "D:/WaterSurfaceRendererScratch/vcpkg_installed/x64-windows/debug/Microsoft Visual Studio/18/Community/VC/Tools/MSVC/14.51.36231/bin/Hostx64/x64/xlc.com"
      - "D:/WaterSurfaceRendererScratch/vcpkg_installed/x64-windows/debug/Microsoft Visual Studio/18/Community/VC/Tools/MSVC/14.51.36231/bin/Hostx64/x64/xlc.exe"
      - "D:/WaterSurfaceRendererScratch/vcpkg_installed/x64-windows/debug/Microsoft Visual Studio/18/Community/VC/Tools/MSVC/14.51.36231/bin/Hostx64/x64/xlc"
      - "D:/WaterSurfaceRendererScratch/vcpkg_installed/x64-windows/debug/Microsoft Visual Studio/18/Community/VC/Tools/MSVC/14.51.36231/bin/Hostx64/x64/icx.com"
      - "D:/WaterSurfaceRendererScratch/vcpkg_installed/x64-windows/debug/Microsoft Visual Studio/18/Community/VC/Tools/MSVC/14.51.36231/bin/Hostx64/x64/icx.exe"
      - "D:/WaterSurfaceRendererScratch/vcpkg_installed/x64-windows/debug/Microsoft Visual Studio/18/Community/VC/Tools/MSVC/14.51.36231/bin/Hostx64/x64/icx"
      - "D:/WaterSurfaceRendererScratch/vcpkg_installed/x64-windows/debug/Microsoft Visual Studio/18/Community/VC/Tools/MSVC/14.51.36231/bin/Hostx64/x64/clang.com"
      - "D:/WaterSurfaceRendererScratch/vcpkg_installed/x64-windows/debug/Microsoft Visual Studio/18/Community/VC/Tools/MSVC/14.51.36231/bin/Hostx64/x64/clang.exe"
      - "D:/WaterSurfaceRendererScratch/vcpkg_installed/x64-windows/debug/Microsoft Visual Studio/18/Community/VC/Tools/MSVC/14.51.36231/bin/Hostx64/x64/clang"
      - "D:/WaterSurfaceRendererScratch/vcpkg_installed/x64-windows/debug/Microsoft Visual Studio/18/Community/Common7/IDE/VC/vcpackages/cc.com"
      - "D:/WaterSurfaceRendererScratch/vcpkg_installed/x64-windows/debug/Microsoft Visual Studio/18/Community/Common7/IDE/VC/vcpackages/cc.exe"
      - "D:/WaterSurfaceRendererScratch/vcpkg_installed/x64-windows/debug/Microsoft Visual Studio/18/Community/Common7/IDE/VC/vcpackages/cc"
      - "D:/WaterSurfaceRendererScratch/vcpkg_installed/x64-windows/debug/Microsoft Visual Studio/18/Community/Common7/IDE/VC/vcpackages/gcc.com"
      - "D:/WaterSurfaceRendererScratch/vcpkg_installed/x64-windows/debug/Microsoft Visual Studio/18/Community/Common7/IDE/VC/vcpackages/gcc.exe"
      - "D:/WaterSurfaceRendererScratch/vcpkg_installed/x64-windows/debug/Microsoft Visual Studio/18/Community/Common7/IDE/VC/vcpackages/gcc"
      - "D:/WaterSurfaceRendererScratch/vcpkg_installed/x64-windows/debug/Microsoft Visual Studio/18/Community/Common7/IDE/VC/vcpackages/cl.com"
      - "D:/WaterSurfaceRendererScratch/vcpkg_installed/x64-windows/debug/Microsoft Visual Studio/18/Community/Common7/IDE/VC/vcpackages/cl.exe"
      - "D:/WaterSurfaceRendererScratch/vcpkg_installed/x64-windows/debug/Microsoft Visual Studio/18/Community/Common7/IDE/VC/vcpackages/cl"
      - "D:/WaterSurfaceRendererScratch/vcpkg_installed/x64-windows/debug/Microsoft Visual Studio/18/Community/Common7/IDE/VC/vcpackages/bcc.com"
      - "D:/WaterSurfaceRendererScratch/vcpkg_installed/x64-windows/debug/Microsoft Visual Studio/18/Community/Common7/IDE/VC/vcpackages/bcc.exe"
      - "D:/WaterSurfaceRendererScratch/vcpkg_installed/x64-windows/debug/Microsoft Visual Studio/18/Community/Common7/IDE/VC/vcpackages/bcc"
      - "D:/WaterSurfaceRendererScratch/vcpkg_installed/x64-windows/debug/Microsoft Visual Studio/18/Community/Common7/IDE/VC/vcpackages/xlc.com"
      - "D:/WaterSurfaceRendererScratch/vcpkg_installed/x64-windows/debug/Microsoft Visual Studio/18/Community/Common7/IDE/VC/vcpackages/xlc.exe"
      - "D:/WaterSurfaceRendererScratch/vcpkg_installed/x64-windows/debug/Microsoft Visual Studio/18/Community/Common7/IDE/VC/vcpackages/xlc"
      - "D:/WaterSurfaceRendererScratch/vcpkg_installed/x64-windows/debug/Microsoft Visual Studio/18/Community/Common7/IDE/VC/vcpackages/icx.com"
      - "D:/WaterSurfaceRendererScratch/vcpkg_installed/x64-windows/debug/Microsoft Visual Studio/18/Community/Common7/IDE/VC/vcpackages/icx.exe"
      - "D:/WaterSurfaceRendererScratch/vcpkg_installed/x64-windows/debug/Microsoft Visual Studio/18/Community/Common7/IDE/VC/vcpackages/icx"
      - "D:/WaterSurfaceRendererScratch/vcpkg_installed/x64-windows/debug/Microsoft Visual Studio/18/Community/Common7/IDE/VC/vcpackages/clang.com"
      - "D:/WaterSurfaceRendererScratch/vcpkg_installed/x64-windows/debug/Microsoft Visual Studio/18/Community/Common7/IDE/VC/vcpackages/clang.exe"
      - "D:/WaterSurfaceRendererScratch/vcpkg_installed/x64-windows/debug/Microsoft Visual Studio/18/Community/Common7/IDE/VC/vcpackages/clang"
      - "D:/WaterSurfaceRendererScratch/vcpkg_installed/x64-windows/debug/Microsoft Visual Studio/18/Community/Common7/IDE/CommonExtensions/Microsoft/TestWindow/cc.com"
      - "D:/WaterSurfaceRendererScratch/vcpkg_installed/x64-windows/debug/Microsoft Visual Studio/18/Community/Common7/IDE/CommonExtensions/Microsoft/TestWindow/cc.exe"
      - "D:/WaterSurfaceRendererScratch/vcpkg_installed/x64-windows/debug/Microsoft Visual Studio/18/Community/Common7/IDE/CommonExtensions/Microsoft/TestWindow/cc"
      - "D:/WaterSurfaceRendererScratch/vcpkg_installed/x64-windows/debug/Microsoft Visual Studio/18/Community/Common7/IDE/CommonExtensions/Microsoft/TestWindow/gcc.com"
      - "D:/WaterSurfaceRendererScratch/vcpkg_installed/x64-windows/debug/Microsoft Visual Studio/18/Community/Common7/IDE/CommonExtensions/Microsoft/TestWindow/gcc.exe"
      - "D:/WaterSurfaceRendererScratch/vcpkg_installed/x64-windows/debug/Microsoft Visual Studio/18/Community/Common7/IDE/CommonExtensions/Microsoft/TestWindow/gcc"
      - "D:/WaterSurfaceRendererScratch/vcpkg_installed/x64-windows/debug/Microsoft Visual Studio/18/Community/Common7/IDE/CommonExtensions/Microsoft/TestWindow/cl.com"
      - "D:/WaterSurfaceRendererScratch/vcpkg_installed/x64-windows/debug/Microsoft Visual Studio/18/Community/Common7/IDE/CommonExtensions/Microsoft/TestWindow/cl.exe"
      - "D:/WaterSurfaceRendererScratch/vcpkg_installed/x64-windows/debug/Microsoft Visual Studio/18/Community/Common7/IDE/CommonExtensions/Microsoft/TestWindow/cl"
      - "D:/WaterSurfaceRendererScratch/vcpkg_installed/x64-windows/debug/Microsoft Visual Studio/18/Community/Common7/IDE/CommonExtensions/Microsoft/TestWindow/bcc.com"
      - "D:/WaterSurfaceRendererScratch/vcpkg_installed/x64-windows/debug/Microsoft Visual Studio/18/Community/Common7/IDE/CommonExtensions/Microsoft/TestWindow/bcc.exe"
      - "D:/WaterSurfaceRendererScratch/vcpkg_installed/x64-windows/debug/Microsoft Visual Studio/18/Community/Common7/IDE/CommonExtensions/Microsoft/TestWindow/bcc"
      - "D:/WaterSurfaceRendererScratch/vcpkg_installed/x64-windows/debug/Microsoft Visual Studio/18/Community/Common7/IDE/CommonExtensions/Microsoft/TestWindow/xlc.com"
      - "D:/WaterSurfaceRendererScratch/vcpkg_installed/x64-windows/debug/Microsoft Visual Studio/18/Community/Common7/IDE/CommonExtensions/Microsoft/TestWindow/xlc.exe"
      - "D:/WaterSurfaceRendererScratch/vcpkg_installed/x64-windows/debug/Microsoft Visual Studio/18/Community/Common7/IDE/CommonExtensions/Microsoft/TestWindow/xlc"
      - "D:/WaterSurfaceRendererScratch/vcpkg_installed/x64-windows/debug/Microsoft Visual Studio/18/Community/Common7/IDE/CommonExtensions/Microsoft/TestWindow/icx.com"
      - "D:/WaterSurfaceRendererScratch/vcpkg_installed/x64-windows/debug/Microsoft Visual Studio/18/Community/Common7/IDE/CommonExtensions/Microsoft/TestWindow/icx.exe"
      - "D:/WaterSurfaceRendererScratch/vcpkg_installed/x64-windows/debug/Microsoft Visual Studio/18/Community/Common7/IDE/CommonExtensions/Microsoft/TestWindow/icx"
      - "D:/WaterSurfaceRendererScratch/vcpkg_installed/x64-windows/debug/Microsoft Visual Studio/18/Community/Common7/IDE/CommonExtensions/Microsoft/TestWindow/clang.com"
      - "D:/WaterSurfaceRendererScratch/vcpkg_installed/x64-windows/debug/Microsoft Visual Studio/18/Community/Common7/IDE/CommonExtensions/Microsoft/TestWindow/clang.exe"
      - "D:/WaterSurfaceRendererScratch/vcpkg_installed/x64-windows/debug/Microsoft Visual Studio/18/Community/Common7/IDE/CommonExtensions/Microsoft/TestWindow/clang"
      - "D:/WaterSurfaceRendererScratch/vcpkg_installed/x64-windows/debug/Microsoft Visual Studio/18/Community/Common7/IDE/CommonExtensions/Microsoft/TeamFoundation/Team Explorer/cc.com"
      - "D:/WaterSurfaceRendererScratch/vcpkg_installed/x64-windows/debug/Microsoft Visual Studio/18/Community/Common7/IDE/CommonExtensions/Microsoft/TeamFoundation/Team Explorer/cc.exe"
      - "D:/WaterSurfaceRendererScratch/vcpkg_installed/x64-windows/debug/Microsoft Visual Studio/18/Community/Common7/IDE/CommonExtensions/Microsoft/TeamFoundation/Team Explorer/cc"
      - "D:/WaterSurfaceRendererScratch/vcpkg_installed/x64-windows/debug/Microsoft Visual Studio/18/Community/Common7/IDE/CommonExtensions/Microsoft/TeamFoundation/Team Explorer/gcc.com"
      - "D:/WaterSurfaceRendererScratch/vcpkg_installed/x64-windows/debug/Microsoft Visual Studio/18/Community/Common7/IDE/CommonExtensions/Microsoft/TeamFoundation/Team Explorer/gcc.exe"
      - "D:/WaterSurfaceRendererScratch/vcpkg_installed/x64-windows/debug/Microsoft Visual Studio/18/Community/Common7/IDE/CommonExtensions/Microsoft/TeamFoundation/Team Explorer/gcc"
      - "D:/WaterSurfaceRendererScratch/vcpkg_installed/x64-windows/debug/Microsoft Visual Studio/18/Community/Common7/IDE/CommonExtensions/Microsoft/TeamFoundation/Team Explorer/cl.com"
      - "D:/WaterSurfaceRendererScratch/vcpkg_installed/x64-windows/debug/Microsoft Visual Studio/18/Community/Common7/IDE/CommonExtensions/Microsoft/TeamFoundation/Team Explorer/cl.exe"
      - "D:/WaterSurfaceRendererScratch/vcpkg_installed/x64-windows/debug/Microsoft Visual Studio/18/Community/Common7/IDE/CommonExtensions/Microsoft/TeamFoundation/Team Explorer/cl"
      - "D:/WaterSurfaceRendererScratch/vcpkg_installed/x64-windows/debug/Microsoft Visual Studio/18/Community/Common7/IDE/CommonExtensions/Microsoft/TeamFoundation/Team Explorer/bcc.com"
      - "D:/WaterSurfaceRendererScratch/vcpkg_installed/x64-windows/debug/Microsoft Visual Studio/18/Community/Common7/IDE/CommonExtensions/Microsoft/TeamFoundation/Team Explorer/bcc.exe"
      - "D:/WaterSurfaceRendererScratch/vcpkg_installed/x64-windows/debug/Microsoft Visual Studio/18/Community/Common7/IDE/CommonExtensions/Microsoft/TeamFoundation/Team Explorer/bcc"
      - "D:/WaterSurfaceRendererScratch/vcpkg_installed/x64-windows/debug/Microsoft Visual Studio/18/Community/Common7/IDE/CommonExtensions/Microsoft/TeamFoundation/Team Explorer/xlc.com"
      - "D:/WaterSurfaceRendererScratch/vcpkg_installed/x64-windows/debug/Microsoft Visual Studio/18/Community/Common7/IDE/CommonExtensions/Microsoft/TeamFoundation/Team Explorer/xlc.exe"
      - "D:/WaterSurfaceRendererScratch/vcpkg_installed/x64-windows/debug/Microsoft Visual Studio/18/Community/Common7/IDE/CommonExtensions/Microsoft/TeamFoundation/Team Explorer/xlc"
      - "D:/WaterSurfaceRendererScratch/vcpkg_installed/x64-windows/debug/Microsoft Visual Studio/18/Community/Common7/IDE/CommonExtensions/Microsoft/TeamFoundation/Team Explorer/icx.com"
      - "D:/WaterSurfaceRendererScratch/vcpkg_installed/x64-windows/debug/Microsoft Visual Studio/18/Community/Common7/IDE/CommonExtensions/Microsoft/TeamFoundation/Team Explorer/icx.exe"
      - "D:/WaterSurfaceRendererScratch/vcpkg_installed/x64-windows/debug/Microsoft Visual Studio/18/Community/Common7/IDE/CommonExtensions/Microsoft/TeamFoundation/Team Explorer/icx"
      - "D:/WaterSurfaceRendererScratch/vcpkg_installed/x64-windows/debug/Microsoft Visual Studio/18/Community/Common7/IDE/CommonExtensions/Microsoft/TeamFoundation/Team Explorer/clang.com"
      - "D:/WaterSurfaceRendererScratch/vcpkg_installed/x64-windows/debug/Microsoft Visual Studio/18/Community/Common7/IDE/CommonExtensions/Microsoft/TeamFoundation/Team Explorer/clang.exe"
      - "D:/WaterSurfaceRendererScratch/vcpkg_installed/x64-windows/debug/Microsoft Visual Studio/18/Community/Common7/IDE/CommonExtensions/Microsoft/TeamFoundation/Team Explorer/clang"
      - "D:/WaterSurfaceRendererScratch/vcpkg_installed/x64-windows/debug/Microsoft Visual Studio/18/Community/MSBuild/Current/Bin/Roslyn/cc.com"
      - "D:/WaterSurfaceRendererScratch/vcpkg_installed/x64-windows/debug/Microsoft Visual Studio/18/Community/MSBuild/Current/Bin/Roslyn/cc.exe"
      - "D:/WaterSurfaceRendererScratch/vcpkg_installed/x64-windows/debug/Microsoft Visual Studio/18/Community/MSBuild/Current/Bin/Roslyn/cc"
      - "D:/WaterSurfaceRendererScratch/vcpkg_installed/x64-windows/debug/Microsoft Visual Studio/18/Community/MSBuild/Current/Bin/Roslyn/gcc.com"
      - "D:/WaterSurfaceRendererScratch/vcpkg_installed/x64-windows/debug/Microsoft Visual Studio/18/Community/MSBuild/Current/Bin/Roslyn/gcc.exe"
      - "D:/WaterSurfaceRendererScratch/vcpkg_installed/x64-windows/debug/Microsoft Visual Studio/18/Community/MSBuild/Current/Bin/Roslyn/gcc"
      - "D:/WaterSurfaceRendererScratch/vcpkg_installed/x64-windows/debug/Microsoft Visual Studio/18/Community/MSBuild/Current/Bin/Roslyn/cl.com"
      - "D:/WaterSurfaceRendererScratch/vcpkg_installed/x64-windows/debug/Microsoft Visual Studio/18/Community/MSBuild/Current/Bin/Roslyn/cl.exe"
      - "D:/WaterSurfaceRendererScratch/vcpkg_installed/x64-windows/debug/Microsoft Visual Studio/18/Community/MSBuild/Current/Bin/Roslyn/cl"
      - "D:/WaterSurfaceRendererScratch/vcpkg_installed/x64-windows/debug/Microsoft Visual Studio/18/Community/MSBuild/Current/Bin/Roslyn/bcc.com"
      - "D:/WaterSurfaceRendererScratch/vcpkg_installed/x64-windows/debug/Microsoft Visual Studio/18/Community/MSBuild/Current/Bin/Roslyn/bcc.exe"
      - "D:/WaterSurfaceRendererScratch/vcpkg_installed/x64-windows/debug/Microsoft Visual Studio/18/Community/MSBuild/Current/Bin/Roslyn/bcc"
      - "D:/WaterSurfaceRendererScratch/vcpkg_installed/x64-windows/debug/Microsoft Visual Studio/18/Community/MSBuild/Current/Bin/Roslyn/xlc.com"
      - "D:/WaterSurfaceRendererScratch/vcpkg_installed/x64-windows/debug/Microsoft Visual Studio/18/Community/MSBuild/Current/Bin/Roslyn/xlc.exe"
      - "D:/WaterSurfaceRendererScratch/vcpkg_installed/x64-windows/debug/Microsoft Visual Studio/18/Community/MSBuild/Current/Bin/Roslyn/xlc"
      - "D:/WaterSurfaceRendererScratch/vcpkg_installed/x64-windows/debug/Microsoft Visual Studio/18/Community/MSBuild/Current/Bin/Roslyn/icx.com"
      - "D:/WaterSurfaceRendererScratch/vcpkg_installed/x64-windows/debug/Microsoft Visual Studio/18/Community/MSBuild/Current/Bin/Roslyn/icx.exe"
      - "D:/WaterSurfaceRendererScratch/vcpkg_installed/x64-windows/debug/Microsoft Visual Studio/18/Community/MSBuild/Current/Bin/Roslyn/icx"
      - "D:/WaterSurfaceRendererScratch/vcpkg_installed/x64-windows/debug/Microsoft Visual Studio/18/Community/MSBuild/Current/Bin/Roslyn/clang.com"
      - "D:/WaterSurfaceRendererScratch/vcpkg_installed/x64-windows/debug/Microsoft Visual Studio/18/Community/MSBuild/Current/Bin/Roslyn/clang.exe"
      - "D:/WaterSurfaceRendererScratch/vcpkg_installed/x64-windows/debug/Microsoft Visual Studio/18/Community/MSBuild/Current/Bin/Roslyn/clang"
      - "D:/WaterSurfaceRendererScratch/vcpkg_installed/x64-windows/debug/Program Files (x86)/Microsoft SDKs/Windows/v10.0A/bin/NETFX 4.8 Tools/x64/cc.com"
      - "D:/WaterSurfaceRendererScratch/vcpkg_installed/x64-windows/debug/Program Files (x86)/Microsoft SDKs/Windows/v10.0A/bin/NETFX 4.8 Tools/x64/cc.exe"
      - "D:/WaterSurfaceRendererScratch/vcpkg_installed/x64-windows/debug/Program Files (x86)/Microsoft SDKs/Windows/v10.0A/bin/NETFX 4.8 Tools/x64/cc"
      - "D:/WaterSurfaceRendererScratch/vcpkg_installed/x64-windows/debug/Program Files (x86)/Microsoft SDKs/Windows/v10.0A/bin/NETFX 4.8 Tools/x64/gcc.com"
      - "D:/WaterSurfaceRendererScratch/vcpkg_installed/x64-windows/debug/Program Files (x86)/Microsoft SDKs/Windows/v10.0A/bin/NETFX 4.8 Tools/x64/gcc.exe"
      - "D:/WaterSurfaceRendererScratch/vcpkg_installed/x64-windows/debug/Program Files (x86)/Microsoft SDKs/Windows/v10.0A/bin/NETFX 4.8 Tools/x64/gcc"
      - "D:/WaterSurfaceRendererScratch/vcpkg_installed/x64-windows/debug/Program Files (x86)/Microsoft SDKs/Windows/v10.0A/bin/NETFX 4.8 Tools/x64/cl.com"
      - "D:/WaterSurfaceRendererScratch/vcpkg_installed/x64-windows/debug/Program Files (x86)/Microsoft SDKs/Windows/v10.0A/bin/NETFX 4.8 Tools/x64/cl.exe"
      - "D:/WaterSurfaceRendererScratch/vcpkg_installed/x64-windows/debug/Program Files (x86)/Microsoft SDKs/Windows/v10.0A/bin/NETFX 4.8 Tools/x64/cl"
      - "D:/WaterSurfaceRendererScratch/vcpkg_installed/x64-windows/debug/Program Files (x86)/Microsoft SDKs/Windows/v10.0A/bin/NETFX 4.8 Tools/x64/bcc.com"
      - "D:/WaterSurfaceRendererScratch/vcpkg_installed/x64-windows/debug/Program Files (x86)/Microsoft SDKs/Windows/v10.0A/bin/NETFX 4.8 Tools/x64/bcc.exe"
      - "D:/WaterSurfaceRendererScratch/vcpkg_installed/x64-windows/debug/Program Files (x86)/Microsoft SDKs/Windows/v10.0A/bin/NETFX 4.8 Tools/x64/bcc"
      - "D:/WaterSurfaceRendererScratch/vcpkg_installed/x64-windows/debug/Program Files (x86)/Microsoft SDKs/Windows/v10.0A/bin/NETFX 4.8 Tools/x64/xlc.com"
      - "D:/WaterSurfaceRendererScratch/vcpkg_installed/x64-windows/debug/Program Files (x86)/Microsoft SDKs/Windows/v10.0A/bin/NETFX 4.8 Tools/x64/xlc.exe"
      - "D:/WaterSurfaceRendererScratch/vcpkg_installed/x64-windows/debug/Program Files (x86)/Microsoft SDKs/Windows/v10.0A/bin/NETFX 4.8 Tools/x64/xlc"
      - "D:/WaterSurfaceRendererScratch/vcpkg_installed/x64-windows/debug/Program Files (x86)/Microsoft SDKs/Windows/v10.0A/bin/NETFX 4.8 Tools/x64/icx.com"
      - "D:/WaterSurfaceRendererScratch/vcpkg_installed/x64-windows/debug/Program Files (x86)/Microsoft SDKs/Windows/v10.0A/bin/NETFX 4.8 Tools/x64/icx.exe"
      - "D:/WaterSurfaceRendererScratch/vcpkg_installed/x64-windows/debug/Program Files (x86)/Microsoft SDKs/Windows/v10.0A/bin/NETFX 4.8 Tools/x64/icx"
      - "D:/WaterSurfaceRendererScratch/vcpkg_installed/x64-windows/debug/Program Files (x86)/Microsoft SDKs/Windows/v10.0A/bin/NETFX 4.8 Tools/x64/clang.com"
      - "D:/WaterSurfaceRendererScratch/vcpkg_installed/x64-windows/debug/Program Files (x86)/Microsoft SDKs/Windows/v10.0A/bin/NETFX 4.8 Tools/x64/clang.exe"
      - "D:/WaterSurfaceRendererScratch/vcpkg_installed/x64-windows/debug/Program Files (x86)/Microsoft SDKs/Windows/v10.0A/bin/NETFX 4.8 Tools/x64/clang"
      - "D:/WaterSurfaceRendererScratch/vcpkg_installed/x64-windows/debug/Microsoft Visual Studio/18/Community/Team Tools/DiagnosticsHub/Collector/cc.com"
      - "D:/WaterSurfaceRendererScratch/vcpkg_installed/x64-windows/debug/Microsoft Visual Studio/18/Community/Team Tools/DiagnosticsHub/Collector/cc.exe"
      - "D:/WaterSurfaceRendererScratch/vcpkg_installed/x64-windows/debug/Microsoft Visual Studio/18/Community/Team Tools/DiagnosticsHub/Collector/cc"
      - "D:/WaterSurfaceRendererScratch/vcpkg_installed/x64-windows/debug/Microsoft Visual Studio/18/Community/Team Tools/DiagnosticsHub/Collector/gcc.com"
      - "D:/WaterSurfaceRendererScratch/vcpkg_installed/x64-windows/debug/Microsoft Visual Studio/18/Community/Team Tools/DiagnosticsHub/Collector/gcc.exe"
      - "D:/WaterSurfaceRendererScratch/vcpkg_installed/x64-windows/debug/Microsoft Visual Studio/18/Community/Team Tools/DiagnosticsHub/Collector/gcc"
      - "D:/WaterSurfaceRendererScratch/vcpkg_installed/x64-windows/debug/Microsoft Visual Studio/18/Community/Team Tools/DiagnosticsHub/Collector/cl.com"
      - "D:/WaterSurfaceRendererScratch/vcpkg_installed/x64-windows/debug/Microsoft Visual Studio/18/Community/Team Tools/DiagnosticsHub/Collector/cl.exe"
      - "D:/WaterSurfaceRendererScratch/vcpkg_installed/x64-windows/debug/Microsoft Visual Studio/18/Community/Team Tools/DiagnosticsHub/Collector/cl"
      - "D:/WaterSurfaceRendererScratch/vcpkg_installed/x64-windows/debug/Microsoft Visual Studio/18/Community/Team Tools/DiagnosticsHub/Collector/bcc.com"
      - "D:/WaterSurfaceRendererScratch/vcpkg_installed/x64-windows/debug/Microsoft Visual Studio/18/Community/Team Tools/DiagnosticsHub/Collector/bcc.exe"
      - "D:/WaterSurfaceRendererScratch/vcpkg_installed/x64-windows/debug/Microsoft Visual Studio/18/Community/Team Tools/DiagnosticsHub/Collector/bcc"
      - "D:/WaterSurfaceRendererScratch/vcpkg_installed/x64-windows/debug/Microsoft Visual Studio/18/Community/Team Tools/DiagnosticsHub/Collector/xlc.com"
      - "D:/WaterSurfaceRendererScratch/vcpkg_installed/x64-windows/debug/Microsoft Visual Studio/18/Community/Team Tools/DiagnosticsHub/Collector/xlc.exe"
      - "D:/WaterSurfaceRendererScratch/vcpkg_installed/x64-windows/debug/Microsoft Visual Studio/18/Community/Team Tools/DiagnosticsHub/Collector/xlc"
      - "D:/WaterSurfaceRendererScratch/vcpkg_installed/x64-windows/debug/Microsoft Visual Studio/18/Community/Team Tools/DiagnosticsHub/Collector/icx.com"
      - "D:/WaterSurfaceRendererScratch/vcpkg_installed/x64-windows/debug/Microsoft Visual Studio/18/Community/Team Tools/DiagnosticsHub/Collector/icx.exe"
      - "D:/WaterSurfaceRendererScratch/vcpkg_installed/x64-windows/debug/Microsoft Visual Studio/18/Community/Team Tools/DiagnosticsHub/Collector/icx"
      - "D:/WaterSurfaceRendererScratch/vcpkg_installed/x64-windows/debug/Microsoft Visual Studio/18/Community/Team Tools/DiagnosticsHub/Collector/clang.com"
      - "D:/WaterSurfaceRendererScratch/vcpkg_installed/x64-windows/debug/Microsoft Visual Studio/18/Community/Team Tools/DiagnosticsHub/Collector/clang.exe"
      - "D:/WaterSurfaceRendererScratch/vcpkg_installed/x64-windows/debug/Microsoft Visual Studio/18/Community/Team Tools/DiagnosticsHub/Collector/clang"
      - "D:/WaterSurfaceRendererScratch/vcpkg_installed/x64-windows/debug/Microsoft Visual Studio/18/Community/Common7/IDE/Extensions/Microsoft/CodeCoverage.Console/cc.com"
      - "D:/WaterSurfaceRendererScratch/vcpkg_installed/x64-windows/debug/Microsoft Visual Studio/18/Community/Common7/IDE/Extensions/Microsoft/CodeCoverage.Console/cc.exe"
      - "D:/WaterSurfaceRendererScratch/vcpkg_installed/x64-windows/debug/Microsoft Visual Studio/18/Community/Common7/IDE/Extensions/Microsoft/CodeCoverage.Console/cc"
      - "D:/WaterSurfaceRendererScratch/vcpkg_installed/x64-windows/debug/Microsoft Visual Studio/18/Community/Common7/IDE/Extensions/Microsoft/CodeCoverage.Console/gcc.com"
      - "D:/WaterSurfaceRendererScratch/vcpkg_installed/x64-windows/debug/Microsoft Visual Studio/18/Community/Common7/IDE/Extensions/Microsoft/CodeCoverage.Console/gcc.exe"
      - "D:/WaterSurfaceRendererScratch/vcpkg_installed/x64-windows/debug/Microsoft Visual Studio/18/Community/Common7/IDE/Extensions/Microsoft/CodeCoverage.Console/gcc"
      - "D:/WaterSurfaceRendererScratch/vcpkg_installed/x64-windows/debug/Microsoft Visual Studio/18/Community/Common7/IDE/Extensions/Microsoft/CodeCoverage.Console/cl.com"
      - "D:/WaterSurfaceRendererScratch/vcpkg_installed/x64-windows/debug/Microsoft Visual Studio/18/Community/Common7/IDE/Extensions/Microsoft/CodeCoverage.Console/cl.exe"
      - "D:/WaterSurfaceRendererScratch/vcpkg_installed/x64-windows/debug/Microsoft Visual Studio/18/Community/Common7/IDE/Extensions/Microsoft/CodeCoverage.Console/cl"
      - "D:/WaterSurfaceRendererScratch/vcpkg_installed/x64-windows/debug/Microsoft Visual Studio/18/Community/Common7/IDE/Extensions/Microsoft/CodeCoverage.Console/bcc.com"
      - "D:/WaterSurfaceRendererScratch/vcpkg_installed/x64-windows/debug/Microsoft Visual Studio/18/Community/Common7/IDE/Extensions/Microsoft/CodeCoverage.Console/bcc.exe"
      - "D:/WaterSurfaceRendererScratch/vcpkg_installed/x64-windows/debug/Microsoft Visual Studio/18/Community/Common7/IDE/Extensions/Microsoft/CodeCoverage.Console/bcc"
      - "D:/WaterSurfaceRendererScratch/vcpkg_installed/x64-windows/debug/Microsoft Visual Studio/18/Community/Common7/IDE/Extensions/Microsoft/CodeCoverage.Console/xlc.com"
      - "D:/WaterSurfaceRendererScratch/vcpkg_installed/x64-windows/debug/Microsoft Visual Studio/18/Community/Common7/IDE/Extensions/Microsoft/CodeCoverage.Console/xlc.exe"
      - "D:/WaterSurfaceRendererScratch/vcpkg_installed/x64-windows/debug/Microsoft Visual Studio/18/Community/Common7/IDE/Extensions/Microsoft/CodeCoverage.Console/xlc"
      - "D:/WaterSurfaceRendererScratch/vcpkg_installed/x64-windows/debug/Microsoft Visual Studio/18/Community/Common7/IDE/Extensions/Microsoft/CodeCoverage.Console/icx.com"
      - "D:/WaterSurfaceRendererScratch/vcpkg_installed/x64-windows/debug/Microsoft Visual Studio/18/Community/Common7/IDE/Extensions/Microsoft/CodeCoverage.Console/icx.exe"
      - "D:/WaterSurfaceRendererScratch/vcpkg_installed/x64-windows/debug/Microsoft Visual Studio/18/Community/Common7/IDE/Extensions/Microsoft/CodeCoverage.Console/icx"
      - "D:/WaterSurfaceRendererScratch/vcpkg_installed/x64-windows/debug/Microsoft Visual Studio/18/Community/Common7/IDE/Extensions/Microsoft/CodeCoverage.Console/clang.com"
      - "D:/WaterSurfaceRendererScratch/vcpkg_installed/x64-windows/debug/Microsoft Visual Studio/18/Community/Common7/IDE/Extensions/Microsoft/CodeCoverage.Console/clang.exe"
      - "D:/WaterSurfaceRendererScratch/vcpkg_installed/x64-windows/debug/Microsoft Visual Studio/18/Community/Common7/IDE/Extensions/Microsoft/CodeCoverage.Console/clang"
      - "D:/WaterSurfaceRendererScratch/vcpkg_installed/x64-windows/debug/Program Files (x86)/Windows Kits/10/bin/10.0.26100.0/x64/cc.com"
      - "D:/WaterSurfaceRendererScratch/vcpkg_installed/x64-windows/debug/Program Files (x86)/Windows Kits/10/bin/10.0.26100.0/x64/cc.exe"
      - "D:/WaterSurfaceRendererScratch/vcpkg_installed/x64-windows/debug/Program Files (x86)/Windows Kits/10/bin/10.0.26100.0/x64/cc"
      - "D:/WaterSurfaceRendererScratch/vcpkg_installed/x64-windows/debug/Program Files (x86)/Windows Kits/10/bin/10.0.26100.0/x64/gcc.com"
      - "D:/WaterSurfaceRendererScratch/vcpkg_installed/x64-windows/debug/Program Files (x86)/Windows Kits/10/bin/10.0.26100.0/x64/gcc.exe"
      - "D:/WaterSurfaceRendererScratch/vcpkg_installed/x64-windows/debug/Program Files (x86)/Windows Kits/10/bin/10.0.26100.0/x64/gcc"
      - "D:/WaterSurfaceRendererScratch/vcpkg_installed/x64-windows/debug/Program Files (x86)/Windows Kits/10/bin/10.0.26100.0/x64/cl.com"
      - "D:/WaterSurfaceRendererScratch/vcpkg_installed/x64-windows/debug/Program Files (x86)/Windows Kits/10/bin/10.0.26100.0/x64/cl.exe"
      - "D:/WaterSurfaceRendererScratch/vcpkg_installed/x64-windows/debug/Program Files (x86)/Windows Kits/10/bin/10.0.26100.0/x64/cl"
      - "D:/WaterSurfaceRendererScratch/vcpkg_installed/x64-windows/debug/Program Files (x86)/Windows Kits/10/bin/10.0.26100.0/x64/bcc.com"
      - "D:/WaterSurfaceRendererScratch/vcpkg_installed/x64-windows/debug/Program Files (x86)/Windows Kits/10/bin/10.0.26100.0/x64/bcc.exe"
      - "D:/WaterSurfaceRendererScratch/vcpkg_installed/x64-windows/debug/Program Files (x86)/Windows Kits/10/bin/10.0.26100.0/x64/bcc"
      - "D:/WaterSurfaceRendererScratch/vcpkg_installed/x64-windows/debug/Program Files (x86)/Windows Kits/10/bin/10.0.26100.0/x64/xlc.com"
      - "D:/WaterSurfaceRendererScratch/vcpkg_installed/x64-windows/debug/Program Files (x86)/Windows Kits/10/bin/10.0.26100.0/x64/xlc.exe"
      - "D:/WaterSurfaceRendererScratch/vcpkg_installed/x64-windows/debug/Program Files (x86)/Windows Kits/10/bin/10.0.26100.0/x64/xlc"
      - "D:/WaterSurfaceRendererScratch/vcpkg_installed/x64-windows/debug/Program Files (x86)/Windows Kits/10/bin/10.0.26100.0/x64/icx.com"
      - "D:/WaterSurfaceRendererScratch/vcpkg_installed/x64-windows/debug/Program Files (x86)/Windows Kits/10/bin/10.0.26100.0/x64/icx.exe"
      - "D:/WaterSurfaceRendererScratch/vcpkg_installed/x64-windows/debug/Program Files (x86)/Windows Kits/10/bin/10.0.26100.0/x64/icx"
      - "D:/WaterSurfaceRendererScratch/vcpkg_installed/x64-windows/debug/Program Files (x86)/Windows Kits/10/bin/10.0.26100.0/x64/clang.com"
      - "D:/WaterSurfaceRendererScratch/vcpkg_installed/x64-windows/debug/Program Files (x86)/Windows Kits/10/bin/10.0.26100.0/x64/clang.exe"
      - "D:/WaterSurfaceRendererScratch/vcpkg_installed/x64-windows/debug/Program Files (x86)/Windows Kits/10/bin/10.0.26100.0/x64/clang"
      - "D:/WaterSurfaceRendererScratch/vcpkg_installed/x64-windows/debug/Program Files (x86)/Windows Kits/10/bin/x64/cc.com"
      - "D:/WaterSurfaceRendererScratch/vcpkg_installed/x64-windows/debug/Program Files (x86)/Windows Kits/10/bin/x64/cc.exe"
      - "D:/WaterSurfaceRendererScratch/vcpkg_installed/x64-windows/debug/Program Files (x86)/Windows Kits/10/bin/x64/cc"
      - "D:/WaterSurfaceRendererScratch/vcpkg_installed/x64-windows/debug/Program Files (x86)/Windows Kits/10/bin/x64/gcc.com"
      - "D:/WaterSurfaceRendererScratch/vcpkg_installed/x64-windows/debug/Program Files (x86)/Windows Kits/10/bin/x64/gcc.exe"
      - "D:/WaterSurfaceRendererScratch/vcpkg_installed/x64-windows/debug/Program Files (x86)/Windows Kits/10/bin/x64/gcc"
      - "D:/WaterSurfaceRendererScratch/vcpkg_installed/x64-windows/debug/Program Files (x86)/Windows Kits/10/bin/x64/cl.com"
      - "D:/WaterSurfaceRendererScratch/vcpkg_installed/x64-windows/debug/Program Files (x86)/Windows Kits/10/bin/x64/cl.exe"
      - "D:/WaterSurfaceRendererScratch/vcpkg_installed/x64-windows/debug/Program Files (x86)/Windows Kits/10/bin/x64/cl"
      - "D:/WaterSurfaceRendererScratch/vcpkg_installed/x64-windows/debug/Program Files (x86)/Windows Kits/10/bin/x64/bcc.com"
      - "D:/WaterSurfaceRendererScratch/vcpkg_installed/x64-windows/debug/Program Files (x86)/Windows Kits/10/bin/x64/bcc.exe"
      - "D:/WaterSurfaceRendererScratch/vcpkg_installed/x64-windows/debug/Program Files (x86)/Windows Kits/10/bin/x64/bcc"
      - "D:/WaterSurfaceRendererScratch/vcpkg_installed/x64-windows/debug/Program Files (x86)/Windows Kits/10/bin/x64/xlc.com"
      - "D:/WaterSurfaceRendererScratch/vcpkg_installed/x64-windows/debug/Program Files (x86)/Windows Kits/10/bin/x64/xlc.exe"
      - "D:/WaterSurfaceRendererScratch/vcpkg_installed/x64-windows/debug/Program Files (x86)/Windows Kits/10/bin/x64/xlc"
      - "D:/WaterSurfaceRendererScratch/vcpkg_installed/x64-windows/debug/Program Files (x86)/Windows Kits/10/bin/x64/icx.com"
      - "D:/WaterSurfaceRendererScratch/vcpkg_installed/x64-windows/debug/Program Files (x86)/Windows Kits/10/bin/x64/icx.exe"
      - "D:/WaterSurfaceRendererScratch/vcpkg_installed/x64-windows/debug/Program Files (x86)/Windows Kits/10/bin/x64/icx"
      - "D:/WaterSurfaceRendererScratch/vcpkg_installed/x64-windows/debug/Program Files (x86)/Windows Kits/10/bin/x64/clang.com"
      - "D:/WaterSurfaceRendererScratch/vcpkg_installed/x64-windows/debug/Program Files (x86)/Windows Kits/10/bin/x64/clang.exe"
      - "D:/WaterSurfaceRendererScratch/vcpkg_installed/x64-windows/debug/Program Files (x86)/Windows Kits/10/bin/x64/clang"
      - "D:/WaterSurfaceRendererScratch/vcpkg_installed/x64-windows/debug/Microsoft Visual Studio/18/Community/MSBuild/Current/Bin/amd64/cc.com"
      - "D:/WaterSurfaceRendererScratch/vcpkg_installed/x64-windows/debug/Microsoft Visual Studio/18/Community/MSBuild/Current/Bin/amd64/cc.exe"
      - "D:/WaterSurfaceRendererScratch/vcpkg_installed/x64-windows/debug/Microsoft Visual Studio/18/Community/MSBuild/Current/Bin/amd64/cc"
      - "D:/WaterSurfaceRendererScratch/vcpkg_installed/x64-windows/debug/Microsoft Visual Studio/18/Community/MSBuild/Current/Bin/amd64/gcc.com"
      - "D:/WaterSurfaceRendererScratch/vcpkg_installed/x64-windows/debug/Microsoft Visual Studio/18/Community/MSBuild/Current/Bin/amd64/gcc.exe"
      - "D:/WaterSurfaceRendererScratch/vcpkg_installed/x64-windows/debug/Microsoft Visual Studio/18/Community/MSBuild/Current/Bin/amd64/gcc"
      - "D:/WaterSurfaceRendererScratch/vcpkg_installed/x64-windows/debug/Microsoft Visual Studio/18/Community/MSBuild/Current/Bin/amd64/cl.com"
      - "D:/WaterSurfaceRendererScratch/vcpkg_installed/x64-windows/debug/Microsoft Visual Studio/18/Community/MSBuild/Current/Bin/amd64/cl.exe"
      - "D:/WaterSurfaceRendererScratch/vcpkg_installed/x64-windows/debug/Microsoft Visual Studio/18/Community/MSBuild/Current/Bin/amd64/cl"
      - "D:/WaterSurfaceRendererScratch/vcpkg_installed/x64-windows/debug/Microsoft Visual Studio/18/Community/MSBuild/Current/Bin/amd64/bcc.com"
      - "D:/WaterSurfaceRendererScratch/vcpkg_installed/x64-windows/debug/Microsoft Visual Studio/18/Community/MSBuild/Current/Bin/amd64/bcc.exe"
      - "D:/WaterSurfaceRendererScratch/vcpkg_installed/x64-windows/debug/Microsoft Visual Studio/18/Community/MSBuild/Current/Bin/amd64/bcc"
      - "D:/WaterSurfaceRendererScratch/vcpkg_installed/x64-windows/debug/Microsoft Visual Studio/18/Community/MSBuild/Current/Bin/amd64/xlc.com"
      - "D:/WaterSurfaceRendererScratch/vcpkg_installed/x64-windows/debug/Microsoft Visual Studio/18/Community/MSBuild/Current/Bin/amd64/xlc.exe"
      - "D:/WaterSurfaceRendererScratch/vcpkg_installed/x64-windows/debug/Microsoft Visual Studio/18/Community/MSBuild/Current/Bin/amd64/xlc"
      - "D:/WaterSurfaceRendererScratch/vcpkg_installed/x64-windows/debug/Microsoft Visual Studio/18/Community/MSBuild/Current/Bin/amd64/icx.com"
      - "D:/WaterSurfaceRendererScratch/vcpkg_installed/x64-windows/debug/Microsoft Visual Studio/18/Community/MSBuild/Current/Bin/amd64/icx.exe"
      - "D:/WaterSurfaceRendererScratch/vcpkg_installed/x64-windows/debug/Microsoft Visual Studio/18/Community/MSBuild/Current/Bin/amd64/icx"
      - "D:/WaterSurfaceRendererScratch/vcpkg_installed/x64-windows/debug/Microsoft Visual Studio/18/Community/MSBuild/Current/Bin/amd64/clang.com"
      - "D:/WaterSurfaceRendererScratch/vcpkg_installed/x64-windows/debug/Microsoft Visual Studio/18/Community/MSBuild/Current/Bin/amd64/clang.exe"
      - "D:/WaterSurfaceRendererScratch/vcpkg_installed/x64-windows/debug/Microsoft Visual Studio/18/Community/MSBuild/Current/Bin/amd64/clang"
      - "D:/WaterSurfaceRendererScratch/vcpkg_installed/x64-windows/debug/Windows/Microsoft.NET/Framework64/v4.0.30319/cc.com"
      - "D:/WaterSurfaceRendererScratch/vcpkg_installed/x64-windows/debug/Windows/Microsoft.NET/Framework64/v4.0.30319/cc.exe"
      - "D:/WaterSurfaceRendererScratch/vcpkg_installed/x64-windows/debug/Windows/Microsoft.NET/Framework64/v4.0.30319/cc"
      - "D:/WaterSurfaceRendererScratch/vcpkg_installed/x64-windows/debug/Windows/Microsoft.NET/Framework64/v4.0.30319/gcc.com"
      - "D:/WaterSurfaceRendererScratch/vcpkg_installed/x64-windows/debug/Windows/Microsoft.NET/Framework64/v4.0.30319/gcc.exe"
      - "D:/WaterSurfaceRendererScratch/vcpkg_installed/x64-windows/debug/Windows/Microsoft.NET/Framework64/v4.0.30319/gcc"
      - "D:/WaterSurfaceRendererScratch/vcpkg_installed/x64-windows/debug/Windows/Microsoft.NET/Framework64/v4.0.30319/cl.com"
      - "D:/WaterSurfaceRendererScratch/vcpkg_installed/x64-windows/debug/Windows/Microsoft.NET/Framework64/v4.0.30319/cl.exe"
      - "D:/WaterSurfaceRendererScratch/vcpkg_installed/x64-windows/debug/Windows/Microsoft.NET/Framework64/v4.0.30319/cl"
      - "D:/WaterSurfaceRendererScratch/vcpkg_installed/x64-windows/debug/Windows/Microsoft.NET/Framework64/v4.0.30319/bcc.com"
      - "D:/WaterSurfaceRendererScratch/vcpkg_installed/x64-windows/debug/Windows/Microsoft.NET/Framework64/v4.0.30319/bcc.exe"
      - "D:/WaterSurfaceRendererScratch/vcpkg_installed/x64-windows/debug/Windows/Microsoft.NET/Framework64/v4.0.30319/bcc"
      - "D:/WaterSurfaceRendererScratch/vcpkg_installed/x64-windows/debug/Windows/Microsoft.NET/Framework64/v4.0.30319/xlc.com"
      - "D:/WaterSurfaceRendererScratch/vcpkg_installed/x64-windows/debug/Windows/Microsoft.NET/Framework64/v4.0.30319/xlc.exe"
      - "D:/WaterSurfaceRendererScratch/vcpkg_installed/x64-windows/debug/Windows/Microsoft.NET/Framework64/v4.0.30319/xlc"
      - "D:/WaterSurfaceRendererScratch/vcpkg_installed/x64-windows/debug/Windows/Microsoft.NET/Framework64/v4.0.30319/icx.com"
      - "D:/WaterSurfaceRendererScratch/vcpkg_installed/x64-windows/debug/Windows/Microsoft.NET/Framework64/v4.0.30319/icx.exe"
      - "D:/WaterSurfaceRendererScratch/vcpkg_installed/x64-windows/debug/Windows/Microsoft.NET/Framework64/v4.0.30319/icx"
      - "D:/WaterSurfaceRendererScratch/vcpkg_installed/x64-windows/debug/Windows/Microsoft.NET/Framework64/v4.0.30319/clang.com"
      - "D:/WaterSurfaceRendererScratch/vcpkg_installed/x64-windows/debug/Windows/Microsoft.NET/Framework64/v4.0.30319/clang.exe"
      - "D:/WaterSurfaceRendererScratch/vcpkg_installed/x64-windows/debug/Windows/Microsoft.NET/Framework64/v4.0.30319/clang"
      - "D:/WaterSurfaceRendererScratch/vcpkg_installed/x64-windows/debug/Microsoft Visual Studio/18/Community/Common7/IDE/cc.com"
      - "D:/WaterSurfaceRendererScratch/vcpkg_installed/x64-windows/debug/Microsoft Visual Studio/18/Community/Common7/IDE/cc.exe"
      - "D:/WaterSurfaceRendererScratch/vcpkg_installed/x64-windows/debug/Microsoft Visual Studio/18/Community/Common7/IDE/cc"
      - "D:/WaterSurfaceRendererScratch/vcpkg_installed/x64-windows/debug/Microsoft Visual Studio/18/Community/Common7/IDE/gcc.com"
      - "D:/WaterSurfaceRendererScratch/vcpkg_installed/x64-windows/debug/Microsoft Visual Studio/18/Community/Common7/IDE/gcc.exe"
      - "D:/WaterSurfaceRendererScratch/vcpkg_installed/x64-windows/debug/Microsoft Visual Studio/18/Community/Common7/IDE/gcc"
      - "D:/WaterSurfaceRendererScratch/vcpkg_installed/x64-windows/debug/Microsoft Visual Studio/18/Community/Common7/IDE/cl.com"
      - "D:/WaterSurfaceRendererScratch/vcpkg_installed/x64-windows/debug/Microsoft Visual Studio/18/Community/Common7/IDE/cl.exe"
      - "D:/WaterSurfaceRendererScratch/vcpkg_installed/x64-windows/debug/Microsoft Visual Studio/18/Community/Common7/IDE/cl"
      - "D:/WaterSurfaceRendererScratch/vcpkg_installed/x64-windows/debug/Microsoft Visual Studio/18/Community/Common7/IDE/bcc.com"
      - "D:/WaterSurfaceRendererScratch/vcpkg_installed/x64-windows/debug/Microsoft Visual Studio/18/Community/Common7/IDE/bcc.exe"
      - "D:/WaterSurfaceRendererScratch/vcpkg_installed/x64-windows/debug/Microsoft Visual Studio/18/Community/Common7/IDE/bcc"
      - "D:/WaterSurfaceRendererScratch/vcpkg_installed/x64-windows/debug/Microsoft Visual Studio/18/Community/Common7/IDE/xlc.com"
      - "D:/WaterSurfaceRendererScratch/vcpkg_installed/x64-windows/debug/Microsoft Visual Studio/18/Community/Common7/IDE/xlc.exe"
      - "D:/WaterSurfaceRendererScratch/vcpkg_installed/x64-windows/debug/Microsoft Visual Studio/18/Community/Common7/IDE/xlc"
      - "D:/WaterSurfaceRendererScratch/vcpkg_installed/x64-windows/debug/Microsoft Visual Studio/18/Community/Common7/IDE/icx.com"
      - "D:/WaterSurfaceRendererScratch/vcpkg_installed/x64-windows/debug/Microsoft Visual Studio/18/Community/Common7/IDE/icx.exe"
      - "D:/WaterSurfaceRendererScratch/vcpkg_installed/x64-windows/debug/Microsoft Visual Studio/18/Community/Common7/IDE/icx"
      - "D:/WaterSurfaceRendererScratch/vcpkg_installed/x64-windows/debug/Microsoft Visual Studio/18/Community/Common7/IDE/clang.com"
      - "D:/WaterSurfaceRendererScratch/vcpkg_installed/x64-windows/debug/Microsoft Visual Studio/18/Community/Common7/IDE/clang.exe"
      - "D:/WaterSurfaceRendererScratch/vcpkg_installed/x64-windows/debug/Microsoft Visual Studio/18/Community/Common7/IDE/clang"
      - "D:/WaterSurfaceRendererScratch/vcpkg_installed/x64-windows/debug/Microsoft Visual Studio/18/Community/Common7/Tools/cc.com"
      - "D:/WaterSurfaceRendererScratch/vcpkg_installed/x64-windows/debug/Microsoft Visual Studio/18/Community/Common7/Tools/cc.exe"
      - "D:/WaterSurfaceRendererScratch/vcpkg_installed/x64-windows/debug/Microsoft Visual Studio/18/Community/Common7/Tools/cc"
      - "D:/WaterSurfaceRendererScratch/vcpkg_installed/x64-windows/debug/Microsoft Visual Studio/18/Community/Common7/Tools/gcc.com"
      - "D:/WaterSurfaceRendererScratch/vcpkg_installed/x64-windows/debug/Microsoft Visual Studio/18/Community/Common7/Tools/gcc.exe"
      - "D:/WaterSurfaceRendererScratch/vcpkg_installed/x64-windows/debug/Microsoft Visual Studio/18/Community/Common7/Tools/gcc"
      - "D:/WaterSurfaceRendererScratch/vcpkg_installed/x64-windows/debug/Microsoft Visual Studio/18/Community/Common7/Tools/cl.com"
      - "D:/WaterSurfaceRendererScratch/vcpkg_installed/x64-windows/debug/Microsoft Visual Studio/18/Community/Common7/Tools/cl.exe"
      - "D:/WaterSurfaceRendererScratch/vcpkg_installed/x64-windows/debug/Microsoft Visual Studio/18/Community/Common7/Tools/cl"
      - "D:/WaterSurfaceRendererScratch/vcpkg_installed/x64-windows/debug/Microsoft Visual Studio/18/Community/Common7/Tools/bcc.com"
      - "D:/WaterSurfaceRendererScratch/vcpkg_installed/x64-windows/debug/Microsoft Visual Studio/18/Community/Common7/Tools/bcc.exe"
      - "D:/WaterSurfaceRendererScratch/vcpkg_installed/x64-windows/debug/Microsoft Visual Studio/18/Community/Common7/Tools/bcc"
      - "D:/WaterSurfaceRendererScratch/vcpkg_installed/x64-windows/debug/Microsoft Visual Studio/18/Community/Common7/Tools/xlc.com"
      - "D:/WaterSurfaceRendererScratch/vcpkg_installed/x64-windows/debug/Microsoft Visual Studio/18/Community/Common7/Tools/xlc.exe"
      - "D:/WaterSurfaceRendererScratch/vcpkg_installed/x64-windows/debug/Microsoft Visual Studio/18/Community/Common7/Tools/xlc"
      - "D:/WaterSurfaceRendererScratch/vcpkg_installed/x64-windows/debug/Microsoft Visual Studio/18/Community/Common7/Tools/icx.com"
      - "D:/WaterSurfaceRendererScratch/vcpkg_installed/x64-windows/debug/Microsoft Visual Studio/18/Community/Common7/Tools/icx.exe"
      - "D:/WaterSurfaceRendererScratch/vcpkg_installed/x64-windows/debug/Microsoft Visual Studio/18/Community/Common7/Tools/icx"
      - "D:/WaterSurfaceRendererScratch/vcpkg_installed/x64-windows/debug/Microsoft Visual Studio/18/Community/Common7/Tools/clang.com"
      - "D:/WaterSurfaceRendererScratch/vcpkg_installed/x64-windows/debug/Microsoft Visual Studio/18/Community/Common7/Tools/clang.exe"
      - "D:/WaterSurfaceRendererScratch/vcpkg_installed/x64-windows/debug/Microsoft Visual Studio/18/Community/Common7/Tools/clang"
      - "D:/WaterSurfaceRendererScratch/vcpkg_installed/x64-windows/debug/Users/xukeheng/AppData/Local/vcpkg/downloads/tools/powershell-core-7.5.4-windows/cc.com"
      - "D:/WaterSurfaceRendererScratch/vcpkg_installed/x64-windows/debug/Users/xukeheng/AppData/Local/vcpkg/downloads/tools/powershell-core-7.5.4-windows/cc.exe"
      - "D:/WaterSurfaceRendererScratch/vcpkg_installed/x64-windows/debug/Users/xukeheng/AppData/Local/vcpkg/downloads/tools/powershell-core-7.5.4-windows/cc"
      - "D:/WaterSurfaceRendererScratch/vcpkg_installed/x64-windows/debug/Users/xukeheng/AppData/Local/vcpkg/downloads/tools/powershell-core-7.5.4-windows/gcc.com"
      - "D:/WaterSurfaceRendererScratch/vcpkg_installed/x64-windows/debug/Users/xukeheng/AppData/Local/vcpkg/downloads/tools/powershell-core-7.5.4-windows/gcc.exe"
      - "D:/WaterSurfaceRendererScratch/vcpkg_installed/x64-windows/debug/Users/xukeheng/AppData/Local/vcpkg/downloads/tools/powershell-core-7.5.4-windows/gcc"
      - "D:/WaterSurfaceRendererScratch/vcpkg_installed/x64-windows/debug/Users/xukeheng/AppData/Local/vcpkg/downloads/tools/powershell-core-7.5.4-windows/cl.com"
      - "D:/WaterSurfaceRendererScratch/vcpkg_installed/x64-windows/debug/Users/xukeheng/AppData/Local/vcpkg/downloads/tools/powershell-core-7.5.4-windows/cl.exe"
      - "D:/WaterSurfaceRendererScratch/vcpkg_installed/x64-windows/debug/Users/xukeheng/AppData/Local/vcpkg/downloads/tools/powershell-core-7.5.4-windows/cl"
      - "D:/WaterSurfaceRendererScratch/vcpkg_installed/x64-windows/debug/Users/xukeheng/AppData/Local/vcpkg/downloads/tools/powershell-core-7.5.4-windows/bcc.com"
      - "D:/WaterSurfaceRendererScratch/vcpkg_installed/x64-windows/debug/Users/xukeheng/AppData/Local/vcpkg/downloads/tools/powershell-core-7.5.4-windows/bcc.exe"
      - "D:/WaterSurfaceRendererScratch/vcpkg_installed/x64-windows/debug/Users/xukeheng/AppData/Local/vcpkg/downloads/tools/powershell-core-7.5.4-windows/bcc"
      - "D:/WaterSurfaceRendererScratch/vcpkg_installed/x64-windows/debug/Users/xukeheng/AppData/Local/vcpkg/downloads/tools/powershell-core-7.5.4-windows/xlc.com"
      - "D:/WaterSurfaceRendererScratch/vcpkg_installed/x64-windows/debug/Users/xukeheng/AppData/Local/vcpkg/downloads/tools/powershell-core-7.5.4-windows/xlc.exe"
      - "D:/WaterSurfaceRendererScratch/vcpkg_installed/x64-windows/debug/Users/xukeheng/AppData/Local/vcpkg/downloads/tools/powershell-core-7.5.4-windows/xlc"
      - "D:/WaterSurfaceRendererScratch/vcpkg_installed/x64-windows/debug/Users/xukeheng/AppData/Local/vcpkg/downloads/tools/powershell-core-7.5.4-windows/icx.com"
      - "D:/WaterSurfaceRendererScratch/vcpkg_installed/x64-windows/debug/Users/xukeheng/AppData/Local/vcpkg/downloads/tools/powershell-core-7.5.4-windows/icx.exe"
      - "D:/WaterSurfaceRendererScratch/vcpkg_installed/x64-windows/debug/Users/xukeheng/AppData/Local/vcpkg/downloads/tools/powershell-core-7.5.4-windows/icx"
      - "D:/WaterSurfaceRendererScratch/vcpkg_installed/x64-windows/debug/Users/xukeheng/AppData/Local/vcpkg/downloads/tools/powershell-core-7.5.4-windows/clang.com"
      - "D:/WaterSurfaceRendererScratch/vcpkg_installed/x64-windows/debug/Users/xukeheng/AppData/Local/vcpkg/downloads/tools/powershell-core-7.5.4-windows/clang.exe"
      - "D:/WaterSurfaceRendererScratch/vcpkg_installed/x64-windows/debug/Users/xukeheng/AppData/Local/vcpkg/downloads/tools/powershell-core-7.5.4-windows/clang"
      - "D:/WaterSurfaceRendererScratch/vcpkg_installed/x64-windows/debug/Windows/System32/cc.com"
      - "D:/WaterSurfaceRendererScratch/vcpkg_installed/x64-windows/debug/Windows/System32/cc.exe"
      - "D:/WaterSurfaceRendererScratch/vcpkg_installed/x64-windows/debug/Windows/System32/cc"
      - "D:/WaterSurfaceRendererScratch/vcpkg_installed/x64-windows/debug/Windows/System32/gcc.com"
      - "D:/WaterSurfaceRendererScratch/vcpkg_installed/x64-windows/debug/Windows/System32/gcc.exe"
      - "D:/WaterSurfaceRendererScratch/vcpkg_installed/x64-windows/debug/Windows/System32/gcc"
      - "D:/WaterSurfaceRendererScratch/vcpkg_installed/x64-windows/debug/Windows/System32/cl.com"
      - "D:/WaterSurfaceRendererScratch/vcpkg_installed/x64-windows/debug/Windows/System32/cl.exe"
      - "D:/WaterSurfaceRendererScratch/vcpkg_installed/x64-windows/debug/Windows/System32/cl"
      - "D:/WaterSurfaceRendererScratch/vcpkg_installed/x64-windows/debug/Windows/System32/bcc.com"
      - "D:/WaterSurfaceRendererScratch/vcpkg_installed/x64-windows/debug/Windows/System32/bcc.exe"
      - "D:/WaterSurfaceRendererScratch/vcpkg_installed/x64-windows/debug/Windows/System32/bcc"
      - "D:/WaterSurfaceRendererScratch/vcpkg_installed/x64-windows/debug/Windows/System32/xlc.com"
      - "D:/WaterSurfaceRendererScratch/vcpkg_installed/x64-windows/debug/Windows/System32/xlc.exe"
      - "D:/WaterSurfaceRendererScratch/vcpkg_installed/x64-windows/debug/Windows/System32/xlc"
      - "D:/WaterSurfaceRendererScratch/vcpkg_installed/x64-windows/debug/Windows/System32/icx.com"
      - "D:/WaterSurfaceRendererScratch/vcpkg_installed/x64-windows/debug/Windows/System32/icx.exe"
      - "D:/WaterSurfaceRendererScratch/vcpkg_installed/x64-windows/debug/Windows/System32/icx"
      - "D:/WaterSurfaceRendererScratch/vcpkg_installed/x64-windows/debug/Windows/System32/clang.com"
      - "D:/WaterSurfaceRendererScratch/vcpkg_installed/x64-windows/debug/Windows/System32/clang.exe"
      - "D:/WaterSurfaceRendererScratch/vcpkg_installed/x64-windows/debug/Windows/System32/clang"
      - "D:/WaterSurfaceRendererScratch/vcpkg_installed/x64-windows/debug/Windows/cc.com"
      - "D:/WaterSurfaceRendererScratch/vcpkg_installed/x64-windows/debug/Windows/cc.exe"
      - "D:/WaterSurfaceRendererScratch/vcpkg_installed/x64-windows/debug/Windows/cc"
      - "D:/WaterSurfaceRendererScratch/vcpkg_installed/x64-windows/debug/Windows/gcc.com"
      - "D:/WaterSurfaceRendererScratch/vcpkg_installed/x64-windows/debug/Windows/gcc.exe"
      - "D:/WaterSurfaceRendererScratch/vcpkg_installed/x64-windows/debug/Windows/gcc"
      - "D:/WaterSurfaceRendererScratch/vcpkg_installed/x64-windows/debug/Windows/cl.com"
      - "D:/WaterSurfaceRendererScratch/vcpkg_installed/x64-windows/debug/Windows/cl.exe"
      - "D:/WaterSurfaceRendererScratch/vcpkg_installed/x64-windows/debug/Windows/cl"
      - "D:/WaterSurfaceRendererScratch/vcpkg_installed/x64-windows/debug/Windows/bcc.com"
      - "D:/WaterSurfaceRendererScratch/vcpkg_installed/x64-windows/debug/Windows/bcc.exe"
      - "D:/WaterSurfaceRendererScratch/vcpkg_installed/x64-windows/debug/Windows/bcc"
      - "D:/WaterSurfaceRendererScratch/vcpkg_installed/x64-windows/debug/Windows/xlc.com"
      - "D:/WaterSurfaceRendererScratch/vcpkg_installed/x64-windows/debug/Windows/xlc.exe"
      - "D:/WaterSurfaceRendererScratch/vcpkg_installed/x64-windows/debug/Windows/xlc"
      - "D:/WaterSurfaceRendererScratch/vcpkg_installed/x64-windows/debug/Windows/icx.com"
      - "D:/WaterSurfaceRendererScratch/vcpkg_installed/x64-windows/debug/Windows/icx.exe"
      - "D:/WaterSurfaceRendererScratch/vcpkg_installed/x64-windows/debug/Windows/icx"
      - "D:/WaterSurfaceRendererScratch/vcpkg_installed/x64-windows/debug/Windows/clang.com"
      - "D:/WaterSurfaceRendererScratch/vcpkg_installed/x64-windows/debug/Windows/clang.exe"
      - "D:/WaterSurfaceRendererScratch/vcpkg_installed/x64-windows/debug/Windows/clang"
      - "D:/WaterSurfaceRendererScratch/vcpkg_installed/x64-windows/debug/Windows/System32/wbem/cc.com"
      - "D:/WaterSurfaceRendererScratch/vcpkg_installed/x64-windows/debug/Windows/System32/wbem/cc.exe"
      - "D:/WaterSurfaceRendererScratch/vcpkg_installed/x64-windows/debug/Windows/System32/wbem/cc"
      - "D:/WaterSurfaceRendererScratch/vcpkg_installed/x64-windows/debug/Windows/System32/wbem/gcc.com"
      - "D:/WaterSurfaceRendererScratch/vcpkg_installed/x64-windows/debug/Windows/System32/wbem/gcc.exe"
      - "D:/WaterSurfaceRendererScratch/vcpkg_installed/x64-windows/debug/Windows/System32/wbem/gcc"
      - "D:/WaterSurfaceRendererScratch/vcpkg_installed/x64-windows/debug/Windows/System32/wbem/cl.com"
      - "D:/WaterSurfaceRendererScratch/vcpkg_installed/x64-windows/debug/Windows/System32/wbem/cl.exe"
      - "D:/WaterSurfaceRendererScratch/vcpkg_installed/x64-windows/debug/Windows/System32/wbem/cl"
      - "D:/WaterSurfaceRendererScratch/vcpkg_installed/x64-windows/debug/Windows/System32/wbem/bcc.com"
      - "D:/WaterSurfaceRendererScratch/vcpkg_installed/x64-windows/debug/Windows/System32/wbem/bcc.exe"
      - "D:/WaterSurfaceRendererScratch/vcpkg_installed/x64-windows/debug/Windows/System32/wbem/bcc"
      - "D:/WaterSurfaceRendererScratch/vcpkg_installed/x64-windows/debug/Windows/System32/wbem/xlc.com"
      - "D:/WaterSurfaceRendererScratch/vcpkg_installed/x64-windows/debug/Windows/System32/wbem/xlc.exe"
      - "D:/WaterSurfaceRendererScratch/vcpkg_installed/x64-windows/debug/Windows/System32/wbem/xlc"
      - "D:/WaterSurfaceRendererScratch/vcpkg_installed/x64-windows/debug/Windows/System32/wbem/icx.com"
      - "D:/WaterSurfaceRendererScratch/vcpkg_installed/x64-windows/debug/Windows/System32/wbem/icx.exe"
      - "D:/WaterSurfaceRendererScratch/vcpkg_installed/x64-windows/debug/Windows/System32/wbem/icx"
      - "D:/WaterSurfaceRendererScratch/vcpkg_installed/x64-windows/debug/Windows/System32/wbem/clang.com"
      - "D:/WaterSurfaceRendererScratch/vcpkg_installed/x64-windows/debug/Windows/System32/wbem/clang.exe"
      - "D:/WaterSurfaceRendererScratch/vcpkg_installed/x64-windows/debug/Windows/System32/wbem/clang"
      - "D:/WaterSurfaceRendererScratch/vcpkg_installed/x64-windows/debug/Windows/System32/WindowsPowerShell/v1.0/cc.com"
      - "D:/WaterSurfaceRendererScratch/vcpkg_installed/x64-windows/debug/Windows/System32/WindowsPowerShell/v1.0/cc.exe"
      - "D:/WaterSurfaceRendererScratch/vcpkg_installed/x64-windows/debug/Windows/System32/WindowsPowerShell/v1.0/cc"
      - "D:/WaterSurfaceRendererScratch/vcpkg_installed/x64-windows/debug/Windows/System32/WindowsPowerShell/v1.0/gcc.com"
      - "D:/WaterSurfaceRendererScratch/vcpkg_installed/x64-windows/debug/Windows/System32/WindowsPowerShell/v1.0/gcc.exe"
      - "D:/WaterSurfaceRendererScratch/vcpkg_installed/x64-windows/debug/Windows/System32/WindowsPowerShell/v1.0/gcc"
      - "D:/WaterSurfaceRendererScratch/vcpkg_installed/x64-windows/debug/Windows/System32/WindowsPowerShell/v1.0/cl.com"
      - "D:/WaterSurfaceRendererScratch/vcpkg_installed/x64-windows/debug/Windows/System32/WindowsPowerShell/v1.0/cl.exe"
      - "D:/WaterSurfaceRendererScratch/vcpkg_installed/x64-windows/debug/Windows/System32/WindowsPowerShell/v1.0/cl"
      - "D:/WaterSurfaceRendererScratch/vcpkg_installed/x64-windows/debug/Windows/System32/WindowsPowerShell/v1.0/bcc.com"
      - "D:/WaterSurfaceRendererScratch/vcpkg_installed/x64-windows/debug/Windows/System32/WindowsPowerShell/v1.0/bcc.exe"
      - "D:/WaterSurfaceRendererScratch/vcpkg_installed/x64-windows/debug/Windows/System32/WindowsPowerShell/v1.0/bcc"
      - "D:/WaterSurfaceRendererScratch/vcpkg_installed/x64-windows/debug/Windows/System32/WindowsPowerShell/v1.0/xlc.com"
      - "D:/WaterSurfaceRendererScratch/vcpkg_installed/x64-windows/debug/Windows/System32/WindowsPowerShell/v1.0/xlc.exe"
      - "D:/WaterSurfaceRendererScratch/vcpkg_installed/x64-windows/debug/Windows/System32/WindowsPowerShell/v1.0/xlc"
      - "D:/WaterSurfaceRendererScratch/vcpkg_installed/x64-windows/debug/Windows/System32/WindowsPowerShell/v1.0/icx.com"
      - "D:/WaterSurfaceRendererScratch/vcpkg_installed/x64-windows/debug/Windows/System32/WindowsPowerShell/v1.0/icx.exe"
      - "D:/WaterSurfaceRendererScratch/vcpkg_installed/x64-windows/debug/Windows/System32/WindowsPowerShell/v1.0/icx"
      - "D:/WaterSurfaceRendererScratch/vcpkg_installed/x64-windows/debug/Windows/System32/WindowsPowerShell/v1.0/clang.com"
      - "D:/WaterSurfaceRendererScratch/vcpkg_installed/x64-windows/debug/Windows/System32/WindowsPowerShell/v1.0/clang.exe"
      - "D:/WaterSurfaceRendererScratch/vcpkg_installed/x64-windows/debug/Windows/System32/WindowsPowerShell/v1.0/clang"
      - "D:/WaterSurfaceRendererScratch/vcpkg_installed/x64-windows/debug/Windows/System32/OpenSSH/cc.com"
      - "D:/WaterSurfaceRendererScratch/vcpkg_installed/x64-windows/debug/Windows/System32/OpenSSH/cc.exe"
      - "D:/WaterSurfaceRendererScratch/vcpkg_installed/x64-windows/debug/Windows/System32/OpenSSH/cc"
      - "D:/WaterSurfaceRendererScratch/vcpkg_installed/x64-windows/debug/Windows/System32/OpenSSH/gcc.com"
      - "D:/WaterSurfaceRendererScratch/vcpkg_installed/x64-windows/debug/Windows/System32/OpenSSH/gcc.exe"
      - "D:/WaterSurfaceRendererScratch/vcpkg_installed/x64-windows/debug/Windows/System32/OpenSSH/gcc"
      - "D:/WaterSurfaceRendererScratch/vcpkg_installed/x64-windows/debug/Windows/System32/OpenSSH/cl.com"
      - "D:/WaterSurfaceRendererScratch/vcpkg_installed/x64-windows/debug/Windows/System32/OpenSSH/cl.exe"
      - "D:/WaterSurfaceRendererScratch/vcpkg_installed/x64-windows/debug/Windows/System32/OpenSSH/cl"
      - "D:/WaterSurfaceRendererScratch/vcpkg_installed/x64-windows/debug/Windows/System32/OpenSSH/bcc.com"
      - "D:/WaterSurfaceRendererScratch/vcpkg_installed/x64-windows/debug/Windows/System32/OpenSSH/bcc.exe"
      - "D:/WaterSurfaceRendererScratch/vcpkg_installed/x64-windows/debug/Windows/System32/OpenSSH/bcc"
      - "D:/WaterSurfaceRendererScratch/vcpkg_installed/x64-windows/debug/Windows/System32/OpenSSH/xlc.com"
      - "D:/WaterSurfaceRendererScratch/vcpkg_installed/x64-windows/debug/Windows/System32/OpenSSH/xlc.exe"
      - "D:/WaterSurfaceRendererScratch/vcpkg_installed/x64-windows/debug/Windows/System32/OpenSSH/xlc"
      - "D:/WaterSurfaceRendererScratch/vcpkg_installed/x64-windows/debug/Windows/System32/OpenSSH/icx.com"
      - "D:/WaterSurfaceRendererScratch/vcpkg_installed/x64-windows/debug/Windows/System32/OpenSSH/icx.exe"
      - "D:/WaterSurfaceRendererScratch/vcpkg_installed/x64-windows/debug/Windows/System32/OpenSSH/icx"
      - "D:/WaterSurfaceRendererScratch/vcpkg_installed/x64-windows/debug/Windows/System32/OpenSSH/clang.com"
      - "D:/WaterSurfaceRendererScratch/vcpkg_installed/x64-windows/debug/Windows/System32/OpenSSH/clang.exe"
      - "D:/WaterSurfaceRendererScratch/vcpkg_installed/x64-windows/debug/Windows/System32/OpenSSH/clang"
      - "D:/WaterSurfaceRendererScratch/vcpkg_installed/x64-windows/debug/Microsoft Visual Studio/18/Community/Common7/IDE/CommonExtensions/Microsoft/CMake/CMake/bin/cc.com"
      - "D:/WaterSurfaceRendererScratch/vcpkg_installed/x64-windows/debug/Microsoft Visual Studio/18/Community/Common7/IDE/CommonExtensions/Microsoft/CMake/CMake/bin/cc.exe"
      - "D:/WaterSurfaceRendererScratch/vcpkg_installed/x64-windows/debug/Microsoft Visual Studio/18/Community/Common7/IDE/CommonExtensions/Microsoft/CMake/CMake/bin/cc"
      - "D:/WaterSurfaceRendererScratch/vcpkg_installed/x64-windows/debug/Microsoft Visual Studio/18/Community/Common7/IDE/CommonExtensions/Microsoft/CMake/CMake/bin/gcc.com"
      - "D:/WaterSurfaceRendererScratch/vcpkg_installed/x64-windows/debug/Microsoft Visual Studio/18/Community/Common7/IDE/CommonExtensions/Microsoft/CMake/CMake/bin/gcc.exe"
      - "D:/WaterSurfaceRendererScratch/vcpkg_installed/x64-windows/debug/Microsoft Visual Studio/18/Community/Common7/IDE/CommonExtensions/Microsoft/CMake/CMake/bin/gcc"
      - "D:/WaterSurfaceRendererScratch/vcpkg_installed/x64-windows/debug/Microsoft Visual Studio/18/Community/Common7/IDE/CommonExtensions/Microsoft/CMake/CMake/bin/cl.com"
      - "D:/WaterSurfaceRendererScratch/vcpkg_installed/x64-windows/debug/Microsoft Visual Studio/18/Community/Common7/IDE/CommonExtensions/Microsoft/CMake/CMake/bin/cl.exe"
      - "D:/WaterSurfaceRendererScratch/vcpkg_installed/x64-windows/debug/Microsoft Visual Studio/18/Community/Common7/IDE/CommonExtensions/Microsoft/CMake/CMake/bin/cl"
      - "D:/WaterSurfaceRendererScratch/vcpkg_installed/x64-windows/debug/Microsoft Visual Studio/18/Community/Common7/IDE/CommonExtensions/Microsoft/CMake/CMake/bin/bcc.com"
      - "D:/WaterSurfaceRendererScratch/vcpkg_installed/x64-windows/debug/Microsoft Visual Studio/18/Community/Common7/IDE/CommonExtensions/Microsoft/CMake/CMake/bin/bcc.exe"
      - "D:/WaterSurfaceRendererScratch/vcpkg_installed/x64-windows/debug/Microsoft Visual Studio/18/Community/Common7/IDE/CommonExtensions/Microsoft/CMake/CMake/bin/bcc"
      - "D:/WaterSurfaceRendererScratch/vcpkg_installed/x64-windows/debug/Microsoft Visual Studio/18/Community/Common7/IDE/CommonExtensions/Microsoft/CMake/CMake/bin/xlc.com"
      - "D:/WaterSurfaceRendererScratch/vcpkg_installed/x64-windows/debug/Microsoft Visual Studio/18/Community/Common7/IDE/CommonExtensions/Microsoft/CMake/CMake/bin/xlc.exe"
      - "D:/WaterSurfaceRendererScratch/vcpkg_installed/x64-windows/debug/Microsoft Visual Studio/18/Community/Common7/IDE/CommonExtensions/Microsoft/CMake/CMake/bin/xlc"
      - "D:/WaterSurfaceRendererScratch/vcpkg_installed/x64-windows/debug/Microsoft Visual Studio/18/Community/Common7/IDE/CommonExtensions/Microsoft/CMake/CMake/bin/icx.com"
      - "D:/WaterSurfaceRendererScratch/vcpkg_installed/x64-windows/debug/Microsoft Visual Studio/18/Community/Common7/IDE/CommonExtensions/Microsoft/CMake/CMake/bin/icx.exe"
      - "D:/WaterSurfaceRendererScratch/vcpkg_installed/x64-windows/debug/Microsoft Visual Studio/18/Community/Common7/IDE/CommonExtensions/Microsoft/CMake/CMake/bin/icx"
      - "D:/WaterSurfaceRendererScratch/vcpkg_installed/x64-windows/debug/Microsoft Visual Studio/18/Community/Common7/IDE/CommonExtensions/Microsoft/CMake/CMake/bin/clang.com"
      - "D:/WaterSurfaceRendererScratch/vcpkg_installed/x64-windows/debug/Microsoft Visual Studio/18/Community/Common7/IDE/CommonExtensions/Microsoft/CMake/CMake/bin/clang.exe"
      - "D:/WaterSurfaceRendererScratch/vcpkg_installed/x64-windows/debug/Microsoft Visual Studio/18/Community/Common7/IDE/CommonExtensions/Microsoft/CMake/CMake/bin/clang"
      - "D:/WaterSurfaceRendererScratch/vcpkg_installed/x64-windows/debug/Microsoft Visual Studio/18/Community/Common7/IDE/CommonExtensions/Microsoft/CMake/Ninja/cc.com"
      - "D:/WaterSurfaceRendererScratch/vcpkg_installed/x64-windows/debug/Microsoft Visual Studio/18/Community/Common7/IDE/CommonExtensions/Microsoft/CMake/Ninja/cc.exe"
      - "D:/WaterSurfaceRendererScratch/vcpkg_installed/x64-windows/debug/Microsoft Visual Studio/18/Community/Common7/IDE/CommonExtensions/Microsoft/CMake/Ninja/cc"
      - "D:/WaterSurfaceRendererScratch/vcpkg_installed/x64-windows/debug/Microsoft Visual Studio/18/Community/Common7/IDE/CommonExtensions/Microsoft/CMake/Ninja/gcc.com"
      - "D:/WaterSurfaceRendererScratch/vcpkg_installed/x64-windows/debug/Microsoft Visual Studio/18/Community/Common7/IDE/CommonExtensions/Microsoft/CMake/Ninja/gcc.exe"
      - "D:/WaterSurfaceRendererScratch/vcpkg_installed/x64-windows/debug/Microsoft Visual Studio/18/Community/Common7/IDE/CommonExtensions/Microsoft/CMake/Ninja/gcc"
      - "D:/WaterSurfaceRendererScratch/vcpkg_installed/x64-windows/debug/Microsoft Visual Studio/18/Community/Common7/IDE/CommonExtensions/Microsoft/CMake/Ninja/cl.com"
      - "D:/WaterSurfaceRendererScratch/vcpkg_installed/x64-windows/debug/Microsoft Visual Studio/18/Community/Common7/IDE/CommonExtensions/Microsoft/CMake/Ninja/cl.exe"
      - "D:/WaterSurfaceRendererScratch/vcpkg_installed/x64-windows/debug/Microsoft Visual Studio/18/Community/Common7/IDE/CommonExtensions/Microsoft/CMake/Ninja/cl"
      - "D:/WaterSurfaceRendererScratch/vcpkg_installed/x64-windows/debug/Microsoft Visual Studio/18/Community/Common7/IDE/CommonExtensions/Microsoft/CMake/Ninja/bcc.com"
      - "D:/WaterSurfaceRendererScratch/vcpkg_installed/x64-windows/debug/Microsoft Visual Studio/18/Community/Common7/IDE/CommonExtensions/Microsoft/CMake/Ninja/bcc.exe"
      - "D:/WaterSurfaceRendererScratch/vcpkg_installed/x64-windows/debug/Microsoft Visual Studio/18/Community/Common7/IDE/CommonExtensions/Microsoft/CMake/Ninja/bcc"
      - "D:/WaterSurfaceRendererScratch/vcpkg_installed/x64-windows/debug/Microsoft Visual Studio/18/Community/Common7/IDE/CommonExtensions/Microsoft/CMake/Ninja/xlc.com"
      - "D:/WaterSurfaceRendererScratch/vcpkg_installed/x64-windows/debug/Microsoft Visual Studio/18/Community/Common7/IDE/CommonExtensions/Microsoft/CMake/Ninja/xlc.exe"
      - "D:/WaterSurfaceRendererScratch/vcpkg_installed/x64-windows/debug/Microsoft Visual Studio/18/Community/Common7/IDE/CommonExtensions/Microsoft/CMake/Ninja/xlc"
      - "D:/WaterSurfaceRendererScratch/vcpkg_installed/x64-windows/debug/Microsoft Visual Studio/18/Community/Common7/IDE/CommonExtensions/Microsoft/CMake/Ninja/icx.com"
      - "D:/WaterSurfaceRendererScratch/vcpkg_installed/x64-windows/debug/Microsoft Visual Studio/18/Community/Common7/IDE/CommonExtensions/Microsoft/CMake/Ninja/icx.exe"
      - "D:/WaterSurfaceRendererScratch/vcpkg_installed/x64-windows/debug/Microsoft Visual Studio/18/Community/Common7/IDE/CommonExtensions/Microsoft/CMake/Ninja/icx"
      - "D:/WaterSurfaceRendererScratch/vcpkg_installed/x64-windows/debug/Microsoft Visual Studio/18/Community/Common7/IDE/CommonExtensions/Microsoft/CMake/Ninja/clang.com"
      - "D:/WaterSurfaceRendererScratch/vcpkg_installed/x64-windows/debug/Microsoft Visual Studio/18/Community/Common7/IDE/CommonExtensions/Microsoft/CMake/Ninja/clang.exe"
      - "D:/WaterSurfaceRendererScratch/vcpkg_installed/x64-windows/debug/Microsoft Visual Studio/18/Community/Common7/IDE/CommonExtensions/Microsoft/CMake/Ninja/clang"
      - "D:/WaterSurfaceRendererScratch/vcpkg_installed/x64-windows/debug/Microsoft Visual Studio/18/Community/Common7/IDE/VC/Linux/bin/ConnectionManagerExe/cc.com"
      - "D:/WaterSurfaceRendererScratch/vcpkg_installed/x64-windows/debug/Microsoft Visual Studio/18/Community/Common7/IDE/VC/Linux/bin/ConnectionManagerExe/cc.exe"
      - "D:/WaterSurfaceRendererScratch/vcpkg_installed/x64-windows/debug/Microsoft Visual Studio/18/Community/Common7/IDE/VC/Linux/bin/ConnectionManagerExe/cc"
      - "D:/WaterSurfaceRendererScratch/vcpkg_installed/x64-windows/debug/Microsoft Visual Studio/18/Community/Common7/IDE/VC/Linux/bin/ConnectionManagerExe/gcc.com"
      - "D:/WaterSurfaceRendererScratch/vcpkg_installed/x64-windows/debug/Microsoft Visual Studio/18/Community/Common7/IDE/VC/Linux/bin/ConnectionManagerExe/gcc.exe"
      - "D:/WaterSurfaceRendererScratch/vcpkg_installed/x64-windows/debug/Microsoft Visual Studio/18/Community/Common7/IDE/VC/Linux/bin/ConnectionManagerExe/gcc"
      - "D:/WaterSurfaceRendererScratch/vcpkg_installed/x64-windows/debug/Microsoft Visual Studio/18/Community/Common7/IDE/VC/Linux/bin/ConnectionManagerExe/cl.com"
      - "D:/WaterSurfaceRendererScratch/vcpkg_installed/x64-windows/debug/Microsoft Visual Studio/18/Community/Common7/IDE/VC/Linux/bin/ConnectionManagerExe/cl.exe"
      - "D:/WaterSurfaceRendererScratch/vcpkg_installed/x64-windows/debug/Microsoft Visual Studio/18/Community/Common7/IDE/VC/Linux/bin/ConnectionManagerExe/cl"
      - "D:/WaterSurfaceRendererScratch/vcpkg_installed/x64-windows/debug/Microsoft Visual Studio/18/Community/Common7/IDE/VC/Linux/bin/ConnectionManagerExe/bcc.com"
      - "D:/WaterSurfaceRendererScratch/vcpkg_installed/x64-windows/debug/Microsoft Visual Studio/18/Community/Common7/IDE/VC/Linux/bin/ConnectionManagerExe/bcc.exe"
      - "D:/WaterSurfaceRendererScratch/vcpkg_installed/x64-windows/debug/Microsoft Visual Studio/18/Community/Common7/IDE/VC/Linux/bin/ConnectionManagerExe/bcc"
      - "D:/WaterSurfaceRendererScratch/vcpkg_installed/x64-windows/debug/Microsoft Visual Studio/18/Community/Common7/IDE/VC/Linux/bin/ConnectionManagerExe/xlc.com"
      - "D:/WaterSurfaceRendererScratch/vcpkg_installed/x64-windows/debug/Microsoft Visual Studio/18/Community/Common7/IDE/VC/Linux/bin/ConnectionManagerExe/xlc.exe"
      - "D:/WaterSurfaceRendererScratch/vcpkg_installed/x64-windows/debug/Microsoft Visual Studio/18/Community/Common7/IDE/VC/Linux/bin/ConnectionManagerExe/xlc"
      - "D:/WaterSurfaceRendererScratch/vcpkg_installed/x64-windows/debug/Microsoft Visual Studio/18/Community/Common7/IDE/VC/Linux/bin/ConnectionManagerExe/icx.com"
      - "D:/WaterSurfaceRendererScratch/vcpkg_installed/x64-windows/debug/Microsoft Visual Studio/18/Community/Common7/IDE/VC/Linux/bin/ConnectionManagerExe/icx.exe"
      - "D:/WaterSurfaceRendererScratch/vcpkg_installed/x64-windows/debug/Microsoft Visual Studio/18/Community/Common7/IDE/VC/Linux/bin/ConnectionManagerExe/icx"
      - "D:/WaterSurfaceRendererScratch/vcpkg_installed/x64-windows/debug/Microsoft Visual Studio/18/Community/Common7/IDE/VC/Linux/bin/ConnectionManagerExe/clang.com"
      - "D:/WaterSurfaceRendererScratch/vcpkg_installed/x64-windows/debug/Microsoft Visual Studio/18/Community/Common7/IDE/VC/Linux/bin/ConnectionManagerExe/clang.exe"
      - "D:/WaterSurfaceRendererScratch/vcpkg_installed/x64-windows/debug/Microsoft Visual Studio/18/Community/Common7/IDE/VC/Linux/bin/ConnectionManagerExe/clang"
      - "D:/WaterSurfaceRendererScratch/vcpkg_installed/x64-windows/debug/Microsoft Visual Studio/18/Community/VC/vcpkg/cc.com"
      - "D:/WaterSurfaceRendererScratch/vcpkg_installed/x64-windows/debug/Microsoft Visual Studio/18/Community/VC/vcpkg/cc.exe"
      - "D:/WaterSurfaceRendererScratch/vcpkg_installed/x64-windows/debug/Microsoft Visual Studio/18/Community/VC/vcpkg/cc"
      - "D:/WaterSurfaceRendererScratch/vcpkg_installed/x64-windows/debug/Microsoft Visual Studio/18/Community/VC/vcpkg/gcc.com"
      - "D:/WaterSurfaceRendererScratch/vcpkg_installed/x64-windows/debug/Microsoft Visual Studio/18/Community/VC/vcpkg/gcc.exe"
      - "D:/WaterSurfaceRendererScratch/vcpkg_installed/x64-windows/debug/Microsoft Visual Studio/18/Community/VC/vcpkg/gcc"
      - "D:/WaterSurfaceRendererScratch/vcpkg_installed/x64-windows/debug/Microsoft Visual Studio/18/Community/VC/vcpkg/cl.com"
      - "D:/WaterSurfaceRendererScratch/vcpkg_installed/x64-windows/debug/Microsoft Visual Studio/18/Community/VC/vcpkg/cl.exe"
      - "D:/WaterSurfaceRendererScratch/vcpkg_installed/x64-windows/debug/Microsoft Visual Studio/18/Community/VC/vcpkg/cl"
      - "D:/WaterSurfaceRendererScratch/vcpkg_installed/x64-windows/debug/Microsoft Visual Studio/18/Community/VC/vcpkg/bcc.com"
      - "D:/WaterSurfaceRendererScratch/vcpkg_installed/x64-windows/debug/Microsoft Visual Studio/18/Community/VC/vcpkg/bcc.exe"
      - "D:/WaterSurfaceRendererScratch/vcpkg_installed/x64-windows/debug/Microsoft Visual Studio/18/Community/VC/vcpkg/bcc"
      - "D:/WaterSurfaceRendererScratch/vcpkg_installed/x64-windows/debug/Microsoft Visual Studio/18/Community/VC/vcpkg/xlc.com"
      - "D:/WaterSurfaceRendererScratch/vcpkg_installed/x64-windows/debug/Microsoft Visual Studio/18/Community/VC/vcpkg/xlc.exe"
      - "D:/WaterSurfaceRendererScratch/vcpkg_installed/x64-windows/debug/Microsoft Visual Studio/18/Community/VC/vcpkg/xlc"
      - "D:/WaterSurfaceRendererScratch/vcpkg_installed/x64-windows/debug/Microsoft Visual Studio/18/Community/VC/vcpkg/icx.com"
      - "D:/WaterSurfaceRendererScratch/vcpkg_installed/x64-windows/debug/Microsoft Visual Studio/18/Community/VC/vcpkg/icx.exe"
      - "D:/WaterSurfaceRendererScratch/vcpkg_installed/x64-windows/debug/Microsoft Visual Studio/18/Community/VC/vcpkg/icx"
      - "D:/WaterSurfaceRendererScratch/vcpkg_installed/x64-windows/debug/Microsoft Visual Studio/18/Community/VC/vcpkg/clang.com"
      - "D:/WaterSurfaceRendererScratch/vcpkg_installed/x64-windows/debug/Microsoft Visual Studio/18/Community/VC/vcpkg/clang.exe"
      - "D:/WaterSurfaceRendererScratch/vcpkg_installed/x64-windows/debug/Microsoft Visual Studio/18/Community/VC/vcpkg/clang"
      - "D:/Microsoft Visual Studio/18/Community/VC/Tools/MSVC/14.51.36231/bin/Hostx64/x64/cc.com"
      - "D:/Microsoft Visual Studio/18/Community/VC/Tools/MSVC/14.51.36231/bin/Hostx64/x64/cc.exe"
      - "D:/Microsoft Visual Studio/18/Community/VC/Tools/MSVC/14.51.36231/bin/Hostx64/x64/cc"
      - "D:/Microsoft Visual Studio/18/Community/VC/Tools/MSVC/14.51.36231/bin/Hostx64/x64/gcc.com"
      - "D:/Microsoft Visual Studio/18/Community/VC/Tools/MSVC/14.51.36231/bin/Hostx64/x64/gcc.exe"
      - "D:/Microsoft Visual Studio/18/Community/VC/Tools/MSVC/14.51.36231/bin/Hostx64/x64/gcc"
      - "D:/Microsoft Visual Studio/18/Community/VC/Tools/MSVC/14.51.36231/bin/Hostx64/x64/cl.com"
    found: "D:/Microsoft Visual Studio/18/Community/VC/Tools/MSVC/14.51.36231/bin/Hostx64/x64/cl.exe"
    search_context:
      CMAKE_PROGRAM_PATH:
        - "D:/WaterSurfaceRendererScratch/vcpkg_installed/x64-windows/tools"
      CMAKE_PREFIX_PATH:
        - "D:/WaterSurfaceRendererScratch/vcpkg_installed/x64-windows"
        - "D:/WaterSurfaceRendererScratch/vcpkg_installed/x64-windows/debug"
      ENV{PATH}:
        - "D:\\Microsoft Visual Studio\\18\\Community\\VC\\Tools\\MSVC\\14.51.36231\\bin\\HostX64\\x64"
        - "D:\\Microsoft Visual Studio\\18\\Community\\Common7\\IDE\\VC\\VCPackages"
        - "D:\\Microsoft Visual Studio\\18\\Community\\Common7\\IDE\\CommonExtensions\\Microsoft\\TestWindow"
        - "D:\\Microsoft Visual Studio\\18\\Community\\Common7\\IDE\\CommonExtensions\\Microsoft\\TeamFoundation\\Team Explorer"
        - "D:\\Microsoft Visual Studio\\18\\Community\\MSBuild\\Current\\bin\\Roslyn"
        - "C:\\Program Files (x86)\\Microsoft SDKs\\Windows\\v10.0A\\bin\\NETFX 4.8 Tools\\x64\\"
        - "D:\\Microsoft Visual Studio\\18\\Community\\Team Tools\\DiagnosticsHub\\Collector"
        - "D:\\Microsoft Visual Studio\\18\\Community\\Common7\\IDE\\Extensions\\Microsoft\\CodeCoverage.Console"
        - "C:\\Program Files (x86)\\Windows Kits\\10\\bin\\10.0.26100.0\\\\x64"
        - "C:\\Program Files (x86)\\Windows Kits\\10\\bin\\\\x64"
        - "D:\\Microsoft Visual Studio\\18\\Community\\\\MSBuild\\Current\\Bin\\amd64"
        - "C:\\Windows\\Microsoft.NET\\Framework64\\v4.0.30319"
        - "D:\\Microsoft Visual Studio\\18\\Community\\Common7\\IDE\\"
        - "D:\\Microsoft Visual Studio\\18\\Community\\Common7\\Tools\\"
        - "C:\\Users\\xukeheng\\AppData\\Local\\vcpkg\\downloads\\tools\\powershell-core-7.5.4-windows"
        - "C:\\windows\\system32"
        - "C:\\windows"
        - "C:\\windows\\system32\\Wbem"
        - "C:\\windows\\system32\\WindowsPowerShell\\v1.0\\"
        - "C:\\windows\\system32\\OpenSSH\\"
        - "D:\\Microsoft Visual Studio\\18\\Community\\Common7\\IDE\\CommonExtensions\\Microsoft\\CMake\\CMake\\bin"
        - "D:\\Microsoft Visual Studio\\18\\Community\\Common7\\IDE\\CommonExtensions\\Microsoft\\CMake\\Ninja"
        - "D:\\Microsoft Visual Studio\\18\\Community\\Common7\\IDE\\VC\\Linux\\bin\\ConnectionManagerExe"
        - "D:\\Microsoft Visual Studio\\18\\Community\\VC\\vcpkg"
        - "D:\\Microsoft Visual Studio\\18\\Community\\Common7\\IDE\\CommonExtensions\\Microsoft\\CMake\\Ninja"
        - "D:\\Microsoft Visual Studio\\18\\Community\\Common7\\IDE\\CommonExtensions\\Microsoft\\CMake\\Ninja"
        - "D:\\Microsoft Visual Studio\\18\\Community\\Common7\\IDE\\CommonExtensions\\Microsoft\\CMake\\Ninja"
      CMAKE_INSTALL_PREFIX: "D:/WaterSurfaceRendererScratch/vcpkg_installed/vcpkg/pkgs/fftw3_x64-windows"
      CMAKE_FIND_ROOT_PATH: "D:/WaterSurfaceRendererScratch/vcpkg_installed/x64-windows;D:/WaterSurfaceRendererScratch/vcpkg_installed/x64-windows/debug"
  -
    kind: "find-v1"
    backtrace:
      - "D:/Microsoft Visual Studio/18/Community/Common7/IDE/CommonExtensions/Microsoft/CMake/CMake/share/cmake-4.3/Modules/CMakeDetermineCompilerId.cmake:468 (find_file)"
      - "D:/Microsoft Visual Studio/18/Community/Common7/IDE/CommonExtensions/Microsoft/CMake/CMake/share/cmake-4.3/Modules/CMakeDetermineCompilerId.cmake:506 (CMAKE_DETERMINE_COMPILER_ID_WRITE)"
      - "D:/Microsoft Visual Studio/18/Community/Common7/IDE/CommonExtensions/Microsoft/CMake/CMake/share/cmake-4.3/Modules/CMakeDetermineCompilerId.cmake:8 (CMAKE_DETERMINE_COMPILER_ID_BUILD)"
      - "D:/Microsoft Visual Studio/18/Community/Common7/IDE/CommonExtensions/Microsoft/CMake/CMake/share/cmake-4.3/Modules/CMakeDetermineCompilerId.cmake:64 (__determine_compiler_id_test)"
      - "D:/Microsoft Visual Studio/18/Community/Common7/IDE/CommonExtensions/Microsoft/CMake/CMake/share/cmake-4.3/Modules/CMakeDetermineCCompiler.cmake:122 (CMAKE_DETERMINE_COMPILER_ID)"
      - "CMakeLists.txt:7 (project)"
    mode: "file"
    variable: "src_in"
    description: "Path to a file."
    settings:
      SearchFramework: "LAST"
      SearchAppBundle: "LAST"
      CMAKE_FIND_USE_CMAKE_PATH: true
      CMAKE_FIND_USE_CMAKE_ENVIRONMENT_PATH: true
      CMAKE_FIND_USE_SYSTEM_ENVIRONMENT_PATH: true
      CMAKE_FIND_USE_CMAKE_SYSTEM_PATH: true
      CMAKE_FIND_USE_INSTALL_PREFIX: true
    names:
      - "CMakeCCompilerId.c.in"
    candidate_directories:
      - "D:/Microsoft Visual Studio/18/Community/Common7/IDE/CommonExtensions/Microsoft/CMake/CMake/share/cmake-4.3/Modules/"
    found: "D:/Microsoft Visual Studio/18/Community/Common7/IDE/CommonExtensions/Microsoft/CMake/CMake/share/cmake-4.3/Modules/CMakeCCompilerId.c.in"
    search_context:
      CMAKE_PREFIX_PATH:
        - "D:/WaterSurfaceRendererScratch/vcpkg_installed/x64-windows"
        - "D:/WaterSurfaceRendererScratch/vcpkg_installed/x64-windows/debug"
      ENV{PATH}:
        - "D:\\Microsoft Visual Studio\\18\\Community\\VC\\Tools\\MSVC\\14.51.36231\\bin\\HostX64\\x64"
        - "D:\\Microsoft Visual Studio\\18\\Community\\Common7\\IDE\\VC\\VCPackages"
        - "D:\\Microsoft Visual Studio\\18\\Community\\Common7\\IDE\\CommonExtensions\\Microsoft\\TestWindow"
        - "D:\\Microsoft Visual Studio\\18\\Community\\Common7\\IDE\\CommonExtensions\\Microsoft\\TeamFoundation\\Team Explorer"
        - "D:\\Microsoft Visual Studio\\18\\Community\\MSBuild\\Current\\bin\\Roslyn"
        - "C:\\Program Files (x86)\\Microsoft SDKs\\Windows\\v10.0A\\bin\\NETFX 4.8 Tools\\x64\\"
        - "D:\\Microsoft Visual Studio\\18\\Community\\Team Tools\\DiagnosticsHub\\Collector"
        - "D:\\Microsoft Visual Studio\\18\\Community\\Common7\\IDE\\Extensions\\Microsoft\\CodeCoverage.Console"
        - "C:\\Program Files (x86)\\Windows Kits\\10\\bin\\10.0.26100.0\\\\x64"
        - "C:\\Program Files (x86)\\Windows Kits\\10\\bin\\\\x64"
        - "D:\\Microsoft Visual Studio\\18\\Community\\\\MSBuild\\Current\\Bin\\amd64"
        - "C:\\Windows\\Microsoft.NET\\Framework64\\v4.0.30319"
        - "D:\\Microsoft Visual Studio\\18\\Community\\Common7\\IDE\\"
        - "D:\\Microsoft Visual Studio\\18\\Community\\Common7\\Tools\\"
        - "C:\\Users\\xukeheng\\AppData\\Local\\vcpkg\\downloads\\tools\\powershell-core-7.5.4-windows"
        - "C:\\windows\\system32"
        - "C:\\windows"
        - "C:\\windows\\system32\\Wbem"
        - "C:\\windows\\system32\\WindowsPowerShell\\v1.0\\"
        - "C:\\windows\\system32\\OpenSSH\\"
        - "D:\\Microsoft Visual Studio\\18\\Community\\Common7\\IDE\\CommonExtensions\\Microsoft\\CMake\\CMake\\bin"
        - "D:\\Microsoft Visual Studio\\18\\Community\\Common7\\IDE\\CommonExtensions\\Microsoft\\CMake\\Ninja"
        - "D:\\Microsoft Visual Studio\\18\\Community\\Common7\\IDE\\VC\\Linux\\bin\\ConnectionManagerExe"
        - "D:\\Microsoft Visual Studio\\18\\Community\\VC\\vcpkg"
        - "D:\\Microsoft Visual Studio\\18\\Community\\Common7\\IDE\\CommonExtensions\\Microsoft\\CMake\\Ninja"
        - "D:\\Microsoft Visual Studio\\18\\Community\\Common7\\IDE\\CommonExtensions\\Microsoft\\CMake\\Ninja"
        - "D:\\Microsoft Visual Studio\\18\\Community\\Common7\\IDE\\CommonExtensions\\Microsoft\\CMake\\Ninja"
      CMAKE_INSTALL_PREFIX: "D:/WaterSurfaceRendererScratch/vcpkg_installed/vcpkg/pkgs/fftw3_x64-windows"
      CMAKE_FIND_ROOT_PATH: "D:/WaterSurfaceRendererScratch/vcpkg_installed/x64-windows;D:/WaterSurfaceRendererScratch/vcpkg_installed/x64-windows/debug"
      ENV{INCLUDE}:
        - "D:\\Microsoft Visual Studio\\18\\Community\\VC\\Tools\\MSVC\\14.51.36231\\include"
        - "D:\\Microsoft Visual Studio\\18\\Community\\VC\\Tools\\MSVC\\14.51.36231\\ATLMFC\\include"
        - "D:\\Microsoft Visual Studio\\18\\Community\\VC\\Auxiliary\\VS\\include"
        - "C:\\Program Files (x86)\\Windows Kits\\10\\include\\10.0.26100.0\\ucrt"
        - "C:\\Program Files (x86)\\Windows Kits\\10\\\\include\\10.0.26100.0\\\\um"
        - "C:\\Program Files (x86)\\Windows Kits\\10\\\\include\\10.0.26100.0\\\\shared"
        - "C:\\Program Files (x86)\\Windows Kits\\10\\\\include\\10.0.26100.0\\\\winrt"
        - "C:\\Program Files (x86)\\Windows Kits\\10\\\\include\\10.0.26100.0\\\\cppwinrt"
        - "C:\\Program Files (x86)\\Windows Kits\\NETFXSDK\\4.8\\include\\um"
  -
    kind: "message-v1"
    backtrace:
      - "D:/Microsoft Visual Studio/18/Community/Common7/IDE/CommonExtensions/Microsoft/CMake/CMake/share/cmake-4.3/Modules/CMakeDetermineCompilerId.cmake:17 (message)"
      - "D:/Microsoft Visual Studio/18/Community/Common7/IDE/CommonExtensions/Microsoft/CMake/CMake/share/cmake-4.3/Modules/CMakeDetermineCompilerId.cmake:64 (__determine_compiler_id_test)"
      - "D:/Microsoft Visual Studio/18/Community/Common7/IDE/CommonExtensions/Microsoft/CMake/CMake/share/cmake-4.3/Modules/CMakeDetermineCCompiler.cmake:122 (CMAKE_DETERMINE_COMPILER_ID)"
      - "CMakeLists.txt:7 (project)"
    message: |
      Compiling the C compiler identification source file "CMakeCCompilerId.c" succeeded.
      Compiler: D:/Microsoft Visual Studio/18/Community/VC/Tools/MSVC/14.51.36231/bin/Hostx64/x64/cl.exe 
      Build flags: /nologo;/DWIN32;/D_WINDOWS;/utf-8;/MP
      Id flags:  
      
      The output was:
      0
      CMakeCCompilerId.c
      
      
      Compilation of the C compiler identification source "CMakeCCompilerId.c" produced "CMakeCCompilerId.exe"
      
      Compilation of the C compiler identification source "CMakeCCompilerId.c" produced "CMakeCCompilerId.obj"
      
      The C compiler identification is MSVC, found in:
        D:/WaterSurfaceRendererScratch/vcpkg_installed/vcpkg/blds/fftw3/x64-windows-rel/CMakeFiles/4.3.1-msvc1/CompilerIdC/CMakeCCompilerId.exe
      
  -
    kind: "message-v1"
    backtrace:
      - "D:/Microsoft Visual Studio/18/Community/Common7/IDE/CommonExtensions/Microsoft/CMake/CMake/share/cmake-4.3/Modules/CMakeDetermineCompilerId.cmake:1347 (message)"
      - "D:/Microsoft Visual Studio/18/Community/Common7/IDE/CommonExtensions/Microsoft/CMake/CMake/share/cmake-4.3/Modules/CMakeDetermineCompilerId.cmake:250 (CMAKE_DETERMINE_MSVC_SHOWINCLUDES_PREFIX)"
      - "D:/Microsoft Visual Studio/18/Community/Common7/IDE/CommonExtensions/Microsoft/CMake/CMake/share/cmake-4.3/Modules/CMakeDetermineCCompiler.cmake:122 (CMAKE_DETERMINE_COMPILER_ID)"
      - "CMakeLists.txt:7 (project)"
    message: |
      Detecting C compiler /showIncludes prefix:
        main.c
        注意: 包含文件:  D:\\WaterSurfaceRendererScratch\\vcpkg_installed\\vcpkg\\blds\\fftw3\\x64-windows-rel\\CMakeFiles\\ShowIncludes\\foo.h
        
      Found prefix "注意: 包含文件:  "
  -
    kind: "find-v1"
    backtrace:
      - "D:/Microsoft Visual Studio/18/Community/Common7/IDE/CommonExtensions/Microsoft/CMake/CMake/share/cmake-4.3/Modules/CMakeFindBinUtils.cmake:37 (find_program)"
      - "D:/Microsoft Visual Studio/18/Community/Common7/IDE/CommonExtensions/Microsoft/CMake/CMake/share/cmake-4.3/Modules/CMakeFindBinUtils.cmake:65 (__resolve_tool_path)"
      - "D:/Microsoft Visual Studio/18/Community/Common7/IDE/CommonExtensions/Microsoft/CMake/CMake/share/cmake-4.3/Modules/CMakeFindBinUtils.cmake:103 (__resolve_linker_path)"
      - "D:/Microsoft Visual Studio/18/Community/Common7/IDE/CommonExtensions/Microsoft/CMake/CMake/share/cmake-4.3/Modules/CMakeDetermineCCompiler.cmake:200 (include)"
      - "CMakeLists.txt:7 (project)"
    mode: "program"
    variable: "_CMAKE_TOOL_WITH_PATH"
    description: "Path to a program."
    settings:
      SearchFramework: "LAST"
      SearchAppBundle: "LAST"
      CMAKE_FIND_USE_CMAKE_PATH: false
      CMAKE_FIND_USE_CMAKE_ENVIRONMENT_PATH: false
      CMAKE_FIND_USE_SYSTEM_ENVIRONMENT_PATH: true
      CMAKE_FIND_USE_CMAKE_SYSTEM_PATH: true
      CMAKE_FIND_USE_INSTALL_PREFIX: true
    names:
      - "link"
    candidate_directories:
      - "D:/WaterSurfaceRendererScratch/vcpkg_installed/x64-windows/Microsoft Visual Studio/18/Community/VC/Tools/MSVC/14.51.36231/bin/Hostx64/x64/"
      - "D:/WaterSurfaceRendererScratch/vcpkg_installed/x64-windows/Microsoft Visual Studio/18/Community/Common7/IDE/VC/vcpackages/"
      - "D:/WaterSurfaceRendererScratch/vcpkg_installed/x64-windows/Microsoft Visual Studio/18/Community/Common7/IDE/CommonExtensions/Microsoft/TestWindow/"
      - "D:/WaterSurfaceRendererScratch/vcpkg_installed/x64-windows/Microsoft Visual Studio/18/Community/Common7/IDE/CommonExtensions/Microsoft/TeamFoundation/Team Explorer/"
      - "D:/WaterSurfaceRendererScratch/vcpkg_installed/x64-windows/Microsoft Visual Studio/18/Community/MSBuild/Current/Bin/Roslyn/"
      - "D:/WaterSurfaceRendererScratch/vcpkg_installed/x64-windows/Program Files (x86)/Microsoft SDKs/Windows/v10.0A/bin/NETFX 4.8 Tools/x64/"
      - "D:/WaterSurfaceRendererScratch/vcpkg_installed/x64-windows/Microsoft Visual Studio/18/Community/Team Tools/DiagnosticsHub/Collector/"
      - "D:/WaterSurfaceRendererScratch/vcpkg_installed/x64-windows/Microsoft Visual Studio/18/Community/Common7/IDE/Extensions/Microsoft/CodeCoverage.Console/"
      - "D:/WaterSurfaceRendererScratch/vcpkg_installed/x64-windows/Program Files (x86)/Windows Kits/10/bin/10.0.26100.0/x64/"
      - "D:/WaterSurfaceRendererScratch/vcpkg_installed/x64-windows/Program Files (x86)/Windows Kits/10/bin/x64/"
      - "D:/WaterSurfaceRendererScratch/vcpkg_installed/x64-windows/Microsoft Visual Studio/18/Community/MSBuild/Current/Bin/amd64/"
      - "D:/WaterSurfaceRendererScratch/vcpkg_installed/x64-windows/Windows/Microsoft.NET/Framework64/v4.0.30319/"
      - "D:/WaterSurfaceRendererScratch/vcpkg_installed/x64-windows/Microsoft Visual Studio/18/Community/Common7/IDE/"
      - "D:/WaterSurfaceRendererScratch/vcpkg_installed/x64-windows/Microsoft Visual Studio/18/Community/Common7/Tools/"
      - "D:/WaterSurfaceRendererScratch/vcpkg_installed/x64-windows/Users/xukeheng/AppData/Local/vcpkg/downloads/tools/powershell-core-7.5.4-windows/"
      - "D:/WaterSurfaceRendererScratch/vcpkg_installed/x64-windows/Windows/System32/"
      - "D:/WaterSurfaceRendererScratch/vcpkg_installed/x64-windows/Windows/"
      - "D:/WaterSurfaceRendererScratch/vcpkg_installed/x64-windows/Windows/System32/wbem/"
      - "D:/WaterSurfaceRendererScratch/vcpkg_installed/x64-windows/Windows/System32/WindowsPowerShell/v1.0/"
      - "D:/WaterSurfaceRendererScratch/vcpkg_installed/x64-windows/Windows/System32/OpenSSH/"
      - "D:/WaterSurfaceRendererScratch/vcpkg_installed/x64-windows/Microsoft Visual Studio/18/Community/Common7/IDE/CommonExtensions/Microsoft/CMake/CMake/bin/"
      - "D:/WaterSurfaceRendererScratch/vcpkg_installed/x64-windows/Microsoft Visual Studio/18/Community/Common7/IDE/CommonExtensions/Microsoft/CMake/Ninja/"
      - "D:/WaterSurfaceRendererScratch/vcpkg_installed/x64-windows/Microsoft Visual Studio/18/Community/Common7/IDE/VC/Linux/bin/ConnectionManagerExe/"
      - "D:/WaterSurfaceRendererScratch/vcpkg_installed/x64-windows/Microsoft Visual Studio/18/Community/VC/vcpkg/"
      - "D:/WaterSurfaceRendererScratch/vcpkg_installed/x64-windows/debug/Microsoft Visual Studio/18/Community/VC/Tools/MSVC/14.51.36231/bin/Hostx64/x64/"
      - "D:/WaterSurfaceRendererScratch/vcpkg_installed/x64-windows/debug/Microsoft Visual Studio/18/Community/Common7/IDE/VC/vcpackages/"
      - "D:/WaterSurfaceRendererScratch/vcpkg_installed/x64-windows/debug/Microsoft Visual Studio/18/Community/Common7/IDE/CommonExtensions/Microsoft/TestWindow/"
      - "D:/WaterSurfaceRendererScratch/vcpkg_installed/x64-windows/debug/Microsoft Visual Studio/18/Community/Common7/IDE/CommonExtensions/Microsoft/TeamFoundation/Team Explorer/"
      - "D:/WaterSurfaceRendererScratch/vcpkg_installed/x64-windows/debug/Microsoft Visual Studio/18/Community/MSBuild/Current/Bin/Roslyn/"
      - "D:/WaterSurfaceRendererScratch/vcpkg_installed/x64-windows/debug/Program Files (x86)/Microsoft SDKs/Windows/v10.0A/bin/NETFX 4.8 Tools/x64/"
      - "D:/WaterSurfaceRendererScratch/vcpkg_installed/x64-windows/debug/Microsoft Visual Studio/18/Community/Team Tools/DiagnosticsHub/Collector/"
      - "D:/WaterSurfaceRendererScratch/vcpkg_installed/x64-windows/debug/Microsoft Visual Studio/18/Community/Common7/IDE/Extensions/Microsoft/CodeCoverage.Console/"
      - "D:/WaterSurfaceRendererScratch/vcpkg_installed/x64-windows/debug/Program Files (x86)/Windows Kits/10/bin/10.0.26100.0/x64/"
      - "D:/WaterSurfaceRendererScratch/vcpkg_installed/x64-windows/debug/Program Files (x86)/Windows Kits/10/bin/x64/"
      - "D:/WaterSurfaceRendererScratch/vcpkg_installed/x64-windows/debug/Microsoft Visual Studio/18/Community/MSBuild/Current/Bin/amd64/"
      - "D:/WaterSurfaceRendererScratch/vcpkg_installed/x64-windows/debug/Windows/Microsoft.NET/Framework64/v4.0.30319/"
      - "D:/WaterSurfaceRendererScratch/vcpkg_installed/x64-windows/debug/Microsoft Visual Studio/18/Community/Common7/IDE/"
      - "D:/WaterSurfaceRendererScratch/vcpkg_installed/x64-windows/debug/Microsoft Visual Studio/18/Community/Common7/Tools/"
      - "D:/WaterSurfaceRendererScratch/vcpkg_installed/x64-windows/debug/Users/xukeheng/AppData/Local/vcpkg/downloads/tools/powershell-core-7.5.4-windows/"
      - "D:/WaterSurfaceRendererScratch/vcpkg_installed/x64-windows/debug/Windows/System32/"
      - "D:/WaterSurfaceRendererScratch/vcpkg_installed/x64-windows/debug/Windows/"
      - "D:/WaterSurfaceRendererScratch/vcpkg_installed/x64-windows/debug/Windows/System32/wbem/"
      - "D:/WaterSurfaceRendererScratch/vcpkg_installed/x64-windows/debug/Windows/System32/WindowsPowerShell/v1.0/"
      - "D:/WaterSurfaceRendererScratch/vcpkg_installed/x64-windows/debug/Windows/System32/OpenSSH/"
      - "D:/WaterSurfaceRendererScratch/vcpkg_installed/x64-windows/debug/Microsoft Visual Studio/18/Community/Common7/IDE/CommonExtensions/Microsoft/CMake/CMake/bin/"
      - "D:/WaterSurfaceRendererScratch/vcpkg_installed/x64-windows/debug/Microsoft Visual Studio/18/Community/Common7/IDE/CommonExtensions/Microsoft/CMake/Ninja/"
      - "D:/WaterSurfaceRendererScratch/vcpkg_installed/x64-windows/debug/Microsoft Visual Studio/18/Community/Common7/IDE/VC/Linux/bin/ConnectionManagerExe/"
      - "D:/WaterSurfaceRendererScratch/vcpkg_installed/x64-windows/debug/Microsoft Visual Studio/18/Community/VC/vcpkg/"
      - "D:/Microsoft Visual Studio/18/Community/VC/Tools/MSVC/14.51.36231/bin/Hostx64/x64/"
      - "D:/Microsoft Visual Studio/18/Community/Common7/IDE/VC/vcpackages/"
      - "D:/Microsoft Visual Studio/18/Community/Common7/IDE/CommonExtensions/Microsoft/TestWindow/"
      - "D:/Microsoft Visual Studio/18/Community/Common7/IDE/CommonExtensions/Microsoft/TeamFoundation/Team Explorer/"
      - "D:/Microsoft Visual Studio/18/Community/MSBuild/Current/Bin/Roslyn/"
      - "C:/Program Files (x86)/Microsoft SDKs/Windows/v10.0A/bin/NETFX 4.8 Tools/x64/"
      - "D:/Microsoft Visual Studio/18/Community/Team Tools/DiagnosticsHub/Collector/"
      - "D:/Microsoft Visual Studio/18/Community/Common7/IDE/Extensions/Microsoft/CodeCoverage.Console/"
      - "C:/Program Files (x86)/Windows Kits/10/bin/10.0.26100.0/x64/"
      - "C:/Program Files (x86)/Windows Kits/10/bin/x64/"
      - "D:/Microsoft Visual Studio/18/Community/MSBuild/Current/Bin/amd64/"
      - "C:/Windows/Microsoft.NET/Framework64/v4.0.30319/"
      - "D:/Microsoft Visual Studio/18/Community/Common7/IDE/"
      - "D:/Microsoft Visual Studio/18/Community/Common7/Tools/"
      - "C:/Users/xukeheng/AppData/Local/vcpkg/downloads/tools/powershell-core-7.5.4-windows/"
      - "C:/Windows/System32/"
      - "C:/Windows/"
      - "C:/Windows/System32/wbem/"
      - "C:/Windows/System32/WindowsPowerShell/v1.0/"
      - "C:/Windows/System32/OpenSSH/"
      - "D:/Microsoft Visual Studio/18/Community/Common7/IDE/CommonExtensions/Microsoft/CMake/CMake/bin/"
      - "D:/Microsoft Visual Studio/18/Community/Common7/IDE/CommonExtensions/Microsoft/CMake/Ninja/"
      - "D:/Microsoft Visual Studio/18/Community/Common7/IDE/VC/Linux/bin/ConnectionManagerExe/"
      - "D:/Microsoft Visual Studio/18/Community/VC/vcpkg/"
    searched_directories:
      - "D:/WaterSurfaceRendererScratch/vcpkg_installed/x64-windows/Microsoft Visual Studio/18/Community/VC/Tools/MSVC/14.51.36231/bin/Hostx64/x64/link.com"
      - "D:/WaterSurfaceRendererScratch/vcpkg_installed/x64-windows/Microsoft Visual Studio/18/Community/VC/Tools/MSVC/14.51.36231/bin/Hostx64/x64/link.exe"
      - "D:/WaterSurfaceRendererScratch/vcpkg_installed/x64-windows/Microsoft Visual Studio/18/Community/VC/Tools/MSVC/14.51.36231/bin/Hostx64/x64/link"
      - "D:/WaterSurfaceRendererScratch/vcpkg_installed/x64-windows/Microsoft Visual Studio/18/Community/Common7/IDE/VC/vcpackages/link.com"
      - "D:/WaterSurfaceRendererScratch/vcpkg_installed/x64-windows/Microsoft Visual Studio/18/Community/Common7/IDE/VC/vcpackages/link.exe"
      - "D:/WaterSurfaceRendererScratch/vcpkg_installed/x64-windows/Microsoft Visual Studio/18/Community/Common7/IDE/VC/vcpackages/link"
      - "D:/WaterSurfaceRendererScratch/vcpkg_installed/x64-windows/Microsoft Visual Studio/18/Community/Common7/IDE/CommonExtensions/Microsoft/TestWindow/link.com"
      - "D:/WaterSurfaceRendererScratch/vcpkg_installed/x64-windows/Microsoft Visual Studio/18/Community/Common7/IDE/CommonExtensions/Microsoft/TestWindow/link.exe"
      - "D:/WaterSurfaceRendererScratch/vcpkg_installed/x64-windows/Microsoft Visual Studio/18/Community/Common7/IDE/CommonExtensions/Microsoft/TestWindow/link"
      - "D:/WaterSurfaceRendererScratch/vcpkg_installed/x64-windows/Microsoft Visual Studio/18/Community/Common7/IDE/CommonExtensions/Microsoft/TeamFoundation/Team Explorer/link.com"
      - "D:/WaterSurfaceRendererScratch/vcpkg_installed/x64-windows/Microsoft Visual Studio/18/Community/Common7/IDE/CommonExtensions/Microsoft/TeamFoundation/Team Explorer/link.exe"
      - "D:/WaterSurfaceRendererScratch/vcpkg_installed/x64-windows/Microsoft Visual Studio/18/Community/Common7/IDE/CommonExtensions/Microsoft/TeamFoundation/Team Explorer/link"
      - "D:/WaterSurfaceRendererScratch/vcpkg_installed/x64-windows/Microsoft Visual Studio/18/Community/MSBuild/Current/Bin/Roslyn/link.com"
      - "D:/WaterSurfaceRendererScratch/vcpkg_installed/x64-windows/Microsoft Visual Studio/18/Community/MSBuild/Current/Bin/Roslyn/link.exe"
      - "D:/WaterSurfaceRendererScratch/vcpkg_installed/x64-windows/Microsoft Visual Studio/18/Community/MSBuild/Current/Bin/Roslyn/link"
      - "D:/WaterSurfaceRendererScratch/vcpkg_installed/x64-windows/Program Files (x86)/Microsoft SDKs/Windows/v10.0A/bin/NETFX 4.8 Tools/x64/link.com"
      - "D:/WaterSurfaceRendererScratch/vcpkg_installed/x64-windows/Program Files (x86)/Microsoft SDKs/Windows/v10.0A/bin/NETFX 4.8 Tools/x64/link.exe"
      - "D:/WaterSurfaceRendererScratch/vcpkg_installed/x64-windows/Program Files (x86)/Microsoft SDKs/Windows/v10.0A/bin/NETFX 4.8 Tools/x64/link"
      - "D:/WaterSurfaceRendererScratch/vcpkg_installed/x64-windows/Microsoft Visual Studio/18/Community/Team Tools/DiagnosticsHub/Collector/link.com"
      - "D:/WaterSurfaceRendererScratch/vcpkg_installed/x64-windows/Microsoft Visual Studio/18/Community/Team Tools/DiagnosticsHub/Collector/link.exe"
      - "D:/WaterSurfaceRendererScratch/vcpkg_installed/x64-windows/Microsoft Visual Studio/18/Community/Team Tools/DiagnosticsHub/Collector/link"
      - "D:/WaterSurfaceRendererScratch/vcpkg_installed/x64-windows/Microsoft Visual Studio/18/Community/Common7/IDE/Extensions/Microsoft/CodeCoverage.Console/link.com"
      - "D:/WaterSurfaceRendererScratch/vcpkg_installed/x64-windows/Microsoft Visual Studio/18/Community/Common7/IDE/Extensions/Microsoft/CodeCoverage.Console/link.exe"
      - "D:/WaterSurfaceRendererScratch/vcpkg_installed/x64-windows/Microsoft Visual Studio/18/Community/Common7/IDE/Extensions/Microsoft/CodeCoverage.Console/link"
      - "D:/WaterSurfaceRendererScratch/vcpkg_installed/x64-windows/Program Files (x86)/Windows Kits/10/bin/10.0.26100.0/x64/link.com"
      - "D:/WaterSurfaceRendererScratch/vcpkg_installed/x64-windows/Program Files (x86)/Windows Kits/10/bin/10.0.26100.0/x64/link.exe"
      - "D:/WaterSurfaceRendererScratch/vcpkg_installed/x64-windows/Program Files (x86)/Windows Kits/10/bin/10.0.26100.0/x64/link"
      - "D:/WaterSurfaceRendererScratch/vcpkg_installed/x64-windows/Program Files (x86)/Windows Kits/10/bin/x64/link.com"
      - "D:/WaterSurfaceRendererScratch/vcpkg_installed/x64-windows/Program Files (x86)/Windows Kits/10/bin/x64/link.exe"
      - "D:/WaterSurfaceRendererScratch/vcpkg_installed/x64-windows/Program Files (x86)/Windows Kits/10/bin/x64/link"
      - "D:/WaterSurfaceRendererScratch/vcpkg_installed/x64-windows/Microsoft Visual Studio/18/Community/MSBuild/Current/Bin/amd64/link.com"
      - "D:/WaterSurfaceRendererScratch/vcpkg_installed/x64-windows/Microsoft Visual Studio/18/Community/MSBuild/Current/Bin/amd64/link.exe"
      - "D:/WaterSurfaceRendererScratch/vcpkg_installed/x64-windows/Microsoft Visual Studio/18/Community/MSBuild/Current/Bin/amd64/link"
      - "D:/WaterSurfaceRendererScratch/vcpkg_installed/x64-windows/Windows/Microsoft.NET/Framework64/v4.0.30319/link.com"
      - "D:/WaterSurfaceRendererScratch/vcpkg_installed/x64-windows/Windows/Microsoft.NET/Framework64/v4.0.30319/link.exe"
      - "D:/WaterSurfaceRendererScratch/vcpkg_installed/x64-windows/Windows/Microsoft.NET/Framework64/v4.0.30319/link"
      - "D:/WaterSurfaceRendererScratch/vcpkg_installed/x64-windows/Microsoft Visual Studio/18/Community/Common7/IDE/link.com"
      - "D:/WaterSurfaceRendererScratch/vcpkg_installed/x64-windows/Microsoft Visual Studio/18/Community/Common7/IDE/link.exe"
      - "D:/WaterSurfaceRendererScratch/vcpkg_installed/x64-windows/Microsoft Visual Studio/18/Community/Common7/IDE/link"
      - "D:/WaterSurfaceRendererScratch/vcpkg_installed/x64-windows/Microsoft Visual Studio/18/Community/Common7/Tools/link.com"
      - "D:/WaterSurfaceRendererScratch/vcpkg_installed/x64-windows/Microsoft Visual Studio/18/Community/Common7/Tools/link.exe"
      - "D:/WaterSurfaceRendererScratch/vcpkg_installed/x64-windows/Microsoft Visual Studio/18/Community/Common7/Tools/link"
      - "D:/WaterSurfaceRendererScratch/vcpkg_installed/x64-windows/Users/xukeheng/AppData/Local/vcpkg/downloads/tools/powershell-core-7.5.4-windows/link.com"
      - "D:/WaterSurfaceRendererScratch/vcpkg_installed/x64-windows/Users/xukeheng/AppData/Local/vcpkg/downloads/tools/powershell-core-7.5.4-windows/link.exe"
      - "D:/WaterSurfaceRendererScratch/vcpkg_installed/x64-windows/Users/xukeheng/AppData/Local/vcpkg/downloads/tools/powershell-core-7.5.4-windows/link"
      - "D:/WaterSurfaceRendererScratch/vcpkg_installed/x64-windows/Windows/System32/link.com"
      - "D:/WaterSurfaceRendererScratch/vcpkg_installed/x64-windows/Windows/System32/link.exe"
      - "D:/WaterSurfaceRendererScratch/vcpkg_installed/x64-windows/Windows/System32/link"
      - "D:/WaterSurfaceRendererScratch/vcpkg_installed/x64-windows/Windows/link.com"
      - "D:/WaterSurfaceRendererScratch/vcpkg_installed/x64-windows/Windows/link.exe"
      - "D:/WaterSurfaceRendererScratch/vcpkg_installed/x64-windows/Windows/link"
      - "D:/WaterSurfaceRendererScratch/vcpkg_installed/x64-windows/Windows/System32/wbem/link.com"
      - "D:/WaterSurfaceRendererScratch/vcpkg_installed/x64-windows/Windows/System32/wbem/link.exe"
      - "D:/WaterSurfaceRendererScratch/vcpkg_installed/x64-windows/Windows/System32/wbem/link"
      - "D:/WaterSurfaceRendererScratch/vcpkg_installed/x64-windows/Windows/System32/WindowsPowerShell/v1.0/link.com"
      - "D:/WaterSurfaceRendererScratch/vcpkg_installed/x64-windows/Windows/System32/WindowsPowerShell/v1.0/link.exe"
      - "D:/WaterSurfaceRendererScratch/vcpkg_installed/x64-windows/Windows/System32/WindowsPowerShell/v1.0/link"
      - "D:/WaterSurfaceRendererScratch/vcpkg_installed/x64-windows/Windows/System32/OpenSSH/link.com"
      - "D:/WaterSurfaceRendererScratch/vcpkg_installed/x64-windows/Windows/System32/OpenSSH/link.exe"
      - "D:/WaterSurfaceRendererScratch/vcpkg_installed/x64-windows/Windows/System32/OpenSSH/link"
      - "D:/WaterSurfaceRendererScratch/vcpkg_installed/x64-windows/Microsoft Visual Studio/18/Community/Common7/IDE/CommonExtensions/Microsoft/CMake/CMake/bin/link.com"
      - "D:/WaterSurfaceRendererScratch/vcpkg_installed/x64-windows/Microsoft Visual Studio/18/Community/Common7/IDE/CommonExtensions/Microsoft/CMake/CMake/bin/link.exe"
      - "D:/WaterSurfaceRendererScratch/vcpkg_installed/x64-windows/Microsoft Visual Studio/18/Community/Common7/IDE/CommonExtensions/Microsoft/CMake/CMake/bin/link"
      - "D:/WaterSurfaceRendererScratch/vcpkg_installed/x64-windows/Microsoft Visual Studio/18/Community/Common7/IDE/CommonExtensions/Microsoft/CMake/Ninja/link.com"
      - "D:/WaterSurfaceRendererScratch/vcpkg_installed/x64-windows/Microsoft Visual Studio/18/Community/Common7/IDE/CommonExtensions/Microsoft/CMake/Ninja/link.exe"
      - "D:/WaterSurfaceRendererScratch/vcpkg_installed/x64-windows/Microsoft Visual Studio/18/Community/Common7/IDE/CommonExtensions/Microsoft/CMake/Ninja/link"
      - "D:/WaterSurfaceRendererScratch/vcpkg_installed/x64-windows/Microsoft Visual Studio/18/Community/Common7/IDE/VC/Linux/bin/ConnectionManagerExe/link.com"
      - "D:/WaterSurfaceRendererScratch/vcpkg_installed/x64-windows/Microsoft Visual Studio/18/Community/Common7/IDE/VC/Linux/bin/ConnectionManagerExe/link.exe"
      - "D:/WaterSurfaceRendererScratch/vcpkg_installed/x64-windows/Microsoft Visual Studio/18/Community/Common7/IDE/VC/Linux/bin/ConnectionManagerExe/link"
      - "D:/WaterSurfaceRendererScratch/vcpkg_installed/x64-windows/Microsoft Visual Studio/18/Community/VC/vcpkg/link.com"
      - "D:/WaterSurfaceRendererScratch/vcpkg_installed/x64-windows/Microsoft Visual Studio/18/Community/VC/vcpkg/link.exe"
      - "D:/WaterSurfaceRendererScratch/vcpkg_installed/x64-windows/Microsoft Visual Studio/18/Community/VC/vcpkg/link"
      - "D:/WaterSurfaceRendererScratch/vcpkg_installed/x64-windows/debug/Microsoft Visual Studio/18/Community/VC/Tools/MSVC/14.51.36231/bin/Hostx64/x64/link.com"
      - "D:/WaterSurfaceRendererScratch/vcpkg_installed/x64-windows/debug/Microsoft Visual Studio/18/Community/VC/Tools/MSVC/14.51.36231/bin/Hostx64/x64/link.exe"
      - "D:/WaterSurfaceRendererScratch/vcpkg_installed/x64-windows/debug/Microsoft Visual Studio/18/Community/VC/Tools/MSVC/14.51.36231/bin/Hostx64/x64/link"
      - "D:/WaterSurfaceRendererScratch/vcpkg_installed/x64-windows/debug/Microsoft Visual Studio/18/Community/Common7/IDE/VC/vcpackages/link.com"
      - "D:/WaterSurfaceRendererScratch/vcpkg_installed/x64-windows/debug/Microsoft Visual Studio/18/Community/Common7/IDE/VC/vcpackages/link.exe"
      - "D:/WaterSurfaceRendererScratch/vcpkg_installed/x64-windows/debug/Microsoft Visual Studio/18/Community/Common7/IDE/VC/vcpackages/link"
      - "D:/WaterSurfaceRendererScratch/vcpkg_installed/x64-windows/debug/Microsoft Visual Studio/18/Community/Common7/IDE/CommonExtensions/Microsoft/TestWindow/link.com"
      - "D:/WaterSurfaceRendererScratch/vcpkg_installed/x64-windows/debug/Microsoft Visual Studio/18/Community/Common7/IDE/CommonExtensions/Microsoft/TestWindow/link.exe"
      - "D:/WaterSurfaceRendererScratch/vcpkg_installed/x64-windows/debug/Microsoft Visual Studio/18/Community/Common7/IDE/CommonExtensions/Microsoft/TestWindow/link"
      - "D:/WaterSurfaceRendererScratch/vcpkg_installed/x64-windows/debug/Microsoft Visual Studio/18/Community/Common7/IDE/CommonExtensions/Microsoft/TeamFoundation/Team Explorer/link.com"
      - "D:/WaterSurfaceRendererScratch/vcpkg_installed/x64-windows/debug/Microsoft Visual Studio/18/Community/Common7/IDE/CommonExtensions/Microsoft/TeamFoundation/Team Explorer/link.exe"
      - "D:/WaterSurfaceRendererScratch/vcpkg_installed/x64-windows/debug/Microsoft Visual Studio/18/Community/Common7/IDE/CommonExtensions/Microsoft/TeamFoundation/Team Explorer/link"
      - "D:/WaterSurfaceRendererScratch/vcpkg_installed/x64-windows/debug/Microsoft Visual Studio/18/Community/MSBuild/Current/Bin/Roslyn/link.com"
      - "D:/WaterSurfaceRendererScratch/vcpkg_installed/x64-windows/debug/Microsoft Visual Studio/18/Community/MSBuild/Current/Bin/Roslyn/link.exe"
      - "D:/WaterSurfaceRendererScratch/vcpkg_installed/x64-windows/debug/Microsoft Visual Studio/18/Community/MSBuild/Current/Bin/Roslyn/link"
      - "D:/WaterSurfaceRendererScratch/vcpkg_installed/x64-windows/debug/Program Files (x86)/Microsoft SDKs/Windows/v10.0A/bin/NETFX 4.8 Tools/x64/link.com"
      - "D:/WaterSurfaceRendererScratch/vcpkg_installed/x64-windows/debug/Program Files (x86)/Microsoft SDKs/Windows/v10.0A/bin/NETFX 4.8 Tools/x64/link.exe"
      - "D:/WaterSurfaceRendererScratch/vcpkg_installed/x64-windows/debug/Program Files (x86)/Microsoft SDKs/Windows/v10.0A/bin/NETFX 4.8 Tools/x64/link"
      - "D:/WaterSurfaceRendererScratch/vcpkg_installed/x64-windows/debug/Microsoft Visual Studio/18/Community/Team Tools/DiagnosticsHub/Collector/link.com"
      - "D:/WaterSurfaceRendererScratch/vcpkg_installed/x64-windows/debug/Microsoft Visual Studio/18/Community/Team Tools/DiagnosticsHub/Collector/link.exe"
      - "D:/WaterSurfaceRendererScratch/vcpkg_installed/x64-windows/debug/Microsoft Visual Studio/18/Community/Team Tools/DiagnosticsHub/Collector/link"
      - "D:/WaterSurfaceRendererScratch/vcpkg_installed/x64-windows/debug/Microsoft Visual Studio/18/Community/Common7/IDE/Extensions/Microsoft/CodeCoverage.Console/link.com"
      - "D:/WaterSurfaceRendererScratch/vcpkg_installed/x64-windows/debug/Microsoft Visual Studio/18/Community/Common7/IDE/Extensions/Microsoft/CodeCoverage.Console/link.exe"
      - "D:/WaterSurfaceRendererScratch/vcpkg_installed/x64-windows/debug/Microsoft Visual Studio/18/Community/Common7/IDE/Extensions/Microsoft/CodeCoverage.Console/link"
      - "D:/WaterSurfaceRendererScratch/vcpkg_installed/x64-windows/debug/Program Files (x86)/Windows Kits/10/bin/10.0.26100.0/x64/link.com"
      - "D:/WaterSurfaceRendererScratch/vcpkg_installed/x64-windows/debug/Program Files (x86)/Windows Kits/10/bin/10.0.26100.0/x64/link.exe"
      - "D:/WaterSurfaceRendererScratch/vcpkg_installed/x64-windows/debug/Program Files (x86)/Windows Kits/10/bin/10.0.26100.0/x64/link"
      - "D:/WaterSurfaceRendererScratch/vcpkg_installed/x64-windows/debug/Program Files (x86)/Windows Kits/10/bin/x64/link.com"
      - "D:/WaterSurfaceRendererScratch/vcpkg_installed/x64-windows/debug/Program Files (x86)/Windows Kits/10/bin/x64/link.exe"
      - "D:/WaterSurfaceRendererScratch/vcpkg_installed/x64-windows/debug/Program Files (x86)/Windows Kits/10/bin/x64/link"
      - "D:/WaterSurfaceRendererScratch/vcpkg_installed/x64-windows/debug/Microsoft Visual Studio/18/Community/MSBuild/Current/Bin/amd64/link.com"
      - "D:/WaterSurfaceRendererScratch/vcpkg_installed/x64-windows/debug/Microsoft Visual Studio/18/Community/MSBuild/Current/Bin/amd64/link.exe"
      - "D:/WaterSurfaceRendererScratch/vcpkg_installed/x64-windows/debug/Microsoft Visual Studio/18/Community/MSBuild/Current/Bin/amd64/link"
      - "D:/WaterSurfaceRendererScratch/vcpkg_installed/x64-windows/debug/Windows/Microsoft.NET/Framework64/v4.0.30319/link.com"
      - "D:/WaterSurfaceRendererScratch/vcpkg_installed/x64-windows/debug/Windows/Microsoft.NET/Framework64/v4.0.30319/link.exe"
      - "D:/WaterSurfaceRendererScratch/vcpkg_installed/x64-windows/debug/Windows/Microsoft.NET/Framework64/v4.0.30319/link"
      - "D:/WaterSurfaceRendererScratch/vcpkg_installed/x64-windows/debug/Microsoft Visual Studio/18/Community/Common7/IDE/link.com"
      - "D:/WaterSurfaceRendererScratch/vcpkg_installed/x64-windows/debug/Microsoft Visual Studio/18/Community/Common7/IDE/link.exe"
      - "D:/WaterSurfaceRendererScratch/vcpkg_installed/x64-windows/debug/Microsoft Visual Studio/18/Community/Common7/IDE/link"
      - "D:/WaterSurfaceRendererScratch/vcpkg_installed/x64-windows/debug/Microsoft Visual Studio/18/Community/Common7/Tools/link.com"
      - "D:/WaterSurfaceRendererScratch/vcpkg_installed/x64-windows/debug/Microsoft Visual Studio/18/Community/Common7/Tools/link.exe"
      - "D:/WaterSurfaceRendererScratch/vcpkg_installed/x64-windows/debug/Microsoft Visual Studio/18/Community/Common7/Tools/link"
      - "D:/WaterSurfaceRendererScratch/vcpkg_installed/x64-windows/debug/Users/xukeheng/AppData/Local/vcpkg/downloads/tools/powershell-core-7.5.4-windows/link.com"
      - "D:/WaterSurfaceRendererScratch/vcpkg_installed/x64-windows/debug/Users/xukeheng/AppData/Local/vcpkg/downloads/tools/powershell-core-7.5.4-windows/link.exe"
      - "D:/WaterSurfaceRendererScratch/vcpkg_installed/x64-windows/debug/Users/xukeheng/AppData/Local/vcpkg/downloads/tools/powershell-core-7.5.4-windows/link"
      - "D:/WaterSurfaceRendererScratch/vcpkg_installed/x64-windows/debug/Windows/System32/link.com"
      - "D:/WaterSurfaceRendererScratch/vcpkg_installed/x64-windows/debug/Windows/System32/link.exe"
      - "D:/WaterSurfaceRendererScratch/vcpkg_installed/x64-windows/debug/Windows/System32/link"
      - "D:/WaterSurfaceRendererScratch/vcpkg_installed/x64-windows/debug/Windows/link.com"
      - "D:/WaterSurfaceRendererScratch/vcpkg_installed/x64-windows/debug/Windows/link.exe"
      - "D:/WaterSurfaceRendererScratch/vcpkg_installed/x64-windows/debug/Windows/link"
      - "D:/WaterSurfaceRendererScratch/vcpkg_installed/x64-windows/debug/Windows/System32/wbem/link.com"
      - "D:/WaterSurfaceRendererScratch/vcpkg_installed/x64-windows/debug/Windows/System32/wbem/link.exe"
      - "D:/WaterSurfaceRendererScratch/vcpkg_installed/x64-windows/debug/Windows/System32/wbem/link"
      - "D:/WaterSurfaceRendererScratch/vcpkg_installed/x64-windows/debug/Windows/System32/WindowsPowerShell/v1.0/link.com"
      - "D:/WaterSurfaceRendererScratch/vcpkg_installed/x64-windows/debug/Windows/System32/WindowsPowerShell/v1.0/link.exe"
      - "D:/WaterSurfaceRendererScratch/vcpkg_installed/x64-windows/debug/Windows/System32/WindowsPowerShell/v1.0/link"
      - "D:/WaterSurfaceRendererScratch/vcpkg_installed/x64-windows/debug/Windows/System32/OpenSSH/link.com"
      - "D:/WaterSurfaceRendererScratch/vcpkg_installed/x64-windows/debug/Windows/System32/OpenSSH/link.exe"
      - "D:/WaterSurfaceRendererScratch/vcpkg_installed/x64-windows/debug/Windows/System32/OpenSSH/link"
      - "D:/WaterSurfaceRendererScratch/vcpkg_installed/x64-windows/debug/Microsoft Visual Studio/18/Community/Common7/IDE/CommonExtensions/Microsoft/CMake/CMake/bin/link.com"
      - "D:/WaterSurfaceRendererScratch/vcpkg_installed/x64-windows/debug/Microsoft Visual Studio/18/Community/Common7/IDE/CommonExtensions/Microsoft/CMake/CMake/bin/link.exe"
      - "D:/WaterSurfaceRendererScratch/vcpkg_installed/x64-windows/debug/Microsoft Visual Studio/18/Community/Common7/IDE/CommonExtensions/Microsoft/CMake/CMake/bin/link"
      - "D:/WaterSurfaceRendererScratch/vcpkg_installed/x64-windows/debug/Microsoft Visual Studio/18/Community/Common7/IDE/CommonExtensions/Microsoft/CMake/Ninja/link.com"
      - "D:/WaterSurfaceRendererScratch/vcpkg_installed/x64-windows/debug/Microsoft Visual Studio/18/Community/Common7/IDE/CommonExtensions/Microsoft/CMake/Ninja/link.exe"
      - "D:/WaterSurfaceRendererScratch/vcpkg_installed/x64-windows/debug/Microsoft Visual Studio/18/Community/Common7/IDE/CommonExtensions/Microsoft/CMake/Ninja/link"
      - "D:/WaterSurfaceRendererScratch/vcpkg_installed/x64-windows/debug/Microsoft Visual Studio/18/Community/Common7/IDE/VC/Linux/bin/ConnectionManagerExe/link.com"
      - "D:/WaterSurfaceRendererScratch/vcpkg_installed/x64-windows/debug/Microsoft Visual Studio/18/Community/Common7/IDE/VC/Linux/bin/ConnectionManagerExe/link.exe"
      - "D:/WaterSurfaceRendererScratch/vcpkg_installed/x64-windows/debug/Microsoft Visual Studio/18/Community/Common7/IDE/VC/Linux/bin/ConnectionManagerExe/link"
      - "D:/WaterSurfaceRendererScratch/vcpkg_installed/x64-windows/debug/Microsoft Visual Studio/18/Community/VC/vcpkg/link.com"
      - "D:/WaterSurfaceRendererScratch/vcpkg_installed/x64-windows/debug/Microsoft Visual Studio/18/Community/VC/vcpkg/link.exe"
      - "D:/WaterSurfaceRendererScratch/vcpkg_installed/x64-windows/debug/Microsoft Visual Studio/18/Community/VC/vcpkg/link"
      - "D:/Microsoft Visual Studio/18/Community/VC/Tools/MSVC/14.51.36231/bin/Hostx64/x64/link.com"
    found: "D:/Microsoft Visual Studio/18/Community/VC/Tools/MSVC/14.51.36231/bin/Hostx64/x64/link.exe"
    search_context:
      CMAKE_PROGRAM_PATH:
        - "D:/WaterSurfaceRendererScratch/vcpkg_installed/x64-windows/tools"
      CMAKE_PREFIX_PATH:
        - "D:/WaterSurfaceRendererScratch/vcpkg_installed/x64-windows"
        - "D:/WaterSurfaceRendererScratch/vcpkg_installed/x64-windows/debug"
      ENV{PATH}:
        - "D:\\Microsoft Visual Studio\\18\\Community\\VC\\Tools\\MSVC\\14.51.36231\\bin\\HostX64\\x64"
        - "D:\\Microsoft Visual Studio\\18\\Community\\Common7\\IDE\\VC\\VCPackages"
        - "D:\\Microsoft Visual Studio\\18\\Community\\Common7\\IDE\\CommonExtensions\\Microsoft\\TestWindow"
        - "D:\\Microsoft Visual Studio\\18\\Community\\Common7\\IDE\\CommonExtensions\\Microsoft\\TeamFoundation\\Team Explorer"
        - "D:\\Microsoft Visual Studio\\18\\Community\\MSBuild\\Current\\bin\\Roslyn"
        - "C:\\Program Files (x86)\\Microsoft SDKs\\Windows\\v10.0A\\bin\\NETFX 4.8 Tools\\x64\\"
        - "D:\\Microsoft Visual Studio\\18\\Community\\Team Tools\\DiagnosticsHub\\Collector"
        - "D:\\Microsoft Visual Studio\\18\\Community\\Common7\\IDE\\Extensions\\Microsoft\\CodeCoverage.Console"
        - "C:\\Program Files (x86)\\Windows Kits\\10\\bin\\10.0.26100.0\\\\x64"
        - "C:\\Program Files (x86)\\Windows Kits\\10\\bin\\\\x64"
        - "D:\\Microsoft Visual Studio\\18\\Community\\\\MSBuild\\Current\\Bin\\amd64"
        - "C:\\Windows\\Microsoft.NET\\Framework64\\v4.0.30319"
        - "D:\\Microsoft Visual Studio\\18\\Community\\Common7\\IDE\\"
        - "D:\\Microsoft Visual Studio\\18\\Community\\Common7\\Tools\\"
        - "C:\\Users\\xukeheng\\AppData\\Local\\vcpkg\\downloads\\tools\\powershell-core-7.5.4-windows"
        - "C:\\windows\\system32"
        - "C:\\windows"
        - "C:\\windows\\system32\\Wbem"
        - "C:\\windows\\system32\\WindowsPowerShell\\v1.0\\"
        - "C:\\windows\\system32\\OpenSSH\\"
        - "D:\\Microsoft Visual Studio\\18\\Community\\Common7\\IDE\\CommonExtensions\\Microsoft\\CMake\\CMake\\bin"
        - "D:\\Microsoft Visual Studio\\18\\Community\\Common7\\IDE\\CommonExtensions\\Microsoft\\CMake\\Ninja"
        - "D:\\Microsoft Visual Studio\\18\\Community\\Common7\\IDE\\VC\\Linux\\bin\\ConnectionManagerExe"
        - "D:\\Microsoft Visual Studio\\18\\Community\\VC\\vcpkg"
        - "D:\\Microsoft Visual Studio\\18\\Community\\Common7\\IDE\\CommonExtensions\\Microsoft\\CMake\\Ninja"
        - "D:\\Microsoft Visual Studio\\18\\Community\\Common7\\IDE\\CommonExtensions\\Microsoft\\CMake\\Ninja"
        - "D:\\Microsoft Visual Studio\\18\\Community\\Common7\\IDE\\CommonExtensions\\Microsoft\\CMake\\Ninja"
      CMAKE_INSTALL_PREFIX: "D:/WaterSurfaceRendererScratch/vcpkg_installed/vcpkg/pkgs/fftw3_x64-windows"
      CMAKE_FIND_ROOT_PATH: "D:/WaterSurfaceRendererScratch/vcpkg_installed/x64-windows;D:/WaterSurfaceRendererScratch/vcpkg_installed/x64-windows/debug"
  -
    kind: "find-v1"
    backtrace:
      - "D:/Microsoft Visual Studio/18/Community/Common7/IDE/CommonExtensions/Microsoft/CMake/CMake/share/cmake-4.3/Modules/CMakeFindBinUtils.cmake:37 (find_program)"
      - "D:/Microsoft Visual Studio/18/Community/Common7/IDE/CommonExtensions/Microsoft/CMake/CMake/share/cmake-4.3/Modules/CMakeFindBinUtils.cmake:65 (__resolve_tool_path)"
      - "D:/Microsoft Visual Studio/18/Community/Common7/IDE/CommonExtensions/Microsoft/CMake/CMake/share/cmake-4.3/Modules/CMakeFindBinUtils.cmake:104 (__resolve_linker_path)"
      - "D:/Microsoft Visual Studio/18/Community/Common7/IDE/CommonExtensions/Microsoft/CMake/CMake/share/cmake-4.3/Modules/CMakeDetermineCCompiler.cmake:200 (include)"
      - "CMakeLists.txt:7 (project)"
    mode: "program"
    variable: "_CMAKE_TOOL_WITH_PATH"
    description: "Path to a program."
    settings:
      SearchFramework: "LAST"
      SearchAppBundle: "LAST"
      CMAKE_FIND_USE_CMAKE_PATH: false
      CMAKE_FIND_USE_CMAKE_ENVIRONMENT_PATH: false
      CMAKE_FIND_USE_SYSTEM_ENVIRONMENT_PATH: true
      CMAKE_FIND_USE_CMAKE_SYSTEM_PATH: true
      CMAKE_FIND_USE_INSTALL_PREFIX: true
    names:
      - "lld-link"
    candidate_directories:
      - "D:/WaterSurfaceRendererScratch/vcpkg_installed/x64-windows/Microsoft Visual Studio/18/Community/VC/Tools/MSVC/14.51.36231/bin/Hostx64/x64/"
      - "D:/WaterSurfaceRendererScratch/vcpkg_installed/x64-windows/Microsoft Visual Studio/18/Community/Common7/IDE/VC/vcpackages/"
      - "D:/WaterSurfaceRendererScratch/vcpkg_installed/x64-windows/Microsoft Visual Studio/18/Community/Common7/IDE/CommonExtensions/Microsoft/TestWindow/"
      - "D:/WaterSurfaceRendererScratch/vcpkg_installed/x64-windows/Microsoft Visual Studio/18/Community/Common7/IDE/CommonExtensions/Microsoft/TeamFoundation/Team Explorer/"
      - "D:/WaterSurfaceRendererScratch/vcpkg_installed/x64-windows/Microsoft Visual Studio/18/Community/MSBuild/Current/Bin/Roslyn/"
      - "D:/WaterSurfaceRendererScratch/vcpkg_installed/x64-windows/Program Files (x86)/Microsoft SDKs/Windows/v10.0A/bin/NETFX 4.8 Tools/x64/"
      - "D:/WaterSurfaceRendererScratch/vcpkg_installed/x64-windows/Microsoft Visual Studio/18/Community/Team Tools/DiagnosticsHub/Collector/"
      - "D:/WaterSurfaceRendererScratch/vcpkg_installed/x64-windows/Microsoft Visual Studio/18/Community/Common7/IDE/Extensions/Microsoft/CodeCoverage.Console/"
      - "D:/WaterSurfaceRendererScratch/vcpkg_installed/x64-windows/Program Files (x86)/Windows Kits/10/bin/10.0.26100.0/x64/"
      - "D:/WaterSurfaceRendererScratch/vcpkg_installed/x64-windows/Program Files (x86)/Windows Kits/10/bin/x64/"
      - "D:/WaterSurfaceRendererScratch/vcpkg_installed/x64-windows/Microsoft Visual Studio/18/Community/MSBuild/Current/Bin/amd64/"
      - "D:/WaterSurfaceRendererScratch/vcpkg_installed/x64-windows/Windows/Microsoft.NET/Framework64/v4.0.30319/"
      - "D:/WaterSurfaceRendererScratch/vcpkg_installed/x64-windows/Microsoft Visual Studio/18/Community/Common7/IDE/"
      - "D:/WaterSurfaceRendererScratch/vcpkg_installed/x64-windows/Microsoft Visual Studio/18/Community/Common7/Tools/"
      - "D:/WaterSurfaceRendererScratch/vcpkg_installed/x64-windows/Users/xukeheng/AppData/Local/vcpkg/downloads/tools/powershell-core-7.5.4-windows/"
      - "D:/WaterSurfaceRendererScratch/vcpkg_installed/x64-windows/Windows/System32/"
      - "D:/WaterSurfaceRendererScratch/vcpkg_installed/x64-windows/Windows/"
      - "D:/WaterSurfaceRendererScratch/vcpkg_installed/x64-windows/Windows/System32/wbem/"
      - "D:/WaterSurfaceRendererScratch/vcpkg_installed/x64-windows/Windows/System32/WindowsPowerShell/v1.0/"
      - "D:/WaterSurfaceRendererScratch/vcpkg_installed/x64-windows/Windows/System32/OpenSSH/"
      - "D:/WaterSurfaceRendererScratch/vcpkg_installed/x64-windows/Microsoft Visual Studio/18/Community/Common7/IDE/CommonExtensions/Microsoft/CMake/CMake/bin/"
      - "D:/WaterSurfaceRendererScratch/vcpkg_installed/x64-windows/Microsoft Visual Studio/18/Community/Common7/IDE/CommonExtensions/Microsoft/CMake/Ninja/"
      - "D:/WaterSurfaceRendererScratch/vcpkg_installed/x64-windows/Microsoft Visual Studio/18/Community/Common7/IDE/VC/Linux/bin/ConnectionManagerExe/"
      - "D:/WaterSurfaceRendererScratch/vcpkg_installed/x64-windows/Microsoft Visual Studio/18/Community/VC/vcpkg/"
      - "D:/WaterSurfaceRendererScratch/vcpkg_installed/x64-windows/debug/Microsoft Visual Studio/18/Community/VC/Tools/MSVC/14.51.36231/bin/Hostx64/x64/"
      - "D:/WaterSurfaceRendererScratch/vcpkg_installed/x64-windows/debug/Microsoft Visual Studio/18/Community/Common7/IDE/VC/vcpackages/"
      - "D:/WaterSurfaceRendererScratch/vcpkg_installed/x64-windows/debug/Microsoft Visual Studio/18/Community/Common7/IDE/CommonExtensions/Microsoft/TestWindow/"
      - "D:/WaterSurfaceRendererScratch/vcpkg_installed/x64-windows/debug/Microsoft Visual Studio/18/Community/Common7/IDE/CommonExtensions/Microsoft/TeamFoundation/Team Explorer/"
      - "D:/WaterSurfaceRendererScratch/vcpkg_installed/x64-windows/debug/Microsoft Visual Studio/18/Community/MSBuild/Current/Bin/Roslyn/"
      - "D:/WaterSurfaceRendererScratch/vcpkg_installed/x64-windows/debug/Program Files (x86)/Microsoft SDKs/Windows/v10.0A/bin/NETFX 4.8 Tools/x64/"
      - "D:/WaterSurfaceRendererScratch/vcpkg_installed/x64-windows/debug/Microsoft Visual Studio/18/Community/Team Tools/DiagnosticsHub/Collector/"
      - "D:/WaterSurfaceRendererScratch/vcpkg_installed/x64-windows/debug/Microsoft Visual Studio/18/Community/Common7/IDE/Extensions/Microsoft/CodeCoverage.Console/"
      - "D:/WaterSurfaceRendererScratch/vcpkg_installed/x64-windows/debug/Program Files (x86)/Windows Kits/10/bin/10.0.26100.0/x64/"
      - "D:/WaterSurfaceRendererScratch/vcpkg_installed/x64-windows/debug/Program Files (x86)/Windows Kits/10/bin/x64/"
      - "D:/WaterSurfaceRendererScratch/vcpkg_installed/x64-windows/debug/Microsoft Visual Studio/18/Community/MSBuild/Current/Bin/amd64/"
      - "D:/WaterSurfaceRendererScratch/vcpkg_installed/x64-windows/debug/Windows/Microsoft.NET/Framework64/v4.0.30319/"
      - "D:/WaterSurfaceRendererScratch/vcpkg_installed/x64-windows/debug/Microsoft Visual Studio/18/Community/Common7/IDE/"
      - "D:/WaterSurfaceRendererScratch/vcpkg_installed/x64-windows/debug/Microsoft Visual Studio/18/Community/Common7/Tools/"
      - "D:/WaterSurfaceRendererScratch/vcpkg_installed/x64-windows/debug/Users/xukeheng/AppData/Local/vcpkg/downloads/tools/powershell-core-7.5.4-windows/"
      - "D:/WaterSurfaceRendererScratch/vcpkg_installed/x64-windows/debug/Windows/System32/"
      - "D:/WaterSurfaceRendererScratch/vcpkg_installed/x64-windows/debug/Windows/"
      - "D:/WaterSurfaceRendererScratch/vcpkg_installed/x64-windows/debug/Windows/System32/wbem/"
      - "D:/WaterSurfaceRendererScratch/vcpkg_installed/x64-windows/debug/Windows/System32/WindowsPowerShell/v1.0/"
      - "D:/WaterSurfaceRendererScratch/vcpkg_installed/x64-windows/debug/Windows/System32/OpenSSH/"
      - "D:/WaterSurfaceRendererScratch/vcpkg_installed/x64-windows/debug/Microsoft Visual Studio/18/Community/Common7/IDE/CommonExtensions/Microsoft/CMake/CMake/bin/"
      - "D:/WaterSurfaceRendererScratch/vcpkg_installed/x64-windows/debug/Microsoft Visual Studio/18/Community/Common7/IDE/CommonExtensions/Microsoft/CMake/Ninja/"
      - "D:/WaterSurfaceRendererScratch/vcpkg_installed/x64-windows/debug/Microsoft Visual Studio/18/Community/Common7/IDE/VC/Linux/bin/ConnectionManagerExe/"
      - "D:/WaterSurfaceRendererScratch/vcpkg_installed/x64-windows/debug/Microsoft Visual Studio/18/Community/VC/vcpkg/"
      - "D:/Microsoft Visual Studio/18/Community/VC/Tools/MSVC/14.51.36231/bin/Hostx64/x64/"
      - "D:/Microsoft Visual Studio/18/Community/Common7/IDE/VC/vcpackages/"
      - "D:/Microsoft Visual Studio/18/Community/Common7/IDE/CommonExtensions/Microsoft/TestWindow/"
      - "D:/Microsoft Visual Studio/18/Community/Common7/IDE/CommonExtensions/Microsoft/TeamFoundation/Team Explorer/"
      - "D:/Microsoft Visual Studio/18/Community/MSBuild/Current/Bin/Roslyn/"
      - "C:/Program Files (x86)/Microsoft SDKs/Windows/v10.0A/bin/NETFX 4.8 Tools/x64/"
      - "D:/Microsoft Visual Studio/18/Community/Team Tools/DiagnosticsHub/Collector/"
      - "D:/Microsoft Visual Studio/18/Community/Common7/IDE/Extensions/Microsoft/CodeCoverage.Console/"
      - "C:/Program Files (x86)/Windows Kits/10/bin/10.0.26100.0/x64/"
      - "C:/Program Files (x86)/Windows Kits/10/bin/x64/"
      - "D:/Microsoft Visual Studio/18/Community/MSBuild/Current/Bin/amd64/"
      - "C:/Windows/Microsoft.NET/Framework64/v4.0.30319/"
      - "D:/Microsoft Visual Studio/18/Community/Common7/IDE/"
      - "D:/Microsoft Visual Studio/18/Community/Common7/Tools/"
      - "C:/Users/xukeheng/AppData/Local/vcpkg/downloads/tools/powershell-core-7.5.4-windows/"
      - "C:/Windows/System32/"
      - "C:/Windows/"
      - "C:/Windows/System32/wbem/"
      - "C:/Windows/System32/WindowsPowerShell/v1.0/"
      - "C:/Windows/System32/OpenSSH/"
      - "D:/Microsoft Visual Studio/18/Community/Common7/IDE/CommonExtensions/Microsoft/CMake/CMake/bin/"
      - "D:/Microsoft Visual Studio/18/Community/Common7/IDE/CommonExtensions/Microsoft/CMake/Ninja/"
      - "D:/Microsoft Visual Studio/18/Community/Common7/IDE/VC/Linux/bin/ConnectionManagerExe/"
      - "D:/Microsoft Visual Studio/18/Community/VC/vcpkg/"
    searched_directories:
      - "D:/WaterSurfaceRendererScratch/vcpkg_installed/x64-windows/Microsoft Visual Studio/18/Community/VC/Tools/MSVC/14.51.36231/bin/Hostx64/x64/lld-link.com"
      - "D:/WaterSurfaceRendererScratch/vcpkg_installed/x64-windows/Microsoft Visual Studio/18/Community/VC/Tools/MSVC/14.51.36231/bin/Hostx64/x64/lld-link.exe"
      - "D:/WaterSurfaceRendererScratch/vcpkg_installed/x64-windows/Microsoft Visual Studio/18/Community/VC/Tools/MSVC/14.51.36231/bin/Hostx64/x64/lld-link"
      - "D:/WaterSurfaceRendererScratch/vcpkg_installed/x64-windows/Microsoft Visual Studio/18/Community/Common7/IDE/VC/vcpackages/lld-link.com"
      - "D:/WaterSurfaceRendererScratch/vcpkg_installed/x64-windows/Microsoft Visual Studio/18/Community/Common7/IDE/VC/vcpackages/lld-link.exe"
      - "D:/WaterSurfaceRendererScratch/vcpkg_installed/x64-windows/Microsoft Visual Studio/18/Community/Common7/IDE/VC/vcpackages/lld-link"
      - "D:/WaterSurfaceRendererScratch/vcpkg_installed/x64-windows/Microsoft Visual Studio/18/Community/Common7/IDE/CommonExtensions/Microsoft/TestWindow/lld-link.com"
      - "D:/WaterSurfaceRendererScratch/vcpkg_installed/x64-windows/Microsoft Visual Studio/18/Community/Common7/IDE/CommonExtensions/Microsoft/TestWindow/lld-link.exe"
      - "D:/WaterSurfaceRendererScratch/vcpkg_installed/x64-windows/Microsoft Visual Studio/18/Community/Common7/IDE/CommonExtensions/Microsoft/TestWindow/lld-link"
      - "D:/WaterSurfaceRendererScratch/vcpkg_installed/x64-windows/Microsoft Visual Studio/18/Community/Common7/IDE/CommonExtensions/Microsoft/TeamFoundation/Team Explorer/lld-link.com"
      - "D:/WaterSurfaceRendererScratch/vcpkg_installed/x64-windows/Microsoft Visual Studio/18/Community/Common7/IDE/CommonExtensions/Microsoft/TeamFoundation/Team Explorer/lld-link.exe"
      - "D:/WaterSurfaceRendererScratch/vcpkg_installed/x64-windows/Microsoft Visual Studio/18/Community/Common7/IDE/CommonExtensions/Microsoft/TeamFoundation/Team Explorer/lld-link"
      - "D:/WaterSurfaceRendererScratch/vcpkg_installed/x64-windows/Microsoft Visual Studio/18/Community/MSBuild/Current/Bin/Roslyn/lld-link.com"
      - "D:/WaterSurfaceRendererScratch/vcpkg_installed/x64-windows/Microsoft Visual Studio/18/Community/MSBuild/Current/Bin/Roslyn/lld-link.exe"
      - "D:/WaterSurfaceRendererScratch/vcpkg_installed/x64-windows/Microsoft Visual Studio/18/Community/MSBuild/Current/Bin/Roslyn/lld-link"
      - "D:/WaterSurfaceRendererScratch/vcpkg_installed/x64-windows/Program Files (x86)/Microsoft SDKs/Windows/v10.0A/bin/NETFX 4.8 Tools/x64/lld-link.com"
      - "D:/WaterSurfaceRendererScratch/vcpkg_installed/x64-windows/Program Files (x86)/Microsoft SDKs/Windows/v10.0A/bin/NETFX 4.8 Tools/x64/lld-link.exe"
      - "D:/WaterSurfaceRendererScratch/vcpkg_installed/x64-windows/Program Files (x86)/Microsoft SDKs/Windows/v10.0A/bin/NETFX 4.8 Tools/x64/lld-link"
      - "D:/WaterSurfaceRendererScratch/vcpkg_installed/x64-windows/Microsoft Visual Studio/18/Community/Team Tools/DiagnosticsHub/Collector/lld-link.com"
      - "D:/WaterSurfaceRendererScratch/vcpkg_installed/x64-windows/Microsoft Visual Studio/18/Community/Team Tools/DiagnosticsHub/Collector/lld-link.exe"
      - "D:/WaterSurfaceRendererScratch/vcpkg_installed/x64-windows/Microsoft Visual Studio/18/Community/Team Tools/DiagnosticsHub/Collector/lld-link"
      - "D:/WaterSurfaceRendererScratch/vcpkg_installed/x64-windows/Microsoft Visual Studio/18/Community/Common7/IDE/Extensions/Microsoft/CodeCoverage.Console/lld-link.com"
      - "D:/WaterSurfaceRendererScratch/vcpkg_installed/x64-windows/Microsoft Visual Studio/18/Community/Common7/IDE/Extensions/Microsoft/CodeCoverage.Console/lld-link.exe"
      - "D:/WaterSurfaceRendererScratch/vcpkg_installed/x64-windows/Microsoft Visual Studio/18/Community/Common7/IDE/Extensions/Microsoft/CodeCoverage.Console/lld-link"
      - "D:/WaterSurfaceRendererScratch/vcpkg_installed/x64-windows/Program Files (x86)/Windows Kits/10/bin/10.0.26100.0/x64/lld-link.com"
      - "D:/WaterSurfaceRendererScratch/vcpkg_installed/x64-windows/Program Files (x86)/Windows Kits/10/bin/10.0.26100.0/x64/lld-link.exe"
      - "D:/WaterSurfaceRendererScratch/vcpkg_installed/x64-windows/Program Files (x86)/Windows Kits/10/bin/10.0.26100.0/x64/lld-link"
      - "D:/WaterSurfaceRendererScratch/vcpkg_installed/x64-windows/Program Files (x86)/Windows Kits/10/bin/x64/lld-link.com"
      - "D:/WaterSurfaceRendererScratch/vcpkg_installed/x64-windows/Program Files (x86)/Windows Kits/10/bin/x64/lld-link.exe"
      - "D:/WaterSurfaceRendererScratch/vcpkg_installed/x64-windows/Program Files (x86)/Windows Kits/10/bin/x64/lld-link"
      - "D:/WaterSurfaceRendererScratch/vcpkg_installed/x64-windows/Microsoft Visual Studio/18/Community/MSBuild/Current/Bin/amd64/lld-link.com"
      - "D:/WaterSurfaceRendererScratch/vcpkg_installed/x64-windows/Microsoft Visual Studio/18/Community/MSBuild/Current/Bin/amd64/lld-link.exe"
      - "D:/WaterSurfaceRendererScratch/vcpkg_installed/x64-windows/Microsoft Visual Studio/18/Community/MSBuild/Current/Bin/amd64/lld-link"
      - "D:/WaterSurfaceRendererScratch/vcpkg_installed/x64-windows/Windows/Microsoft.NET/Framework64/v4.0.30319/lld-link.com"
      - "D:/WaterSurfaceRendererScratch/vcpkg_installed/x64-windows/Windows/Microsoft.NET/Framework64/v4.0.30319/lld-link.exe"
      - "D:/WaterSurfaceRendererScratch/vcpkg_installed/x64-windows/Windows/Microsoft.NET/Framework64/v4.0.30319/lld-link"
      - "D:/WaterSurfaceRendererScratch/vcpkg_installed/x64-windows/Microsoft Visual Studio/18/Community/Common7/IDE/lld-link.com"
      - "D:/WaterSurfaceRendererScratch/vcpkg_installed/x64-windows/Microsoft Visual Studio/18/Community/Common7/IDE/lld-link.exe"
      - "D:/WaterSurfaceRendererScratch/vcpkg_installed/x64-windows/Microsoft Visual Studio/18/Community/Common7/IDE/lld-link"
      - "D:/WaterSurfaceRendererScratch/vcpkg_installed/x64-windows/Microsoft Visual Studio/18/Community/Common7/Tools/lld-link.com"
      - "D:/WaterSurfaceRendererScratch/vcpkg_installed/x64-windows/Microsoft Visual Studio/18/Community/Common7/Tools/lld-link.exe"
      - "D:/WaterSurfaceRendererScratch/vcpkg_installed/x64-windows/Microsoft Visual Studio/18/Community/Common7/Tools/lld-link"
      - "D:/WaterSurfaceRendererScratch/vcpkg_installed/x64-windows/Users/xukeheng/AppData/Local/vcpkg/downloads/tools/powershell-core-7.5.4-windows/lld-link.com"
      - "D:/WaterSurfaceRendererScratch/vcpkg_installed/x64-windows/Users/xukeheng/AppData/Local/vcpkg/downloads/tools/powershell-core-7.5.4-windows/lld-link.exe"
      - "D:/WaterSurfaceRendererScratch/vcpkg_installed/x64-windows/Users/xukeheng/AppData/Local/vcpkg/downloads/tools/powershell-core-7.5.4-windows/lld-link"
      - "D:/WaterSurfaceRendererScratch/vcpkg_installed/x64-windows/Windows/System32/lld-link.com"
      - "D:/WaterSurfaceRendererScratch/vcpkg_installed/x64-windows/Windows/System32/lld-link.exe"
      - "D:/WaterSurfaceRendererScratch/vcpkg_installed/x64-windows/Windows/System32/lld-link"
      - "D:/WaterSurfaceRendererScratch/vcpkg_installed/x64-windows/Windows/lld-link.com"
      - "D:/WaterSurfaceRendererScratch/vcpkg_installed/x64-windows/Windows/lld-link.exe"
      - "D:/WaterSurfaceRendererScratch/vcpkg_installed/x64-windows/Windows/lld-link"
      - "D:/WaterSurfaceRendererScratch/vcpkg_installed/x64-windows/Windows/System32/wbem/lld-link.com"
      - "D:/WaterSurfaceRendererScratch/vcpkg_installed/x64-windows/Windows/System32/wbem/lld-link.exe"
      - "D:/WaterSurfaceRendererScratch/vcpkg_installed/x64-windows/Windows/System32/wbem/lld-link"
      - "D:/WaterSurfaceRendererScratch/vcpkg_installed/x64-windows/Windows/System32/WindowsPowerShell/v1.0/lld-link.com"
      - "D:/WaterSurfaceRendererScratch/vcpkg_installed/x64-windows/Windows/System32/WindowsPowerShell/v1.0/lld-link.exe"
      - "D:/WaterSurfaceRendererScratch/vcpkg_installed/x64-windows/Windows/System32/WindowsPowerShell/v1.0/lld-link"
      - "D:/WaterSurfaceRendererScratch/vcpkg_installed/x64-windows/Windows/System32/OpenSSH/lld-link.com"
      - "D:/WaterSurfaceRendererScratch/vcpkg_installed/x64-windows/Windows/System32/OpenSSH/lld-link.exe"
      - "D:/WaterSurfaceRendererScratch/vcpkg_installed/x64-windows/Windows/System32/OpenSSH/lld-link"
      - "D:/WaterSurfaceRendererScratch/vcpkg_installed/x64-windows/Microsoft Visual Studio/18/Community/Common7/IDE/CommonExtensions/Microsoft/CMake/CMake/bin/lld-link.com"
      - "D:/WaterSurfaceRendererScratch/vcpkg_installed/x64-windows/Microsoft Visual Studio/18/Community/Common7/IDE/CommonExtensions/Microsoft/CMake/CMake/bin/lld-link.exe"
      - "D:/WaterSurfaceRendererScratch/vcpkg_installed/x64-windows/Microsoft Visual Studio/18/Community/Common7/IDE/CommonExtensions/Microsoft/CMake/CMake/bin/lld-link"
      - "D:/WaterSurfaceRendererScratch/vcpkg_installed/x64-windows/Microsoft Visual Studio/18/Community/Common7/IDE/CommonExtensions/Microsoft/CMake/Ninja/lld-link.com"
      - "D:/WaterSurfaceRendererScratch/vcpkg_installed/x64-windows/Microsoft Visual Studio/18/Community/Common7/IDE/CommonExtensions/Microsoft/CMake/Ninja/lld-link.exe"
      - "D:/WaterSurfaceRendererScratch/vcpkg_installed/x64-windows/Microsoft Visual Studio/18/Community/Common7/IDE/CommonExtensions/Microsoft/CMake/Ninja/lld-link"
      - "D:/WaterSurfaceRendererScratch/vcpkg_installed/x64-windows/Microsoft Visual Studio/18/Community/Common7/IDE/VC/Linux/bin/ConnectionManagerExe/lld-link.com"
      - "D:/WaterSurfaceRendererScratch/vcpkg_installed/x64-windows/Microsoft Visual Studio/18/Community/Common7/IDE/VC/Linux/bin/ConnectionManagerExe/lld-link.exe"
      - "D:/WaterSurfaceRendererScratch/vcpkg_installed/x64-windows/Microsoft Visual Studio/18/Community/Common7/IDE/VC/Linux/bin/ConnectionManagerExe/lld-link"
      - "D:/WaterSurfaceRendererScratch/vcpkg_installed/x64-windows/Microsoft Visual Studio/18/Community/VC/vcpkg/lld-link.com"
      - "D:/WaterSurfaceRendererScratch/vcpkg_installed/x64-windows/Microsoft Visual Studio/18/Community/VC/vcpkg/lld-link.exe"
      - "D:/WaterSurfaceRendererScratch/vcpkg_installed/x64-windows/Microsoft Visual Studio/18/Community/VC/vcpkg/lld-link"
      - "D:/WaterSurfaceRendererScratch/vcpkg_installed/x64-windows/debug/Microsoft Visual Studio/18/Community/VC/Tools/MSVC/14.51.36231/bin/Hostx64/x64/lld-link.com"
      - "D:/WaterSurfaceRendererScratch/vcpkg_installed/x64-windows/debug/Microsoft Visual Studio/18/Community/VC/Tools/MSVC/14.51.36231/bin/Hostx64/x64/lld-link.exe"
      - "D:/WaterSurfaceRendererScratch/vcpkg_installed/x64-windows/debug/Microsoft Visual Studio/18/Community/VC/Tools/MSVC/14.51.36231/bin/Hostx64/x64/lld-link"
      - "D:/WaterSurfaceRendererScratch/vcpkg_installed/x64-windows/debug/Microsoft Visual Studio/18/Community/Common7/IDE/VC/vcpackages/lld-link.com"
      - "D:/WaterSurfaceRendererScratch/vcpkg_installed/x64-windows/debug/Microsoft Visual Studio/18/Community/Common7/IDE/VC/vcpackages/lld-link.exe"
      - "D:/WaterSurfaceRendererScratch/vcpkg_installed/x64-windows/debug/Microsoft Visual Studio/18/Community/Common7/IDE/VC/vcpackages/lld-link"
      - "D:/WaterSurfaceRendererScratch/vcpkg_installed/x64-windows/debug/Microsoft Visual Studio/18/Community/Common7/IDE/CommonExtensions/Microsoft/TestWindow/lld-link.com"
      - "D:/WaterSurfaceRendererScratch/vcpkg_installed/x64-windows/debug/Microsoft Visual Studio/18/Community/Common7/IDE/CommonExtensions/Microsoft/TestWindow/lld-link.exe"
      - "D:/WaterSurfaceRendererScratch/vcpkg_installed/x64-windows/debug/Microsoft Visual Studio/18/Community/Common7/IDE/CommonExtensions/Microsoft/TestWindow/lld-link"
      - "D:/WaterSurfaceRendererScratch/vcpkg_installed/x64-windows/debug/Microsoft Visual Studio/18/Community/Common7/IDE/CommonExtensions/Microsoft/TeamFoundation/Team Explorer/lld-link.com"
      - "D:/WaterSurfaceRendererScratch/vcpkg_installed/x64-windows/debug/Microsoft Visual Studio/18/Community/Common7/IDE/CommonExtensions/Microsoft/TeamFoundation/Team Explorer/lld-link.exe"
      - "D:/WaterSurfaceRendererScratch/vcpkg_installed/x64-windows/debug/Microsoft Visual Studio/18/Community/Common7/IDE/CommonExtensions/Microsoft/TeamFoundation/Team Explorer/lld-link"
      - "D:/WaterSurfaceRendererScratch/vcpkg_installed/x64-windows/debug/Microsoft Visual Studio/18/Community/MSBuild/Current/Bin/Roslyn/lld-link.com"
      - "D:/WaterSurfaceRendererScratch/vcpkg_installed/x64-windows/debug/Microsoft Visual Studio/18/Community/MSBuild/Current/Bin/Roslyn/lld-link.exe"
      - "D:/WaterSurfaceRendererScratch/vcpkg_installed/x64-windows/debug/Microsoft Visual Studio/18/Community/MSBuild/Current/Bin/Roslyn/lld-link"
      - "D:/WaterSurfaceRendererScratch/vcpkg_installed/x64-windows/debug/Program Files (x86)/Microsoft SDKs/Windows/v10.0A/bin/NETFX 4.8 Tools/x64/lld-link.com"
      - "D:/WaterSurfaceRendererScratch/vcpkg_installed/x64-windows/debug/Program Files (x86)/Microsoft SDKs/Windows/v10.0A/bin/NETFX 4.8 Tools/x64/lld-link.exe"
      - "D:/WaterSurfaceRendererScratch/vcpkg_installed/x64-windows/debug/Program Files (x86)/Microsoft SDKs/Windows/v10.0A/bin/NETFX 4.8 Tools/x64/lld-link"
      - "D:/WaterSurfaceRendererScratch/vcpkg_installed/x64-windows/debug/Microsoft Visual Studio/18/Community/Team Tools/DiagnosticsHub/Collector/lld-link.com"
      - "D:/WaterSurfaceRendererScratch/vcpkg_installed/x64-windows/debug/Microsoft Visual Studio/18/Community/Team Tools/DiagnosticsHub/Collector/lld-link.exe"
      - "D:/WaterSurfaceRendererScratch/vcpkg_installed/x64-windows/debug/Microsoft Visual Studio/18/Community/Team Tools/DiagnosticsHub/Collector/lld-link"
      - "D:/WaterSurfaceRendererScratch/vcpkg_installed/x64-windows/debug/Microsoft Visual Studio/18/Community/Common7/IDE/Extensions/Microsoft/CodeCoverage.Console/lld-link.com"
      - "D:/WaterSurfaceRendererScratch/vcpkg_installed/x64-windows/debug/Microsoft Visual Studio/18/Community/Common7/IDE/Extensions/Microsoft/CodeCoverage.Console/lld-link.exe"
      - "D:/WaterSurfaceRendererScratch/vcpkg_installed/x64-windows/debug/Microsoft Visual Studio/18/Community/Common7/IDE/Extensions/Microsoft/CodeCoverage.Console/lld-link"
      - "D:/WaterSurfaceRendererScratch/vcpkg_installed/x64-windows/debug/Program Files (x86)/Windows Kits/10/bin/10.0.26100.0/x64/lld-link.com"
      - "D:/WaterSurfaceRendererScratch/vcpkg_installed/x64-windows/debug/Program Files (x86)/Windows Kits/10/bin/10.0.26100.0/x64/lld-link.exe"
      - "D:/WaterSurfaceRendererScratch/vcpkg_installed/x64-windows/debug/Program Files (x86)/Windows Kits/10/bin/10.0.26100.0/x64/lld-link"
      - "D:/WaterSurfaceRendererScratch/vcpkg_installed/x64-windows/debug/Program Files (x86)/Windows Kits/10/bin/x64/lld-link.com"
      - "D:/WaterSurfaceRendererScratch/vcpkg_installed/x64-windows/debug/Program Files (x86)/Windows Kits/10/bin/x64/lld-link.exe"
      - "D:/WaterSurfaceRendererScratch/vcpkg_installed/x64-windows/debug/Program Files (x86)/Windows Kits/10/bin/x64/lld-link"
      - "D:/WaterSurfaceRendererScratch/vcpkg_installed/x64-windows/debug/Microsoft Visual Studio/18/Community/MSBuild/Current/Bin/amd64/lld-link.com"
      - "D:/WaterSurfaceRendererScratch/vcpkg_installed/x64-windows/debug/Microsoft Visual Studio/18/Community/MSBuild/Current/Bin/amd64/lld-link.exe"
      - "D:/WaterSurfaceRendererScratch/vcpkg_installed/x64-windows/debug/Microsoft Visual Studio/18/Community/MSBuild/Current/Bin/amd64/lld-link"
      - "D:/WaterSurfaceRendererScratch/vcpkg_installed/x64-windows/debug/Windows/Microsoft.NET/Framework64/v4.0.30319/lld-link.com"
      - "D:/WaterSurfaceRendererScratch/vcpkg_installed/x64-windows/debug/Windows/Microsoft.NET/Framework64/v4.0.30319/lld-link.exe"
      - "D:/WaterSurfaceRendererScratch/vcpkg_installed/x64-windows/debug/Windows/Microsoft.NET/Framework64/v4.0.30319/lld-link"
      - "D:/WaterSurfaceRendererScratch/vcpkg_installed/x64-windows/debug/Microsoft Visual Studio/18/Community/Common7/IDE/lld-link.com"
      - "D:/WaterSurfaceRendererScratch/vcpkg_installed/x64-windows/debug/Microsoft Visual Studio/18/Community/Common7/IDE/lld-link.exe"
      - "D:/WaterSurfaceRendererScratch/vcpkg_installed/x64-windows/debug/Microsoft Visual Studio/18/Community/Common7/IDE/lld-link"
      - "D:/WaterSurfaceRendererScratch/vcpkg_installed/x64-windows/debug/Microsoft Visual Studio/18/Community/Common7/Tools/lld-link.com"
      - "D:/WaterSurfaceRendererScratch/vcpkg_installed/x64-windows/debug/Microsoft Visual Studio/18/Community/Common7/Tools/lld-link.exe"
      - "D:/WaterSurfaceRendererScratch/vcpkg_installed/x64-windows/debug/Microsoft Visual Studio/18/Community/Common7/Tools/lld-link"
      - "D:/WaterSurfaceRendererScratch/vcpkg_installed/x64-windows/debug/Users/xukeheng/AppData/Local/vcpkg/downloads/tools/powershell-core-7.5.4-windows/lld-link.com"
      - "D:/WaterSurfaceRendererScratch/vcpkg_installed/x64-windows/debug/Users/xukeheng/AppData/Local/vcpkg/downloads/tools/powershell-core-7.5.4-windows/lld-link.exe"
      - "D:/WaterSurfaceRendererScratch/vcpkg_installed/x64-windows/debug/Users/xukeheng/AppData/Local/vcpkg/downloads/tools/powershell-core-7.5.4-windows/lld-link"
      - "D:/WaterSurfaceRendererScratch/vcpkg_installed/x64-windows/debug/Windows/System32/lld-link.com"
      - "D:/WaterSurfaceRendererScratch/vcpkg_installed/x64-windows/debug/Windows/System32/lld-link.exe"
      - "D:/WaterSurfaceRendererScratch/vcpkg_installed/x64-windows/debug/Windows/System32/lld-link"
      - "D:/WaterSurfaceRendererScratch/vcpkg_installed/x64-windows/debug/Windows/lld-link.com"
      - "D:/WaterSurfaceRendererScratch/vcpkg_installed/x64-windows/debug/Windows/lld-link.exe"
      - "D:/WaterSurfaceRendererScratch/vcpkg_installed/x64-windows/debug/Windows/lld-link"
      - "D:/WaterSurfaceRendererScratch/vcpkg_installed/x64-windows/debug/Windows/System32/wbem/lld-link.com"
      - "D:/WaterSurfaceRendererScratch/vcpkg_installed/x64-windows/debug/Windows/System32/wbem/lld-link.exe"
      - "D:/WaterSurfaceRendererScratch/vcpkg_installed/x64-windows/debug/Windows/System32/wbem/lld-link"
      - "D:/WaterSurfaceRendererScratch/vcpkg_installed/x64-windows/debug/Windows/System32/WindowsPowerShell/v1.0/lld-link.com"
      - "D:/WaterSurfaceRendererScratch/vcpkg_installed/x64-windows/debug/Windows/System32/WindowsPowerShell/v1.0/lld-link.exe"
      - "D:/WaterSurfaceRendererScratch/vcpkg_installed/x64-windows/debug/Windows/System32/WindowsPowerShell/v1.0/lld-link"
      - "D:/WaterSurfaceRendererScratch/vcpkg_installed/x64-windows/debug/Windows/System32/OpenSSH/lld-link.com"
      - "D:/WaterSurfaceRendererScratch/vcpkg_installed/x64-windows/debug/Windows/System32/OpenSSH/lld-link.exe"
      - "D:/WaterSurfaceRendererScratch/vcpkg_installed/x64-windows/debug/Windows/System32/OpenSSH/lld-link"
      - "D:/WaterSurfaceRendererScratch/vcpkg_installed/x64-windows/debug/Microsoft Visual Studio/18/Community/Common7/IDE/CommonExtensions/Microsoft/CMake/CMake/bin/lld-link.com"
      - "D:/WaterSurfaceRendererScratch/vcpkg_installed/x64-windows/debug/Microsoft Visual Studio/18/Community/Common7/IDE/CommonExtensions/Microsoft/CMake/CMake/bin/lld-link.exe"
      - "D:/WaterSurfaceRendererScratch/vcpkg_installed/x64-windows/debug/Microsoft Visual Studio/18/Community/Common7/IDE/CommonExtensions/Microsoft/CMake/CMake/bin/lld-link"
      - "D:/WaterSurfaceRendererScratch/vcpkg_installed/x64-windows/debug/Microsoft Visual Studio/18/Community/Common7/IDE/CommonExtensions/Microsoft/CMake/Ninja/lld-link.com"
      - "D:/WaterSurfaceRendererScratch/vcpkg_installed/x64-windows/debug/Microsoft Visual Studio/18/Community/Common7/IDE/CommonExtensions/Microsoft/CMake/Ninja/lld-link.exe"
      - "D:/WaterSurfaceRendererScratch/vcpkg_installed/x64-windows/debug/Microsoft Visual Studio/18/Community/Common7/IDE/CommonExtensions/Microsoft/CMake/Ninja/lld-link"
      - "D:/WaterSurfaceRendererScratch/vcpkg_installed/x64-windows/debug/Microsoft Visual Studio/18/Community/Common7/IDE/VC/Linux/bin/ConnectionManagerExe/lld-link.com"
      - "D:/WaterSurfaceRendererScratch/vcpkg_installed/x64-windows/debug/Microsoft Visual Studio/18/Community/Common7/IDE/VC/Linux/bin/ConnectionManagerExe/lld-link.exe"
      - "D:/WaterSurfaceRendererScratch/vcpkg_installed/x64-windows/debug/Microsoft Visual Studio/18/Community/Common7/IDE/VC/Linux/bin/ConnectionManagerExe/lld-link"
      - "D:/WaterSurfaceRendererScratch/vcpkg_installed/x64-windows/debug/Microsoft Visual Studio/18/Community/VC/vcpkg/lld-link.com"
      - "D:/WaterSurfaceRendererScratch/vcpkg_installed/x64-windows/debug/Microsoft Visual Studio/18/Community/VC/vcpkg/lld-link.exe"
      - "D:/WaterSurfaceRendererScratch/vcpkg_installed/x64-windows/debug/Microsoft Visual Studio/18/Community/VC/vcpkg/lld-link"
      - "D:/Microsoft Visual Studio/18/Community/VC/Tools/MSVC/14.51.36231/bin/Hostx64/x64/lld-link.com"
      - "D:/Microsoft Visual Studio/18/Community/VC/Tools/MSVC/14.51.36231/bin/Hostx64/x64/lld-link.exe"
      - "D:/Microsoft Visual Studio/18/Community/VC/Tools/MSVC/14.51.36231/bin/Hostx64/x64/lld-link"
      - "D:/Microsoft Visual Studio/18/Community/Common7/IDE/VC/vcpackages/lld-link.com"
      - "D:/Microsoft Visual Studio/18/Community/Common7/IDE/VC/vcpackages/lld-link.exe"
      - "D:/Microsoft Visual Studio/18/Community/Common7/IDE/VC/vcpackages/lld-link"
      - "D:/Microsoft Visual Studio/18/Community/Common7/IDE/CommonExtensions/Microsoft/TestWindow/lld-link.com"
      - "D:/Microsoft Visual Studio/18/Community/Common7/IDE/CommonExtensions/Microsoft/TestWindow/lld-link.exe"
      - "D:/Microsoft Visual Studio/18/Community/Common7/IDE/CommonExtensions/Microsoft/TestWindow/lld-link"
      - "D:/Microsoft Visual Studio/18/Community/Common7/IDE/CommonExtensions/Microsoft/TeamFoundation/Team Explorer/lld-link.com"
      - "D:/Microsoft Visual Studio/18/Community/Common7/IDE/CommonExtensions/Microsoft/TeamFoundation/Team Explorer/lld-link.exe"
      - "D:/Microsoft Visual Studio/18/Community/Common7/IDE/CommonExtensions/Microsoft/TeamFoundation/Team Explorer/lld-link"
      - "D:/Microsoft Visual Studio/18/Community/MSBuild/Current/Bin/Roslyn/lld-link.com"
      - "D:/Microsoft Visual Studio/18/Community/MSBuild/Current/Bin/Roslyn/lld-link.exe"
      - "D:/Microsoft Visual Studio/18/Community/MSBuild/Current/Bin/Roslyn/lld-link"
      - "C:/Program Files (x86)/Microsoft SDKs/Windows/v10.0A/bin/NETFX 4.8 Tools/x64/lld-link.com"
      - "C:/Program Files (x86)/Microsoft SDKs/Windows/v10.0A/bin/NETFX 4.8 Tools/x64/lld-link.exe"
      - "C:/Program Files (x86)/Microsoft SDKs/Windows/v10.0A/bin/NETFX 4.8 Tools/x64/lld-link"
      - "D:/Microsoft Visual Studio/18/Community/Team Tools/DiagnosticsHub/Collector/lld-link.com"
      - "D:/Microsoft Visual Studio/18/Community/Team Tools/DiagnosticsHub/Collector/lld-link.exe"
      - "D:/Microsoft Visual Studio/18/Community/Team Tools/DiagnosticsHub/Collector/lld-link"
      - "D:/Microsoft Visual Studio/18/Community/Common7/IDE/Extensions/Microsoft/CodeCoverage.Console/lld-link.com"
      - "D:/Microsoft Visual Studio/18/Community/Common7/IDE/Extensions/Microsoft/CodeCoverage.Console/lld-link.exe"
      - "D:/Microsoft Visual Studio/18/Community/Common7/IDE/Extensions/Microsoft/CodeCoverage.Console/lld-link"
      - "C:/Program Files (x86)/Windows Kits/10/bin/10.0.26100.0/x64/lld-link.com"
      - "C:/Program Files (x86)/Windows Kits/10/bin/10.0.26100.0/x64/lld-link.exe"
      - "C:/Program Files (x86)/Windows Kits/10/bin/10.0.26100.0/x64/lld-link"
      - "C:/Program Files (x86)/Windows Kits/10/bin/x64/lld-link.com"
      - "C:/Program Files (x86)/Windows Kits/10/bin/x64/lld-link.exe"
      - "C:/Program Files (x86)/Windows Kits/10/bin/x64/lld-link"
      - "D:/Microsoft Visual Studio/18/Community/MSBuild/Current/Bin/amd64/lld-link.com"
      - "D:/Microsoft Visual Studio/18/Community/MSBuild/Current/Bin/amd64/lld-link.exe"
      - "D:/Microsoft Visual Studio/18/Community/MSBuild/Current/Bin/amd64/lld-link"
      - "C:/Windows/Microsoft.NET/Framework64/v4.0.30319/lld-link.com"
      - "C:/Windows/Microsoft.NET/Framework64/v4.0.30319/lld-link.exe"
      - "C:/Windows/Microsoft.NET/Framework64/v4.0.30319/lld-link"
      - "D:/Microsoft Visual Studio/18/Community/Common7/IDE/lld-link.com"
      - "D:/Microsoft Visual Studio/18/Community/Common7/IDE/lld-link.exe"
      - "D:/Microsoft Visual Studio/18/Community/Common7/IDE/lld-link"
      - "D:/Microsoft Visual Studio/18/Community/Common7/Tools/lld-link.com"
      - "D:/Microsoft Visual Studio/18/Community/Common7/Tools/lld-link.exe"
      - "D:/Microsoft Visual Studio/18/Community/Common7/Tools/lld-link"
      - "C:/Users/xukeheng/AppData/Local/vcpkg/downloads/tools/powershell-core-7.5.4-windows/lld-link.com"
      - "C:/Users/xukeheng/AppData/Local/vcpkg/downloads/tools/powershell-core-7.5.4-windows/lld-link.exe"
      - "C:/Users/xukeheng/AppData/Local/vcpkg/downloads/tools/powershell-core-7.5.4-windows/lld-link"
      - "C:/Windows/System32/lld-link.com"
      - "C:/Windows/System32/lld-link.exe"
      - "C:/Windows/System32/lld-link"
      - "C:/Windows/lld-link.com"
      - "C:/Windows/lld-link.exe"
      - "C:/Windows/lld-link"
      - "C:/Windows/System32/wbem/lld-link.com"
      - "C:/Windows/System32/wbem/lld-link.exe"
      - "C:/Windows/System32/wbem/lld-link"
      - "C:/Windows/System32/WindowsPowerShell/v1.0/lld-link.com"
      - "C:/Windows/System32/WindowsPowerShell/v1.0/lld-link.exe"
      - "C:/Windows/System32/WindowsPowerShell/v1.0/lld-link"
      - "C:/Windows/System32/OpenSSH/lld-link.com"
      - "C:/Windows/System32/OpenSSH/lld-link.exe"
      - "C:/Windows/System32/OpenSSH/lld-link"
      - "D:/Microsoft Visual Studio/18/Community/Common7/IDE/CommonExtensions/Microsoft/CMake/CMake/bin/lld-link.com"
      - "D:/Microsoft Visual Studio/18/Community/Common7/IDE/CommonExtensions/Microsoft/CMake/CMake/bin/lld-link.exe"
      - "D:/Microsoft Visual Studio/18/Community/Common7/IDE/CommonExtensions/Microsoft/CMake/CMake/bin/lld-link"
      - "D:/Microsoft Visual Studio/18/Community/Common7/IDE/CommonExtensions/Microsoft/CMake/Ninja/lld-link.com"
      - "D:/Microsoft Visual Studio/18/Community/Common7/IDE/CommonExtensions/Microsoft/CMake/Ninja/lld-link.exe"
      - "D:/Microsoft Visual Studio/18/Community/Common7/IDE/CommonExtensions/Microsoft/CMake/Ninja/lld-link"
      - "D:/Microsoft Visual Studio/18/Community/Common7/IDE/VC/Linux/bin/ConnectionManagerExe/lld-link.com"
      - "D:/Microsoft Visual Studio/18/Community/Common7/IDE/VC/Linux/bin/ConnectionManagerExe/lld-link.exe"
      - "D:/Microsoft Visual Studio/18/Community/Common7/IDE/VC/Linux/bin/ConnectionManagerExe/lld-link"
      - "D:/Microsoft Visual Studio/18/Community/VC/vcpkg/lld-link.com"
      - "D:/Microsoft Visual Studio/18/Community/VC/vcpkg/lld-link.exe"
      - "D:/Microsoft Visual Studio/18/Community/VC/vcpkg/lld-link"
    found: false
    search_context:
      CMAKE_PROGRAM_PATH:
        - "D:/WaterSurfaceRendererScratch/vcpkg_installed/x64-windows/tools"
      CMAKE_PREFIX_PATH:
        - "D:/WaterSurfaceRendererScratch/vcpkg_installed/x64-windows"
        - "D:/WaterSurfaceRendererScratch/vcpkg_installed/x64-windows/debug"
      ENV{PATH}:
        - "D:\\Microsoft Visual Studio\\18\\Community\\VC\\Tools\\MSVC\\14.51.36231\\bin\\HostX64\\x64"
        - "D:\\Microsoft Visual Studio\\18\\Community\\Common7\\IDE\\VC\\VCPackages"
        - "D:\\Microsoft Visual Studio\\18\\Community\\Common7\\IDE\\CommonExtensions\\Microsoft\\TestWindow"
        - "D:\\Microsoft Visual Studio\\18\\Community\\Common7\\IDE\\CommonExtensions\\Microsoft\\TeamFoundation\\Team Explorer"
        - "D:\\Microsoft Visual Studio\\18\\Community\\MSBuild\\Current\\bin\\Roslyn"
        - "C:\\Program Files (x86)\\Microsoft SDKs\\Windows\\v10.0A\\bin\\NETFX 4.8 Tools\\x64\\"
        - "D:\\Microsoft Visual Studio\\18\\Community\\Team Tools\\DiagnosticsHub\\Collector"
        - "D:\\Microsoft Visual Studio\\18\\Community\\Common7\\IDE\\Extensions\\Microsoft\\CodeCoverage.Console"
        - "C:\\Program Files (x86)\\Windows Kits\\10\\bin\\10.0.26100.0\\\\x64"
        - "C:\\Program Files (x86)\\Windows Kits\\10\\bin\\\\x64"
        - "D:\\Microsoft Visual Studio\\18\\Community\\\\MSBuild\\Current\\Bin\\amd64"
        - "C:\\Windows\\Microsoft.NET\\Framework64\\v4.0.30319"
        - "D:\\Microsoft Visual Studio\\18\\Community\\Common7\\IDE\\"
        - "D:\\Microsoft Visual Studio\\18\\Community\\Common7\\Tools\\"
        - "C:\\Users\\xukeheng\\AppData\\Local\\vcpkg\\downloads\\tools\\powershell-core-7.5.4-windows"
        - "C:\\windows\\system32"
        - "C:\\windows"
        - "C:\\windows\\system32\\Wbem"
        - "C:\\windows\\system32\\WindowsPowerShell\\v1.0\\"
        - "C:\\windows\\system32\\OpenSSH\\"
        - "D:\\Microsoft Visual Studio\\18\\Community\\Common7\\IDE\\CommonExtensions\\Microsoft\\CMake\\CMake\\bin"
        - "D:\\Microsoft Visual Studio\\18\\Community\\Common7\\IDE\\CommonExtensions\\Microsoft\\CMake\\Ninja"
        - "D:\\Microsoft Visual Studio\\18\\Community\\Common7\\IDE\\VC\\Linux\\bin\\ConnectionManagerExe"
        - "D:\\Microsoft Visual Studio\\18\\Community\\VC\\vcpkg"
        - "D:\\Microsoft Visual Studio\\18\\Community\\Common7\\IDE\\CommonExtensions\\Microsoft\\CMake\\Ninja"
        - "D:\\Microsoft Visual Studio\\18\\Community\\Common7\\IDE\\CommonExtensions\\Microsoft\\CMake\\Ninja"
        - "D:\\Microsoft Visual Studio\\18\\Community\\Common7\\IDE\\CommonExtensions\\Microsoft\\CMake\\Ninja"
      CMAKE_INSTALL_PREFIX: "D:/WaterSurfaceRendererScratch/vcpkg_installed/vcpkg/pkgs/fftw3_x64-windows"
      CMAKE_FIND_ROOT_PATH: "D:/WaterSurfaceRendererScratch/vcpkg_installed/x64-windows;D:/WaterSurfaceRendererScratch/vcpkg_installed/x64-windows/debug"
  -
    kind: "find-v1"
    backtrace:
      - "D:/Microsoft Visual Studio/18/Community/Common7/IDE/CommonExtensions/Microsoft/CMake/CMake/share/cmake-4.3/Modules/CMakeFindBinUtils.cmake:243 (find_program)"
      - "D:/Microsoft Visual Studio/18/Community/Common7/IDE/CommonExtensions/Microsoft/CMake/CMake/share/cmake-4.3/Modules/CMakeDetermineCCompiler.cmake:200 (include)"
      - "CMakeLists.txt:7 (project)"
    mode: "program"
    variable: "CMAKE_LINKER"
    description: "Path to a program."
    settings:
      SearchFramework: "LAST"
      SearchAppBundle: "LAST"
      CMAKE_FIND_USE_CMAKE_PATH: false
      CMAKE_FIND_USE_CMAKE_ENVIRONMENT_PATH: false
      CMAKE_FIND_USE_SYSTEM_ENVIRONMENT_PATH: true
      CMAKE_FIND_USE_CMAKE_SYSTEM_PATH: true
      CMAKE_FIND_USE_INSTALL_PREFIX: true
    names:
      - "link"
    candidate_directories:
      - "D:/WaterSurfaceRendererScratch/vcpkg_installed/x64-windows/Microsoft Visual Studio/18/Community/VC/Tools/MSVC/14.51.36231/bin/Hostx64/x64/"
      - "D:/WaterSurfaceRendererScratch/vcpkg_installed/x64-windows/Microsoft Visual Studio/18/Community/Common7/IDE/VC/vcpackages/"
      - "D:/WaterSurfaceRendererScratch/vcpkg_installed/x64-windows/Microsoft Visual Studio/18/Community/Common7/IDE/CommonExtensions/Microsoft/TestWindow/"
      - "D:/WaterSurfaceRendererScratch/vcpkg_installed/x64-windows/Microsoft Visual Studio/18/Community/Common7/IDE/CommonExtensions/Microsoft/TeamFoundation/Team Explorer/"
      - "D:/WaterSurfaceRendererScratch/vcpkg_installed/x64-windows/Microsoft Visual Studio/18/Community/MSBuild/Current/Bin/Roslyn/"
      - "D:/WaterSurfaceRendererScratch/vcpkg_installed/x64-windows/Program Files (x86)/Microsoft SDKs/Windows/v10.0A/bin/NETFX 4.8 Tools/x64/"
      - "D:/WaterSurfaceRendererScratch/vcpkg_installed/x64-windows/Microsoft Visual Studio/18/Community/Team Tools/DiagnosticsHub/Collector/"
      - "D:/WaterSurfaceRendererScratch/vcpkg_installed/x64-windows/Microsoft Visual Studio/18/Community/Common7/IDE/Extensions/Microsoft/CodeCoverage.Console/"
      - "D:/WaterSurfaceRendererScratch/vcpkg_installed/x64-windows/Program Files (x86)/Windows Kits/10/bin/10.0.26100.0/x64/"
      - "D:/WaterSurfaceRendererScratch/vcpkg_installed/x64-windows/Program Files (x86)/Windows Kits/10/bin/x64/"
      - "D:/WaterSurfaceRendererScratch/vcpkg_installed/x64-windows/Microsoft Visual Studio/18/Community/MSBuild/Current/Bin/amd64/"
      - "D:/WaterSurfaceRendererScratch/vcpkg_installed/x64-windows/Windows/Microsoft.NET/Framework64/v4.0.30319/"
      - "D:/WaterSurfaceRendererScratch/vcpkg_installed/x64-windows/Microsoft Visual Studio/18/Community/Common7/IDE/"
      - "D:/WaterSurfaceRendererScratch/vcpkg_installed/x64-windows/Microsoft Visual Studio/18/Community/Common7/Tools/"
      - "D:/WaterSurfaceRendererScratch/vcpkg_installed/x64-windows/Users/xukeheng/AppData/Local/vcpkg/downloads/tools/powershell-core-7.5.4-windows/"
      - "D:/WaterSurfaceRendererScratch/vcpkg_installed/x64-windows/Windows/System32/"
      - "D:/WaterSurfaceRendererScratch/vcpkg_installed/x64-windows/Windows/"
      - "D:/WaterSurfaceRendererScratch/vcpkg_installed/x64-windows/Windows/System32/wbem/"
      - "D:/WaterSurfaceRendererScratch/vcpkg_installed/x64-windows/Windows/System32/WindowsPowerShell/v1.0/"
      - "D:/WaterSurfaceRendererScratch/vcpkg_installed/x64-windows/Windows/System32/OpenSSH/"
      - "D:/WaterSurfaceRendererScratch/vcpkg_installed/x64-windows/Microsoft Visual Studio/18/Community/Common7/IDE/CommonExtensions/Microsoft/CMake/CMake/bin/"
      - "D:/WaterSurfaceRendererScratch/vcpkg_installed/x64-windows/Microsoft Visual Studio/18/Community/Common7/IDE/CommonExtensions/Microsoft/CMake/Ninja/"
      - "D:/WaterSurfaceRendererScratch/vcpkg_installed/x64-windows/Microsoft Visual Studio/18/Community/Common7/IDE/VC/Linux/bin/ConnectionManagerExe/"
      - "D:/WaterSurfaceRendererScratch/vcpkg_installed/x64-windows/Microsoft Visual Studio/18/Community/VC/vcpkg/"
      - "D:/WaterSurfaceRendererScratch/vcpkg_installed/x64-windows/debug/Microsoft Visual Studio/18/Community/VC/Tools/MSVC/14.51.36231/bin/Hostx64/x64/"
      - "D:/WaterSurfaceRendererScratch/vcpkg_installed/x64-windows/debug/Microsoft Visual Studio/18/Community/Common7/IDE/VC/vcpackages/"
      - "D:/WaterSurfaceRendererScratch/vcpkg_installed/x64-windows/debug/Microsoft Visual Studio/18/Community/Common7/IDE/CommonExtensions/Microsoft/TestWindow/"
      - "D:/WaterSurfaceRendererScratch/vcpkg_installed/x64-windows/debug/Microsoft Visual Studio/18/Community/Common7/IDE/CommonExtensions/Microsoft/TeamFoundation/Team Explorer/"
      - "D:/WaterSurfaceRendererScratch/vcpkg_installed/x64-windows/debug/Microsoft Visual Studio/18/Community/MSBuild/Current/Bin/Roslyn/"
      - "D:/WaterSurfaceRendererScratch/vcpkg_installed/x64-windows/debug/Program Files (x86)/Microsoft SDKs/Windows/v10.0A/bin/NETFX 4.8 Tools/x64/"
      - "D:/WaterSurfaceRendererScratch/vcpkg_installed/x64-windows/debug/Microsoft Visual Studio/18/Community/Team Tools/DiagnosticsHub/Collector/"
      - "D:/WaterSurfaceRendererScratch/vcpkg_installed/x64-windows/debug/Microsoft Visual Studio/18/Community/Common7/IDE/Extensions/Microsoft/CodeCoverage.Console/"
      - "D:/WaterSurfaceRendererScratch/vcpkg_installed/x64-windows/debug/Program Files (x86)/Windows Kits/10/bin/10.0.26100.0/x64/"
      - "D:/WaterSurfaceRendererScratch/vcpkg_installed/x64-windows/debug/Program Files (x86)/Windows Kits/10/bin/x64/"
      - "D:/WaterSurfaceRendererScratch/vcpkg_installed/x64-windows/debug/Microsoft Visual Studio/18/Community/MSBuild/Current/Bin/amd64/"
      - "D:/WaterSurfaceRendererScratch/vcpkg_installed/x64-windows/debug/Windows/Microsoft.NET/Framework64/v4.0.30319/"
      - "D:/WaterSurfaceRendererScratch/vcpkg_installed/x64-windows/debug/Microsoft Visual Studio/18/Community/Common7/IDE/"
      - "D:/WaterSurfaceRendererScratch/vcpkg_installed/x64-windows/debug/Microsoft Visual Studio/18/Community/Common7/Tools/"
      - "D:/WaterSurfaceRendererScratch/vcpkg_installed/x64-windows/debug/Users/xukeheng/AppData/Local/vcpkg/downloads/tools/powershell-core-7.5.4-windows/"
      - "D:/WaterSurfaceRendererScratch/vcpkg_installed/x64-windows/debug/Windows/System32/"
      - "D:/WaterSurfaceRendererScratch/vcpkg_installed/x64-windows/debug/Windows/"
      - "D:/WaterSurfaceRendererScratch/vcpkg_installed/x64-windows/debug/Windows/System32/wbem/"
      - "D:/WaterSurfaceRendererScratch/vcpkg_installed/x64-windows/debug/Windows/System32/WindowsPowerShell/v1.0/"
      - "D:/WaterSurfaceRendererScratch/vcpkg_installed/x64-windows/debug/Windows/System32/OpenSSH/"
      - "D:/WaterSurfaceRendererScratch/vcpkg_installed/x64-windows/debug/Microsoft Visual Studio/18/Community/Common7/IDE/CommonExtensions/Microsoft/CMake/CMake/bin/"
      - "D:/WaterSurfaceRendererScratch/vcpkg_installed/x64-windows/debug/Microsoft Visual Studio/18/Community/Common7/IDE/CommonExtensions/Microsoft/CMake/Ninja/"
      - "D:/WaterSurfaceRendererScratch/vcpkg_installed/x64-windows/debug/Microsoft Visual Studio/18/Community/Common7/IDE/VC/Linux/bin/ConnectionManagerExe/"
      - "D:/WaterSurfaceRendererScratch/vcpkg_installed/x64-windows/debug/Microsoft Visual Studio/18/Community/VC/vcpkg/"
      - "D:/Microsoft Visual Studio/18/Community/VC/Tools/MSVC/14.51.36231/bin/Hostx64/x64/"
      - "D:/Microsoft Visual Studio/18/Community/Common7/IDE/VC/vcpackages/"
      - "D:/Microsoft Visual Studio/18/Community/Common7/IDE/CommonExtensions/Microsoft/TestWindow/"
      - "D:/Microsoft Visual Studio/18/Community/Common7/IDE/CommonExtensions/Microsoft/TeamFoundation/Team Explorer/"
      - "D:/Microsoft Visual Studio/18/Community/MSBuild/Current/Bin/Roslyn/"
      - "C:/Program Files (x86)/Microsoft SDKs/Windows/v10.0A/bin/NETFX 4.8 Tools/x64/"
      - "D:/Microsoft Visual Studio/18/Community/Team Tools/DiagnosticsHub/Collector/"
      - "D:/Microsoft Visual Studio/18/Community/Common7/IDE/Extensions/Microsoft/CodeCoverage.Console/"
      - "C:/Program Files (x86)/Windows Kits/10/bin/10.0.26100.0/x64/"
      - "C:/Program Files (x86)/Windows Kits/10/bin/x64/"
      - "D:/Microsoft Visual Studio/18/Community/MSBuild/Current/Bin/amd64/"
      - "C:/Windows/Microsoft.NET/Framework64/v4.0.30319/"
      - "D:/Microsoft Visual Studio/18/Community/Common7/IDE/"
      - "D:/Microsoft Visual Studio/18/Community/Common7/Tools/"
      - "C:/Users/xukeheng/AppData/Local/vcpkg/downloads/tools/powershell-core-7.5.4-windows/"
      - "C:/Windows/System32/"
      - "C:/Windows/"
      - "C:/Windows/System32/wbem/"
      - "C:/Windows/System32/WindowsPowerShell/v1.0/"
      - "C:/Windows/System32/OpenSSH/"
      - "D:/Microsoft Visual Studio/18/Community/Common7/IDE/CommonExtensions/Microsoft/CMake/CMake/bin/"
      - "D:/Microsoft Visual Studio/18/Community/Common7/IDE/CommonExtensions/Microsoft/CMake/Ninja/"
      - "D:/Microsoft Visual Studio/18/Community/Common7/IDE/VC/Linux/bin/ConnectionManagerExe/"
      - "D:/Microsoft Visual Studio/18/Community/VC/vcpkg/"
    searched_directories:
      - "D:/WaterSurfaceRendererScratch/vcpkg_installed/x64-windows/Microsoft Visual Studio/18/Community/VC/Tools/MSVC/14.51.36231/bin/Hostx64/x64/link.com"
      - "D:/WaterSurfaceRendererScratch/vcpkg_installed/x64-windows/Microsoft Visual Studio/18/Community/VC/Tools/MSVC/14.51.36231/bin/Hostx64/x64/link.exe"
      - "D:/WaterSurfaceRendererScratch/vcpkg_installed/x64-windows/Microsoft Visual Studio/18/Community/VC/Tools/MSVC/14.51.36231/bin/Hostx64/x64/link"
      - "D:/WaterSurfaceRendererScratch/vcpkg_installed/x64-windows/Microsoft Visual Studio/18/Community/Common7/IDE/VC/vcpackages/link.com"
      - "D:/WaterSurfaceRendererScratch/vcpkg_installed/x64-windows/Microsoft Visual Studio/18/Community/Common7/IDE/VC/vcpackages/link.exe"
      - "D:/WaterSurfaceRendererScratch/vcpkg_installed/x64-windows/Microsoft Visual Studio/18/Community/Common7/IDE/VC/vcpackages/link"
      - "D:/WaterSurfaceRendererScratch/vcpkg_installed/x64-windows/Microsoft Visual Studio/18/Community/Common7/IDE/CommonExtensions/Microsoft/TestWindow/link.com"
      - "D:/WaterSurfaceRendererScratch/vcpkg_installed/x64-windows/Microsoft Visual Studio/18/Community/Common7/IDE/CommonExtensions/Microsoft/TestWindow/link.exe"
      - "D:/WaterSurfaceRendererScratch/vcpkg_installed/x64-windows/Microsoft Visual Studio/18/Community/Common7/IDE/CommonExtensions/Microsoft/TestWindow/link"
      - "D:/WaterSurfaceRendererScratch/vcpkg_installed/x64-windows/Microsoft Visual Studio/18/Community/Common7/IDE/CommonExtensions/Microsoft/TeamFoundation/Team Explorer/link.com"
      - "D:/WaterSurfaceRendererScratch/vcpkg_installed/x64-windows/Microsoft Visual Studio/18/Community/Common7/IDE/CommonExtensions/Microsoft/TeamFoundation/Team Explorer/link.exe"
      - "D:/WaterSurfaceRendererScratch/vcpkg_installed/x64-windows/Microsoft Visual Studio/18/Community/Common7/IDE/CommonExtensions/Microsoft/TeamFoundation/Team Explorer/link"
      - "D:/WaterSurfaceRendererScratch/vcpkg_installed/x64-windows/Microsoft Visual Studio/18/Community/MSBuild/Current/Bin/Roslyn/link.com"
      - "D:/WaterSurfaceRendererScratch/vcpkg_installed/x64-windows/Microsoft Visual Studio/18/Community/MSBuild/Current/Bin/Roslyn/link.exe"
      - "D:/WaterSurfaceRendererScratch/vcpkg_installed/x64-windows/Microsoft Visual Studio/18/Community/MSBuild/Current/Bin/Roslyn/link"
      - "D:/WaterSurfaceRendererScratch/vcpkg_installed/x64-windows/Program Files (x86)/Microsoft SDKs/Windows/v10.0A/bin/NETFX 4.8 Tools/x64/link.com"
      - "D:/WaterSurfaceRendererScratch/vcpkg_installed/x64-windows/Program Files (x86)/Microsoft SDKs/Windows/v10.0A/bin/NETFX 4.8 Tools/x64/link.exe"
      - "D:/WaterSurfaceRendererScratch/vcpkg_installed/x64-windows/Program Files (x86)/Microsoft SDKs/Windows/v10.0A/bin/NETFX 4.8 Tools/x64/link"
      - "D:/WaterSurfaceRendererScratch/vcpkg_installed/x64-windows/Microsoft Visual Studio/18/Community/Team Tools/DiagnosticsHub/Collector/link.com"
      - "D:/WaterSurfaceRendererScratch/vcpkg_installed/x64-windows/Microsoft Visual Studio/18/Community/Team Tools/DiagnosticsHub/Collector/link.exe"
      - "D:/WaterSurfaceRendererScratch/vcpkg_installed/x64-windows/Microsoft Visual Studio/18/Community/Team Tools/DiagnosticsHub/Collector/link"
      - "D:/WaterSurfaceRendererScratch/vcpkg_installed/x64-windows/Microsoft Visual Studio/18/Community/Common7/IDE/Extensions/Microsoft/CodeCoverage.Console/link.com"
      - "D:/WaterSurfaceRendererScratch/vcpkg_installed/x64-windows/Microsoft Visual Studio/18/Community/Common7/IDE/Extensions/Microsoft/CodeCoverage.Console/link.exe"
      - "D:/WaterSurfaceRendererScratch/vcpkg_installed/x64-windows/Microsoft Visual Studio/18/Community/Common7/IDE/Extensions/Microsoft/CodeCoverage.Console/link"
      - "D:/WaterSurfaceRendererScratch/vcpkg_installed/x64-windows/Program Files (x86)/Windows Kits/10/bin/10.0.26100.0/x64/link.com"
      - "D:/WaterSurfaceRendererScratch/vcpkg_installed/x64-windows/Program Files (x86)/Windows Kits/10/bin/10.0.26100.0/x64/link.exe"
      - "D:/WaterSurfaceRendererScratch/vcpkg_installed/x64-windows/Program Files (x86)/Windows Kits/10/bin/10.0.26100.0/x64/link"
      - "D:/WaterSurfaceRendererScratch/vcpkg_installed/x64-windows/Program Files (x86)/Windows Kits/10/bin/x64/link.com"
      - "D:/WaterSurfaceRendererScratch/vcpkg_installed/x64-windows/Program Files (x86)/Windows Kits/10/bin/x64/link.exe"
      - "D:/WaterSurfaceRendererScratch/vcpkg_installed/x64-windows/Program Files (x86)/Windows Kits/10/bin/x64/link"
      - "D:/WaterSurfaceRendererScratch/vcpkg_installed/x64-windows/Microsoft Visual Studio/18/Community/MSBuild/Current/Bin/amd64/link.com"
      - "D:/WaterSurfaceRendererScratch/vcpkg_installed/x64-windows/Microsoft Visual Studio/18/Community/MSBuild/Current/Bin/amd64/link.exe"
      - "D:/WaterSurfaceRendererScratch/vcpkg_installed/x64-windows/Microsoft Visual Studio/18/Community/MSBuild/Current/Bin/amd64/link"
      - "D:/WaterSurfaceRendererScratch/vcpkg_installed/x64-windows/Windows/Microsoft.NET/Framework64/v4.0.30319/link.com"
      - "D:/WaterSurfaceRendererScratch/vcpkg_installed/x64-windows/Windows/Microsoft.NET/Framework64/v4.0.30319/link.exe"
      - "D:/WaterSurfaceRendererScratch/vcpkg_installed/x64-windows/Windows/Microsoft.NET/Framework64/v4.0.30319/link"
      - "D:/WaterSurfaceRendererScratch/vcpkg_installed/x64-windows/Microsoft Visual Studio/18/Community/Common7/IDE/link.com"
      - "D:/WaterSurfaceRendererScratch/vcpkg_installed/x64-windows/Microsoft Visual Studio/18/Community/Common7/IDE/link.exe"
      - "D:/WaterSurfaceRendererScratch/vcpkg_installed/x64-windows/Microsoft Visual Studio/18/Community/Common7/IDE/link"
      - "D:/WaterSurfaceRendererScratch/vcpkg_installed/x64-windows/Microsoft Visual Studio/18/Community/Common7/Tools/link.com"
      - "D:/WaterSurfaceRendererScratch/vcpkg_installed/x64-windows/Microsoft Visual Studio/18/Community/Common7/Tools/link.exe"
      - "D:/WaterSurfaceRendererScratch/vcpkg_installed/x64-windows/Microsoft Visual Studio/18/Community/Common7/Tools/link"
      - "D:/WaterSurfaceRendererScratch/vcpkg_installed/x64-windows/Users/xukeheng/AppData/Local/vcpkg/downloads/tools/powershell-core-7.5.4-windows/link.com"
      - "D:/WaterSurfaceRendererScratch/vcpkg_installed/x64-windows/Users/xukeheng/AppData/Local/vcpkg/downloads/tools/powershell-core-7.5.4-windows/link.exe"
      - "D:/WaterSurfaceRendererScratch/vcpkg_installed/x64-windows/Users/xukeheng/AppData/Local/vcpkg/downloads/tools/powershell-core-7.5.4-windows/link"
      - "D:/WaterSurfaceRendererScratch/vcpkg_installed/x64-windows/Windows/System32/link.com"
      - "D:/WaterSurfaceRendererScratch/vcpkg_installed/x64-windows/Windows/System32/link.exe"
      - "D:/WaterSurfaceRendererScratch/vcpkg_installed/x64-windows/Windows/System32/link"
      - "D:/WaterSurfaceRendererScratch/vcpkg_installed/x64-windows/Windows/link.com"
      - "D:/WaterSurfaceRendererScratch/vcpkg_installed/x64-windows/Windows/link.exe"
      - "D:/WaterSurfaceRendererScratch/vcpkg_installed/x64-windows/Windows/link"
      - "D:/WaterSurfaceRendererScratch/vcpkg_installed/x64-windows/Windows/System32/wbem/link.com"
      - "D:/WaterSurfaceRendererScratch/vcpkg_installed/x64-windows/Windows/System32/wbem/link.exe"
      - "D:/WaterSurfaceRendererScratch/vcpkg_installed/x64-windows/Windows/System32/wbem/link"
      - "D:/WaterSurfaceRendererScratch/vcpkg_installed/x64-windows/Windows/System32/WindowsPowerShell/v1.0/link.com"
      - "D:/WaterSurfaceRendererScratch/vcpkg_installed/x64-windows/Windows/System32/WindowsPowerShell/v1.0/link.exe"
      - "D:/WaterSurfaceRendererScratch/vcpkg_installed/x64-windows/Windows/System32/WindowsPowerShell/v1.0/link"
      - "D:/WaterSurfaceRendererScratch/vcpkg_installed/x64-windows/Windows/System32/OpenSSH/link.com"
      - "D:/WaterSurfaceRendererScratch/vcpkg_installed/x64-windows/Windows/System32/OpenSSH/link.exe"
      - "D:/WaterSurfaceRendererScratch/vcpkg_installed/x64-windows/Windows/System32/OpenSSH/link"
      - "D:/WaterSurfaceRendererScratch/vcpkg_installed/x64-windows/Microsoft Visual Studio/18/Community/Common7/IDE/CommonExtensions/Microsoft/CMake/CMake/bin/link.com"
      - "D:/WaterSurfaceRendererScratch/vcpkg_installed/x64-windows/Microsoft Visual Studio/18/Community/Common7/IDE/CommonExtensions/Microsoft/CMake/CMake/bin/link.exe"
      - "D:/WaterSurfaceRendererScratch/vcpkg_installed/x64-windows/Microsoft Visual Studio/18/Community/Common7/IDE/CommonExtensions/Microsoft/CMake/CMake/bin/link"
      - "D:/WaterSurfaceRendererScratch/vcpkg_installed/x64-windows/Microsoft Visual Studio/18/Community/Common7/IDE/CommonExtensions/Microsoft/CMake/Ninja/link.com"
      - "D:/WaterSurfaceRendererScratch/vcpkg_installed/x64-windows/Microsoft Visual Studio/18/Community/Common7/IDE/CommonExtensions/Microsoft/CMake/Ninja/link.exe"
      - "D:/WaterSurfaceRendererScratch/vcpkg_installed/x64-windows/Microsoft Visual Studio/18/Community/Common7/IDE/CommonExtensions/Microsoft/CMake/Ninja/link"
      - "D:/WaterSurfaceRendererScratch/vcpkg_installed/x64-windows/Microsoft Visual Studio/18/Community/Common7/IDE/VC/Linux/bin/ConnectionManagerExe/link.com"
      - "D:/WaterSurfaceRendererScratch/vcpkg_installed/x64-windows/Microsoft Visual Studio/18/Community/Common7/IDE/VC/Linux/bin/ConnectionManagerExe/link.exe"
      - "D:/WaterSurfaceRendererScratch/vcpkg_installed/x64-windows/Microsoft Visual Studio/18/Community/Common7/IDE/VC/Linux/bin/ConnectionManagerExe/link"
      - "D:/WaterSurfaceRendererScratch/vcpkg_installed/x64-windows/Microsoft Visual Studio/18/Community/VC/vcpkg/link.com"
      - "D:/WaterSurfaceRendererScratch/vcpkg_installed/x64-windows/Microsoft Visual Studio/18/Community/VC/vcpkg/link.exe"
      - "D:/WaterSurfaceRendererScratch/vcpkg_installed/x64-windows/Microsoft Visual Studio/18/Community/VC/vcpkg/link"
      - "D:/WaterSurfaceRendererScratch/vcpkg_installed/x64-windows/debug/Microsoft Visual Studio/18/Community/VC/Tools/MSVC/14.51.36231/bin/Hostx64/x64/link.com"
      - "D:/WaterSurfaceRendererScratch/vcpkg_installed/x64-windows/debug/Microsoft Visual Studio/18/Community/VC/Tools/MSVC/14.51.36231/bin/Hostx64/x64/link.exe"
      - "D:/WaterSurfaceRendererScratch/vcpkg_installed/x64-windows/debug/Microsoft Visual Studio/18/Community/VC/Tools/MSVC/14.51.36231/bin/Hostx64/x64/link"
      - "D:/WaterSurfaceRendererScratch/vcpkg_installed/x64-windows/debug/Microsoft Visual Studio/18/Community/Common7/IDE/VC/vcpackages/link.com"
      - "D:/WaterSurfaceRendererScratch/vcpkg_installed/x64-windows/debug/Microsoft Visual Studio/18/Community/Common7/IDE/VC/vcpackages/link.exe"
      - "D:/WaterSurfaceRendererScratch/vcpkg_installed/x64-windows/debug/Microsoft Visual Studio/18/Community/Common7/IDE/VC/vcpackages/link"
      - "D:/WaterSurfaceRendererScratch/vcpkg_installed/x64-windows/debug/Microsoft Visual Studio/18/Community/Common7/IDE/CommonExtensions/Microsoft/TestWindow/link.com"
      - "D:/WaterSurfaceRendererScratch/vcpkg_installed/x64-windows/debug/Microsoft Visual Studio/18/Community/Common7/IDE/CommonExtensions/Microsoft/TestWindow/link.exe"
      - "D:/WaterSurfaceRendererScratch/vcpkg_installed/x64-windows/debug/Microsoft Visual Studio/18/Community/Common7/IDE/CommonExtensions/Microsoft/TestWindow/link"
      - "D:/WaterSurfaceRendererScratch/vcpkg_installed/x64-windows/debug/Microsoft Visual Studio/18/Community/Common7/IDE/CommonExtensions/Microsoft/TeamFoundation/Team Explorer/link.com"
      - "D:/WaterSurfaceRendererScratch/vcpkg_installed/x64-windows/debug/Microsoft Visual Studio/18/Community/Common7/IDE/CommonExtensions/Microsoft/TeamFoundation/Team Explorer/link.exe"
      - "D:/WaterSurfaceRendererScratch/vcpkg_installed/x64-windows/debug/Microsoft Visual Studio/18/Community/Common7/IDE/CommonExtensions/Microsoft/TeamFoundation/Team Explorer/link"
      - "D:/WaterSurfaceRendererScratch/vcpkg_installed/x64-windows/debug/Microsoft Visual Studio/18/Community/MSBuild/Current/Bin/Roslyn/link.com"
      - "D:/WaterSurfaceRendererScratch/vcpkg_installed/x64-windows/debug/Microsoft Visual Studio/18/Community/MSBuild/Current/Bin/Roslyn/link.exe"
      - "D:/WaterSurfaceRendererScratch/vcpkg_installed/x64-windows/debug/Microsoft Visual Studio/18/Community/MSBuild/Current/Bin/Roslyn/link"
      - "D:/WaterSurfaceRendererScratch/vcpkg_installed/x64-windows/debug/Program Files (x86)/Microsoft SDKs/Windows/v10.0A/bin/NETFX 4.8 Tools/x64/link.com"
      - "D:/WaterSurfaceRendererScratch/vcpkg_installed/x64-windows/debug/Program Files (x86)/Microsoft SDKs/Windows/v10.0A/bin/NETFX 4.8 Tools/x64/link.exe"
      - "D:/WaterSurfaceRendererScratch/vcpkg_installed/x64-windows/debug/Program Files (x86)/Microsoft SDKs/Windows/v10.0A/bin/NETFX 4.8 Tools/x64/link"
      - "D:/WaterSurfaceRendererScratch/vcpkg_installed/x64-windows/debug/Microsoft Visual Studio/18/Community/Team Tools/DiagnosticsHub/Collector/link.com"
      - "D:/WaterSurfaceRendererScratch/vcpkg_installed/x64-windows/debug/Microsoft Visual Studio/18/Community/Team Tools/DiagnosticsHub/Collector/link.exe"
      - "D:/WaterSurfaceRendererScratch/vcpkg_installed/x64-windows/debug/Microsoft Visual Studio/18/Community/Team Tools/DiagnosticsHub/Collector/link"
      - "D:/WaterSurfaceRendererScratch/vcpkg_installed/x64-windows/debug/Microsoft Visual Studio/18/Community/Common7/IDE/Extensions/Microsoft/CodeCoverage.Console/link.com"
      - "D:/WaterSurfaceRendererScratch/vcpkg_installed/x64-windows/debug/Microsoft Visual Studio/18/Community/Common7/IDE/Extensions/Microsoft/CodeCoverage.Console/link.exe"
      - "D:/WaterSurfaceRendererScratch/vcpkg_installed/x64-windows/debug/Microsoft Visual Studio/18/Community/Common7/IDE/Extensions/Microsoft/CodeCoverage.Console/link"
      - "D:/WaterSurfaceRendererScratch/vcpkg_installed/x64-windows/debug/Program Files (x86)/Windows Kits/10/bin/10.0.26100.0/x64/link.com"
      - "D:/WaterSurfaceRendererScratch/vcpkg_installed/x64-windows/debug/Program Files (x86)/Windows Kits/10/bin/10.0.26100.0/x64/link.exe"
      - "D:/WaterSurfaceRendererScratch/vcpkg_installed/x64-windows/debug/Program Files (x86)/Windows Kits/10/bin/10.0.26100.0/x64/link"
      - "D:/WaterSurfaceRendererScratch/vcpkg_installed/x64-windows/debug/Program Files (x86)/Windows Kits/10/bin/x64/link.com"
      - "D:/WaterSurfaceRendererScratch/vcpkg_installed/x64-windows/debug/Program Files (x86)/Windows Kits/10/bin/x64/link.exe"
      - "D:/WaterSurfaceRendererScratch/vcpkg_installed/x64-windows/debug/Program Files (x86)/Windows Kits/10/bin/x64/link"
      - "D:/WaterSurfaceRendererScratch/vcpkg_installed/x64-windows/debug/Microsoft Visual Studio/18/Community/MSBuild/Current/Bin/amd64/link.com"
      - "D:/WaterSurfaceRendererScratch/vcpkg_installed/x64-windows/debug/Microsoft Visual Studio/18/Community/MSBuild/Current/Bin/amd64/link.exe"
      - "D:/WaterSurfaceRendererScratch/vcpkg_installed/x64-windows/debug/Microsoft Visual Studio/18/Community/MSBuild/Current/Bin/amd64/link"
      - "D:/WaterSurfaceRendererScratch/vcpkg_installed/x64-windows/debug/Windows/Microsoft.NET/Framework64/v4.0.30319/link.com"
      - "D:/WaterSurfaceRendererScratch/vcpkg_installed/x64-windows/debug/Windows/Microsoft.NET/Framework64/v4.0.30319/link.exe"
      - "D:/WaterSurfaceRendererScratch/vcpkg_installed/x64-windows/debug/Windows/Microsoft.NET/Framework64/v4.0.30319/link"
      - "D:/WaterSurfaceRendererScratch/vcpkg_installed/x64-windows/debug/Microsoft Visual Studio/18/Community/Common7/IDE/link.com"
      - "D:/WaterSurfaceRendererScratch/vcpkg_installed/x64-windows/debug/Microsoft Visual Studio/18/Community/Common7/IDE/link.exe"
      - "D:/WaterSurfaceRendererScratch/vcpkg_installed/x64-windows/debug/Microsoft Visual Studio/18/Community/Common7/IDE/link"
      - "D:/WaterSurfaceRendererScratch/vcpkg_installed/x64-windows/debug/Microsoft Visual Studio/18/Community/Common7/Tools/link.com"
      - "D:/WaterSurfaceRendererScratch/vcpkg_installed/x64-windows/debug/Microsoft Visual Studio/18/Community/Common7/Tools/link.exe"
      - "D:/WaterSurfaceRendererScratch/vcpkg_installed/x64-windows/debug/Microsoft Visual Studio/18/Community/Common7/Tools/link"
      - "D:/WaterSurfaceRendererScratch/vcpkg_installed/x64-windows/debug/Users/xukeheng/AppData/Local/vcpkg/downloads/tools/powershell-core-7.5.4-windows/link.com"
      - "D:/WaterSurfaceRendererScratch/vcpkg_installed/x64-windows/debug/Users/xukeheng/AppData/Local/vcpkg/downloads/tools/powershell-core-7.5.4-windows/link.exe"
      - "D:/WaterSurfaceRendererScratch/vcpkg_installed/x64-windows/debug/Users/xukeheng/AppData/Local/vcpkg/downloads/tools/powershell-core-7.5.4-windows/link"
      - "D:/WaterSurfaceRendererScratch/vcpkg_installed/x64-windows/debug/Windows/System32/link.com"
      - "D:/WaterSurfaceRendererScratch/vcpkg_installed/x64-windows/debug/Windows/System32/link.exe"
      - "D:/WaterSurfaceRendererScratch/vcpkg_installed/x64-windows/debug/Windows/System32/link"
      - "D:/WaterSurfaceRendererScratch/vcpkg_installed/x64-windows/debug/Windows/link.com"
      - "D:/WaterSurfaceRendererScratch/vcpkg_installed/x64-windows/debug/Windows/link.exe"
      - "D:/WaterSurfaceRendererScratch/vcpkg_installed/x64-windows/debug/Windows/link"
      - "D:/WaterSurfaceRendererScratch/vcpkg_installed/x64-windows/debug/Windows/System32/wbem/link.com"
      - "D:/WaterSurfaceRendererScratch/vcpkg_installed/x64-windows/debug/Windows/System32/wbem/link.exe"
      - "D:/WaterSurfaceRendererScratch/vcpkg_installed/x64-windows/debug/Windows/System32/wbem/link"
      - "D:/WaterSurfaceRendererScratch/vcpkg_installed/x64-windows/debug/Windows/System32/WindowsPowerShell/v1.0/link.com"
      - "D:/WaterSurfaceRendererScratch/vcpkg_installed/x64-windows/debug/Windows/System32/WindowsPowerShell/v1.0/link.exe"
      - "D:/WaterSurfaceRendererScratch/vcpkg_installed/x64-windows/debug/Windows/System32/WindowsPowerShell/v1.0/link"
      - "D:/WaterSurfaceRendererScratch/vcpkg_installed/x64-windows/debug/Windows/System32/OpenSSH/link.com"
      - "D:/WaterSurfaceRendererScratch/vcpkg_installed/x64-windows/debug/Windows/System32/OpenSSH/link.exe"
      - "D:/WaterSurfaceRendererScratch/vcpkg_installed/x64-windows/debug/Windows/System32/OpenSSH/link"
      - "D:/WaterSurfaceRendererScratch/vcpkg_installed/x64-windows/debug/Microsoft Visual Studio/18/Community/Common7/IDE/CommonExtensions/Microsoft/CMake/CMake/bin/link.com"
      - "D:/WaterSurfaceRendererScratch/vcpkg_installed/x64-windows/debug/Microsoft Visual Studio/18/Community/Common7/IDE/CommonExtensions/Microsoft/CMake/CMake/bin/link.exe"
      - "D:/WaterSurfaceRendererScratch/vcpkg_installed/x64-windows/debug/Microsoft Visual Studio/18/Community/Common7/IDE/CommonExtensions/Microsoft/CMake/CMake/bin/link"
      - "D:/WaterSurfaceRendererScratch/vcpkg_installed/x64-windows/debug/Microsoft Visual Studio/18/Community/Common7/IDE/CommonExtensions/Microsoft/CMake/Ninja/link.com"
      - "D:/WaterSurfaceRendererScratch/vcpkg_installed/x64-windows/debug/Microsoft Visual Studio/18/Community/Common7/IDE/CommonExtensions/Microsoft/CMake/Ninja/link.exe"
      - "D:/WaterSurfaceRendererScratch/vcpkg_installed/x64-windows/debug/Microsoft Visual Studio/18/Community/Common7/IDE/CommonExtensions/Microsoft/CMake/Ninja/link"
      - "D:/WaterSurfaceRendererScratch/vcpkg_installed/x64-windows/debug/Microsoft Visual Studio/18/Community/Common7/IDE/VC/Linux/bin/ConnectionManagerExe/link.com"
      - "D:/WaterSurfaceRendererScratch/vcpkg_installed/x64-windows/debug/Microsoft Visual Studio/18/Community/Common7/IDE/VC/Linux/bin/ConnectionManagerExe/link.exe"
      - "D:/WaterSurfaceRendererScratch/vcpkg_installed/x64-windows/debug/Microsoft Visual Studio/18/Community/Common7/IDE/VC/Linux/bin/ConnectionManagerExe/link"
      - "D:/WaterSurfaceRendererScratch/vcpkg_installed/x64-windows/debug/Microsoft Visual Studio/18/Community/VC/vcpkg/link.com"
      - "D:/WaterSurfaceRendererScratch/vcpkg_installed/x64-windows/debug/Microsoft Visual Studio/18/Community/VC/vcpkg/link.exe"
      - "D:/WaterSurfaceRendererScratch/vcpkg_installed/x64-windows/debug/Microsoft Visual Studio/18/Community/VC/vcpkg/link"
      - "D:/Microsoft Visual Studio/18/Community/VC/Tools/MSVC/14.51.36231/bin/Hostx64/x64/link.com"
    found: "D:/Microsoft Visual Studio/18/Community/VC/Tools/MSVC/14.51.36231/bin/Hostx64/x64/link.exe"
    search_context:
      CMAKE_PROGRAM_PATH:
        - "D:/WaterSurfaceRendererScratch/vcpkg_installed/x64-windows/tools"
      CMAKE_PREFIX_PATH:
        - "D:/WaterSurfaceRendererScratch/vcpkg_installed/x64-windows"
        - "D:/WaterSurfaceRendererScratch/vcpkg_installed/x64-windows/debug"
      ENV{PATH}:
        - "D:\\Microsoft Visual Studio\\18\\Community\\VC\\Tools\\MSVC\\14.51.36231\\bin\\HostX64\\x64"
        - "D:\\Microsoft Visual Studio\\18\\Community\\Common7\\IDE\\VC\\VCPackages"
        - "D:\\Microsoft Visual Studio\\18\\Community\\Common7\\IDE\\CommonExtensions\\Microsoft\\TestWindow"
        - "D:\\Microsoft Visual Studio\\18\\Community\\Common7\\IDE\\CommonExtensions\\Microsoft\\TeamFoundation\\Team Explorer"
        - "D:\\Microsoft Visual Studio\\18\\Community\\MSBuild\\Current\\bin\\Roslyn"
        - "C:\\Program Files (x86)\\Microsoft SDKs\\Windows\\v10.0A\\bin\\NETFX 4.8 Tools\\x64\\"
        - "D:\\Microsoft Visual Studio\\18\\Community\\Team Tools\\DiagnosticsHub\\Collector"
        - "D:\\Microsoft Visual Studio\\18\\Community\\Common7\\IDE\\Extensions\\Microsoft\\CodeCoverage.Console"
        - "C:\\Program Files (x86)\\Windows Kits\\10\\bin\\10.0.26100.0\\\\x64"
        - "C:\\Program Files (x86)\\Windows Kits\\10\\bin\\\\x64"
        - "D:\\Microsoft Visual Studio\\18\\Community\\\\MSBuild\\Current\\Bin\\amd64"
        - "C:\\Windows\\Microsoft.NET\\Framework64\\v4.0.30319"
        - "D:\\Microsoft Visual Studio\\18\\Community\\Common7\\IDE\\"
        - "D:\\Microsoft Visual Studio\\18\\Community\\Common7\\Tools\\"
        - "C:\\Users\\xukeheng\\AppData\\Local\\vcpkg\\downloads\\tools\\powershell-core-7.5.4-windows"
        - "C:\\windows\\system32"
        - "C:\\windows"
        - "C:\\windows\\system32\\Wbem"
        - "C:\\windows\\system32\\WindowsPowerShell\\v1.0\\"
        - "C:\\windows\\system32\\OpenSSH\\"
        - "D:\\Microsoft Visual Studio\\18\\Community\\Common7\\IDE\\CommonExtensions\\Microsoft\\CMake\\CMake\\bin"
        - "D:\\Microsoft Visual Studio\\18\\Community\\Common7\\IDE\\CommonExtensions\\Microsoft\\CMake\\Ninja"
        - "D:\\Microsoft Visual Studio\\18\\Community\\Common7\\IDE\\VC\\Linux\\bin\\ConnectionManagerExe"
        - "D:\\Microsoft Visual Studio\\18\\Community\\VC\\vcpkg"
        - "D:\\Microsoft Visual Studio\\18\\Community\\Common7\\IDE\\CommonExtensions\\Microsoft\\CMake\\Ninja"
        - "D:\\Microsoft Visual Studio\\18\\Community\\Common7\\IDE\\CommonExtensions\\Microsoft\\CMake\\Ninja"
        - "D:\\Microsoft Visual Studio\\18\\Community\\Common7\\IDE\\CommonExtensions\\Microsoft\\CMake\\Ninja"
      CMAKE_INSTALL_PREFIX: "D:/WaterSurfaceRendererScratch/vcpkg_installed/vcpkg/pkgs/fftw3_x64-windows"
      CMAKE_FIND_ROOT_PATH: "D:/WaterSurfaceRendererScratch/vcpkg_installed/x64-windows;D:/WaterSurfaceRendererScratch/vcpkg_installed/x64-windows/debug"
  -
    kind: "find-v1"
    backtrace:
      - "D:/Microsoft Visual Studio/18/Community/Common7/IDE/CommonExtensions/Microsoft/CMake/CMake/share/cmake-4.3/Modules/CMakeFindBinUtils.cmake:243 (find_program)"
      - "D:/Microsoft Visual Studio/18/Community/Common7/IDE/CommonExtensions/Microsoft/CMake/CMake/share/cmake-4.3/Modules/CMakeDetermineCCompiler.cmake:200 (include)"
      - "CMakeLists.txt:7 (project)"
    mode: "program"
    variable: "CMAKE_MT"
    description: "Path to a program."
    settings:
      SearchFramework: "LAST"
      SearchAppBundle: "LAST"
      CMAKE_FIND_USE_CMAKE_PATH: false
      CMAKE_FIND_USE_CMAKE_ENVIRONMENT_PATH: false
      CMAKE_FIND_USE_SYSTEM_ENVIRONMENT_PATH: true
      CMAKE_FIND_USE_CMAKE_SYSTEM_PATH: true
      CMAKE_FIND_USE_INSTALL_PREFIX: true
    names:
      - "mt"
    candidate_directories:
      - "D:/WaterSurfaceRendererScratch/vcpkg_installed/x64-windows/Microsoft Visual Studio/18/Community/VC/Tools/MSVC/14.51.36231/bin/Hostx64/x64/"
      - "D:/WaterSurfaceRendererScratch/vcpkg_installed/x64-windows/Microsoft Visual Studio/18/Community/Common7/IDE/VC/vcpackages/"
      - "D:/WaterSurfaceRendererScratch/vcpkg_installed/x64-windows/Microsoft Visual Studio/18/Community/Common7/IDE/CommonExtensions/Microsoft/TestWindow/"
      - "D:/WaterSurfaceRendererScratch/vcpkg_installed/x64-windows/Microsoft Visual Studio/18/Community/Common7/IDE/CommonExtensions/Microsoft/TeamFoundation/Team Explorer/"
      - "D:/WaterSurfaceRendererScratch/vcpkg_installed/x64-windows/Microsoft Visual Studio/18/Community/MSBuild/Current/Bin/Roslyn/"
      - "D:/WaterSurfaceRendererScratch/vcpkg_installed/x64-windows/Program Files (x86)/Microsoft SDKs/Windows/v10.0A/bin/NETFX 4.8 Tools/x64/"
      - "D:/WaterSurfaceRendererScratch/vcpkg_installed/x64-windows/Microsoft Visual Studio/18/Community/Team Tools/DiagnosticsHub/Collector/"
      - "D:/WaterSurfaceRendererScratch/vcpkg_installed/x64-windows/Microsoft Visual Studio/18/Community/Common7/IDE/Extensions/Microsoft/CodeCoverage.Console/"
      - "D:/WaterSurfaceRendererScratch/vcpkg_installed/x64-windows/Program Files (x86)/Windows Kits/10/bin/10.0.26100.0/x64/"
      - "D:/WaterSurfaceRendererScratch/vcpkg_installed/x64-windows/Program Files (x86)/Windows Kits/10/bin/x64/"
      - "D:/WaterSurfaceRendererScratch/vcpkg_installed/x64-windows/Microsoft Visual Studio/18/Community/MSBuild/Current/Bin/amd64/"
      - "D:/WaterSurfaceRendererScratch/vcpkg_installed/x64-windows/Windows/Microsoft.NET/Framework64/v4.0.30319/"
      - "D:/WaterSurfaceRendererScratch/vcpkg_installed/x64-windows/Microsoft Visual Studio/18/Community/Common7/IDE/"
      - "D:/WaterSurfaceRendererScratch/vcpkg_installed/x64-windows/Microsoft Visual Studio/18/Community/Common7/Tools/"
      - "D:/WaterSurfaceRendererScratch/vcpkg_installed/x64-windows/Users/xukeheng/AppData/Local/vcpkg/downloads/tools/powershell-core-7.5.4-windows/"
      - "D:/WaterSurfaceRendererScratch/vcpkg_installed/x64-windows/Windows/System32/"
      - "D:/WaterSurfaceRendererScratch/vcpkg_installed/x64-windows/Windows/"
      - "D:/WaterSurfaceRendererScratch/vcpkg_installed/x64-windows/Windows/System32/wbem/"
      - "D:/WaterSurfaceRendererScratch/vcpkg_installed/x64-windows/Windows/System32/WindowsPowerShell/v1.0/"
      - "D:/WaterSurfaceRendererScratch/vcpkg_installed/x64-windows/Windows/System32/OpenSSH/"
      - "D:/WaterSurfaceRendererScratch/vcpkg_installed/x64-windows/Microsoft Visual Studio/18/Community/Common7/IDE/CommonExtensions/Microsoft/CMake/CMake/bin/"
      - "D:/WaterSurfaceRendererScratch/vcpkg_installed/x64-windows/Microsoft Visual Studio/18/Community/Common7/IDE/CommonExtensions/Microsoft/CMake/Ninja/"
      - "D:/WaterSurfaceRendererScratch/vcpkg_installed/x64-windows/Microsoft Visual Studio/18/Community/Common7/IDE/VC/Linux/bin/ConnectionManagerExe/"
      - "D:/WaterSurfaceRendererScratch/vcpkg_installed/x64-windows/Microsoft Visual Studio/18/Community/VC/vcpkg/"
      - "D:/WaterSurfaceRendererScratch/vcpkg_installed/x64-windows/debug/Microsoft Visual Studio/18/Community/VC/Tools/MSVC/14.51.36231/bin/Hostx64/x64/"
      - "D:/WaterSurfaceRendererScratch/vcpkg_installed/x64-windows/debug/Microsoft Visual Studio/18/Community/Common7/IDE/VC/vcpackages/"
      - "D:/WaterSurfaceRendererScratch/vcpkg_installed/x64-windows/debug/Microsoft Visual Studio/18/Community/Common7/IDE/CommonExtensions/Microsoft/TestWindow/"
      - "D:/WaterSurfaceRendererScratch/vcpkg_installed/x64-windows/debug/Microsoft Visual Studio/18/Community/Common7/IDE/CommonExtensions/Microsoft/TeamFoundation/Team Explorer/"
      - "D:/WaterSurfaceRendererScratch/vcpkg_installed/x64-windows/debug/Microsoft Visual Studio/18/Community/MSBuild/Current/Bin/Roslyn/"
      - "D:/WaterSurfaceRendererScratch/vcpkg_installed/x64-windows/debug/Program Files (x86)/Microsoft SDKs/Windows/v10.0A/bin/NETFX 4.8 Tools/x64/"
      - "D:/WaterSurfaceRendererScratch/vcpkg_installed/x64-windows/debug/Microsoft Visual Studio/18/Community/Team Tools/DiagnosticsHub/Collector/"
      - "D:/WaterSurfaceRendererScratch/vcpkg_installed/x64-windows/debug/Microsoft Visual Studio/18/Community/Common7/IDE/Extensions/Microsoft/CodeCoverage.Console/"
      - "D:/WaterSurfaceRendererScratch/vcpkg_installed/x64-windows/debug/Program Files (x86)/Windows Kits/10/bin/10.0.26100.0/x64/"
      - "D:/WaterSurfaceRendererScratch/vcpkg_installed/x64-windows/debug/Program Files (x86)/Windows Kits/10/bin/x64/"
      - "D:/WaterSurfaceRendererScratch/vcpkg_installed/x64-windows/debug/Microsoft Visual Studio/18/Community/MSBuild/Current/Bin/amd64/"
      - "D:/WaterSurfaceRendererScratch/vcpkg_installed/x64-windows/debug/Windows/Microsoft.NET/Framework64/v4.0.30319/"
      - "D:/WaterSurfaceRendererScratch/vcpkg_installed/x64-windows/debug/Microsoft Visual Studio/18/Community/Common7/IDE/"
      - "D:/WaterSurfaceRendererScratch/vcpkg_installed/x64-windows/debug/Microsoft Visual Studio/18/Community/Common7/Tools/"
      - "D:/WaterSurfaceRendererScratch/vcpkg_installed/x64-windows/debug/Users/xukeheng/AppData/Local/vcpkg/downloads/tools/powershell-core-7.5.4-windows/"
      - "D:/WaterSurfaceRendererScratch/vcpkg_installed/x64-windows/debug/Windows/System32/"
      - "D:/WaterSurfaceRendererScratch/vcpkg_installed/x64-windows/debug/Windows/"
      - "D:/WaterSurfaceRendererScratch/vcpkg_installed/x64-windows/debug/Windows/System32/wbem/"
      - "D:/WaterSurfaceRendererScratch/vcpkg_installed/x64-windows/debug/Windows/System32/WindowsPowerShell/v1.0/"
      - "D:/WaterSurfaceRendererScratch/vcpkg_installed/x64-windows/debug/Windows/System32/OpenSSH/"
      - "D:/WaterSurfaceRendererScratch/vcpkg_installed/x64-windows/debug/Microsoft Visual Studio/18/Community/Common7/IDE/CommonExtensions/Microsoft/CMake/CMake/bin/"
      - "D:/WaterSurfaceRendererScratch/vcpkg_installed/x64-windows/debug/Microsoft Visual Studio/18/Community/Common7/IDE/CommonExtensions/Microsoft/CMake/Ninja/"
      - "D:/WaterSurfaceRendererScratch/vcpkg_installed/x64-windows/debug/Microsoft Visual Studio/18/Community/Common7/IDE/VC/Linux/bin/ConnectionManagerExe/"
      - "D:/WaterSurfaceRendererScratch/vcpkg_installed/x64-windows/debug/Microsoft Visual Studio/18/Community/VC/vcpkg/"
      - "D:/Microsoft Visual Studio/18/Community/VC/Tools/MSVC/14.51.36231/bin/Hostx64/x64/"
      - "D:/Microsoft Visual Studio/18/Community/Common7/IDE/VC/vcpackages/"
      - "D:/Microsoft Visual Studio/18/Community/Common7/IDE/CommonExtensions/Microsoft/TestWindow/"
      - "D:/Microsoft Visual Studio/18/Community/Common7/IDE/CommonExtensions/Microsoft/TeamFoundation/Team Explorer/"
      - "D:/Microsoft Visual Studio/18/Community/MSBuild/Current/Bin/Roslyn/"
      - "C:/Program Files (x86)/Microsoft SDKs/Windows/v10.0A/bin/NETFX 4.8 Tools/x64/"
      - "D:/Microsoft Visual Studio/18/Community/Team Tools/DiagnosticsHub/Collector/"
      - "D:/Microsoft Visual Studio/18/Community/Common7/IDE/Extensions/Microsoft/CodeCoverage.Console/"
      - "C:/Program Files (x86)/Windows Kits/10/bin/10.0.26100.0/x64/"
      - "C:/Program Files (x86)/Windows Kits/10/bin/x64/"
      - "D:/Microsoft Visual Studio/18/Community/MSBuild/Current/Bin/amd64/"
      - "C:/Windows/Microsoft.NET/Framework64/v4.0.30319/"
      - "D:/Microsoft Visual Studio/18/Community/Common7/IDE/"
      - "D:/Microsoft Visual Studio/18/Community/Common7/Tools/"
      - "C:/Users/xukeheng/AppData/Local/vcpkg/downloads/tools/powershell-core-7.5.4-windows/"
      - "C:/Windows/System32/"
      - "C:/Windows/"
      - "C:/Windows/System32/wbem/"
      - "C:/Windows/System32/WindowsPowerShell/v1.0/"
      - "C:/Windows/System32/OpenSSH/"
      - "D:/Microsoft Visual Studio/18/Community/Common7/IDE/CommonExtensions/Microsoft/CMake/CMake/bin/"
      - "D:/Microsoft Visual Studio/18/Community/Common7/IDE/CommonExtensions/Microsoft/CMake/Ninja/"
      - "D:/Microsoft Visual Studio/18/Community/Common7/IDE/VC/Linux/bin/ConnectionManagerExe/"
      - "D:/Microsoft Visual Studio/18/Community/VC/vcpkg/"
    searched_directories:
      - "D:/WaterSurfaceRendererScratch/vcpkg_installed/x64-windows/Microsoft Visual Studio/18/Community/VC/Tools/MSVC/14.51.36231/bin/Hostx64/x64/mt.com"
      - "D:/WaterSurfaceRendererScratch/vcpkg_installed/x64-windows/Microsoft Visual Studio/18/Community/VC/Tools/MSVC/14.51.36231/bin/Hostx64/x64/mt.exe"
      - "D:/WaterSurfaceRendererScratch/vcpkg_installed/x64-windows/Microsoft Visual Studio/18/Community/VC/Tools/MSVC/14.51.36231/bin/Hostx64/x64/mt"
      - "D:/WaterSurfaceRendererScratch/vcpkg_installed/x64-windows/Microsoft Visual Studio/18/Community/Common7/IDE/VC/vcpackages/mt.com"
      - "D:/WaterSurfaceRendererScratch/vcpkg_installed/x64-windows/Microsoft Visual Studio/18/Community/Common7/IDE/VC/vcpackages/mt.exe"
      - "D:/WaterSurfaceRendererScratch/vcpkg_installed/x64-windows/Microsoft Visual Studio/18/Community/Common7/IDE/VC/vcpackages/mt"
      - "D:/WaterSurfaceRendererScratch/vcpkg_installed/x64-windows/Microsoft Visual Studio/18/Community/Common7/IDE/CommonExtensions/Microsoft/TestWindow/mt.com"
      - "D:/WaterSurfaceRendererScratch/vcpkg_installed/x64-windows/Microsoft Visual Studio/18/Community/Common7/IDE/CommonExtensions/Microsoft/TestWindow/mt.exe"
      - "D:/WaterSurfaceRendererScratch/vcpkg_installed/x64-windows/Microsoft Visual Studio/18/Community/Common7/IDE/CommonExtensions/Microsoft/TestWindow/mt"
      - "D:/WaterSurfaceRendererScratch/vcpkg_installed/x64-windows/Microsoft Visual Studio/18/Community/Common7/IDE/CommonExtensions/Microsoft/TeamFoundation/Team Explorer/mt.com"
      - "D:/WaterSurfaceRendererScratch/vcpkg_installed/x64-windows/Microsoft Visual Studio/18/Community/Common7/IDE/CommonExtensions/Microsoft/TeamFoundation/Team Explorer/mt.exe"
      - "D:/WaterSurfaceRendererScratch/vcpkg_installed/x64-windows/Microsoft Visual Studio/18/Community/Common7/IDE/CommonExtensions/Microsoft/TeamFoundation/Team Explorer/mt"
      - "D:/WaterSurfaceRendererScratch/vcpkg_installed/x64-windows/Microsoft Visual Studio/18/Community/MSBuild/Current/Bin/Roslyn/mt.com"
      - "D:/WaterSurfaceRendererScratch/vcpkg_installed/x64-windows/Microsoft Visual Studio/18/Community/MSBuild/Current/Bin/Roslyn/mt.exe"
      - "D:/WaterSurfaceRendererScratch/vcpkg_installed/x64-windows/Microsoft Visual Studio/18/Community/MSBuild/Current/Bin/Roslyn/mt"
      - "D:/WaterSurfaceRendererScratch/vcpkg_installed/x64-windows/Program Files (x86)/Microsoft SDKs/Windows/v10.0A/bin/NETFX 4.8 Tools/x64/mt.com"
      - "D:/WaterSurfaceRendererScratch/vcpkg_installed/x64-windows/Program Files (x86)/Microsoft SDKs/Windows/v10.0A/bin/NETFX 4.8 Tools/x64/mt.exe"
      - "D:/WaterSurfaceRendererScratch/vcpkg_installed/x64-windows/Program Files (x86)/Microsoft SDKs/Windows/v10.0A/bin/NETFX 4.8 Tools/x64/mt"
      - "D:/WaterSurfaceRendererScratch/vcpkg_installed/x64-windows/Microsoft Visual Studio/18/Community/Team Tools/DiagnosticsHub/Collector/mt.com"
      - "D:/WaterSurfaceRendererScratch/vcpkg_installed/x64-windows/Microsoft Visual Studio/18/Community/Team Tools/DiagnosticsHub/Collector/mt.exe"
      - "D:/WaterSurfaceRendererScratch/vcpkg_installed/x64-windows/Microsoft Visual Studio/18/Community/Team Tools/DiagnosticsHub/Collector/mt"
      - "D:/WaterSurfaceRendererScratch/vcpkg_installed/x64-windows/Microsoft Visual Studio/18/Community/Common7/IDE/Extensions/Microsoft/CodeCoverage.Console/mt.com"
      - "D:/WaterSurfaceRendererScratch/vcpkg_installed/x64-windows/Microsoft Visual Studio/18/Community/Common7/IDE/Extensions/Microsoft/CodeCoverage.Console/mt.exe"
      - "D:/WaterSurfaceRendererScratch/vcpkg_installed/x64-windows/Microsoft Visual Studio/18/Community/Common7/IDE/Extensions/Microsoft/CodeCoverage.Console/mt"
      - "D:/WaterSurfaceRendererScratch/vcpkg_installed/x64-windows/Program Files (x86)/Windows Kits/10/bin/10.0.26100.0/x64/mt.com"
      - "D:/WaterSurfaceRendererScratch/vcpkg_installed/x64-windows/Program Files (x86)/Windows Kits/10/bin/10.0.26100.0/x64/mt.exe"
      - "D:/WaterSurfaceRendererScratch/vcpkg_installed/x64-windows/Program Files (x86)/Windows Kits/10/bin/10.0.26100.0/x64/mt"
      - "D:/WaterSurfaceRendererScratch/vcpkg_installed/x64-windows/Program Files (x86)/Windows Kits/10/bin/x64/mt.com"
      - "D:/WaterSurfaceRendererScratch/vcpkg_installed/x64-windows/Program Files (x86)/Windows Kits/10/bin/x64/mt.exe"
      - "D:/WaterSurfaceRendererScratch/vcpkg_installed/x64-windows/Program Files (x86)/Windows Kits/10/bin/x64/mt"
      - "D:/WaterSurfaceRendererScratch/vcpkg_installed/x64-windows/Microsoft Visual Studio/18/Community/MSBuild/Current/Bin/amd64/mt.com"
      - "D:/WaterSurfaceRendererScratch/vcpkg_installed/x64-windows/Microsoft Visual Studio/18/Community/MSBuild/Current/Bin/amd64/mt.exe"
      - "D:/WaterSurfaceRendererScratch/vcpkg_installed/x64-windows/Microsoft Visual Studio/18/Community/MSBuild/Current/Bin/amd64/mt"
      - "D:/WaterSurfaceRendererScratch/vcpkg_installed/x64-windows/Windows/Microsoft.NET/Framework64/v4.0.30319/mt.com"
      - "D:/WaterSurfaceRendererScratch/vcpkg_installed/x64-windows/Windows/Microsoft.NET/Framework64/v4.0.30319/mt.exe"
      - "D:/WaterSurfaceRendererScratch/vcpkg_installed/x64-windows/Windows/Microsoft.NET/Framework64/v4.0.30319/mt"
      - "D:/WaterSurfaceRendererScratch/vcpkg_installed/x64-windows/Microsoft Visual Studio/18/Community/Common7/IDE/mt.com"
      - "D:/WaterSurfaceRendererScratch/vcpkg_installed/x64-windows/Microsoft Visual Studio/18/Community/Common7/IDE/mt.exe"
      - "D:/WaterSurfaceRendererScratch/vcpkg_installed/x64-windows/Microsoft Visual Studio/18/Community/Common7/IDE/mt"
      - "D:/WaterSurfaceRendererScratch/vcpkg_installed/x64-windows/Microsoft Visual Studio/18/Community/Common7/Tools/mt.com"
      - "D:/WaterSurfaceRendererScratch/vcpkg_installed/x64-windows/Microsoft Visual Studio/18/Community/Common7/Tools/mt.exe"
      - "D:/WaterSurfaceRendererScratch/vcpkg_installed/x64-windows/Microsoft Visual Studio/18/Community/Common7/Tools/mt"
      - "D:/WaterSurfaceRendererScratch/vcpkg_installed/x64-windows/Users/xukeheng/AppData/Local/vcpkg/downloads/tools/powershell-core-7.5.4-windows/mt.com"
      - "D:/WaterSurfaceRendererScratch/vcpkg_installed/x64-windows/Users/xukeheng/AppData/Local/vcpkg/downloads/tools/powershell-core-7.5.4-windows/mt.exe"
      - "D:/WaterSurfaceRendererScratch/vcpkg_installed/x64-windows/Users/xukeheng/AppData/Local/vcpkg/downloads/tools/powershell-core-7.5.4-windows/mt"
      - "D:/WaterSurfaceRendererScratch/vcpkg_installed/x64-windows/Windows/System32/mt.com"
      - "D:/WaterSurfaceRendererScratch/vcpkg_installed/x64-windows/Windows/System32/mt.exe"
      - "D:/WaterSurfaceRendererScratch/vcpkg_installed/x64-windows/Windows/System32/mt"
      - "D:/WaterSurfaceRendererScratch/vcpkg_installed/x64-windows/Windows/mt.com"
      - "D:/WaterSurfaceRendererScratch/vcpkg_installed/x64-windows/Windows/mt.exe"
      - "D:/WaterSurfaceRendererScratch/vcpkg_installed/x64-windows/Windows/mt"
      - "D:/WaterSurfaceRendererScratch/vcpkg_installed/x64-windows/Windows/System32/wbem/mt.com"
      - "D:/WaterSurfaceRendererScratch/vcpkg_installed/x64-windows/Windows/System32/wbem/mt.exe"
      - "D:/WaterSurfaceRendererScratch/vcpkg_installed/x64-windows/Windows/System32/wbem/mt"
      - "D:/WaterSurfaceRendererScratch/vcpkg_installed/x64-windows/Windows/System32/WindowsPowerShell/v1.0/mt.com"
      - "D:/WaterSurfaceRendererScratch/vcpkg_installed/x64-windows/Windows/System32/WindowsPowerShell/v1.0/mt.exe"
      - "D:/WaterSurfaceRendererScratch/vcpkg_installed/x64-windows/Windows/System32/WindowsPowerShell/v1.0/mt"
      - "D:/WaterSurfaceRendererScratch/vcpkg_installed/x64-windows/Windows/System32/OpenSSH/mt.com"
      - "D:/WaterSurfaceRendererScratch/vcpkg_installed/x64-windows/Windows/System32/OpenSSH/mt.exe"
      - "D:/WaterSurfaceRendererScratch/vcpkg_installed/x64-windows/Windows/System32/OpenSSH/mt"
      - "D:/WaterSurfaceRendererScratch/vcpkg_installed/x64-windows/Microsoft Visual Studio/18/Community/Common7/IDE/CommonExtensions/Microsoft/CMake/CMake/bin/mt.com"
      - "D:/WaterSurfaceRendererScratch/vcpkg_installed/x64-windows/Microsoft Visual Studio/18/Community/Common7/IDE/CommonExtensions/Microsoft/CMake/CMake/bin/mt.exe"
      - "D:/WaterSurfaceRendererScratch/vcpkg_installed/x64-windows/Microsoft Visual Studio/18/Community/Common7/IDE/CommonExtensions/Microsoft/CMake/CMake/bin/mt"
      - "D:/WaterSurfaceRendererScratch/vcpkg_installed/x64-windows/Microsoft Visual Studio/18/Community/Common7/IDE/CommonExtensions/Microsoft/CMake/Ninja/mt.com"
      - "D:/WaterSurfaceRendererScratch/vcpkg_installed/x64-windows/Microsoft Visual Studio/18/Community/Common7/IDE/CommonExtensions/Microsoft/CMake/Ninja/mt.exe"
      - "D:/WaterSurfaceRendererScratch/vcpkg_installed/x64-windows/Microsoft Visual Studio/18/Community/Common7/IDE/CommonExtensions/Microsoft/CMake/Ninja/mt"
      - "D:/WaterSurfaceRendererScratch/vcpkg_installed/x64-windows/Microsoft Visual Studio/18/Community/Common7/IDE/VC/Linux/bin/ConnectionManagerExe/mt.com"
      - "D:/WaterSurfaceRendererScratch/vcpkg_installed/x64-windows/Microsoft Visual Studio/18/Community/Common7/IDE/VC/Linux/bin/ConnectionManagerExe/mt.exe"
      - "D:/WaterSurfaceRendererScratch/vcpkg_installed/x64-windows/Microsoft Visual Studio/18/Community/Common7/IDE/VC/Linux/bin/ConnectionManagerExe/mt"
      - "D:/WaterSurfaceRendererScratch/vcpkg_installed/x64-windows/Microsoft Visual Studio/18/Community/VC/vcpkg/mt.com"
      - "D:/WaterSurfaceRendererScratch/vcpkg_installed/x64-windows/Microsoft Visual Studio/18/Community/VC/vcpkg/mt.exe"
      - "D:/WaterSurfaceRendererScratch/vcpkg_installed/x64-windows/Microsoft Visual Studio/18/Community/VC/vcpkg/mt"
      - "D:/WaterSurfaceRendererScratch/vcpkg_installed/x64-windows/debug/Microsoft Visual Studio/18/Community/VC/Tools/MSVC/14.51.36231/bin/Hostx64/x64/mt.com"
      - "D:/WaterSurfaceRendererScratch/vcpkg_installed/x64-windows/debug/Microsoft Visual Studio/18/Community/VC/Tools/MSVC/14.51.36231/bin/Hostx64/x64/mt.exe"
      - "D:/WaterSurfaceRendererScratch/vcpkg_installed/x64-windows/debug/Microsoft Visual Studio/18/Community/VC/Tools/MSVC/14.51.36231/bin/Hostx64/x64/mt"
      - "D:/WaterSurfaceRendererScratch/vcpkg_installed/x64-windows/debug/Microsoft Visual Studio/18/Community/Common7/IDE/VC/vcpackages/mt.com"
      - "D:/WaterSurfaceRendererScratch/vcpkg_installed/x64-windows/debug/Microsoft Visual Studio/18/Community/Common7/IDE/VC/vcpackages/mt.exe"
      - "D:/WaterSurfaceRendererScratch/vcpkg_installed/x64-windows/debug/Microsoft Visual Studio/18/Community/Common7/IDE/VC/vcpackages/mt"
      - "D:/WaterSurfaceRendererScratch/vcpkg_installed/x64-windows/debug/Microsoft Visual Studio/18/Community/Common7/IDE/CommonExtensions/Microsoft/TestWindow/mt.com"
      - "D:/WaterSurfaceRendererScratch/vcpkg_installed/x64-windows/debug/Microsoft Visual Studio/18/Community/Common7/IDE/CommonExtensions/Microsoft/TestWindow/mt.exe"
      - "D:/WaterSurfaceRendererScratch/vcpkg_installed/x64-windows/debug/Microsoft Visual Studio/18/Community/Common7/IDE/CommonExtensions/Microsoft/TestWindow/mt"
      - "D:/WaterSurfaceRendererScratch/vcpkg_installed/x64-windows/debug/Microsoft Visual Studio/18/Community/Common7/IDE/CommonExtensions/Microsoft/TeamFoundation/Team Explorer/mt.com"
      - "D:/WaterSurfaceRendererScratch/vcpkg_installed/x64-windows/debug/Microsoft Visual Studio/18/Community/Common7/IDE/CommonExtensions/Microsoft/TeamFoundation/Team Explorer/mt.exe"
      - "D:/WaterSurfaceRendererScratch/vcpkg_installed/x64-windows/debug/Microsoft Visual Studio/18/Community/Common7/IDE/CommonExtensions/Microsoft/TeamFoundation/Team Explorer/mt"
      - "D:/WaterSurfaceRendererScratch/vcpkg_installed/x64-windows/debug/Microsoft Visual Studio/18/Community/MSBuild/Current/Bin/Roslyn/mt.com"
      - "D:/WaterSurfaceRendererScratch/vcpkg_installed/x64-windows/debug/Microsoft Visual Studio/18/Community/MSBuild/Current/Bin/Roslyn/mt.exe"
      - "D:/WaterSurfaceRendererScratch/vcpkg_installed/x64-windows/debug/Microsoft Visual Studio/18/Community/MSBuild/Current/Bin/Roslyn/mt"
      - "D:/WaterSurfaceRendererScratch/vcpkg_installed/x64-windows/debug/Program Files (x86)/Microsoft SDKs/Windows/v10.0A/bin/NETFX 4.8 Tools/x64/mt.com"
      - "D:/WaterSurfaceRendererScratch/vcpkg_installed/x64-windows/debug/Program Files (x86)/Microsoft SDKs/Windows/v10.0A/bin/NETFX 4.8 Tools/x64/mt.exe"
      - "D:/WaterSurfaceRendererScratch/vcpkg_installed/x64-windows/debug/Program Files (x86)/Microsoft SDKs/Windows/v10.0A/bin/NETFX 4.8 Tools/x64/mt"
      - "D:/WaterSurfaceRendererScratch/vcpkg_installed/x64-windows/debug/Microsoft Visual Studio/18/Community/Team Tools/DiagnosticsHub/Collector/mt.com"
      - "D:/WaterSurfaceRendererScratch/vcpkg_installed/x64-windows/debug/Microsoft Visual Studio/18/Community/Team Tools/DiagnosticsHub/Collector/mt.exe"
      - "D:/WaterSurfaceRendererScratch/vcpkg_installed/x64-windows/debug/Microsoft Visual Studio/18/Community/Team Tools/DiagnosticsHub/Collector/mt"
      - "D:/WaterSurfaceRendererScratch/vcpkg_installed/x64-windows/debug/Microsoft Visual Studio/18/Community/Common7/IDE/Extensions/Microsoft/CodeCoverage.Console/mt.com"
      - "D:/WaterSurfaceRendererScratch/vcpkg_installed/x64-windows/debug/Microsoft Visual Studio/18/Community/Common7/IDE/Extensions/Microsoft/CodeCoverage.Console/mt.exe"
      - "D:/WaterSurfaceRendererScratch/vcpkg_installed/x64-windows/debug/Microsoft Visual Studio/18/Community/Common7/IDE/Extensions/Microsoft/CodeCoverage.Console/mt"
      - "D:/WaterSurfaceRendererScratch/vcpkg_installed/x64-windows/debug/Program Files (x86)/Windows Kits/10/bin/10.0.26100.0/x64/mt.com"
      - "D:/WaterSurfaceRendererScratch/vcpkg_installed/x64-windows/debug/Program Files (x86)/Windows Kits/10/bin/10.0.26100.0/x64/mt.exe"
      - "D:/WaterSurfaceRendererScratch/vcpkg_installed/x64-windows/debug/Program Files (x86)/Windows Kits/10/bin/10.0.26100.0/x64/mt"
      - "D:/WaterSurfaceRendererScratch/vcpkg_installed/x64-windows/debug/Program Files (x86)/Windows Kits/10/bin/x64/mt.com"
      - "D:/WaterSurfaceRendererScratch/vcpkg_installed/x64-windows/debug/Program Files (x86)/Windows Kits/10/bin/x64/mt.exe"
      - "D:/WaterSurfaceRendererScratch/vcpkg_installed/x64-windows/debug/Program Files (x86)/Windows Kits/10/bin/x64/mt"
      - "D:/WaterSurfaceRendererScratch/vcpkg_installed/x64-windows/debug/Microsoft Visual Studio/18/Community/MSBuild/Current/Bin/amd64/mt.com"
      - "D:/WaterSurfaceRendererScratch/vcpkg_installed/x64-windows/debug/Microsoft Visual Studio/18/Community/MSBuild/Current/Bin/amd64/mt.exe"
      - "D:/WaterSurfaceRendererScratch/vcpkg_installed/x64-windows/debug/Microsoft Visual Studio/18/Community/MSBuild/Current/Bin/amd64/mt"
      - "D:/WaterSurfaceRendererScratch/vcpkg_installed/x64-windows/debug/Windows/Microsoft.NET/Framework64/v4.0.30319/mt.com"
      - "D:/WaterSurfaceRendererScratch/vcpkg_installed/x64-windows/debug/Windows/Microsoft.NET/Framework64/v4.0.30319/mt.exe"
      - "D:/WaterSurfaceRendererScratch/vcpkg_installed/x64-windows/debug/Windows/Microsoft.NET/Framework64/v4.0.30319/mt"
      - "D:/WaterSurfaceRendererScratch/vcpkg_installed/x64-windows/debug/Microsoft Visual Studio/18/Community/Common7/IDE/mt.com"
      - "D:/WaterSurfaceRendererScratch/vcpkg_installed/x64-windows/debug/Microsoft Visual Studio/18/Community/Common7/IDE/mt.exe"
      - "D:/WaterSurfaceRendererScratch/vcpkg_installed/x64-windows/debug/Microsoft Visual Studio/18/Community/Common7/IDE/mt"
      - "D:/WaterSurfaceRendererScratch/vcpkg_installed/x64-windows/debug/Microsoft Visual Studio/18/Community/Common7/Tools/mt.com"
      - "D:/WaterSurfaceRendererScratch/vcpkg_installed/x64-windows/debug/Microsoft Visual Studio/18/Community/Common7/Tools/mt.exe"
      - "D:/WaterSurfaceRendererScratch/vcpkg_installed/x64-windows/debug/Microsoft Visual Studio/18/Community/Common7/Tools/mt"
      - "D:/WaterSurfaceRendererScratch/vcpkg_installed/x64-windows/debug/Users/xukeheng/AppData/Local/vcpkg/downloads/tools/powershell-core-7.5.4-windows/mt.com"
      - "D:/WaterSurfaceRendererScratch/vcpkg_installed/x64-windows/debug/Users/xukeheng/AppData/Local/vcpkg/downloads/tools/powershell-core-7.5.4-windows/mt.exe"
      - "D:/WaterSurfaceRendererScratch/vcpkg_installed/x64-windows/debug/Users/xukeheng/AppData/Local/vcpkg/downloads/tools/powershell-core-7.5.4-windows/mt"
      - "D:/WaterSurfaceRendererScratch/vcpkg_installed/x64-windows/debug/Windows/System32/mt.com"
      - "D:/WaterSurfaceRendererScratch/vcpkg_installed/x64-windows/debug/Windows/System32/mt.exe"
      - "D:/WaterSurfaceRendererScratch/vcpkg_installed/x64-windows/debug/Windows/System32/mt"
      - "D:/WaterSurfaceRendererScratch/vcpkg_installed/x64-windows/debug/Windows/mt.com"
      - "D:/WaterSurfaceRendererScratch/vcpkg_installed/x64-windows/debug/Windows/mt.exe"
      - "D:/WaterSurfaceRendererScratch/vcpkg_installed/x64-windows/debug/Windows/mt"
      - "D:/WaterSurfaceRendererScratch/vcpkg_installed/x64-windows/debug/Windows/System32/wbem/mt.com"
      - "D:/WaterSurfaceRendererScratch/vcpkg_installed/x64-windows/debug/Windows/System32/wbem/mt.exe"
      - "D:/WaterSurfaceRendererScratch/vcpkg_installed/x64-windows/debug/Windows/System32/wbem/mt"
      - "D:/WaterSurfaceRendererScratch/vcpkg_installed/x64-windows/debug/Windows/System32/WindowsPowerShell/v1.0/mt.com"
      - "D:/WaterSurfaceRendererScratch/vcpkg_installed/x64-windows/debug/Windows/System32/WindowsPowerShell/v1.0/mt.exe"
      - "D:/WaterSurfaceRendererScratch/vcpkg_installed/x64-windows/debug/Windows/System32/WindowsPowerShell/v1.0/mt"
      - "D:/WaterSurfaceRendererScratch/vcpkg_installed/x64-windows/debug/Windows/System32/OpenSSH/mt.com"
      - "D:/WaterSurfaceRendererScratch/vcpkg_installed/x64-windows/debug/Windows/System32/OpenSSH/mt.exe"
      - "D:/WaterSurfaceRendererScratch/vcpkg_installed/x64-windows/debug/Windows/System32/OpenSSH/mt"
      - "D:/WaterSurfaceRendererScratch/vcpkg_installed/x64-windows/debug/Microsoft Visual Studio/18/Community/Common7/IDE/CommonExtensions/Microsoft/CMake/CMake/bin/mt.com"
      - "D:/WaterSurfaceRendererScratch/vcpkg_installed/x64-windows/debug/Microsoft Visual Studio/18/Community/Common7/IDE/CommonExtensions/Microsoft/CMake/CMake/bin/mt.exe"
      - "D:/WaterSurfaceRendererScratch/vcpkg_installed/x64-windows/debug/Microsoft Visual Studio/18/Community/Common7/IDE/CommonExtensions/Microsoft/CMake/CMake/bin/mt"
      - "D:/WaterSurfaceRendererScratch/vcpkg_installed/x64-windows/debug/Microsoft Visual Studio/18/Community/Common7/IDE/CommonExtensions/Microsoft/CMake/Ninja/mt.com"
      - "D:/WaterSurfaceRendererScratch/vcpkg_installed/x64-windows/debug/Microsoft Visual Studio/18/Community/Common7/IDE/CommonExtensions/Microsoft/CMake/Ninja/mt.exe"
      - "D:/WaterSurfaceRendererScratch/vcpkg_installed/x64-windows/debug/Microsoft Visual Studio/18/Community/Common7/IDE/CommonExtensions/Microsoft/CMake/Ninja/mt"
      - "D:/WaterSurfaceRendererScratch/vcpkg_installed/x64-windows/debug/Microsoft Visual Studio/18/Community/Common7/IDE/VC/Linux/bin/ConnectionManagerExe/mt.com"
      - "D:/WaterSurfaceRendererScratch/vcpkg_installed/x64-windows/debug/Microsoft Visual Studio/18/Community/Common7/IDE/VC/Linux/bin/ConnectionManagerExe/mt.exe"
      - "D:/WaterSurfaceRendererScratch/vcpkg_installed/x64-windows/debug/Microsoft Visual Studio/18/Community/Common7/IDE/VC/Linux/bin/ConnectionManagerExe/mt"
      - "D:/WaterSurfaceRendererScratch/vcpkg_installed/x64-windows/debug/Microsoft Visual Studio/18/Community/VC/vcpkg/mt.com"
      - "D:/WaterSurfaceRendererScratch/vcpkg_installed/x64-windows/debug/Microsoft Visual Studio/18/Community/VC/vcpkg/mt.exe"
      - "D:/WaterSurfaceRendererScratch/vcpkg_installed/x64-windows/debug/Microsoft Visual Studio/18/Community/VC/vcpkg/mt"
      - "D:/Microsoft Visual Studio/18/Community/VC/Tools/MSVC/14.51.36231/bin/Hostx64/x64/mt.com"
      - "D:/Microsoft Visual Studio/18/Community/VC/Tools/MSVC/14.51.36231/bin/Hostx64/x64/mt.exe"
      - "D:/Microsoft Visual Studio/18/Community/VC/Tools/MSVC/14.51.36231/bin/Hostx64/x64/mt"
      - "D:/Microsoft Visual Studio/18/Community/Common7/IDE/VC/vcpackages/mt.com"
      - "D:/Microsoft Visual Studio/18/Community/Common7/IDE/VC/vcpackages/mt.exe"
      - "D:/Microsoft Visual Studio/18/Community/Common7/IDE/VC/vcpackages/mt"
      - "D:/Microsoft Visual Studio/18/Community/Common7/IDE/CommonExtensions/Microsoft/TestWindow/mt.com"
      - "D:/Microsoft Visual Studio/18/Community/Common7/IDE/CommonExtensions/Microsoft/TestWindow/mt.exe"
      - "D:/Microsoft Visual Studio/18/Community/Common7/IDE/CommonExtensions/Microsoft/TestWindow/mt"
      - "D:/Microsoft Visual Studio/18/Community/Common7/IDE/CommonExtensions/Microsoft/TeamFoundation/Team Explorer/mt.com"
      - "D:/Microsoft Visual Studio/18/Community/Common7/IDE/CommonExtensions/Microsoft/TeamFoundation/Team Explorer/mt.exe"
      - "D:/Microsoft Visual Studio/18/Community/Common7/IDE/CommonExtensions/Microsoft/TeamFoundation/Team Explorer/mt"
      - "D:/Microsoft Visual Studio/18/Community/MSBuild/Current/Bin/Roslyn/mt.com"
      - "D:/Microsoft Visual Studio/18/Community/MSBuild/Current/Bin/Roslyn/mt.exe"
      - "D:/Microsoft Visual Studio/18/Community/MSBuild/Current/Bin/Roslyn/mt"
      - "C:/Program Files (x86)/Microsoft SDKs/Windows/v10.0A/bin/NETFX 4.8 Tools/x64/mt.com"
      - "C:/Program Files (x86)/Microsoft SDKs/Windows/v10.0A/bin/NETFX 4.8 Tools/x64/mt.exe"
      - "C:/Program Files (x86)/Microsoft SDKs/Windows/v10.0A/bin/NETFX 4.8 Tools/x64/mt"
      - "D:/Microsoft Visual Studio/18/Community/Team Tools/DiagnosticsHub/Collector/mt.com"
      - "D:/Microsoft Visual Studio/18/Community/Team Tools/DiagnosticsHub/Collector/mt.exe"
      - "D:/Microsoft Visual Studio/18/Community/Team Tools/DiagnosticsHub/Collector/mt"
      - "D:/Microsoft Visual Studio/18/Community/Common7/IDE/Extensions/Microsoft/CodeCoverage.Console/mt.com"
      - "D:/Microsoft Visual Studio/18/Community/Common7/IDE/Extensions/Microsoft/CodeCoverage.Console/mt.exe"
      - "D:/Microsoft Visual Studio/18/Community/Common7/IDE/Extensions/Microsoft/CodeCoverage.Console/mt"
      - "C:/Program Files (x86)/Windows Kits/10/bin/10.0.26100.0/x64/mt.com"
    found: "C:/Program Files (x86)/Windows Kits/10/bin/10.0.26100.0/x64/mt.exe"
    search_context:
      CMAKE_PROGRAM_PATH:
        - "D:/WaterSurfaceRendererScratch/vcpkg_installed/x64-windows/tools"
      CMAKE_PREFIX_PATH:
        - "D:/WaterSurfaceRendererScratch/vcpkg_installed/x64-windows"
        - "D:/WaterSurfaceRendererScratch/vcpkg_installed/x64-windows/debug"
      ENV{PATH}:
        - "D:\\Microsoft Visual Studio\\18\\Community\\VC\\Tools\\MSVC\\14.51.36231\\bin\\HostX64\\x64"
        - "D:\\Microsoft Visual Studio\\18\\Community\\Common7\\IDE\\VC\\VCPackages"
        - "D:\\Microsoft Visual Studio\\18\\Community\\Common7\\IDE\\CommonExtensions\\Microsoft\\TestWindow"
        - "D:\\Microsoft Visual Studio\\18\\Community\\Common7\\IDE\\CommonExtensions\\Microsoft\\TeamFoundation\\Team Explorer"
        - "D:\\Microsoft Visual Studio\\18\\Community\\MSBuild\\Current\\bin\\Roslyn"
        - "C:\\Program Files (x86)\\Microsoft SDKs\\Windows\\v10.0A\\bin\\NETFX 4.8 Tools\\x64\\"
        - "D:\\Microsoft Visual Studio\\18\\Community\\Team Tools\\DiagnosticsHub\\Collector"
        - "D:\\Microsoft Visual Studio\\18\\Community\\Common7\\IDE\\Extensions\\Microsoft\\CodeCoverage.Console"
        - "C:\\Program Files (x86)\\Windows Kits\\10\\bin\\10.0.26100.0\\\\x64"
        - "C:\\Program Files (x86)\\Windows Kits\\10\\bin\\\\x64"
        - "D:\\Microsoft Visual Studio\\18\\Community\\\\MSBuild\\Current\\Bin\\amd64"
        - "C:\\Windows\\Microsoft.NET\\Framework64\\v4.0.30319"
        - "D:\\Microsoft Visual Studio\\18\\Community\\Common7\\IDE\\"
        - "D:\\Microsoft Visual Studio\\18\\Community\\Common7\\Tools\\"
        - "C:\\Users\\xukeheng\\AppData\\Local\\vcpkg\\downloads\\tools\\powershell-core-7.5.4-windows"
        - "C:\\windows\\system32"
        - "C:\\windows"
        - "C:\\windows\\system32\\Wbem"
        - "C:\\windows\\system32\\WindowsPowerShell\\v1.0\\"
        - "C:\\windows\\system32\\OpenSSH\\"
        - "D:\\Microsoft Visual Studio\\18\\Community\\Common7\\IDE\\CommonExtensions\\Microsoft\\CMake\\CMake\\bin"
        - "D:\\Microsoft Visual Studio\\18\\Community\\Common7\\IDE\\CommonExtensions\\Microsoft\\CMake\\Ninja"
        - "D:\\Microsoft Visual Studio\\18\\Community\\Common7\\IDE\\VC\\Linux\\bin\\ConnectionManagerExe"
        - "D:\\Microsoft Visual Studio\\18\\Community\\VC\\vcpkg"
        - "D:\\Microsoft Visual Studio\\18\\Community\\Common7\\IDE\\CommonExtensions\\Microsoft\\CMake\\Ninja"
        - "D:\\Microsoft Visual Studio\\18\\Community\\Common7\\IDE\\CommonExtensions\\Microsoft\\CMake\\Ninja"
        - "D:\\Microsoft Visual Studio\\18\\Community\\Common7\\IDE\\CommonExtensions\\Microsoft\\CMake\\Ninja"
      CMAKE_INSTALL_PREFIX: "D:/WaterSurfaceRendererScratch/vcpkg_installed/vcpkg/pkgs/fftw3_x64-windows"
      CMAKE_FIND_ROOT_PATH: "D:/WaterSurfaceRendererScratch/vcpkg_installed/x64-windows;D:/WaterSurfaceRendererScratch/vcpkg_installed/x64-windows/debug"
  -
    kind: "find-v1"
    backtrace:
      - "D:/Microsoft Visual Studio/18/Community/Common7/IDE/CommonExtensions/Microsoft/CMake/CMake/share/cmake-4.3/Modules/CMakeFindBinUtils.cmake:243 (find_program)"
      - "D:/Microsoft Visual Studio/18/Community/Common7/IDE/CommonExtensions/Microsoft/CMake/CMake/share/cmake-4.3/Modules/CMakeDetermineCCompiler.cmake:200 (include)"
      - "CMakeLists.txt:7 (project)"
    mode: "program"
    variable: "CMAKE_AR"
    description: "Path to a program."
    settings:
      SearchFramework: "LAST"
      SearchAppBundle: "LAST"
      CMAKE_FIND_USE_CMAKE_PATH: false
      CMAKE_FIND_USE_CMAKE_ENVIRONMENT_PATH: false
      CMAKE_FIND_USE_SYSTEM_ENVIRONMENT_PATH: true
      CMAKE_FIND_USE_CMAKE_SYSTEM_PATH: true
      CMAKE_FIND_USE_INSTALL_PREFIX: true
    names:
      - "lib"
    candidate_directories:
      - "D:/WaterSurfaceRendererScratch/vcpkg_installed/x64-windows/Microsoft Visual Studio/18/Community/VC/Tools/MSVC/14.51.36231/bin/Hostx64/x64/"
      - "D:/WaterSurfaceRendererScratch/vcpkg_installed/x64-windows/Microsoft Visual Studio/18/Community/Common7/IDE/VC/vcpackages/"
      - "D:/WaterSurfaceRendererScratch/vcpkg_installed/x64-windows/Microsoft Visual Studio/18/Community/Common7/IDE/CommonExtensions/Microsoft/TestWindow/"
      - "D:/WaterSurfaceRendererScratch/vcpkg_installed/x64-windows/Microsoft Visual Studio/18/Community/Common7/IDE/CommonExtensions/Microsoft/TeamFoundation/Team Explorer/"
      - "D:/WaterSurfaceRendererScratch/vcpkg_installed/x64-windows/Microsoft Visual Studio/18/Community/MSBuild/Current/Bin/Roslyn/"
      - "D:/WaterSurfaceRendererScratch/vcpkg_installed/x64-windows/Program Files (x86)/Microsoft SDKs/Windows/v10.0A/bin/NETFX 4.8 Tools/x64/"
      - "D:/WaterSurfaceRendererScratch/vcpkg_installed/x64-windows/Microsoft Visual Studio/18/Community/Team Tools/DiagnosticsHub/Collector/"
      - "D:/WaterSurfaceRendererScratch/vcpkg_installed/x64-windows/Microsoft Visual Studio/18/Community/Common7/IDE/Extensions/Microsoft/CodeCoverage.Console/"
      - "D:/WaterSurfaceRendererScratch/vcpkg_installed/x64-windows/Program Files (x86)/Windows Kits/10/bin/10.0.26100.0/x64/"
      - "D:/WaterSurfaceRendererScratch/vcpkg_installed/x64-windows/Program Files (x86)/Windows Kits/10/bin/x64/"
      - "D:/WaterSurfaceRendererScratch/vcpkg_installed/x64-windows/Microsoft Visual Studio/18/Community/MSBuild/Current/Bin/amd64/"
      - "D:/WaterSurfaceRendererScratch/vcpkg_installed/x64-windows/Windows/Microsoft.NET/Framework64/v4.0.30319/"
      - "D:/WaterSurfaceRendererScratch/vcpkg_installed/x64-windows/Microsoft Visual Studio/18/Community/Common7/IDE/"
      - "D:/WaterSurfaceRendererScratch/vcpkg_installed/x64-windows/Microsoft Visual Studio/18/Community/Common7/Tools/"
      - "D:/WaterSurfaceRendererScratch/vcpkg_installed/x64-windows/Users/xukeheng/AppData/Local/vcpkg/downloads/tools/powershell-core-7.5.4-windows/"
      - "D:/WaterSurfaceRendererScratch/vcpkg_installed/x64-windows/Windows/System32/"
      - "D:/WaterSurfaceRendererScratch/vcpkg_installed/x64-windows/Windows/"
      - "D:/WaterSurfaceRendererScratch/vcpkg_installed/x64-windows/Windows/System32/wbem/"
      - "D:/WaterSurfaceRendererScratch/vcpkg_installed/x64-windows/Windows/System32/WindowsPowerShell/v1.0/"
      - "D:/WaterSurfaceRendererScratch/vcpkg_installed/x64-windows/Windows/System32/OpenSSH/"
      - "D:/WaterSurfaceRendererScratch/vcpkg_installed/x64-windows/Microsoft Visual Studio/18/Community/Common7/IDE/CommonExtensions/Microsoft/CMake/CMake/bin/"
      - "D:/WaterSurfaceRendererScratch/vcpkg_installed/x64-windows/Microsoft Visual Studio/18/Community/Common7/IDE/CommonExtensions/Microsoft/CMake/Ninja/"
      - "D:/WaterSurfaceRendererScratch/vcpkg_installed/x64-windows/Microsoft Visual Studio/18/Community/Common7/IDE/VC/Linux/bin/ConnectionManagerExe/"
      - "D:/WaterSurfaceRendererScratch/vcpkg_installed/x64-windows/Microsoft Visual Studio/18/Community/VC/vcpkg/"
      - "D:/WaterSurfaceRendererScratch/vcpkg_installed/x64-windows/debug/Microsoft Visual Studio/18/Community/VC/Tools/MSVC/14.51.36231/bin/Hostx64/x64/"
      - "D:/WaterSurfaceRendererScratch/vcpkg_installed/x64-windows/debug/Microsoft Visual Studio/18/Community/Common7/IDE/VC/vcpackages/"
      - "D:/WaterSurfaceRendererScratch/vcpkg_installed/x64-windows/debug/Microsoft Visual Studio/18/Community/Common7/IDE/CommonExtensions/Microsoft/TestWindow/"
      - "D:/WaterSurfaceRendererScratch/vcpkg_installed/x64-windows/debug/Microsoft Visual Studio/18/Community/Common7/IDE/CommonExtensions/Microsoft/TeamFoundation/Team Explorer/"
      - "D:/WaterSurfaceRendererScratch/vcpkg_installed/x64-windows/debug/Microsoft Visual Studio/18/Community/MSBuild/Current/Bin/Roslyn/"
      - "D:/WaterSurfaceRendererScratch/vcpkg_installed/x64-windows/debug/Program Files (x86)/Microsoft SDKs/Windows/v10.0A/bin/NETFX 4.8 Tools/x64/"
      - "D:/WaterSurfaceRendererScratch/vcpkg_installed/x64-windows/debug/Microsoft Visual Studio/18/Community/Team Tools/DiagnosticsHub/Collector/"
      - "D:/WaterSurfaceRendererScratch/vcpkg_installed/x64-windows/debug/Microsoft Visual Studio/18/Community/Common7/IDE/Extensions/Microsoft/CodeCoverage.Console/"
      - "D:/WaterSurfaceRendererScratch/vcpkg_installed/x64-windows/debug/Program Files (x86)/Windows Kits/10/bin/10.0.26100.0/x64/"
      - "D:/WaterSurfaceRendererScratch/vcpkg_installed/x64-windows/debug/Program Files (x86)/Windows Kits/10/bin/x64/"
      - "D:/WaterSurfaceRendererScratch/vcpkg_installed/x64-windows/debug/Microsoft Visual Studio/18/Community/MSBuild/Current/Bin/amd64/"
      - "D:/WaterSurfaceRendererScratch/vcpkg_installed/x64-windows/debug/Windows/Microsoft.NET/Framework64/v4.0.30319/"
      - "D:/WaterSurfaceRendererScratch/vcpkg_installed/x64-windows/debug/Microsoft Visual Studio/18/Community/Common7/IDE/"
      - "D:/WaterSurfaceRendererScratch/vcpkg_installed/x64-windows/debug/Microsoft Visual Studio/18/Community/Common7/Tools/"
      - "D:/WaterSurfaceRendererScratch/vcpkg_installed/x64-windows/debug/Users/xukeheng/AppData/Local/vcpkg/downloads/tools/powershell-core-7.5.4-windows/"
      - "D:/WaterSurfaceRendererScratch/vcpkg_installed/x64-windows/debug/Windows/System32/"
      - "D:/WaterSurfaceRendererScratch/vcpkg_installed/x64-windows/debug/Windows/"
      - "D:/WaterSurfaceRendererScratch/vcpkg_installed/x64-windows/debug/Windows/System32/wbem/"
      - "D:/WaterSurfaceRendererScratch/vcpkg_installed/x64-windows/debug/Windows/System32/WindowsPowerShell/v1.0/"
      - "D:/WaterSurfaceRendererScratch/vcpkg_installed/x64-windows/debug/Windows/System32/OpenSSH/"
      - "D:/WaterSurfaceRendererScratch/vcpkg_installed/x64-windows/debug/Microsoft Visual Studio/18/Community/Common7/IDE/CommonExtensions/Microsoft/CMake/CMake/bin/"
      - "D:/WaterSurfaceRendererScratch/vcpkg_installed/x64-windows/debug/Microsoft Visual Studio/18/Community/Common7/IDE/CommonExtensions/Microsoft/CMake/Ninja/"
      - "D:/WaterSurfaceRendererScratch/vcpkg_installed/x64-windows/debug/Microsoft Visual Studio/18/Community/Common7/IDE/VC/Linux/bin/ConnectionManagerExe/"
      - "D:/WaterSurfaceRendererScratch/vcpkg_installed/x64-windows/debug/Microsoft Visual Studio/18/Community/VC/vcpkg/"
      - "D:/Microsoft Visual Studio/18/Community/VC/Tools/MSVC/14.51.36231/bin/Hostx64/x64/"
      - "D:/Microsoft Visual Studio/18/Community/Common7/IDE/VC/vcpackages/"
      - "D:/Microsoft Visual Studio/18/Community/Common7/IDE/CommonExtensions/Microsoft/TestWindow/"
      - "D:/Microsoft Visual Studio/18/Community/Common7/IDE/CommonExtensions/Microsoft/TeamFoundation/Team Explorer/"
      - "D:/Microsoft Visual Studio/18/Community/MSBuild/Current/Bin/Roslyn/"
      - "C:/Program Files (x86)/Microsoft SDKs/Windows/v10.0A/bin/NETFX 4.8 Tools/x64/"
      - "D:/Microsoft Visual Studio/18/Community/Team Tools/DiagnosticsHub/Collector/"
      - "D:/Microsoft Visual Studio/18/Community/Common7/IDE/Extensions/Microsoft/CodeCoverage.Console/"
      - "C:/Program Files (x86)/Windows Kits/10/bin/10.0.26100.0/x64/"
      - "C:/Program Files (x86)/Windows Kits/10/bin/x64/"
      - "D:/Microsoft Visual Studio/18/Community/MSBuild/Current/Bin/amd64/"
      - "C:/Windows/Microsoft.NET/Framework64/v4.0.30319/"
      - "D:/Microsoft Visual Studio/18/Community/Common7/IDE/"
      - "D:/Microsoft Visual Studio/18/Community/Common7/Tools/"
      - "C:/Users/xukeheng/AppData/Local/vcpkg/downloads/tools/powershell-core-7.5.4-windows/"
      - "C:/Windows/System32/"
      - "C:/Windows/"
      - "C:/Windows/System32/wbem/"
      - "C:/Windows/System32/WindowsPowerShell/v1.0/"
      - "C:/Windows/System32/OpenSSH/"
      - "D:/Microsoft Visual Studio/18/Community/Common7/IDE/CommonExtensions/Microsoft/CMake/CMake/bin/"
      - "D:/Microsoft Visual Studio/18/Community/Common7/IDE/CommonExtensions/Microsoft/CMake/Ninja/"
      - "D:/Microsoft Visual Studio/18/Community/Common7/IDE/VC/Linux/bin/ConnectionManagerExe/"
      - "D:/Microsoft Visual Studio/18/Community/VC/vcpkg/"
    searched_directories:
      - "D:/WaterSurfaceRendererScratch/vcpkg_installed/x64-windows/Microsoft Visual Studio/18/Community/VC/Tools/MSVC/14.51.36231/bin/Hostx64/x64/lib.com"
      - "D:/WaterSurfaceRendererScratch/vcpkg_installed/x64-windows/Microsoft Visual Studio/18/Community/VC/Tools/MSVC/14.51.36231/bin/Hostx64/x64/lib.exe"
      - "D:/WaterSurfaceRendererScratch/vcpkg_installed/x64-windows/Microsoft Visual Studio/18/Community/VC/Tools/MSVC/14.51.36231/bin/Hostx64/x64/lib"
      - "D:/WaterSurfaceRendererScratch/vcpkg_installed/x64-windows/Microsoft Visual Studio/18/Community/Common7/IDE/VC/vcpackages/lib.com"
      - "D:/WaterSurfaceRendererScratch/vcpkg_installed/x64-windows/Microsoft Visual Studio/18/Community/Common7/IDE/VC/vcpackages/lib.exe"
      - "D:/WaterSurfaceRendererScratch/vcpkg_installed/x64-windows/Microsoft Visual Studio/18/Community/Common7/IDE/VC/vcpackages/lib"
      - "D:/WaterSurfaceRendererScratch/vcpkg_installed/x64-windows/Microsoft Visual Studio/18/Community/Common7/IDE/CommonExtensions/Microsoft/TestWindow/lib.com"
      - "D:/WaterSurfaceRendererScratch/vcpkg_installed/x64-windows/Microsoft Visual Studio/18/Community/Common7/IDE/CommonExtensions/Microsoft/TestWindow/lib.exe"
      - "D:/WaterSurfaceRendererScratch/vcpkg_installed/x64-windows/Microsoft Visual Studio/18/Community/Common7/IDE/CommonExtensions/Microsoft/TestWindow/lib"
      - "D:/WaterSurfaceRendererScratch/vcpkg_installed/x64-windows/Microsoft Visual Studio/18/Community/Common7/IDE/CommonExtensions/Microsoft/TeamFoundation/Team Explorer/lib.com"
      - "D:/WaterSurfaceRendererScratch/vcpkg_installed/x64-windows/Microsoft Visual Studio/18/Community/Common7/IDE/CommonExtensions/Microsoft/TeamFoundation/Team Explorer/lib.exe"
      - "D:/WaterSurfaceRendererScratch/vcpkg_installed/x64-windows/Microsoft Visual Studio/18/Community/Common7/IDE/CommonExtensions/Microsoft/TeamFoundation/Team Explorer/lib"
      - "D:/WaterSurfaceRendererScratch/vcpkg_installed/x64-windows/Microsoft Visual Studio/18/Community/MSBuild/Current/Bin/Roslyn/lib.com"
      - "D:/WaterSurfaceRendererScratch/vcpkg_installed/x64-windows/Microsoft Visual Studio/18/Community/MSBuild/Current/Bin/Roslyn/lib.exe"
      - "D:/WaterSurfaceRendererScratch/vcpkg_installed/x64-windows/Microsoft Visual Studio/18/Community/MSBuild/Current/Bin/Roslyn/lib"
      - "D:/WaterSurfaceRendererScratch/vcpkg_installed/x64-windows/Program Files (x86)/Microsoft SDKs/Windows/v10.0A/bin/NETFX 4.8 Tools/x64/lib.com"
      - "D:/WaterSurfaceRendererScratch/vcpkg_installed/x64-windows/Program Files (x86)/Microsoft SDKs/Windows/v10.0A/bin/NETFX 4.8 Tools/x64/lib.exe"
      - "D:/WaterSurfaceRendererScratch/vcpkg_installed/x64-windows/Program Files (x86)/Microsoft SDKs/Windows/v10.0A/bin/NETFX 4.8 Tools/x64/lib"
      - "D:/WaterSurfaceRendererScratch/vcpkg_installed/x64-windows/Microsoft Visual Studio/18/Community/Team Tools/DiagnosticsHub/Collector/lib.com"
      - "D:/WaterSurfaceRendererScratch/vcpkg_installed/x64-windows/Microsoft Visual Studio/18/Community/Team Tools/DiagnosticsHub/Collector/lib.exe"
      - "D:/WaterSurfaceRendererScratch/vcpkg_installed/x64-windows/Microsoft Visual Studio/18/Community/Team Tools/DiagnosticsHub/Collector/lib"
      - "D:/WaterSurfaceRendererScratch/vcpkg_installed/x64-windows/Microsoft Visual Studio/18/Community/Common7/IDE/Extensions/Microsoft/CodeCoverage.Console/lib.com"
      - "D:/WaterSurfaceRendererScratch/vcpkg_installed/x64-windows/Microsoft Visual Studio/18/Community/Common7/IDE/Extensions/Microsoft/CodeCoverage.Console/lib.exe"
      - "D:/WaterSurfaceRendererScratch/vcpkg_installed/x64-windows/Microsoft Visual Studio/18/Community/Common7/IDE/Extensions/Microsoft/CodeCoverage.Console/lib"
      - "D:/WaterSurfaceRendererScratch/vcpkg_installed/x64-windows/Program Files (x86)/Windows Kits/10/bin/10.0.26100.0/x64/lib.com"
      - "D:/WaterSurfaceRendererScratch/vcpkg_installed/x64-windows/Program Files (x86)/Windows Kits/10/bin/10.0.26100.0/x64/lib.exe"
      - "D:/WaterSurfaceRendererScratch/vcpkg_installed/x64-windows/Program Files (x86)/Windows Kits/10/bin/10.0.26100.0/x64/lib"
      - "D:/WaterSurfaceRendererScratch/vcpkg_installed/x64-windows/Program Files (x86)/Windows Kits/10/bin/x64/lib.com"
      - "D:/WaterSurfaceRendererScratch/vcpkg_installed/x64-windows/Program Files (x86)/Windows Kits/10/bin/x64/lib.exe"
      - "D:/WaterSurfaceRendererScratch/vcpkg_installed/x64-windows/Program Files (x86)/Windows Kits/10/bin/x64/lib"
      - "D:/WaterSurfaceRendererScratch/vcpkg_installed/x64-windows/Microsoft Visual Studio/18/Community/MSBuild/Current/Bin/amd64/lib.com"
      - "D:/WaterSurfaceRendererScratch/vcpkg_installed/x64-windows/Microsoft Visual Studio/18/Community/MSBuild/Current/Bin/amd64/lib.exe"
      - "D:/WaterSurfaceRendererScratch/vcpkg_installed/x64-windows/Microsoft Visual Studio/18/Community/MSBuild/Current/Bin/amd64/lib"
      - "D:/WaterSurfaceRendererScratch/vcpkg_installed/x64-windows/Windows/Microsoft.NET/Framework64/v4.0.30319/lib.com"
      - "D:/WaterSurfaceRendererScratch/vcpkg_installed/x64-windows/Windows/Microsoft.NET/Framework64/v4.0.30319/lib.exe"
      - "D:/WaterSurfaceRendererScratch/vcpkg_installed/x64-windows/Windows/Microsoft.NET/Framework64/v4.0.30319/lib"
      - "D:/WaterSurfaceRendererScratch/vcpkg_installed/x64-windows/Microsoft Visual Studio/18/Community/Common7/IDE/lib.com"
      - "D:/WaterSurfaceRendererScratch/vcpkg_installed/x64-windows/Microsoft Visual Studio/18/Community/Common7/IDE/lib.exe"
      - "D:/WaterSurfaceRendererScratch/vcpkg_installed/x64-windows/Microsoft Visual Studio/18/Community/Common7/IDE/lib"
      - "D:/WaterSurfaceRendererScratch/vcpkg_installed/x64-windows/Microsoft Visual Studio/18/Community/Common7/Tools/lib.com"
      - "D:/WaterSurfaceRendererScratch/vcpkg_installed/x64-windows/Microsoft Visual Studio/18/Community/Common7/Tools/lib.exe"
      - "D:/WaterSurfaceRendererScratch/vcpkg_installed/x64-windows/Microsoft Visual Studio/18/Community/Common7/Tools/lib"
      - "D:/WaterSurfaceRendererScratch/vcpkg_installed/x64-windows/Users/xukeheng/AppData/Local/vcpkg/downloads/tools/powershell-core-7.5.4-windows/lib.com"
      - "D:/WaterSurfaceRendererScratch/vcpkg_installed/x64-windows/Users/xukeheng/AppData/Local/vcpkg/downloads/tools/powershell-core-7.5.4-windows/lib.exe"
      - "D:/WaterSurfaceRendererScratch/vcpkg_installed/x64-windows/Users/xukeheng/AppData/Local/vcpkg/downloads/tools/powershell-core-7.5.4-windows/lib"
      - "D:/WaterSurfaceRendererScratch/vcpkg_installed/x64-windows/Windows/System32/lib.com"
      - "D:/WaterSurfaceRendererScratch/vcpkg_installed/x64-windows/Windows/System32/lib.exe"
      - "D:/WaterSurfaceRendererScratch/vcpkg_installed/x64-windows/Windows/System32/lib"
      - "D:/WaterSurfaceRendererScratch/vcpkg_installed/x64-windows/Windows/lib.com"
      - "D:/WaterSurfaceRendererScratch/vcpkg_installed/x64-windows/Windows/lib.exe"
      - "D:/WaterSurfaceRendererScratch/vcpkg_installed/x64-windows/Windows/lib"
      - "D:/WaterSurfaceRendererScratch/vcpkg_installed/x64-windows/Windows/System32/wbem/lib.com"
      - "D:/WaterSurfaceRendererScratch/vcpkg_installed/x64-windows/Windows/System32/wbem/lib.exe"
      - "D:/WaterSurfaceRendererScratch/vcpkg_installed/x64-windows/Windows/System32/wbem/lib"
      - "D:/WaterSurfaceRendererScratch/vcpkg_installed/x64-windows/Windows/System32/WindowsPowerShell/v1.0/lib.com"
      - "D:/WaterSurfaceRendererScratch/vcpkg_installed/x64-windows/Windows/System32/WindowsPowerShell/v1.0/lib.exe"
      - "D:/WaterSurfaceRendererScratch/vcpkg_installed/x64-windows/Windows/System32/WindowsPowerShell/v1.0/lib"
      - "D:/WaterSurfaceRendererScratch/vcpkg_installed/x64-windows/Windows/System32/OpenSSH/lib.com"
      - "D:/WaterSurfaceRendererScratch/vcpkg_installed/x64-windows/Windows/System32/OpenSSH/lib.exe"
      - "D:/WaterSurfaceRendererScratch/vcpkg_installed/x64-windows/Windows/System32/OpenSSH/lib"
      - "D:/WaterSurfaceRendererScratch/vcpkg_installed/x64-windows/Microsoft Visual Studio/18/Community/Common7/IDE/CommonExtensions/Microsoft/CMake/CMake/bin/lib.com"
      - "D:/WaterSurfaceRendererScratch/vcpkg_installed/x64-windows/Microsoft Visual Studio/18/Community/Common7/IDE/CommonExtensions/Microsoft/CMake/CMake/bin/lib.exe"
      - "D:/WaterSurfaceRendererScratch/vcpkg_installed/x64-windows/Microsoft Visual Studio/18/Community/Common7/IDE/CommonExtensions/Microsoft/CMake/CMake/bin/lib"
      - "D:/WaterSurfaceRendererScratch/vcpkg_installed/x64-windows/Microsoft Visual Studio/18/Community/Common7/IDE/CommonExtensions/Microsoft/CMake/Ninja/lib.com"
      - "D:/WaterSurfaceRendererScratch/vcpkg_installed/x64-windows/Microsoft Visual Studio/18/Community/Common7/IDE/CommonExtensions/Microsoft/CMake/Ninja/lib.exe"
      - "D:/WaterSurfaceRendererScratch/vcpkg_installed/x64-windows/Microsoft Visual Studio/18/Community/Common7/IDE/CommonExtensions/Microsoft/CMake/Ninja/lib"
      - "D:/WaterSurfaceRendererScratch/vcpkg_installed/x64-windows/Microsoft Visual Studio/18/Community/Common7/IDE/VC/Linux/bin/ConnectionManagerExe/lib.com"
      - "D:/WaterSurfaceRendererScratch/vcpkg_installed/x64-windows/Microsoft Visual Studio/18/Community/Common7/IDE/VC/Linux/bin/ConnectionManagerExe/lib.exe"
      - "D:/WaterSurfaceRendererScratch/vcpkg_installed/x64-windows/Microsoft Visual Studio/18/Community/Common7/IDE/VC/Linux/bin/ConnectionManagerExe/lib"
      - "D:/WaterSurfaceRendererScratch/vcpkg_installed/x64-windows/Microsoft Visual Studio/18/Community/VC/vcpkg/lib.com"
      - "D:/WaterSurfaceRendererScratch/vcpkg_installed/x64-windows/Microsoft Visual Studio/18/Community/VC/vcpkg/lib.exe"
      - "D:/WaterSurfaceRendererScratch/vcpkg_installed/x64-windows/Microsoft Visual Studio/18/Community/VC/vcpkg/lib"
      - "D:/WaterSurfaceRendererScratch/vcpkg_installed/x64-windows/debug/Microsoft Visual Studio/18/Community/VC/Tools/MSVC/14.51.36231/bin/Hostx64/x64/lib.com"
      - "D:/WaterSurfaceRendererScratch/vcpkg_installed/x64-windows/debug/Microsoft Visual Studio/18/Community/VC/Tools/MSVC/14.51.36231/bin/Hostx64/x64/lib.exe"
      - "D:/WaterSurfaceRendererScratch/vcpkg_installed/x64-windows/debug/Microsoft Visual Studio/18/Community/VC/Tools/MSVC/14.51.36231/bin/Hostx64/x64/lib"
      - "D:/WaterSurfaceRendererScratch/vcpkg_installed/x64-windows/debug/Microsoft Visual Studio/18/Community/Common7/IDE/VC/vcpackages/lib.com"
      - "D:/WaterSurfaceRendererScratch/vcpkg_installed/x64-windows/debug/Microsoft Visual Studio/18/Community/Common7/IDE/VC/vcpackages/lib.exe"
      - "D:/WaterSurfaceRendererScratch/vcpkg_installed/x64-windows/debug/Microsoft Visual Studio/18/Community/Common7/IDE/VC/vcpackages/lib"
      - "D:/WaterSurfaceRendererScratch/vcpkg_installed/x64-windows/debug/Microsoft Visual Studio/18/Community/Common7/IDE/CommonExtensions/Microsoft/TestWindow/lib.com"
      - "D:/WaterSurfaceRendererScratch/vcpkg_installed/x64-windows/debug/Microsoft Visual Studio/18/Community/Common7/IDE/CommonExtensions/Microsoft/TestWindow/lib.exe"
      - "D:/WaterSurfaceRendererScratch/vcpkg_installed/x64-windows/debug/Microsoft Visual Studio/18/Community/Common7/IDE/CommonExtensions/Microsoft/TestWindow/lib"
      - "D:/WaterSurfaceRendererScratch/vcpkg_installed/x64-windows/debug/Microsoft Visual Studio/18/Community/Common7/IDE/CommonExtensions/Microsoft/TeamFoundation/Team Explorer/lib.com"
      - "D:/WaterSurfaceRendererScratch/vcpkg_installed/x64-windows/debug/Microsoft Visual Studio/18/Community/Common7/IDE/CommonExtensions/Microsoft/TeamFoundation/Team Explorer/lib.exe"
      - "D:/WaterSurfaceRendererScratch/vcpkg_installed/x64-windows/debug/Microsoft Visual Studio/18/Community/Common7/IDE/CommonExtensions/Microsoft/TeamFoundation/Team Explorer/lib"
      - "D:/WaterSurfaceRendererScratch/vcpkg_installed/x64-windows/debug/Microsoft Visual Studio/18/Community/MSBuild/Current/Bin/Roslyn/lib.com"
      - "D:/WaterSurfaceRendererScratch/vcpkg_installed/x64-windows/debug/Microsoft Visual Studio/18/Community/MSBuild/Current/Bin/Roslyn/lib.exe"
      - "D:/WaterSurfaceRendererScratch/vcpkg_installed/x64-windows/debug/Microsoft Visual Studio/18/Community/MSBuild/Current/Bin/Roslyn/lib"
      - "D:/WaterSurfaceRendererScratch/vcpkg_installed/x64-windows/debug/Program Files (x86)/Microsoft SDKs/Windows/v10.0A/bin/NETFX 4.8 Tools/x64/lib.com"
      - "D:/WaterSurfaceRendererScratch/vcpkg_installed/x64-windows/debug/Program Files (x86)/Microsoft SDKs/Windows/v10.0A/bin/NETFX 4.8 Tools/x64/lib.exe"
      - "D:/WaterSurfaceRendererScratch/vcpkg_installed/x64-windows/debug/Program Files (x86)/Microsoft SDKs/Windows/v10.0A/bin/NETFX 4.8 Tools/x64/lib"
      - "D:/WaterSurfaceRendererScratch/vcpkg_installed/x64-windows/debug/Microsoft Visual Studio/18/Community/Team Tools/DiagnosticsHub/Collector/lib.com"
      - "D:/WaterSurfaceRendererScratch/vcpkg_installed/x64-windows/debug/Microsoft Visual Studio/18/Community/Team Tools/DiagnosticsHub/Collector/lib.exe"
      - "D:/WaterSurfaceRendererScratch/vcpkg_installed/x64-windows/debug/Microsoft Visual Studio/18/Community/Team Tools/DiagnosticsHub/Collector/lib"
      - "D:/WaterSurfaceRendererScratch/vcpkg_installed/x64-windows/debug/Microsoft Visual Studio/18/Community/Common7/IDE/Extensions/Microsoft/CodeCoverage.Console/lib.com"
      - "D:/WaterSurfaceRendererScratch/vcpkg_installed/x64-windows/debug/Microsoft Visual Studio/18/Community/Common7/IDE/Extensions/Microsoft/CodeCoverage.Console/lib.exe"
      - "D:/WaterSurfaceRendererScratch/vcpkg_installed/x64-windows/debug/Microsoft Visual Studio/18/Community/Common7/IDE/Extensions/Microsoft/CodeCoverage.Console/lib"
      - "D:/WaterSurfaceRendererScratch/vcpkg_installed/x64-windows/debug/Program Files (x86)/Windows Kits/10/bin/10.0.26100.0/x64/lib.com"
      - "D:/WaterSurfaceRendererScratch/vcpkg_installed/x64-windows/debug/Program Files (x86)/Windows Kits/10/bin/10.0.26100.0/x64/lib.exe"
      - "D:/WaterSurfaceRendererScratch/vcpkg_installed/x64-windows/debug/Program Files (x86)/Windows Kits/10/bin/10.0.26100.0/x64/lib"
      - "D:/WaterSurfaceRendererScratch/vcpkg_installed/x64-windows/debug/Program Files (x86)/Windows Kits/10/bin/x64/lib.com"
      - "D:/WaterSurfaceRendererScratch/vcpkg_installed/x64-windows/debug/Program Files (x86)/Windows Kits/10/bin/x64/lib.exe"
      - "D:/WaterSurfaceRendererScratch/vcpkg_installed/x64-windows/debug/Program Files (x86)/Windows Kits/10/bin/x64/lib"
      - "D:/WaterSurfaceRendererScratch/vcpkg_installed/x64-windows/debug/Microsoft Visual Studio/18/Community/MSBuild/Current/Bin/amd64/lib.com"
      - "D:/WaterSurfaceRendererScratch/vcpkg_installed/x64-windows/debug/Microsoft Visual Studio/18/Community/MSBuild/Current/Bin/amd64/lib.exe"
      - "D:/WaterSurfaceRendererScratch/vcpkg_installed/x64-windows/debug/Microsoft Visual Studio/18/Community/MSBuild/Current/Bin/amd64/lib"
      - "D:/WaterSurfaceRendererScratch/vcpkg_installed/x64-windows/debug/Windows/Microsoft.NET/Framework64/v4.0.30319/lib.com"
      - "D:/WaterSurfaceRendererScratch/vcpkg_installed/x64-windows/debug/Windows/Microsoft.NET/Framework64/v4.0.30319/lib.exe"
      - "D:/WaterSurfaceRendererScratch/vcpkg_installed/x64-windows/debug/Windows/Microsoft.NET/Framework64/v4.0.30319/lib"
      - "D:/WaterSurfaceRendererScratch/vcpkg_installed/x64-windows/debug/Microsoft Visual Studio/18/Community/Common7/IDE/lib.com"
      - "D:/WaterSurfaceRendererScratch/vcpkg_installed/x64-windows/debug/Microsoft Visual Studio/18/Community/Common7/IDE/lib.exe"
      - "D:/WaterSurfaceRendererScratch/vcpkg_installed/x64-windows/debug/Microsoft Visual Studio/18/Community/Common7/IDE/lib"
      - "D:/WaterSurfaceRendererScratch/vcpkg_installed/x64-windows/debug/Microsoft Visual Studio/18/Community/Common7/Tools/lib.com"
      - "D:/WaterSurfaceRendererScratch/vcpkg_installed/x64-windows/debug/Microsoft Visual Studio/18/Community/Common7/Tools/lib.exe"
      - "D:/WaterSurfaceRendererScratch/vcpkg_installed/x64-windows/debug/Microsoft Visual Studio/18/Community/Common7/Tools/lib"
      - "D:/WaterSurfaceRendererScratch/vcpkg_installed/x64-windows/debug/Users/xukeheng/AppData/Local/vcpkg/downloads/tools/powershell-core-7.5.4-windows/lib.com"
      - "D:/WaterSurfaceRendererScratch/vcpkg_installed/x64-windows/debug/Users/xukeheng/AppData/Local/vcpkg/downloads/tools/powershell-core-7.5.4-windows/lib.exe"
      - "D:/WaterSurfaceRendererScratch/vcpkg_installed/x64-windows/debug/Users/xukeheng/AppData/Local/vcpkg/downloads/tools/powershell-core-7.5.4-windows/lib"
      - "D:/WaterSurfaceRendererScratch/vcpkg_installed/x64-windows/debug/Windows/System32/lib.com"
      - "D:/WaterSurfaceRendererScratch/vcpkg_installed/x64-windows/debug/Windows/System32/lib.exe"
      - "D:/WaterSurfaceRendererScratch/vcpkg_installed/x64-windows/debug/Windows/System32/lib"
      - "D:/WaterSurfaceRendererScratch/vcpkg_installed/x64-windows/debug/Windows/lib.com"
      - "D:/WaterSurfaceRendererScratch/vcpkg_installed/x64-windows/debug/Windows/lib.exe"
      - "D:/WaterSurfaceRendererScratch/vcpkg_installed/x64-windows/debug/Windows/lib"
      - "D:/WaterSurfaceRendererScratch/vcpkg_installed/x64-windows/debug/Windows/System32/wbem/lib.com"
      - "D:/WaterSurfaceRendererScratch/vcpkg_installed/x64-windows/debug/Windows/System32/wbem/lib.exe"
      - "D:/WaterSurfaceRendererScratch/vcpkg_installed/x64-windows/debug/Windows/System32/wbem/lib"
      - "D:/WaterSurfaceRendererScratch/vcpkg_installed/x64-windows/debug/Windows/System32/WindowsPowerShell/v1.0/lib.com"
      - "D:/WaterSurfaceRendererScratch/vcpkg_installed/x64-windows/debug/Windows/System32/WindowsPowerShell/v1.0/lib.exe"
      - "D:/WaterSurfaceRendererScratch/vcpkg_installed/x64-windows/debug/Windows/System32/WindowsPowerShell/v1.0/lib"
      - "D:/WaterSurfaceRendererScratch/vcpkg_installed/x64-windows/debug/Windows/System32/OpenSSH/lib.com"
      - "D:/WaterSurfaceRendererScratch/vcpkg_installed/x64-windows/debug/Windows/System32/OpenSSH/lib.exe"
      - "D:/WaterSurfaceRendererScratch/vcpkg_installed/x64-windows/debug/Windows/System32/OpenSSH/lib"
      - "D:/WaterSurfaceRendererScratch/vcpkg_installed/x64-windows/debug/Microsoft Visual Studio/18/Community/Common7/IDE/CommonExtensions/Microsoft/CMake/CMake/bin/lib.com"
      - "D:/WaterSurfaceRendererScratch/vcpkg_installed/x64-windows/debug/Microsoft Visual Studio/18/Community/Common7/IDE/CommonExtensions/Microsoft/CMake/CMake/bin/lib.exe"
      - "D:/WaterSurfaceRendererScratch/vcpkg_installed/x64-windows/debug/Microsoft Visual Studio/18/Community/Common7/IDE/CommonExtensions/Microsoft/CMake/CMake/bin/lib"
      - "D:/WaterSurfaceRendererScratch/vcpkg_installed/x64-windows/debug/Microsoft Visual Studio/18/Community/Common7/IDE/CommonExtensions/Microsoft/CMake/Ninja/lib.com"
      - "D:/WaterSurfaceRendererScratch/vcpkg_installed/x64-windows/debug/Microsoft Visual Studio/18/Community/Common7/IDE/CommonExtensions/Microsoft/CMake/Ninja/lib.exe"
      - "D:/WaterSurfaceRendererScratch/vcpkg_installed/x64-windows/debug/Microsoft Visual Studio/18/Community/Common7/IDE/CommonExtensions/Microsoft/CMake/Ninja/lib"
      - "D:/WaterSurfaceRendererScratch/vcpkg_installed/x64-windows/debug/Microsoft Visual Studio/18/Community/Common7/IDE/VC/Linux/bin/ConnectionManagerExe/lib.com"
      - "D:/WaterSurfaceRendererScratch/vcpkg_installed/x64-windows/debug/Microsoft Visual Studio/18/Community/Common7/IDE/VC/Linux/bin/ConnectionManagerExe/lib.exe"
      - "D:/WaterSurfaceRendererScratch/vcpkg_installed/x64-windows/debug/Microsoft Visual Studio/18/Community/Common7/IDE/VC/Linux/bin/ConnectionManagerExe/lib"
      - "D:/WaterSurfaceRendererScratch/vcpkg_installed/x64-windows/debug/Microsoft Visual Studio/18/Community/VC/vcpkg/lib.com"
      - "D:/WaterSurfaceRendererScratch/vcpkg_installed/x64-windows/debug/Microsoft Visual Studio/18/Community/VC/vcpkg/lib.exe"
      - "D:/WaterSurfaceRendererScratch/vcpkg_installed/x64-windows/debug/Microsoft Visual Studio/18/Community/VC/vcpkg/lib"
      - "D:/Microsoft Visual Studio/18/Community/VC/Tools/MSVC/14.51.36231/bin/Hostx64/x64/lib.com"
    found: "D:/Microsoft Visual Studio/18/Community/VC/Tools/MSVC/14.51.36231/bin/Hostx64/x64/lib.exe"
    search_context:
      CMAKE_PROGRAM_PATH:
        - "D:/WaterSurfaceRendererScratch/vcpkg_installed/x64-windows/tools"
      CMAKE_PREFIX_PATH:
        - "D:/WaterSurfaceRendererScratch/vcpkg_installed/x64-windows"
        - "D:/WaterSurfaceRendererScratch/vcpkg_installed/x64-windows/debug"
      ENV{PATH}:
        - "D:\\Microsoft Visual Studio\\18\\Community\\VC\\Tools\\MSVC\\14.51.36231\\bin\\HostX64\\x64"
        - "D:\\Microsoft Visual Studio\\18\\Community\\Common7\\IDE\\VC\\VCPackages"
        - "D:\\Microsoft Visual Studio\\18\\Community\\Common7\\IDE\\CommonExtensions\\Microsoft\\TestWindow"
        - "D:\\Microsoft Visual Studio\\18\\Community\\Common7\\IDE\\CommonExtensions\\Microsoft\\TeamFoundation\\Team Explorer"
        - "D:\\Microsoft Visual Studio\\18\\Community\\MSBuild\\Current\\bin\\Roslyn"
        - "C:\\Program Files (x86)\\Microsoft SDKs\\Windows\\v10.0A\\bin\\NETFX 4.8 Tools\\x64\\"
        - "D:\\Microsoft Visual Studio\\18\\Community\\Team Tools\\DiagnosticsHub\\Collector"
        - "D:\\Microsoft Visual Studio\\18\\Community\\Common7\\IDE\\Extensions\\Microsoft\\CodeCoverage.Console"
        - "C:\\Program Files (x86)\\Windows Kits\\10\\bin\\10.0.26100.0\\\\x64"
        - "C:\\Program Files (x86)\\Windows Kits\\10\\bin\\\\x64"
        - "D:\\Microsoft Visual Studio\\18\\Community\\\\MSBuild\\Current\\Bin\\amd64"
        - "C:\\Windows\\Microsoft.NET\\Framework64\\v4.0.30319"
        - "D:\\Microsoft Visual Studio\\18\\Community\\Common7\\IDE\\"
        - "D:\\Microsoft Visual Studio\\18\\Community\\Common7\\Tools\\"
        - "C:\\Users\\xukeheng\\AppData\\Local\\vcpkg\\downloads\\tools\\powershell-core-7.5.4-windows"
        - "C:\\windows\\system32"
        - "C:\\windows"
        - "C:\\windows\\system32\\Wbem"
        - "C:\\windows\\system32\\WindowsPowerShell\\v1.0\\"
        - "C:\\windows\\system32\\OpenSSH\\"
        - "D:\\Microsoft Visual Studio\\18\\Community\\Common7\\IDE\\CommonExtensions\\Microsoft\\CMake\\CMake\\bin"
        - "D:\\Microsoft Visual Studio\\18\\Community\\Common7\\IDE\\CommonExtensions\\Microsoft\\CMake\\Ninja"
        - "D:\\Microsoft Visual Studio\\18\\Community\\Common7\\IDE\\VC\\Linux\\bin\\ConnectionManagerExe"
        - "D:\\Microsoft Visual Studio\\18\\Community\\VC\\vcpkg"
        - "D:\\Microsoft Visual Studio\\18\\Community\\Common7\\IDE\\CommonExtensions\\Microsoft\\CMake\\Ninja"
        - "D:\\Microsoft Visual Studio\\18\\Community\\Common7\\IDE\\CommonExtensions\\Microsoft\\CMake\\Ninja"
        - "D:\\Microsoft Visual Studio\\18\\Community\\Common7\\IDE\\CommonExtensions\\Microsoft\\CMake\\Ninja"
      CMAKE_INSTALL_PREFIX: "D:/WaterSurfaceRendererScratch/vcpkg_installed/vcpkg/pkgs/fftw3_x64-windows"
      CMAKE_FIND_ROOT_PATH: "D:/WaterSurfaceRendererScratch/vcpkg_installed/x64-windows;D:/WaterSurfaceRendererScratch/vcpkg_installed/x64-windows/debug"
  -
    kind: "find-v1"
    backtrace:
      - "D:/Microsoft Visual Studio/18/Community/Common7/IDE/CommonExtensions/Microsoft/CMake/CMake/share/cmake-4.3/Modules/CMakeDetermineCompiler.cmake:54 (find_program)"
      - "D:/Microsoft Visual Studio/18/Community/Common7/IDE/CommonExtensions/Microsoft/CMake/CMake/share/cmake-4.3/Modules/CMakeDetermineCXXCompiler.cmake:69 (_cmake_find_compiler)"
      - "CMakeLists.txt:7 (project)"
    mode: "program"
    variable: "CMAKE_CXX_COMPILER"
    description: "CXX compiler"
    settings:
      SearchFramework: "LAST"
      SearchAppBundle: "LAST"
      CMAKE_FIND_USE_CMAKE_PATH: true
      CMAKE_FIND_USE_CMAKE_ENVIRONMENT_PATH: true
      CMAKE_FIND_USE_SYSTEM_ENVIRONMENT_PATH: true
      CMAKE_FIND_USE_CMAKE_SYSTEM_PATH: true
      CMAKE_FIND_USE_INSTALL_PREFIX: true
    names:
      - "c++"
      - "g++"
      - "cl"
      - "bcc"
      - "icx"
      - "clang++"
    candidate_directories:
      - "D:/WaterSurfaceRendererScratch/vcpkg_installed/x64-windows/Microsoft Visual Studio/18/Community/VC/Tools/MSVC/14.51.36231/bin/Hostx64/x64/"
      - "D:/WaterSurfaceRendererScratch/vcpkg_installed/x64-windows/debug/Microsoft Visual Studio/18/Community/VC/Tools/MSVC/14.51.36231/bin/Hostx64/x64/"
      - "D:/Microsoft Visual Studio/18/Community/VC/Tools/MSVC/14.51.36231/bin/Hostx64/x64/"
    searched_directories:
      - "D:/WaterSurfaceRendererScratch/vcpkg_installed/x64-windows/Microsoft Visual Studio/18/Community/VC/Tools/MSVC/14.51.36231/bin/Hostx64/x64/c++.com"
      - "D:/WaterSurfaceRendererScratch/vcpkg_installed/x64-windows/Microsoft Visual Studio/18/Community/VC/Tools/MSVC/14.51.36231/bin/Hostx64/x64/c++.exe"
      - "D:/WaterSurfaceRendererScratch/vcpkg_installed/x64-windows/Microsoft Visual Studio/18/Community/VC/Tools/MSVC/14.51.36231/bin/Hostx64/x64/c++"
      - "D:/WaterSurfaceRendererScratch/vcpkg_installed/x64-windows/debug/Microsoft Visual Studio/18/Community/VC/Tools/MSVC/14.51.36231/bin/Hostx64/x64/c++.com"
      - "D:/WaterSurfaceRendererScratch/vcpkg_installed/x64-windows/debug/Microsoft Visual Studio/18/Community/VC/Tools/MSVC/14.51.36231/bin/Hostx64/x64/c++.exe"
      - "D:/WaterSurfaceRendererScratch/vcpkg_installed/x64-windows/debug/Microsoft Visual Studio/18/Community/VC/Tools/MSVC/14.51.36231/bin/Hostx64/x64/c++"
      - "D:/Microsoft Visual Studio/18/Community/VC/Tools/MSVC/14.51.36231/bin/Hostx64/x64/c++.com"
      - "D:/Microsoft Visual Studio/18/Community/VC/Tools/MSVC/14.51.36231/bin/Hostx64/x64/c++.exe"
      - "D:/Microsoft Visual Studio/18/Community/VC/Tools/MSVC/14.51.36231/bin/Hostx64/x64/c++"
      - "D:/WaterSurfaceRendererScratch/vcpkg_installed/x64-windows/Microsoft Visual Studio/18/Community/VC/Tools/MSVC/14.51.36231/bin/Hostx64/x64/g++.com"
      - "D:/WaterSurfaceRendererScratch/vcpkg_installed/x64-windows/Microsoft Visual Studio/18/Community/VC/Tools/MSVC/14.51.36231/bin/Hostx64/x64/g++.exe"
      - "D:/WaterSurfaceRendererScratch/vcpkg_installed/x64-windows/Microsoft Visual Studio/18/Community/VC/Tools/MSVC/14.51.36231/bin/Hostx64/x64/g++"
      - "D:/WaterSurfaceRendererScratch/vcpkg_installed/x64-windows/debug/Microsoft Visual Studio/18/Community/VC/Tools/MSVC/14.51.36231/bin/Hostx64/x64/g++.com"
      - "D:/WaterSurfaceRendererScratch/vcpkg_installed/x64-windows/debug/Microsoft Visual Studio/18/Community/VC/Tools/MSVC/14.51.36231/bin/Hostx64/x64/g++.exe"
      - "D:/WaterSurfaceRendererScratch/vcpkg_installed/x64-windows/debug/Microsoft Visual Studio/18/Community/VC/Tools/MSVC/14.51.36231/bin/Hostx64/x64/g++"
      - "D:/Microsoft Visual Studio/18/Community/VC/Tools/MSVC/14.51.36231/bin/Hostx64/x64/g++.com"
      - "D:/Microsoft Visual Studio/18/Community/VC/Tools/MSVC/14.51.36231/bin/Hostx64/x64/g++.exe"
      - "D:/Microsoft Visual Studio/18/Community/VC/Tools/MSVC/14.51.36231/bin/Hostx64/x64/g++"
      - "D:/WaterSurfaceRendererScratch/vcpkg_installed/x64-windows/Microsoft Visual Studio/18/Community/VC/Tools/MSVC/14.51.36231/bin/Hostx64/x64/cl.com"
      - "D:/WaterSurfaceRendererScratch/vcpkg_installed/x64-windows/Microsoft Visual Studio/18/Community/VC/Tools/MSVC/14.51.36231/bin/Hostx64/x64/cl.exe"
      - "D:/WaterSurfaceRendererScratch/vcpkg_installed/x64-windows/Microsoft Visual Studio/18/Community/VC/Tools/MSVC/14.51.36231/bin/Hostx64/x64/cl"
      - "D:/WaterSurfaceRendererScratch/vcpkg_installed/x64-windows/debug/Microsoft Visual Studio/18/Community/VC/Tools/MSVC/14.51.36231/bin/Hostx64/x64/cl.com"
      - "D:/WaterSurfaceRendererScratch/vcpkg_installed/x64-windows/debug/Microsoft Visual Studio/18/Community/VC/Tools/MSVC/14.51.36231/bin/Hostx64/x64/cl.exe"
      - "D:/WaterSurfaceRendererScratch/vcpkg_installed/x64-windows/debug/Microsoft Visual Studio/18/Community/VC/Tools/MSVC/14.51.36231/bin/Hostx64/x64/cl"
      - "D:/Microsoft Visual Studio/18/Community/VC/Tools/MSVC/14.51.36231/bin/Hostx64/x64/cl.com"
    found: "D:/Microsoft Visual Studio/18/Community/VC/Tools/MSVC/14.51.36231/bin/Hostx64/x64/cl.exe"
    search_context:
      CMAKE_PROGRAM_PATH:
        - "D:/WaterSurfaceRendererScratch/vcpkg_installed/x64-windows/tools"
      CMAKE_PREFIX_PATH:
        - "D:/WaterSurfaceRendererScratch/vcpkg_installed/x64-windows"
        - "D:/WaterSurfaceRendererScratch/vcpkg_installed/x64-windows/debug"
      ENV{PATH}:
        - "D:\\Microsoft Visual Studio\\18\\Community\\VC\\Tools\\MSVC\\14.51.36231\\bin\\HostX64\\x64"
        - "D:\\Microsoft Visual Studio\\18\\Community\\Common7\\IDE\\VC\\VCPackages"
        - "D:\\Microsoft Visual Studio\\18\\Community\\Common7\\IDE\\CommonExtensions\\Microsoft\\TestWindow"
        - "D:\\Microsoft Visual Studio\\18\\Community\\Common7\\IDE\\CommonExtensions\\Microsoft\\TeamFoundation\\Team Explorer"
        - "D:\\Microsoft Visual Studio\\18\\Community\\MSBuild\\Current\\bin\\Roslyn"
        - "C:\\Program Files (x86)\\Microsoft SDKs\\Windows\\v10.0A\\bin\\NETFX 4.8 Tools\\x64\\"
        - "D:\\Microsoft Visual Studio\\18\\Community\\Team Tools\\DiagnosticsHub\\Collector"
        - "D:\\Microsoft Visual Studio\\18\\Community\\Common7\\IDE\\Extensions\\Microsoft\\CodeCoverage.Console"
        - "C:\\Program Files (x86)\\Windows Kits\\10\\bin\\10.0.26100.0\\\\x64"
        - "C:\\Program Files (x86)\\Windows Kits\\10\\bin\\\\x64"
        - "D:\\Microsoft Visual Studio\\18\\Community\\\\MSBuild\\Current\\Bin\\amd64"
        - "C:\\Windows\\Microsoft.NET\\Framework64\\v4.0.30319"
        - "D:\\Microsoft Visual Studio\\18\\Community\\Common7\\IDE\\"
        - "D:\\Microsoft Visual Studio\\18\\Community\\Common7\\Tools\\"
        - "C:\\Users\\xukeheng\\AppData\\Local\\vcpkg\\downloads\\tools\\powershell-core-7.5.4-windows"
        - "C:\\windows\\system32"
        - "C:\\windows"
        - "C:\\windows\\system32\\Wbem"
        - "C:\\windows\\system32\\WindowsPowerShell\\v1.0\\"
        - "C:\\windows\\system32\\OpenSSH\\"
        - "D:\\Microsoft Visual Studio\\18\\Community\\Common7\\IDE\\CommonExtensions\\Microsoft\\CMake\\CMake\\bin"
        - "D:\\Microsoft Visual Studio\\18\\Community\\Common7\\IDE\\CommonExtensions\\Microsoft\\CMake\\Ninja"
        - "D:\\Microsoft Visual Studio\\18\\Community\\Common7\\IDE\\VC\\Linux\\bin\\ConnectionManagerExe"
        - "D:\\Microsoft Visual Studio\\18\\Community\\VC\\vcpkg"
        - "D:\\Microsoft Visual Studio\\18\\Community\\Common7\\IDE\\CommonExtensions\\Microsoft\\CMake\\Ninja"
        - "D:\\Microsoft Visual Studio\\18\\Community\\Common7\\IDE\\CommonExtensions\\Microsoft\\CMake\\Ninja"
        - "D:\\Microsoft Visual Studio\\18\\Community\\Common7\\IDE\\CommonExtensions\\Microsoft\\CMake\\Ninja"
      CMAKE_INSTALL_PREFIX: "D:/WaterSurfaceRendererScratch/vcpkg_installed/vcpkg/pkgs/fftw3_x64-windows"
      CMAKE_FIND_ROOT_PATH: "D:/WaterSurfaceRendererScratch/vcpkg_installed/x64-windows;D:/WaterSurfaceRendererScratch/vcpkg_installed/x64-windows/debug"
  -
    kind: "find-v1"
    backtrace:
      - "D:/Microsoft Visual Studio/18/Community/Common7/IDE/CommonExtensions/Microsoft/CMake/CMake/share/cmake-4.3/Modules/CMakeDetermineCompilerId.cmake:468 (find_file)"
      - "D:/Microsoft Visual Studio/18/Community/Common7/IDE/CommonExtensions/Microsoft/CMake/CMake/share/cmake-4.3/Modules/CMakeDetermineCompilerId.cmake:506 (CMAKE_DETERMINE_COMPILER_ID_WRITE)"
      - "D:/Microsoft Visual Studio/18/Community/Common7/IDE/CommonExtensions/Microsoft/CMake/CMake/share/cmake-4.3/Modules/CMakeDetermineCompilerId.cmake:8 (CMAKE_DETERMINE_COMPILER_ID_BUILD)"
      - "D:/Microsoft Visual Studio/18/Community/Common7/IDE/CommonExtensions/Microsoft/CMake/CMake/share/cmake-4.3/Modules/CMakeDetermineCompilerId.cmake:64 (__determine_compiler_id_test)"
      - "D:/Microsoft Visual Studio/18/Community/Common7/IDE/CommonExtensions/Microsoft/CMake/CMake/share/cmake-4.3/Modules/CMakeDetermineCXXCompiler.cmake:125 (CMAKE_DETERMINE_COMPILER_ID)"
      - "CMakeLists.txt:7 (project)"
    mode: "file"
    variable: "src_in"
    description: "Path to a file."
    settings:
      SearchFramework: "LAST"
      SearchAppBundle: "LAST"
      CMAKE_FIND_USE_CMAKE_PATH: true
      CMAKE_FIND_USE_CMAKE_ENVIRONMENT_PATH: true
      CMAKE_FIND_USE_SYSTEM_ENVIRONMENT_PATH: true
      CMAKE_FIND_USE_CMAKE_SYSTEM_PATH: true
      CMAKE_FIND_USE_INSTALL_PREFIX: true
    names:
      - "CMakeCXXCompilerId.cpp.in"
    candidate_directories:
      - "D:/Microsoft Visual Studio/18/Community/Common7/IDE/CommonExtensions/Microsoft/CMake/CMake/share/cmake-4.3/Modules/"
    found: "D:/Microsoft Visual Studio/18/Community/Common7/IDE/CommonExtensions/Microsoft/CMake/CMake/share/cmake-4.3/Modules/CMakeCXXCompilerId.cpp.in"
    search_context:
      CMAKE_PREFIX_PATH:
        - "D:/WaterSurfaceRendererScratch/vcpkg_installed/x64-windows"
        - "D:/WaterSurfaceRendererScratch/vcpkg_installed/x64-windows/debug"
      ENV{PATH}:
        - "D:\\Microsoft Visual Studio\\18\\Community\\VC\\Tools\\MSVC\\14.51.36231\\bin\\HostX64\\x64"
        - "D:\\Microsoft Visual Studio\\18\\Community\\Common7\\IDE\\VC\\VCPackages"
        - "D:\\Microsoft Visual Studio\\18\\Community\\Common7\\IDE\\CommonExtensions\\Microsoft\\TestWindow"
        - "D:\\Microsoft Visual Studio\\18\\Community\\Common7\\IDE\\CommonExtensions\\Microsoft\\TeamFoundation\\Team Explorer"
        - "D:\\Microsoft Visual Studio\\18\\Community\\MSBuild\\Current\\bin\\Roslyn"
        - "C:\\Program Files (x86)\\Microsoft SDKs\\Windows\\v10.0A\\bin\\NETFX 4.8 Tools\\x64\\"
        - "D:\\Microsoft Visual Studio\\18\\Community\\Team Tools\\DiagnosticsHub\\Collector"
        - "D:\\Microsoft Visual Studio\\18\\Community\\Common7\\IDE\\Extensions\\Microsoft\\CodeCoverage.Console"
        - "C:\\Program Files (x86)\\Windows Kits\\10\\bin\\10.0.26100.0\\\\x64"
        - "C:\\Program Files (x86)\\Windows Kits\\10\\bin\\\\x64"
        - "D:\\Microsoft Visual Studio\\18\\Community\\\\MSBuild\\Current\\Bin\\amd64"
        - "C:\\Windows\\Microsoft.NET\\Framework64\\v4.0.30319"
        - "D:\\Microsoft Visual Studio\\18\\Community\\Common7\\IDE\\"
        - "D:\\Microsoft Visual Studio\\18\\Community\\Common7\\Tools\\"
        - "C:\\Users\\xukeheng\\AppData\\Local\\vcpkg\\downloads\\tools\\powershell-core-7.5.4-windows"
        - "C:\\windows\\system32"
        - "C:\\windows"
        - "C:\\windows\\system32\\Wbem"
        - "C:\\windows\\system32\\WindowsPowerShell\\v1.0\\"
        - "C:\\windows\\system32\\OpenSSH\\"
        - "D:\\Microsoft Visual Studio\\18\\Community\\Common7\\IDE\\CommonExtensions\\Microsoft\\CMake\\CMake\\bin"
        - "D:\\Microsoft Visual Studio\\18\\Community\\Common7\\IDE\\CommonExtensions\\Microsoft\\CMake\\Ninja"
        - "D:\\Microsoft Visual Studio\\18\\Community\\Common7\\IDE\\VC\\Linux\\bin\\ConnectionManagerExe"
        - "D:\\Microsoft Visual Studio\\18\\Community\\VC\\vcpkg"
        - "D:\\Microsoft Visual Studio\\18\\Community\\Common7\\IDE\\CommonExtensions\\Microsoft\\CMake\\Ninja"
        - "D:\\Microsoft Visual Studio\\18\\Community\\Common7\\IDE\\CommonExtensions\\Microsoft\\CMake\\Ninja"
        - "D:\\Microsoft Visual Studio\\18\\Community\\Common7\\IDE\\CommonExtensions\\Microsoft\\CMake\\Ninja"
      CMAKE_INSTALL_PREFIX: "D:/WaterSurfaceRendererScratch/vcpkg_installed/vcpkg/pkgs/fftw3_x64-windows"
      CMAKE_FIND_ROOT_PATH: "D:/WaterSurfaceRendererScratch/vcpkg_installed/x64-windows;D:/WaterSurfaceRendererScratch/vcpkg_installed/x64-windows/debug"
      ENV{INCLUDE}:
        - "D:\\Microsoft Visual Studio\\18\\Community\\VC\\Tools\\MSVC\\14.51.36231\\include"
        - "D:\\Microsoft Visual Studio\\18\\Community\\VC\\Tools\\MSVC\\14.51.36231\\ATLMFC\\include"
        - "D:\\Microsoft Visual Studio\\18\\Community\\VC\\Auxiliary\\VS\\include"
        - "C:\\Program Files (x86)\\Windows Kits\\10\\include\\10.0.26100.0\\ucrt"
        - "C:\\Program Files (x86)\\Windows Kits\\10\\\\include\\10.0.26100.0\\\\um"
        - "C:\\Program Files (x86)\\Windows Kits\\10\\\\include\\10.0.26100.0\\\\shared"
        - "C:\\Program Files (x86)\\Windows Kits\\10\\\\include\\10.0.26100.0\\\\winrt"
        - "C:\\Program Files (x86)\\Windows Kits\\10\\\\include\\10.0.26100.0\\\\cppwinrt"
        - "C:\\Program Files (x86)\\Windows Kits\\NETFXSDK\\4.8\\include\\um"
  -
    kind: "message-v1"
    backtrace:
      - "D:/Microsoft Visual Studio/18/Community/Common7/IDE/CommonExtensions/Microsoft/CMake/CMake/share/cmake-4.3/Modules/CMakeDetermineCompilerId.cmake:17 (message)"
      - "D:/Microsoft Visual Studio/18/Community/Common7/IDE/CommonExtensions/Microsoft/CMake/CMake/share/cmake-4.3/Modules/CMakeDetermineCompilerId.cmake:64 (__determine_compiler_id_test)"
      - "D:/Microsoft Visual Studio/18/Community/Common7/IDE/CommonExtensions/Microsoft/CMake/CMake/share/cmake-4.3/Modules/CMakeDetermineCXXCompiler.cmake:125 (CMAKE_DETERMINE_COMPILER_ID)"
      - "CMakeLists.txt:7 (project)"
    message: |
      Compiling the CXX compiler identification source file "CMakeCXXCompilerId.cpp" succeeded.
      Compiler: D:/Microsoft Visual Studio/18/Community/VC/Tools/MSVC/14.51.36231/bin/Hostx64/x64/cl.exe 
      Build flags: /nologo;/DWIN32;/D_WINDOWS;/utf-8;/GR;/EHsc;/MP
      Id flags:  
      
      The output was:
      0
      CMakeCXXCompilerId.cpp
      
      
      Compilation of the CXX compiler identification source "CMakeCXXCompilerId.cpp" produced "CMakeCXXCompilerId.exe"
      
      Compilation of the CXX compiler identification source "CMakeCXXCompilerId.cpp" produced "CMakeCXXCompilerId.obj"
      
      The CXX compiler identification is MSVC, found in:
        D:/WaterSurfaceRendererScratch/vcpkg_installed/vcpkg/blds/fftw3/x64-windows-rel/CMakeFiles/4.3.1-msvc1/CompilerIdCXX/CMakeCXXCompilerId.exe
      
  -
    kind: "message-v1"
    backtrace:
      - "D:/Microsoft Visual Studio/18/Community/Common7/IDE/CommonExtensions/Microsoft/CMake/CMake/share/cmake-4.3/Modules/CMakeDetermineCompilerId.cmake:1347 (message)"
      - "D:/Microsoft Visual Studio/18/Community/Common7/IDE/CommonExtensions/Microsoft/CMake/CMake/share/cmake-4.3/Modules/CMakeDetermineCompilerId.cmake:250 (CMAKE_DETERMINE_MSVC_SHOWINCLUDES_PREFIX)"
      - "D:/Microsoft Visual Studio/18/Community/Common7/IDE/CommonExtensions/Microsoft/CMake/CMake/share/cmake-4.3/Modules/CMakeDetermineCXXCompiler.cmake:125 (CMAKE_DETERMINE_COMPILER_ID)"
      - "CMakeLists.txt:7 (project)"
    message: |
      Detecting CXX compiler /showIncludes prefix:
        main.c
        注意: 包含文件:  D:\\WaterSurfaceRendererScratch\\vcpkg_installed\\vcpkg\\blds\\fftw3\\x64-windows-rel\\CMakeFiles\\ShowIncludes\\foo.h
        
      Found prefix "注意: 包含文件:  "
  -
    kind: "find-v1"
    backtrace:
      - "D:/Microsoft Visual Studio/18/Community/Common7/IDE/CommonExtensions/Microsoft/CMake/CMake/share/cmake-4.3/Modules/CMakeFindBinUtils.cmake:37 (find_program)"
      - "D:/Microsoft Visual Studio/18/Community/Common7/IDE/CommonExtensions/Microsoft/CMake/CMake/share/cmake-4.3/Modules/CMakeFindBinUtils.cmake:65 (__resolve_tool_path)"
      - "D:/Microsoft Visual Studio/18/Community/Common7/IDE/CommonExtensions/Microsoft/CMake/CMake/share/cmake-4.3/Modules/CMakeFindBinUtils.cmake:104 (__resolve_linker_path)"
      - "D:/Microsoft Visual Studio/18/Community/Common7/IDE/CommonExtensions/Microsoft/CMake/CMake/share/cmake-4.3/Modules/CMakeDetermineCXXCompiler.cmake:206 (include)"
      - "CMakeLists.txt:7 (project)"
    mode: "program"
    variable: "_CMAKE_TOOL_WITH_PATH"
    description: "Path to a program."
    settings:
      SearchFramework: "LAST"
      SearchAppBundle: "LAST"
      CMAKE_FIND_USE_CMAKE_PATH: false
      CMAKE_FIND_USE_CMAKE_ENVIRONMENT_PATH: false
      CMAKE_FIND_USE_SYSTEM_ENVIRONMENT_PATH: true
      CMAKE_FIND_USE_CMAKE_SYSTEM_PATH: true
      CMAKE_FIND_USE_INSTALL_PREFIX: true
    names:
      - "lld-link"
    candidate_directories:
      - "D:/WaterSurfaceRendererScratch/vcpkg_installed/x64-windows/Microsoft Visual Studio/18/Community/VC/Tools/MSVC/14.51.36231/bin/Hostx64/x64/"
      - "D:/WaterSurfaceRendererScratch/vcpkg_installed/x64-windows/Microsoft Visual Studio/18/Community/Common7/IDE/VC/vcpackages/"
      - "D:/WaterSurfaceRendererScratch/vcpkg_installed/x64-windows/Microsoft Visual Studio/18/Community/Common7/IDE/CommonExtensions/Microsoft/TestWindow/"
      - "D:/WaterSurfaceRendererScratch/vcpkg_installed/x64-windows/Microsoft Visual Studio/18/Community/Common7/IDE/CommonExtensions/Microsoft/TeamFoundation/Team Explorer/"
      - "D:/WaterSurfaceRendererScratch/vcpkg_installed/x64-windows/Microsoft Visual Studio/18/Community/MSBuild/Current/Bin/Roslyn/"
      - "D:/WaterSurfaceRendererScratch/vcpkg_installed/x64-windows/Program Files (x86)/Microsoft SDKs/Windows/v10.0A/bin/NETFX 4.8 Tools/x64/"
      - "D:/WaterSurfaceRendererScratch/vcpkg_installed/x64-windows/Microsoft Visual Studio/18/Community/Team Tools/DiagnosticsHub/Collector/"
      - "D:/WaterSurfaceRendererScratch/vcpkg_installed/x64-windows/Microsoft Visual Studio/18/Community/Common7/IDE/Extensions/Microsoft/CodeCoverage.Console/"
      - "D:/WaterSurfaceRendererScratch/vcpkg_installed/x64-windows/Program Files (x86)/Windows Kits/10/bin/10.0.26100.0/x64/"
      - "D:/WaterSurfaceRendererScratch/vcpkg_installed/x64-windows/Program Files (x86)/Windows Kits/10/bin/x64/"
      - "D:/WaterSurfaceRendererScratch/vcpkg_installed/x64-windows/Microsoft Visual Studio/18/Community/MSBuild/Current/Bin/amd64/"
      - "D:/WaterSurfaceRendererScratch/vcpkg_installed/x64-windows/Windows/Microsoft.NET/Framework64/v4.0.30319/"
      - "D:/WaterSurfaceRendererScratch/vcpkg_installed/x64-windows/Microsoft Visual Studio/18/Community/Common7/IDE/"
      - "D:/WaterSurfaceRendererScratch/vcpkg_installed/x64-windows/Microsoft Visual Studio/18/Community/Common7/Tools/"
      - "D:/WaterSurfaceRendererScratch/vcpkg_installed/x64-windows/Users/xukeheng/AppData/Local/vcpkg/downloads/tools/powershell-core-7.5.4-windows/"
      - "D:/WaterSurfaceRendererScratch/vcpkg_installed/x64-windows/Windows/System32/"
      - "D:/WaterSurfaceRendererScratch/vcpkg_installed/x64-windows/Windows/"
      - "D:/WaterSurfaceRendererScratch/vcpkg_installed/x64-windows/Windows/System32/wbem/"
      - "D:/WaterSurfaceRendererScratch/vcpkg_installed/x64-windows/Windows/System32/WindowsPowerShell/v1.0/"
      - "D:/WaterSurfaceRendererScratch/vcpkg_installed/x64-windows/Windows/System32/OpenSSH/"
      - "D:/WaterSurfaceRendererScratch/vcpkg_installed/x64-windows/Microsoft Visual Studio/18/Community/Common7/IDE/CommonExtensions/Microsoft/CMake/CMake/bin/"
      - "D:/WaterSurfaceRendererScratch/vcpkg_installed/x64-windows/Microsoft Visual Studio/18/Community/Common7/IDE/CommonExtensions/Microsoft/CMake/Ninja/"
      - "D:/WaterSurfaceRendererScratch/vcpkg_installed/x64-windows/Microsoft Visual Studio/18/Community/Common7/IDE/VC/Linux/bin/ConnectionManagerExe/"
      - "D:/WaterSurfaceRendererScratch/vcpkg_installed/x64-windows/Microsoft Visual Studio/18/Community/VC/vcpkg/"
      - "D:/WaterSurfaceRendererScratch/vcpkg_installed/x64-windows/debug/Microsoft Visual Studio/18/Community/VC/Tools/MSVC/14.51.36231/bin/Hostx64/x64/"
      - "D:/WaterSurfaceRendererScratch/vcpkg_installed/x64-windows/debug/Microsoft Visual Studio/18/Community/Common7/IDE/VC/vcpackages/"
      - "D:/WaterSurfaceRendererScratch/vcpkg_installed/x64-windows/debug/Microsoft Visual Studio/18/Community/Common7/IDE/CommonExtensions/Microsoft/TestWindow/"
      - "D:/WaterSurfaceRendererScratch/vcpkg_installed/x64-windows/debug/Microsoft Visual Studio/18/Community/Common7/IDE/CommonExtensions/Microsoft/TeamFoundation/Team Explorer/"
      - "D:/WaterSurfaceRendererScratch/vcpkg_installed/x64-windows/debug/Microsoft Visual Studio/18/Community/MSBuild/Current/Bin/Roslyn/"
      - "D:/WaterSurfaceRendererScratch/vcpkg_installed/x64-windows/debug/Program Files (x86)/Microsoft SDKs/Windows/v10.0A/bin/NETFX 4.8 Tools/x64/"
      - "D:/WaterSurfaceRendererScratch/vcpkg_installed/x64-windows/debug/Microsoft Visual Studio/18/Community/Team Tools/DiagnosticsHub/Collector/"
      - "D:/WaterSurfaceRendererScratch/vcpkg_installed/x64-windows/debug/Microsoft Visual Studio/18/Community/Common7/IDE/Extensions/Microsoft/CodeCoverage.Console/"
      - "D:/WaterSurfaceRendererScratch/vcpkg_installed/x64-windows/debug/Program Files (x86)/Windows Kits/10/bin/10.0.26100.0/x64/"
      - "D:/WaterSurfaceRendererScratch/vcpkg_installed/x64-windows/debug/Program Files (x86)/Windows Kits/10/bin/x64/"
      - "D:/WaterSurfaceRendererScratch/vcpkg_installed/x64-windows/debug/Microsoft Visual Studio/18/Community/MSBuild/Current/Bin/amd64/"
      - "D:/WaterSurfaceRendererScratch/vcpkg_installed/x64-windows/debug/Windows/Microsoft.NET/Framework64/v4.0.30319/"
      - "D:/WaterSurfaceRendererScratch/vcpkg_installed/x64-windows/debug/Microsoft Visual Studio/18/Community/Common7/IDE/"
      - "D:/WaterSurfaceRendererScratch/vcpkg_installed/x64-windows/debug/Microsoft Visual Studio/18/Community/Common7/Tools/"
      - "D:/WaterSurfaceRendererScratch/vcpkg_installed/x64-windows/debug/Users/xukeheng/AppData/Local/vcpkg/downloads/tools/powershell-core-7.5.4-windows/"
      - "D:/WaterSurfaceRendererScratch/vcpkg_installed/x64-windows/debug/Windows/System32/"
      - "D:/WaterSurfaceRendererScratch/vcpkg_installed/x64-windows/debug/Windows/"
      - "D:/WaterSurfaceRendererScratch/vcpkg_installed/x64-windows/debug/Windows/System32/wbem/"
      - "D:/WaterSurfaceRendererScratch/vcpkg_installed/x64-windows/debug/Windows/System32/WindowsPowerShell/v1.0/"
      - "D:/WaterSurfaceRendererScratch/vcpkg_installed/x64-windows/debug/Windows/System32/OpenSSH/"
      - "D:/WaterSurfaceRendererScratch/vcpkg_installed/x64-windows/debug/Microsoft Visual Studio/18/Community/Common7/IDE/CommonExtensions/Microsoft/CMake/CMake/bin/"
      - "D:/WaterSurfaceRendererScratch/vcpkg_installed/x64-windows/debug/Microsoft Visual Studio/18/Community/Common7/IDE/CommonExtensions/Microsoft/CMake/Ninja/"
      - "D:/WaterSurfaceRendererScratch/vcpkg_installed/x64-windows/debug/Microsoft Visual Studio/18/Community/Common7/IDE/VC/Linux/bin/ConnectionManagerExe/"
      - "D:/WaterSurfaceRendererScratch/vcpkg_installed/x64-windows/debug/Microsoft Visual Studio/18/Community/VC/vcpkg/"
      - "D:/Microsoft Visual Studio/18/Community/VC/Tools/MSVC/14.51.36231/bin/Hostx64/x64/"
      - "D:/Microsoft Visual Studio/18/Community/Common7/IDE/VC/vcpackages/"
      - "D:/Microsoft Visual Studio/18/Community/Common7/IDE/CommonExtensions/Microsoft/TestWindow/"
      - "D:/Microsoft Visual Studio/18/Community/Common7/IDE/CommonExtensions/Microsoft/TeamFoundation/Team Explorer/"
      - "D:/Microsoft Visual Studio/18/Community/MSBuild/Current/Bin/Roslyn/"
      - "C:/Program Files (x86)/Microsoft SDKs/Windows/v10.0A/bin/NETFX 4.8 Tools/x64/"
      - "D:/Microsoft Visual Studio/18/Community/Team Tools/DiagnosticsHub/Collector/"
      - "D:/Microsoft Visual Studio/18/Community/Common7/IDE/Extensions/Microsoft/CodeCoverage.Console/"
      - "C:/Program Files (x86)/Windows Kits/10/bin/10.0.26100.0/x64/"
      - "C:/Program Files (x86)/Windows Kits/10/bin/x64/"
      - "D:/Microsoft Visual Studio/18/Community/MSBuild/Current/Bin/amd64/"
      - "C:/Windows/Microsoft.NET/Framework64/v4.0.30319/"
      - "D:/Microsoft Visual Studio/18/Community/Common7/IDE/"
      - "D:/Microsoft Visual Studio/18/Community/Common7/Tools/"
      - "C:/Users/xukeheng/AppData/Local/vcpkg/downloads/tools/powershell-core-7.5.4-windows/"
      - "C:/Windows/System32/"
      - "C:/Windows/"
      - "C:/Windows/System32/wbem/"
      - "C:/Windows/System32/WindowsPowerShell/v1.0/"
      - "C:/Windows/System32/OpenSSH/"
      - "D:/Microsoft Visual Studio/18/Community/Common7/IDE/CommonExtensions/Microsoft/CMake/CMake/bin/"
      - "D:/Microsoft Visual Studio/18/Community/Common7/IDE/CommonExtensions/Microsoft/CMake/Ninja/"
      - "D:/Microsoft Visual Studio/18/Community/Common7/IDE/VC/Linux/bin/ConnectionManagerExe/"
      - "D:/Microsoft Visual Studio/18/Community/VC/vcpkg/"
    searched_directories:
      - "D:/WaterSurfaceRendererScratch/vcpkg_installed/x64-windows/Microsoft Visual Studio/18/Community/VC/Tools/MSVC/14.51.36231/bin/Hostx64/x64/lld-link.com"
      - "D:/WaterSurfaceRendererScratch/vcpkg_installed/x64-windows/Microsoft Visual Studio/18/Community/VC/Tools/MSVC/14.51.36231/bin/Hostx64/x64/lld-link.exe"
      - "D:/WaterSurfaceRendererScratch/vcpkg_installed/x64-windows/Microsoft Visual Studio/18/Community/VC/Tools/MSVC/14.51.36231/bin/Hostx64/x64/lld-link"
      - "D:/WaterSurfaceRendererScratch/vcpkg_installed/x64-windows/Microsoft Visual Studio/18/Community/Common7/IDE/VC/vcpackages/lld-link.com"
      - "D:/WaterSurfaceRendererScratch/vcpkg_installed/x64-windows/Microsoft Visual Studio/18/Community/Common7/IDE/VC/vcpackages/lld-link.exe"
      - "D:/WaterSurfaceRendererScratch/vcpkg_installed/x64-windows/Microsoft Visual Studio/18/Community/Common7/IDE/VC/vcpackages/lld-link"
      - "D:/WaterSurfaceRendererScratch/vcpkg_installed/x64-windows/Microsoft Visual Studio/18/Community/Common7/IDE/CommonExtensions/Microsoft/TestWindow/lld-link.com"
      - "D:/WaterSurfaceRendererScratch/vcpkg_installed/x64-windows/Microsoft Visual Studio/18/Community/Common7/IDE/CommonExtensions/Microsoft/TestWindow/lld-link.exe"
      - "D:/WaterSurfaceRendererScratch/vcpkg_installed/x64-windows/Microsoft Visual Studio/18/Community/Common7/IDE/CommonExtensions/Microsoft/TestWindow/lld-link"
      - "D:/WaterSurfaceRendererScratch/vcpkg_installed/x64-windows/Microsoft Visual Studio/18/Community/Common7/IDE/CommonExtensions/Microsoft/TeamFoundation/Team Explorer/lld-link.com"
      - "D:/WaterSurfaceRendererScratch/vcpkg_installed/x64-windows/Microsoft Visual Studio/18/Community/Common7/IDE/CommonExtensions/Microsoft/TeamFoundation/Team Explorer/lld-link.exe"
      - "D:/WaterSurfaceRendererScratch/vcpkg_installed/x64-windows/Microsoft Visual Studio/18/Community/Common7/IDE/CommonExtensions/Microsoft/TeamFoundation/Team Explorer/lld-link"
      - "D:/WaterSurfaceRendererScratch/vcpkg_installed/x64-windows/Microsoft Visual Studio/18/Community/MSBuild/Current/Bin/Roslyn/lld-link.com"
      - "D:/WaterSurfaceRendererScratch/vcpkg_installed/x64-windows/Microsoft Visual Studio/18/Community/MSBuild/Current/Bin/Roslyn/lld-link.exe"
      - "D:/WaterSurfaceRendererScratch/vcpkg_installed/x64-windows/Microsoft Visual Studio/18/Community/MSBuild/Current/Bin/Roslyn/lld-link"
      - "D:/WaterSurfaceRendererScratch/vcpkg_installed/x64-windows/Program Files (x86)/Microsoft SDKs/Windows/v10.0A/bin/NETFX 4.8 Tools/x64/lld-link.com"
      - "D:/WaterSurfaceRendererScratch/vcpkg_installed/x64-windows/Program Files (x86)/Microsoft SDKs/Windows/v10.0A/bin/NETFX 4.8 Tools/x64/lld-link.exe"
      - "D:/WaterSurfaceRendererScratch/vcpkg_installed/x64-windows/Program Files (x86)/Microsoft SDKs/Windows/v10.0A/bin/NETFX 4.8 Tools/x64/lld-link"
      - "D:/WaterSurfaceRendererScratch/vcpkg_installed/x64-windows/Microsoft Visual Studio/18/Community/Team Tools/DiagnosticsHub/Collector/lld-link.com"
      - "D:/WaterSurfaceRendererScratch/vcpkg_installed/x64-windows/Microsoft Visual Studio/18/Community/Team Tools/DiagnosticsHub/Collector/lld-link.exe"
      - "D:/WaterSurfaceRendererScratch/vcpkg_installed/x64-windows/Microsoft Visual Studio/18/Community/Team Tools/DiagnosticsHub/Collector/lld-link"
      - "D:/WaterSurfaceRendererScratch/vcpkg_installed/x64-windows/Microsoft Visual Studio/18/Community/Common7/IDE/Extensions/Microsoft/CodeCoverage.Console/lld-link.com"
      - "D:/WaterSurfaceRendererScratch/vcpkg_installed/x64-windows/Microsoft Visual Studio/18/Community/Common7/IDE/Extensions/Microsoft/CodeCoverage.Console/lld-link.exe"
      - "D:/WaterSurfaceRendererScratch/vcpkg_installed/x64-windows/Microsoft Visual Studio/18/Community/Common7/IDE/Extensions/Microsoft/CodeCoverage.Console/lld-link"
      - "D:/WaterSurfaceRendererScratch/vcpkg_installed/x64-windows/Program Files (x86)/Windows Kits/10/bin/10.0.26100.0/x64/lld-link.com"
      - "D:/WaterSurfaceRendererScratch/vcpkg_installed/x64-windows/Program Files (x86)/Windows Kits/10/bin/10.0.26100.0/x64/lld-link.exe"
      - "D:/WaterSurfaceRendererScratch/vcpkg_installed/x64-windows/Program Files (x86)/Windows Kits/10/bin/10.0.26100.0/x64/lld-link"
      - "D:/WaterSurfaceRendererScratch/vcpkg_installed/x64-windows/Program Files (x86)/Windows Kits/10/bin/x64/lld-link.com"
      - "D:/WaterSurfaceRendererScratch/vcpkg_installed/x64-windows/Program Files (x86)/Windows Kits/10/bin/x64/lld-link.exe"
      - "D:/WaterSurfaceRendererScratch/vcpkg_installed/x64-windows/Program Files (x86)/Windows Kits/10/bin/x64/lld-link"
      - "D:/WaterSurfaceRendererScratch/vcpkg_installed/x64-windows/Microsoft Visual Studio/18/Community/MSBuild/Current/Bin/amd64/lld-link.com"
      - "D:/WaterSurfaceRendererScratch/vcpkg_installed/x64-windows/Microsoft Visual Studio/18/Community/MSBuild/Current/Bin/amd64/lld-link.exe"
      - "D:/WaterSurfaceRendererScratch/vcpkg_installed/x64-windows/Microsoft Visual Studio/18/Community/MSBuild/Current/Bin/amd64/lld-link"
      - "D:/WaterSurfaceRendererScratch/vcpkg_installed/x64-windows/Windows/Microsoft.NET/Framework64/v4.0.30319/lld-link.com"
      - "D:/WaterSurfaceRendererScratch/vcpkg_installed/x64-windows/Windows/Microsoft.NET/Framework64/v4.0.30319/lld-link.exe"
      - "D:/WaterSurfaceRendererScratch/vcpkg_installed/x64-windows/Windows/Microsoft.NET/Framework64/v4.0.30319/lld-link"
      - "D:/WaterSurfaceRendererScratch/vcpkg_installed/x64-windows/Microsoft Visual Studio/18/Community/Common7/IDE/lld-link.com"
      - "D:/WaterSurfaceRendererScratch/vcpkg_installed/x64-windows/Microsoft Visual Studio/18/Community/Common7/IDE/lld-link.exe"
      - "D:/WaterSurfaceRendererScratch/vcpkg_installed/x64-windows/Microsoft Visual Studio/18/Community/Common7/IDE/lld-link"
      - "D:/WaterSurfaceRendererScratch/vcpkg_installed/x64-windows/Microsoft Visual Studio/18/Community/Common7/Tools/lld-link.com"
      - "D:/WaterSurfaceRendererScratch/vcpkg_installed/x64-windows/Microsoft Visual Studio/18/Community/Common7/Tools/lld-link.exe"
      - "D:/WaterSurfaceRendererScratch/vcpkg_installed/x64-windows/Microsoft Visual Studio/18/Community/Common7/Tools/lld-link"
      - "D:/WaterSurfaceRendererScratch/vcpkg_installed/x64-windows/Users/xukeheng/AppData/Local/vcpkg/downloads/tools/powershell-core-7.5.4-windows/lld-link.com"
      - "D:/WaterSurfaceRendererScratch/vcpkg_installed/x64-windows/Users/xukeheng/AppData/Local/vcpkg/downloads/tools/powershell-core-7.5.4-windows/lld-link.exe"
      - "D:/WaterSurfaceRendererScratch/vcpkg_installed/x64-windows/Users/xukeheng/AppData/Local/vcpkg/downloads/tools/powershell-core-7.5.4-windows/lld-link"
      - "D:/WaterSurfaceRendererScratch/vcpkg_installed/x64-windows/Windows/System32/lld-link.com"
      - "D:/WaterSurfaceRendererScratch/vcpkg_installed/x64-windows/Windows/System32/lld-link.exe"
      - "D:/WaterSurfaceRendererScratch/vcpkg_installed/x64-windows/Windows/System32/lld-link"
      - "D:/WaterSurfaceRendererScratch/vcpkg_installed/x64-windows/Windows/lld-link.com"
      - "D:/WaterSurfaceRendererScratch/vcpkg_installed/x64-windows/Windows/lld-link.exe"
      - "D:/WaterSurfaceRendererScratch/vcpkg_installed/x64-windows/Windows/lld-link"
      - "D:/WaterSurfaceRendererScratch/vcpkg_installed/x64-windows/Windows/System32/wbem/lld-link.com"
      - "D:/WaterSurfaceRendererScratch/vcpkg_installed/x64-windows/Windows/System32/wbem/lld-link.exe"
      - "D:/WaterSurfaceRendererScratch/vcpkg_installed/x64-windows/Windows/System32/wbem/lld-link"
      - "D:/WaterSurfaceRendererScratch/vcpkg_installed/x64-windows/Windows/System32/WindowsPowerShell/v1.0/lld-link.com"
      - "D:/WaterSurfaceRendererScratch/vcpkg_installed/x64-windows/Windows/System32/WindowsPowerShell/v1.0/lld-link.exe"
      - "D:/WaterSurfaceRendererScratch/vcpkg_installed/x64-windows/Windows/System32/WindowsPowerShell/v1.0/lld-link"
      - "D:/WaterSurfaceRendererScratch/vcpkg_installed/x64-windows/Windows/System32/OpenSSH/lld-link.com"
      - "D:/WaterSurfaceRendererScratch/vcpkg_installed/x64-windows/Windows/System32/OpenSSH/lld-link.exe"
      - "D:/WaterSurfaceRendererScratch/vcpkg_installed/x64-windows/Windows/System32/OpenSSH/lld-link"
      - "D:/WaterSurfaceRendererScratch/vcpkg_installed/x64-windows/Microsoft Visual Studio/18/Community/Common7/IDE/CommonExtensions/Microsoft/CMake/CMake/bin/lld-link.com"
      - "D:/WaterSurfaceRendererScratch/vcpkg_installed/x64-windows/Microsoft Visual Studio/18/Community/Common7/IDE/CommonExtensions/Microsoft/CMake/CMake/bin/lld-link.exe"
      - "D:/WaterSurfaceRendererScratch/vcpkg_installed/x64-windows/Microsoft Visual Studio/18/Community/Common7/IDE/CommonExtensions/Microsoft/CMake/CMake/bin/lld-link"
      - "D:/WaterSurfaceRendererScratch/vcpkg_installed/x64-windows/Microsoft Visual Studio/18/Community/Common7/IDE/CommonExtensions/Microsoft/CMake/Ninja/lld-link.com"
      - "D:/WaterSurfaceRendererScratch/vcpkg_installed/x64-windows/Microsoft Visual Studio/18/Community/Common7/IDE/CommonExtensions/Microsoft/CMake/Ninja/lld-link.exe"
      - "D:/WaterSurfaceRendererScratch/vcpkg_installed/x64-windows/Microsoft Visual Studio/18/Community/Common7/IDE/CommonExtensions/Microsoft/CMake/Ninja/lld-link"
      - "D:/WaterSurfaceRendererScratch/vcpkg_installed/x64-windows/Microsoft Visual Studio/18/Community/Common7/IDE/VC/Linux/bin/ConnectionManagerExe/lld-link.com"
      - "D:/WaterSurfaceRendererScratch/vcpkg_installed/x64-windows/Microsoft Visual Studio/18/Community/Common7/IDE/VC/Linux/bin/ConnectionManagerExe/lld-link.exe"
      - "D:/WaterSurfaceRendererScratch/vcpkg_installed/x64-windows/Microsoft Visual Studio/18/Community/Common7/IDE/VC/Linux/bin/ConnectionManagerExe/lld-link"
      - "D:/WaterSurfaceRendererScratch/vcpkg_installed/x64-windows/Microsoft Visual Studio/18/Community/VC/vcpkg/lld-link.com"
      - "D:/WaterSurfaceRendererScratch/vcpkg_installed/x64-windows/Microsoft Visual Studio/18/Community/VC/vcpkg/lld-link.exe"
      - "D:/WaterSurfaceRendererScratch/vcpkg_installed/x64-windows/Microsoft Visual Studio/18/Community/VC/vcpkg/lld-link"
      - "D:/WaterSurfaceRendererScratch/vcpkg_installed/x64-windows/debug/Microsoft Visual Studio/18/Community/VC/Tools/MSVC/14.51.36231/bin/Hostx64/x64/lld-link.com"
      - "D:/WaterSurfaceRendererScratch/vcpkg_installed/x64-windows/debug/Microsoft Visual Studio/18/Community/VC/Tools/MSVC/14.51.36231/bin/Hostx64/x64/lld-link.exe"
      - "D:/WaterSurfaceRendererScratch/vcpkg_installed/x64-windows/debug/Microsoft Visual Studio/18/Community/VC/Tools/MSVC/14.51.36231/bin/Hostx64/x64/lld-link"
      - "D:/WaterSurfaceRendererScratch/vcpkg_installed/x64-windows/debug/Microsoft Visual Studio/18/Community/Common7/IDE/VC/vcpackages/lld-link.com"
      - "D:/WaterSurfaceRendererScratch/vcpkg_installed/x64-windows/debug/Microsoft Visual Studio/18/Community/Common7/IDE/VC/vcpackages/lld-link.exe"
      - "D:/WaterSurfaceRendererScratch/vcpkg_installed/x64-windows/debug/Microsoft Visual Studio/18/Community/Common7/IDE/VC/vcpackages/lld-link"
      - "D:/WaterSurfaceRendererScratch/vcpkg_installed/x64-windows/debug/Microsoft Visual Studio/18/Community/Common7/IDE/CommonExtensions/Microsoft/TestWindow/lld-link.com"
      - "D:/WaterSurfaceRendererScratch/vcpkg_installed/x64-windows/debug/Microsoft Visual Studio/18/Community/Common7/IDE/CommonExtensions/Microsoft/TestWindow/lld-link.exe"
      - "D:/WaterSurfaceRendererScratch/vcpkg_installed/x64-windows/debug/Microsoft Visual Studio/18/Community/Common7/IDE/CommonExtensions/Microsoft/TestWindow/lld-link"
      - "D:/WaterSurfaceRendererScratch/vcpkg_installed/x64-windows/debug/Microsoft Visual Studio/18/Community/Common7/IDE/CommonExtensions/Microsoft/TeamFoundation/Team Explorer/lld-link.com"
      - "D:/WaterSurfaceRendererScratch/vcpkg_installed/x64-windows/debug/Microsoft Visual Studio/18/Community/Common7/IDE/CommonExtensions/Microsoft/TeamFoundation/Team Explorer/lld-link.exe"
      - "D:/WaterSurfaceRendererScratch/vcpkg_installed/x64-windows/debug/Microsoft Visual Studio/18/Community/Common7/IDE/CommonExtensions/Microsoft/TeamFoundation/Team Explorer/lld-link"
      - "D:/WaterSurfaceRendererScratch/vcpkg_installed/x64-windows/debug/Microsoft Visual Studio/18/Community/MSBuild/Current/Bin/Roslyn/lld-link.com"
      - "D:/WaterSurfaceRendererScratch/vcpkg_installed/x64-windows/debug/Microsoft Visual Studio/18/Community/MSBuild/Current/Bin/Roslyn/lld-link.exe"
      - "D:/WaterSurfaceRendererScratch/vcpkg_installed/x64-windows/debug/Microsoft Visual Studio/18/Community/MSBuild/Current/Bin/Roslyn/lld-link"
      - "D:/WaterSurfaceRendererScratch/vcpkg_installed/x64-windows/debug/Program Files (x86)/Microsoft SDKs/Windows/v10.0A/bin/NETFX 4.8 Tools/x64/lld-link.com"
      - "D:/WaterSurfaceRendererScratch/vcpkg_installed/x64-windows/debug/Program Files (x86)/Microsoft SDKs/Windows/v10.0A/bin/NETFX 4.8 Tools/x64/lld-link.exe"
      - "D:/WaterSurfaceRendererScratch/vcpkg_installed/x64-windows/debug/Program Files (x86)/Microsoft SDKs/Windows/v10.0A/bin/NETFX 4.8 Tools/x64/lld-link"
      - "D:/WaterSurfaceRendererScratch/vcpkg_installed/x64-windows/debug/Microsoft Visual Studio/18/Community/Team Tools/DiagnosticsHub/Collector/lld-link.com"
      - "D:/WaterSurfaceRendererScratch/vcpkg_installed/x64-windows/debug/Microsoft Visual Studio/18/Community/Team Tools/DiagnosticsHub/Collector/lld-link.exe"
      - "D:/WaterSurfaceRendererScratch/vcpkg_installed/x64-windows/debug/Microsoft Visual Studio/18/Community/Team Tools/DiagnosticsHub/Collector/lld-link"
      - "D:/WaterSurfaceRendererScratch/vcpkg_installed/x64-windows/debug/Microsoft Visual Studio/18/Community/Common7/IDE/Extensions/Microsoft/CodeCoverage.Console/lld-link.com"
      - "D:/WaterSurfaceRendererScratch/vcpkg_installed/x64-windows/debug/Microsoft Visual Studio/18/Community/Common7/IDE/Extensions/Microsoft/CodeCoverage.Console/lld-link.exe"
      - "D:/WaterSurfaceRendererScratch/vcpkg_installed/x64-windows/debug/Microsoft Visual Studio/18/Community/Common7/IDE/Extensions/Microsoft/CodeCoverage.Console/lld-link"
      - "D:/WaterSurfaceRendererScratch/vcpkg_installed/x64-windows/debug/Program Files (x86)/Windows Kits/10/bin/10.0.26100.0/x64/lld-link.com"
      - "D:/WaterSurfaceRendererScratch/vcpkg_installed/x64-windows/debug/Program Files (x86)/Windows Kits/10/bin/10.0.26100.0/x64/lld-link.exe"
      - "D:/WaterSurfaceRendererScratch/vcpkg_installed/x64-windows/debug/Program Files (x86)/Windows Kits/10/bin/10.0.26100.0/x64/lld-link"
      - "D:/WaterSurfaceRendererScratch/vcpkg_installed/x64-windows/debug/Program Files (x86)/Windows Kits/10/bin/x64/lld-link.com"
      - "D:/WaterSurfaceRendererScratch/vcpkg_installed/x64-windows/debug/Program Files (x86)/Windows Kits/10/bin/x64/lld-link.exe"
      - "D:/WaterSurfaceRendererScratch/vcpkg_installed/x64-windows/debug/Program Files (x86)/Windows Kits/10/bin/x64/lld-link"
      - "D:/WaterSurfaceRendererScratch/vcpkg_installed/x64-windows/debug/Microsoft Visual Studio/18/Community/MSBuild/Current/Bin/amd64/lld-link.com"
      - "D:/WaterSurfaceRendererScratch/vcpkg_installed/x64-windows/debug/Microsoft Visual Studio/18/Community/MSBuild/Current/Bin/amd64/lld-link.exe"
      - "D:/WaterSurfaceRendererScratch/vcpkg_installed/x64-windows/debug/Microsoft Visual Studio/18/Community/MSBuild/Current/Bin/amd64/lld-link"
      - "D:/WaterSurfaceRendererScratch/vcpkg_installed/x64-windows/debug/Windows/Microsoft.NET/Framework64/v4.0.30319/lld-link.com"
      - "D:/WaterSurfaceRendererScratch/vcpkg_installed/x64-windows/debug/Windows/Microsoft.NET/Framework64/v4.0.30319/lld-link.exe"
      - "D:/WaterSurfaceRendererScratch/vcpkg_installed/x64-windows/debug/Windows/Microsoft.NET/Framework64/v4.0.30319/lld-link"
      - "D:/WaterSurfaceRendererScratch/vcpkg_installed/x64-windows/debug/Microsoft Visual Studio/18/Community/Common7/IDE/lld-link.com"
      - "D:/WaterSurfaceRendererScratch/vcpkg_installed/x64-windows/debug/Microsoft Visual Studio/18/Community/Common7/IDE/lld-link.exe"
      - "D:/WaterSurfaceRendererScratch/vcpkg_installed/x64-windows/debug/Microsoft Visual Studio/18/Community/Common7/IDE/lld-link"
      - "D:/WaterSurfaceRendererScratch/vcpkg_installed/x64-windows/debug/Microsoft Visual Studio/18/Community/Common7/Tools/lld-link.com"
      - "D:/WaterSurfaceRendererScratch/vcpkg_installed/x64-windows/debug/Microsoft Visual Studio/18/Community/Common7/Tools/lld-link.exe"
      - "D:/WaterSurfaceRendererScratch/vcpkg_installed/x64-windows/debug/Microsoft Visual Studio/18/Community/Common7/Tools/lld-link"
      - "D:/WaterSurfaceRendererScratch/vcpkg_installed/x64-windows/debug/Users/xukeheng/AppData/Local/vcpkg/downloads/tools/powershell-core-7.5.4-windows/lld-link.com"
      - "D:/WaterSurfaceRendererScratch/vcpkg_installed/x64-windows/debug/Users/xukeheng/AppData/Local/vcpkg/downloads/tools/powershell-core-7.5.4-windows/lld-link.exe"
      - "D:/WaterSurfaceRendererScratch/vcpkg_installed/x64-windows/debug/Users/xukeheng/AppData/Local/vcpkg/downloads/tools/powershell-core-7.5.4-windows/lld-link"
      - "D:/WaterSurfaceRendererScratch/vcpkg_installed/x64-windows/debug/Windows/System32/lld-link.com"
      - "D:/WaterSurfaceRendererScratch/vcpkg_installed/x64-windows/debug/Windows/System32/lld-link.exe"
      - "D:/WaterSurfaceRendererScratch/vcpkg_installed/x64-windows/debug/Windows/System32/lld-link"
      - "D:/WaterSurfaceRendererScratch/vcpkg_installed/x64-windows/debug/Windows/lld-link.com"
      - "D:/WaterSurfaceRendererScratch/vcpkg_installed/x64-windows/debug/Windows/lld-link.exe"
      - "D:/WaterSurfaceRendererScratch/vcpkg_installed/x64-windows/debug/Windows/lld-link"
      - "D:/WaterSurfaceRendererScratch/vcpkg_installed/x64-windows/debug/Windows/System32/wbem/lld-link.com"
      - "D:/WaterSurfaceRendererScratch/vcpkg_installed/x64-windows/debug/Windows/System32/wbem/lld-link.exe"
      - "D:/WaterSurfaceRendererScratch/vcpkg_installed/x64-windows/debug/Windows/System32/wbem/lld-link"
      - "D:/WaterSurfaceRendererScratch/vcpkg_installed/x64-windows/debug/Windows/System32/WindowsPowerShell/v1.0/lld-link.com"
      - "D:/WaterSurfaceRendererScratch/vcpkg_installed/x64-windows/debug/Windows/System32/WindowsPowerShell/v1.0/lld-link.exe"
      - "D:/WaterSurfaceRendererScratch/vcpkg_installed/x64-windows/debug/Windows/System32/WindowsPowerShell/v1.0/lld-link"
      - "D:/WaterSurfaceRendererScratch/vcpkg_installed/x64-windows/debug/Windows/System32/OpenSSH/lld-link.com"
      - "D:/WaterSurfaceRendererScratch/vcpkg_installed/x64-windows/debug/Windows/System32/OpenSSH/lld-link.exe"
      - "D:/WaterSurfaceRendererScratch/vcpkg_installed/x64-windows/debug/Windows/System32/OpenSSH/lld-link"
      - "D:/WaterSurfaceRendererScratch/vcpkg_installed/x64-windows/debug/Microsoft Visual Studio/18/Community/Common7/IDE/CommonExtensions/Microsoft/CMake/CMake/bin/lld-link.com"
      - "D:/WaterSurfaceRendererScratch/vcpkg_installed/x64-windows/debug/Microsoft Visual Studio/18/Community/Common7/IDE/CommonExtensions/Microsoft/CMake/CMake/bin/lld-link.exe"
      - "D:/WaterSurfaceRendererScratch/vcpkg_installed/x64-windows/debug/Microsoft Visual Studio/18/Community/Common7/IDE/CommonExtensions/Microsoft/CMake/CMake/bin/lld-link"
      - "D:/WaterSurfaceRendererScratch/vcpkg_installed/x64-windows/debug/Microsoft Visual Studio/18/Community/Common7/IDE/CommonExtensions/Microsoft/CMake/Ninja/lld-link.com"
      - "D:/WaterSurfaceRendererScratch/vcpkg_installed/x64-windows/debug/Microsoft Visual Studio/18/Community/Common7/IDE/CommonExtensions/Microsoft/CMake/Ninja/lld-link.exe"
      - "D:/WaterSurfaceRendererScratch/vcpkg_installed/x64-windows/debug/Microsoft Visual Studio/18/Community/Common7/IDE/CommonExtensions/Microsoft/CMake/Ninja/lld-link"
      - "D:/WaterSurfaceRendererScratch/vcpkg_installed/x64-windows/debug/Microsoft Visual Studio/18/Community/Common7/IDE/VC/Linux/bin/ConnectionManagerExe/lld-link.com"
      - "D:/WaterSurfaceRendererScratch/vcpkg_installed/x64-windows/debug/Microsoft Visual Studio/18/Community/Common7/IDE/VC/Linux/bin/ConnectionManagerExe/lld-link.exe"
      - "D:/WaterSurfaceRendererScratch/vcpkg_installed/x64-windows/debug/Microsoft Visual Studio/18/Community/Common7/IDE/VC/Linux/bin/ConnectionManagerExe/lld-link"
      - "D:/WaterSurfaceRendererScratch/vcpkg_installed/x64-windows/debug/Microsoft Visual Studio/18/Community/VC/vcpkg/lld-link.com"
      - "D:/WaterSurfaceRendererScratch/vcpkg_installed/x64-windows/debug/Microsoft Visual Studio/18/Community/VC/vcpkg/lld-link.exe"
      - "D:/WaterSurfaceRendererScratch/vcpkg_installed/x64-windows/debug/Microsoft Visual Studio/18/Community/VC/vcpkg/lld-link"
      - "D:/Microsoft Visual Studio/18/Community/VC/Tools/MSVC/14.51.36231/bin/Hostx64/x64/lld-link.com"
      - "D:/Microsoft Visual Studio/18/Community/VC/Tools/MSVC/14.51.36231/bin/Hostx64/x64/lld-link.exe"
      - "D:/Microsoft Visual Studio/18/Community/VC/Tools/MSVC/14.51.36231/bin/Hostx64/x64/lld-link"
      - "D:/Microsoft Visual Studio/18/Community/Common7/IDE/VC/vcpackages/lld-link.com"
      - "D:/Microsoft Visual Studio/18/Community/Common7/IDE/VC/vcpackages/lld-link.exe"
      - "D:/Microsoft Visual Studio/18/Community/Common7/IDE/VC/vcpackages/lld-link"
      - "D:/Microsoft Visual Studio/18/Community/Common7/IDE/CommonExtensions/Microsoft/TestWindow/lld-link.com"
      - "D:/Microsoft Visual Studio/18/Community/Common7/IDE/CommonExtensions/Microsoft/TestWindow/lld-link.exe"
      - "D:/Microsoft Visual Studio/18/Community/Common7/IDE/CommonExtensions/Microsoft/TestWindow/lld-link"
      - "D:/Microsoft Visual Studio/18/Community/Common7/IDE/CommonExtensions/Microsoft/TeamFoundation/Team Explorer/lld-link.com"
      - "D:/Microsoft Visual Studio/18/Community/Common7/IDE/CommonExtensions/Microsoft/TeamFoundation/Team Explorer/lld-link.exe"
      - "D:/Microsoft Visual Studio/18/Community/Common7/IDE/CommonExtensions/Microsoft/TeamFoundation/Team Explorer/lld-link"
      - "D:/Microsoft Visual Studio/18/Community/MSBuild/Current/Bin/Roslyn/lld-link.com"
      - "D:/Microsoft Visual Studio/18/Community/MSBuild/Current/Bin/Roslyn/lld-link.exe"
      - "D:/Microsoft Visual Studio/18/Community/MSBuild/Current/Bin/Roslyn/lld-link"
      - "C:/Program Files (x86)/Microsoft SDKs/Windows/v10.0A/bin/NETFX 4.8 Tools/x64/lld-link.com"
      - "C:/Program Files (x86)/Microsoft SDKs/Windows/v10.0A/bin/NETFX 4.8 Tools/x64/lld-link.exe"
      - "C:/Program Files (x86)/Microsoft SDKs/Windows/v10.0A/bin/NETFX 4.8 Tools/x64/lld-link"
      - "D:/Microsoft Visual Studio/18/Community/Team Tools/DiagnosticsHub/Collector/lld-link.com"
      - "D:/Microsoft Visual Studio/18/Community/Team Tools/DiagnosticsHub/Collector/lld-link.exe"
      - "D:/Microsoft Visual Studio/18/Community/Team Tools/DiagnosticsHub/Collector/lld-link"
      - "D:/Microsoft Visual Studio/18/Community/Common7/IDE/Extensions/Microsoft/CodeCoverage.Console/lld-link.com"
      - "D:/Microsoft Visual Studio/18/Community/Common7/IDE/Extensions/Microsoft/CodeCoverage.Console/lld-link.exe"
      - "D:/Microsoft Visual Studio/18/Community/Common7/IDE/Extensions/Microsoft/CodeCoverage.Console/lld-link"
      - "C:/Program Files (x86)/Windows Kits/10/bin/10.0.26100.0/x64/lld-link.com"
      - "C:/Program Files (x86)/Windows Kits/10/bin/10.0.26100.0/x64/lld-link.exe"
      - "C:/Program Files (x86)/Windows Kits/10/bin/10.0.26100.0/x64/lld-link"
      - "C:/Program Files (x86)/Windows Kits/10/bin/x64/lld-link.com"
      - "C:/Program Files (x86)/Windows Kits/10/bin/x64/lld-link.exe"
      - "C:/Program Files (x86)/Windows Kits/10/bin/x64/lld-link"
      - "D:/Microsoft Visual Studio/18/Community/MSBuild/Current/Bin/amd64/lld-link.com"
      - "D:/Microsoft Visual Studio/18/Community/MSBuild/Current/Bin/amd64/lld-link.exe"
      - "D:/Microsoft Visual Studio/18/Community/MSBuild/Current/Bin/amd64/lld-link"
      - "C:/Windows/Microsoft.NET/Framework64/v4.0.30319/lld-link.com"
      - "C:/Windows/Microsoft.NET/Framework64/v4.0.30319/lld-link.exe"
      - "C:/Windows/Microsoft.NET/Framework64/v4.0.30319/lld-link"
      - "D:/Microsoft Visual Studio/18/Community/Common7/IDE/lld-link.com"
      - "D:/Microsoft Visual Studio/18/Community/Common7/IDE/lld-link.exe"
      - "D:/Microsoft Visual Studio/18/Community/Common7/IDE/lld-link"
      - "D:/Microsoft Visual Studio/18/Community/Common7/Tools/lld-link.com"
      - "D:/Microsoft Visual Studio/18/Community/Common7/Tools/lld-link.exe"
      - "D:/Microsoft Visual Studio/18/Community/Common7/Tools/lld-link"
      - "C:/Users/xukeheng/AppData/Local/vcpkg/downloads/tools/powershell-core-7.5.4-windows/lld-link.com"
      - "C:/Users/xukeheng/AppData/Local/vcpkg/downloads/tools/powershell-core-7.5.4-windows/lld-link.exe"
      - "C:/Users/xukeheng/AppData/Local/vcpkg/downloads/tools/powershell-core-7.5.4-windows/lld-link"
      - "C:/Windows/System32/lld-link.com"
      - "C:/Windows/System32/lld-link.exe"
      - "C:/Windows/System32/lld-link"
      - "C:/Windows/lld-link.com"
      - "C:/Windows/lld-link.exe"
      - "C:/Windows/lld-link"
      - "C:/Windows/System32/wbem/lld-link.com"
      - "C:/Windows/System32/wbem/lld-link.exe"
      - "C:/Windows/System32/wbem/lld-link"
      - "C:/Windows/System32/WindowsPowerShell/v1.0/lld-link.com"
      - "C:/Windows/System32/WindowsPowerShell/v1.0/lld-link.exe"
      - "C:/Windows/System32/WindowsPowerShell/v1.0/lld-link"
      - "C:/Windows/System32/OpenSSH/lld-link.com"
      - "C:/Windows/System32/OpenSSH/lld-link.exe"
      - "C:/Windows/System32/OpenSSH/lld-link"
      - "D:/Microsoft Visual Studio/18/Community/Common7/IDE/CommonExtensions/Microsoft/CMake/CMake/bin/lld-link.com"
      - "D:/Microsoft Visual Studio/18/Community/Common7/IDE/CommonExtensions/Microsoft/CMake/CMake/bin/lld-link.exe"
      - "D:/Microsoft Visual Studio/18/Community/Common7/IDE/CommonExtensions/Microsoft/CMake/CMake/bin/lld-link"
      - "D:/Microsoft Visual Studio/18/Community/Common7/IDE/CommonExtensions/Microsoft/CMake/Ninja/lld-link.com"
      - "D:/Microsoft Visual Studio/18/Community/Common7/IDE/CommonExtensions/Microsoft/CMake/Ninja/lld-link.exe"
      - "D:/Microsoft Visual Studio/18/Community/Common7/IDE/CommonExtensions/Microsoft/CMake/Ninja/lld-link"
      - "D:/Microsoft Visual Studio/18/Community/Common7/IDE/VC/Linux/bin/ConnectionManagerExe/lld-link.com"
      - "D:/Microsoft Visual Studio/18/Community/Common7/IDE/VC/Linux/bin/ConnectionManagerExe/lld-link.exe"
      - "D:/Microsoft Visual Studio/18/Community/Common7/IDE/VC/Linux/bin/ConnectionManagerExe/lld-link"
      - "D:/Microsoft Visual Studio/18/Community/VC/vcpkg/lld-link.com"
      - "D:/Microsoft Visual Studio/18/Community/VC/vcpkg/lld-link.exe"
      - "D:/Microsoft Visual Studio/18/Community/VC/vcpkg/lld-link"
    found: false
    search_context:
      CMAKE_PROGRAM_PATH:
        - "D:/WaterSurfaceRendererScratch/vcpkg_installed/x64-windows/tools"
      CMAKE_PREFIX_PATH:
        - "D:/WaterSurfaceRendererScratch/vcpkg_installed/x64-windows"
        - "D:/WaterSurfaceRendererScratch/vcpkg_installed/x64-windows/debug"
      ENV{PATH}:
        - "D:\\Microsoft Visual Studio\\18\\Community\\VC\\Tools\\MSVC\\14.51.36231\\bin\\HostX64\\x64"
        - "D:\\Microsoft Visual Studio\\18\\Community\\Common7\\IDE\\VC\\VCPackages"
        - "D:\\Microsoft Visual Studio\\18\\Community\\Common7\\IDE\\CommonExtensions\\Microsoft\\TestWindow"
        - "D:\\Microsoft Visual Studio\\18\\Community\\Common7\\IDE\\CommonExtensions\\Microsoft\\TeamFoundation\\Team Explorer"
        - "D:\\Microsoft Visual Studio\\18\\Community\\MSBuild\\Current\\bin\\Roslyn"
        - "C:\\Program Files (x86)\\Microsoft SDKs\\Windows\\v10.0A\\bin\\NETFX 4.8 Tools\\x64\\"
        - "D:\\Microsoft Visual Studio\\18\\Community\\Team Tools\\DiagnosticsHub\\Collector"
        - "D:\\Microsoft Visual Studio\\18\\Community\\Common7\\IDE\\Extensions\\Microsoft\\CodeCoverage.Console"
        - "C:\\Program Files (x86)\\Windows Kits\\10\\bin\\10.0.26100.0\\\\x64"
        - "C:\\Program Files (x86)\\Windows Kits\\10\\bin\\\\x64"
        - "D:\\Microsoft Visual Studio\\18\\Community\\\\MSBuild\\Current\\Bin\\amd64"
        - "C:\\Windows\\Microsoft.NET\\Framework64\\v4.0.30319"
        - "D:\\Microsoft Visual Studio\\18\\Community\\Common7\\IDE\\"
        - "D:\\Microsoft Visual Studio\\18\\Community\\Common7\\Tools\\"
        - "C:\\Users\\xukeheng\\AppData\\Local\\vcpkg\\downloads\\tools\\powershell-core-7.5.4-windows"
        - "C:\\windows\\system32"
        - "C:\\windows"
        - "C:\\windows\\system32\\Wbem"
        - "C:\\windows\\system32\\WindowsPowerShell\\v1.0\\"
        - "C:\\windows\\system32\\OpenSSH\\"
        - "D:\\Microsoft Visual Studio\\18\\Community\\Common7\\IDE\\CommonExtensions\\Microsoft\\CMake\\CMake\\bin"
        - "D:\\Microsoft Visual Studio\\18\\Community\\Common7\\IDE\\CommonExtensions\\Microsoft\\CMake\\Ninja"
        - "D:\\Microsoft Visual Studio\\18\\Community\\Common7\\IDE\\VC\\Linux\\bin\\ConnectionManagerExe"
        - "D:\\Microsoft Visual Studio\\18\\Community\\VC\\vcpkg"
        - "D:\\Microsoft Visual Studio\\18\\Community\\Common7\\IDE\\CommonExtensions\\Microsoft\\CMake\\Ninja"
        - "D:\\Microsoft Visual Studio\\18\\Community\\Common7\\IDE\\CommonExtensions\\Microsoft\\CMake\\Ninja"
        - "D:\\Microsoft Visual Studio\\18\\Community\\Common7\\IDE\\CommonExtensions\\Microsoft\\CMake\\Ninja"
      CMAKE_INSTALL_PREFIX: "D:/WaterSurfaceRendererScratch/vcpkg_installed/vcpkg/pkgs/fftw3_x64-windows"
      CMAKE_FIND_ROOT_PATH: "D:/WaterSurfaceRendererScratch/vcpkg_installed/x64-windows;D:/WaterSurfaceRendererScratch/vcpkg_installed/x64-windows/debug"
  -
    kind: "find-v1"
    backtrace:
      - "D:/Microsoft Visual Studio/18/Community/Common7/IDE/CommonExtensions/Microsoft/CMake/CMake/share/cmake-4.3/Modules/CMakeDetermineRCCompiler.cmake:40 (find_program)"
      - "D:/Microsoft Visual Studio/18/Community/Common7/IDE/CommonExtensions/Microsoft/CMake/CMake/share/cmake-4.3/Modules/Platform/Windows-MSVC.cmake:596 (enable_language)"
      - "D:/Microsoft Visual Studio/18/Community/Common7/IDE/CommonExtensions/Microsoft/CMake/CMake/share/cmake-4.3/Modules/Platform/Windows-MSVC.cmake:569 (__windows_compiler_msvc_enable_rc)"
      - "D:/Microsoft Visual Studio/18/Community/Common7/IDE/CommonExtensions/Microsoft/CMake/CMake/share/cmake-4.3/Modules/Platform/Windows-MSVC-C.cmake:5 (__windows_compiler_msvc)"
      - "D:/Microsoft Visual Studio/18/Community/Common7/IDE/CommonExtensions/Microsoft/CMake/CMake/share/cmake-4.3/Modules/CMakeCInformation.cmake:48 (include)"
      - "CMakeLists.txt:7 (project)"
    mode: "program"
    variable: "CMAKE_RC_COMPILER"
    description: "RC compiler"
    settings:
      SearchFramework: "LAST"
      SearchAppBundle: "LAST"
      CMAKE_FIND_USE_CMAKE_PATH: true
      CMAKE_FIND_USE_CMAKE_ENVIRONMENT_PATH: true
      CMAKE_FIND_USE_SYSTEM_ENVIRONMENT_PATH: true
      CMAKE_FIND_USE_CMAKE_SYSTEM_PATH: true
      CMAKE_FIND_USE_INSTALL_PREFIX: true
    names:
      - "rc"
    candidate_directories:
      - "D:/WaterSurfaceRendererScratch/vcpkg_installed/x64-windows/bin/"
      - "D:/WaterSurfaceRendererScratch/vcpkg_installed/x64-windows/sbin/"
      - "D:/WaterSurfaceRendererScratch/vcpkg_installed/x64-windows/"
      - "D:/WaterSurfaceRendererScratch/vcpkg_installed/x64-windows/debug/bin/"
      - "D:/WaterSurfaceRendererScratch/vcpkg_installed/x64-windows/debug/sbin/"
      - "D:/WaterSurfaceRendererScratch/vcpkg_installed/x64-windows/debug/"
      - "D:/WaterSurfaceRendererScratch/vcpkg_installed/x64-windows/tools/"
      - "D:/WaterSurfaceRendererScratch/vcpkg_installed/x64-windows/Microsoft Visual Studio/18/Community/VC/Tools/MSVC/14.51.36231/bin/Hostx64/x64/"
      - "D:/WaterSurfaceRendererScratch/vcpkg_installed/x64-windows/Microsoft Visual Studio/18/Community/Common7/IDE/VC/vcpackages/"
      - "D:/WaterSurfaceRendererScratch/vcpkg_installed/x64-windows/Microsoft Visual Studio/18/Community/Common7/IDE/CommonExtensions/Microsoft/TestWindow/"
      - "D:/WaterSurfaceRendererScratch/vcpkg_installed/x64-windows/Microsoft Visual Studio/18/Community/Common7/IDE/CommonExtensions/Microsoft/TeamFoundation/Team Explorer/"
      - "D:/WaterSurfaceRendererScratch/vcpkg_installed/x64-windows/Microsoft Visual Studio/18/Community/MSBuild/Current/Bin/Roslyn/"
      - "D:/WaterSurfaceRendererScratch/vcpkg_installed/x64-windows/Program Files (x86)/Microsoft SDKs/Windows/v10.0A/bin/NETFX 4.8 Tools/x64/"
      - "D:/WaterSurfaceRendererScratch/vcpkg_installed/x64-windows/Microsoft Visual Studio/18/Community/Team Tools/DiagnosticsHub/Collector/"
      - "D:/WaterSurfaceRendererScratch/vcpkg_installed/x64-windows/Microsoft Visual Studio/18/Community/Common7/IDE/Extensions/Microsoft/CodeCoverage.Console/"
      - "D:/WaterSurfaceRendererScratch/vcpkg_installed/x64-windows/Program Files (x86)/Windows Kits/10/bin/10.0.26100.0/x64/"
      - "D:/WaterSurfaceRendererScratch/vcpkg_installed/x64-windows/Program Files (x86)/Windows Kits/10/bin/x64/"
      - "D:/WaterSurfaceRendererScratch/vcpkg_installed/x64-windows/Microsoft Visual Studio/18/Community/MSBuild/Current/Bin/amd64/"
      - "D:/WaterSurfaceRendererScratch/vcpkg_installed/x64-windows/Windows/Microsoft.NET/Framework64/v4.0.30319/"
      - "D:/WaterSurfaceRendererScratch/vcpkg_installed/x64-windows/Microsoft Visual Studio/18/Community/Common7/IDE/"
      - "D:/WaterSurfaceRendererScratch/vcpkg_installed/x64-windows/Microsoft Visual Studio/18/Community/Common7/Tools/"
      - "D:/WaterSurfaceRendererScratch/vcpkg_installed/x64-windows/Users/xukeheng/AppData/Local/vcpkg/downloads/tools/powershell-core-7.5.4-windows/"
      - "D:/WaterSurfaceRendererScratch/vcpkg_installed/x64-windows/Windows/System32/"
      - "D:/WaterSurfaceRendererScratch/vcpkg_installed/x64-windows/Windows/"
      - "D:/WaterSurfaceRendererScratch/vcpkg_installed/x64-windows/Windows/System32/wbem/"
      - "D:/WaterSurfaceRendererScratch/vcpkg_installed/x64-windows/Windows/System32/WindowsPowerShell/v1.0/"
      - "D:/WaterSurfaceRendererScratch/vcpkg_installed/x64-windows/Windows/System32/OpenSSH/"
      - "D:/WaterSurfaceRendererScratch/vcpkg_installed/x64-windows/Microsoft Visual Studio/18/Community/Common7/IDE/CommonExtensions/Microsoft/CMake/CMake/bin/"
      - "D:/WaterSurfaceRendererScratch/vcpkg_installed/x64-windows/Microsoft Visual Studio/18/Community/Common7/IDE/CommonExtensions/Microsoft/CMake/Ninja/"
      - "D:/WaterSurfaceRendererScratch/vcpkg_installed/x64-windows/Microsoft Visual Studio/18/Community/Common7/IDE/VC/Linux/bin/ConnectionManagerExe/"
      - "D:/WaterSurfaceRendererScratch/vcpkg_installed/x64-windows/Microsoft Visual Studio/18/Community/VC/vcpkg/"
      - "D:/WaterSurfaceRendererScratch/vcpkg_installed/x64-windows/Program Files/bin/"
      - "D:/WaterSurfaceRendererScratch/vcpkg_installed/x64-windows/Program Files/sbin/"
      - "D:/WaterSurfaceRendererScratch/vcpkg_installed/x64-windows/Program Files/"
      - "D:/WaterSurfaceRendererScratch/vcpkg_installed/x64-windows/Program Files (x86)/bin/"
      - "D:/WaterSurfaceRendererScratch/vcpkg_installed/x64-windows/Program Files (x86)/sbin/"
      - "D:/WaterSurfaceRendererScratch/vcpkg_installed/x64-windows/Program Files (x86)/"
      - "D:/WaterSurfaceRendererScratch/vcpkg_installed/x64-windows/Microsoft Visual Studio/18/Community/Common7/IDE/CommonExtensions/Microsoft/CMake/CMake/bin/"
      - "D:/WaterSurfaceRendererScratch/vcpkg_installed/x64-windows/Microsoft Visual Studio/18/Community/Common7/IDE/CommonExtensions/Microsoft/CMake/CMake/sbin/"
      - "D:/WaterSurfaceRendererScratch/vcpkg_installed/x64-windows/Microsoft Visual Studio/18/Community/Common7/IDE/CommonExtensions/Microsoft/CMake/CMake/"
      - "D:/WaterSurfaceRendererScratch/vcpkg_installed/x64-windows/WaterSurfaceRendererScratch/vcpkg_installed/vcpkg/pkgs/fftw3_x64-windows/bin/"
      - "D:/WaterSurfaceRendererScratch/vcpkg_installed/x64-windows/WaterSurfaceRendererScratch/vcpkg_installed/vcpkg/pkgs/fftw3_x64-windows/sbin/"
      - "D:/WaterSurfaceRendererScratch/vcpkg_installed/x64-windows/WaterSurfaceRendererScratch/vcpkg_installed/vcpkg/pkgs/fftw3_x64-windows/"
      - "D:/WaterSurfaceRendererScratch/vcpkg_installed/x64-windows/debug/WaterSurfaceRendererScratch/vcpkg_installed/x64-windows/bin/"
      - "D:/WaterSurfaceRendererScratch/vcpkg_installed/x64-windows/debug/WaterSurfaceRendererScratch/vcpkg_installed/x64-windows/sbin/"
      - "D:/WaterSurfaceRendererScratch/vcpkg_installed/x64-windows/debug/WaterSurfaceRendererScratch/vcpkg_installed/x64-windows/"
      - "D:/WaterSurfaceRendererScratch/vcpkg_installed/x64-windows/debug/bin/"
      - "D:/WaterSurfaceRendererScratch/vcpkg_installed/x64-windows/debug/sbin/"
      - "D:/WaterSurfaceRendererScratch/vcpkg_installed/x64-windows/debug/"
      - "D:/WaterSurfaceRendererScratch/vcpkg_installed/x64-windows/debug/WaterSurfaceRendererScratch/vcpkg_installed/x64-windows/tools/"
      - "D:/WaterSurfaceRendererScratch/vcpkg_installed/x64-windows/debug/Microsoft Visual Studio/18/Community/VC/Tools/MSVC/14.51.36231/bin/Hostx64/x64/"
      - "D:/WaterSurfaceRendererScratch/vcpkg_installed/x64-windows/debug/Microsoft Visual Studio/18/Community/Common7/IDE/VC/vcpackages/"
      - "D:/WaterSurfaceRendererScratch/vcpkg_installed/x64-windows/debug/Microsoft Visual Studio/18/Community/Common7/IDE/CommonExtensions/Microsoft/TestWindow/"
      - "D:/WaterSurfaceRendererScratch/vcpkg_installed/x64-windows/debug/Microsoft Visual Studio/18/Community/Common7/IDE/CommonExtensions/Microsoft/TeamFoundation/Team Explorer/"
      - "D:/WaterSurfaceRendererScratch/vcpkg_installed/x64-windows/debug/Microsoft Visual Studio/18/Community/MSBuild/Current/Bin/Roslyn/"
      - "D:/WaterSurfaceRendererScratch/vcpkg_installed/x64-windows/debug/Program Files (x86)/Microsoft SDKs/Windows/v10.0A/bin/NETFX 4.8 Tools/x64/"
      - "D:/WaterSurfaceRendererScratch/vcpkg_installed/x64-windows/debug/Microsoft Visual Studio/18/Community/Team Tools/DiagnosticsHub/Collector/"
      - "D:/WaterSurfaceRendererScratch/vcpkg_installed/x64-windows/debug/Microsoft Visual Studio/18/Community/Common7/IDE/Extensions/Microsoft/CodeCoverage.Console/"
      - "D:/WaterSurfaceRendererScratch/vcpkg_installed/x64-windows/debug/Program Files (x86)/Windows Kits/10/bin/10.0.26100.0/x64/"
      - "D:/WaterSurfaceRendererScratch/vcpkg_installed/x64-windows/debug/Program Files (x86)/Windows Kits/10/bin/x64/"
      - "D:/WaterSurfaceRendererScratch/vcpkg_installed/x64-windows/debug/Microsoft Visual Studio/18/Community/MSBuild/Current/Bin/amd64/"
      - "D:/WaterSurfaceRendererScratch/vcpkg_installed/x64-windows/debug/Windows/Microsoft.NET/Framework64/v4.0.30319/"
      - "D:/WaterSurfaceRendererScratch/vcpkg_installed/x64-windows/debug/Microsoft Visual Studio/18/Community/Common7/IDE/"
      - "D:/WaterSurfaceRendererScratch/vcpkg_installed/x64-windows/debug/Microsoft Visual Studio/18/Community/Common7/Tools/"
      - "D:/WaterSurfaceRendererScratch/vcpkg_installed/x64-windows/debug/Users/xukeheng/AppData/Local/vcpkg/downloads/tools/powershell-core-7.5.4-windows/"
      - "D:/WaterSurfaceRendererScratch/vcpkg_installed/x64-windows/debug/Windows/System32/"
      - "D:/WaterSurfaceRendererScratch/vcpkg_installed/x64-windows/debug/Windows/"
      - "D:/WaterSurfaceRendererScratch/vcpkg_installed/x64-windows/debug/Windows/System32/wbem/"
      - "D:/WaterSurfaceRendererScratch/vcpkg_installed/x64-windows/debug/Windows/System32/WindowsPowerShell/v1.0/"
      - "D:/WaterSurfaceRendererScratch/vcpkg_installed/x64-windows/debug/Windows/System32/OpenSSH/"
      - "D:/WaterSurfaceRendererScratch/vcpkg_installed/x64-windows/debug/Microsoft Visual Studio/18/Community/Common7/IDE/CommonExtensions/Microsoft/CMake/CMake/bin/"
      - "D:/WaterSurfaceRendererScratch/vcpkg_installed/x64-windows/debug/Microsoft Visual Studio/18/Community/Common7/IDE/CommonExtensions/Microsoft/CMake/Ninja/"
      - "D:/WaterSurfaceRendererScratch/vcpkg_installed/x64-windows/debug/Microsoft Visual Studio/18/Community/Common7/IDE/VC/Linux/bin/ConnectionManagerExe/"
      - "D:/WaterSurfaceRendererScratch/vcpkg_installed/x64-windows/debug/Microsoft Visual Studio/18/Community/VC/vcpkg/"
      - "D:/WaterSurfaceRendererScratch/vcpkg_installed/x64-windows/debug/Program Files/bin/"
      - "D:/WaterSurfaceRendererScratch/vcpkg_installed/x64-windows/debug/Program Files/sbin/"
      - "D:/WaterSurfaceRendererScratch/vcpkg_installed/x64-windows/debug/Program Files/"
      - "D:/WaterSurfaceRendererScratch/vcpkg_installed/x64-windows/debug/Program Files (x86)/bin/"
      - "D:/WaterSurfaceRendererScratch/vcpkg_installed/x64-windows/debug/Program Files (x86)/sbin/"
      - "D:/WaterSurfaceRendererScratch/vcpkg_installed/x64-windows/debug/Program Files (x86)/"
      - "D:/WaterSurfaceRendererScratch/vcpkg_installed/x64-windows/debug/Microsoft Visual Studio/18/Community/Common7/IDE/CommonExtensions/Microsoft/CMake/CMake/bin/"
      - "D:/WaterSurfaceRendererScratch/vcpkg_installed/x64-windows/debug/Microsoft Visual Studio/18/Community/Common7/IDE/CommonExtensions/Microsoft/CMake/CMake/sbin/"
      - "D:/WaterSurfaceRendererScratch/vcpkg_installed/x64-windows/debug/Microsoft Visual Studio/18/Community/Common7/IDE/CommonExtensions/Microsoft/CMake/CMake/"
      - "D:/WaterSurfaceRendererScratch/vcpkg_installed/x64-windows/debug/WaterSurfaceRendererScratch/vcpkg_installed/vcpkg/pkgs/fftw3_x64-windows/bin/"
      - "D:/WaterSurfaceRendererScratch/vcpkg_installed/x64-windows/debug/WaterSurfaceRendererScratch/vcpkg_installed/vcpkg/pkgs/fftw3_x64-windows/sbin/"
      - "D:/WaterSurfaceRendererScratch/vcpkg_installed/x64-windows/debug/WaterSurfaceRendererScratch/vcpkg_installed/vcpkg/pkgs/fftw3_x64-windows/"
      - "D:/WaterSurfaceRendererScratch/vcpkg_installed/x64-windows/bin/"
      - "D:/WaterSurfaceRendererScratch/vcpkg_installed/x64-windows/sbin/"
      - "D:/WaterSurfaceRendererScratch/vcpkg_installed/x64-windows/"
      - "D:/WaterSurfaceRendererScratch/vcpkg_installed/x64-windows/debug/bin/"
      - "D:/WaterSurfaceRendererScratch/vcpkg_installed/x64-windows/debug/sbin/"
      - "D:/WaterSurfaceRendererScratch/vcpkg_installed/x64-windows/debug/"
      - "D:/WaterSurfaceRendererScratch/vcpkg_installed/x64-windows/tools/"
      - "D:/Microsoft Visual Studio/18/Community/VC/Tools/MSVC/14.51.36231/bin/Hostx64/x64/"
      - "D:/Microsoft Visual Studio/18/Community/Common7/IDE/VC/vcpackages/"
      - "D:/Microsoft Visual Studio/18/Community/Common7/IDE/CommonExtensions/Microsoft/TestWindow/"
      - "D:/Microsoft Visual Studio/18/Community/Common7/IDE/CommonExtensions/Microsoft/TeamFoundation/Team Explorer/"
      - "D:/Microsoft Visual Studio/18/Community/MSBuild/Current/Bin/Roslyn/"
      - "C:/Program Files (x86)/Microsoft SDKs/Windows/v10.0A/bin/NETFX 4.8 Tools/x64/"
      - "D:/Microsoft Visual Studio/18/Community/Team Tools/DiagnosticsHub/Collector/"
      - "D:/Microsoft Visual Studio/18/Community/Common7/IDE/Extensions/Microsoft/CodeCoverage.Console/"
      - "C:/Program Files (x86)/Windows Kits/10/bin/10.0.26100.0/x64/"
      - "C:/Program Files (x86)/Windows Kits/10/bin/x64/"
      - "D:/Microsoft Visual Studio/18/Community/MSBuild/Current/Bin/amd64/"
      - "C:/Windows/Microsoft.NET/Framework64/v4.0.30319/"
      - "D:/Microsoft Visual Studio/18/Community/Common7/IDE/"
      - "D:/Microsoft Visual Studio/18/Community/Common7/Tools/"
      - "C:/Users/xukeheng/AppData/Local/vcpkg/downloads/tools/powershell-core-7.5.4-windows/"
      - "C:/Windows/System32/"
      - "C:/Windows/"
      - "C:/Windows/System32/wbem/"
      - "C:/Windows/System32/WindowsPowerShell/v1.0/"
      - "C:/Windows/System32/OpenSSH/"
      - "D:/Microsoft Visual Studio/18/Community/Common7/IDE/CommonExtensions/Microsoft/CMake/CMake/bin/"
      - "D:/Microsoft Visual Studio/18/Community/Common7/IDE/CommonExtensions/Microsoft/CMake/Ninja/"
      - "D:/Microsoft Visual Studio/18/Community/Common7/IDE/VC/Linux/bin/ConnectionManagerExe/"
      - "D:/Microsoft Visual Studio/18/Community/VC/vcpkg/"
      - "C:/Program Files/bin/"
      - "C:/Program Files/sbin/"
      - "C:/Program Files/"
      - "C:/Program Files (x86)/bin/"
      - "C:/Program Files (x86)/sbin/"
      - "C:/Program Files (x86)/"
      - "D:/Microsoft Visual Studio/18/Community/Common7/IDE/CommonExtensions/Microsoft/CMake/CMake/bin/"
      - "D:/Microsoft Visual Studio/18/Community/Common7/IDE/CommonExtensions/Microsoft/CMake/CMake/sbin/"
      - "D:/Microsoft Visual Studio/18/Community/Common7/IDE/CommonExtensions/Microsoft/CMake/CMake/"
      - "D:/WaterSurfaceRendererScratch/vcpkg_installed/vcpkg/pkgs/fftw3_x64-windows/bin/"
      - "D:/WaterSurfaceRendererScratch/vcpkg_installed/vcpkg/pkgs/fftw3_x64-windows/sbin/"
      - "D:/WaterSurfaceRendererScratch/vcpkg_installed/vcpkg/pkgs/fftw3_x64-windows/"
    searched_directories:
      - "D:/WaterSurfaceRendererScratch/vcpkg_installed/x64-windows/bin/rc.com"
      - "D:/WaterSurfaceRendererScratch/vcpkg_installed/x64-windows/bin/rc.exe"
      - "D:/WaterSurfaceRendererScratch/vcpkg_installed/x64-windows/bin/rc"
      - "D:/WaterSurfaceRendererScratch/vcpkg_installed/x64-windows/sbin/rc.com"
      - "D:/WaterSurfaceRendererScratch/vcpkg_installed/x64-windows/sbin/rc.exe"
      - "D:/WaterSurfaceRendererScratch/vcpkg_installed/x64-windows/sbin/rc"
      - "D:/WaterSurfaceRendererScratch/vcpkg_installed/x64-windows/rc.com"
      - "D:/WaterSurfaceRendererScratch/vcpkg_installed/x64-windows/rc.exe"
      - "D:/WaterSurfaceRendererScratch/vcpkg_installed/x64-windows/rc"
      - "D:/WaterSurfaceRendererScratch/vcpkg_installed/x64-windows/debug/bin/rc.com"
      - "D:/WaterSurfaceRendererScratch/vcpkg_installed/x64-windows/debug/bin/rc.exe"
      - "D:/WaterSurfaceRendererScratch/vcpkg_installed/x64-windows/debug/bin/rc"
      - "D:/WaterSurfaceRendererScratch/vcpkg_installed/x64-windows/debug/sbin/rc.com"
      - "D:/WaterSurfaceRendererScratch/vcpkg_installed/x64-windows/debug/sbin/rc.exe"
      - "D:/WaterSurfaceRendererScratch/vcpkg_installed/x64-windows/debug/sbin/rc"
      - "D:/WaterSurfaceRendererScratch/vcpkg_installed/x64-windows/debug/rc.com"
      - "D:/WaterSurfaceRendererScratch/vcpkg_installed/x64-windows/debug/rc.exe"
      - "D:/WaterSurfaceRendererScratch/vcpkg_installed/x64-windows/debug/rc"
      - "D:/WaterSurfaceRendererScratch/vcpkg_installed/x64-windows/tools/rc.com"
      - "D:/WaterSurfaceRendererScratch/vcpkg_installed/x64-windows/tools/rc.exe"
      - "D:/WaterSurfaceRendererScratch/vcpkg_installed/x64-windows/tools/rc"
      - "D:/WaterSurfaceRendererScratch/vcpkg_installed/x64-windows/Microsoft Visual Studio/18/Community/VC/Tools/MSVC/14.51.36231/bin/Hostx64/x64/rc.com"
      - "D:/WaterSurfaceRendererScratch/vcpkg_installed/x64-windows/Microsoft Visual Studio/18/Community/VC/Tools/MSVC/14.51.36231/bin/Hostx64/x64/rc.exe"
      - "D:/WaterSurfaceRendererScratch/vcpkg_installed/x64-windows/Microsoft Visual Studio/18/Community/VC/Tools/MSVC/14.51.36231/bin/Hostx64/x64/rc"
      - "D:/WaterSurfaceRendererScratch/vcpkg_installed/x64-windows/Microsoft Visual Studio/18/Community/Common7/IDE/VC/vcpackages/rc.com"
      - "D:/WaterSurfaceRendererScratch/vcpkg_installed/x64-windows/Microsoft Visual Studio/18/Community/Common7/IDE/VC/vcpackages/rc.exe"
      - "D:/WaterSurfaceRendererScratch/vcpkg_installed/x64-windows/Microsoft Visual Studio/18/Community/Common7/IDE/VC/vcpackages/rc"
      - "D:/WaterSurfaceRendererScratch/vcpkg_installed/x64-windows/Microsoft Visual Studio/18/Community/Common7/IDE/CommonExtensions/Microsoft/TestWindow/rc.com"
      - "D:/WaterSurfaceRendererScratch/vcpkg_installed/x64-windows/Microsoft Visual Studio/18/Community/Common7/IDE/CommonExtensions/Microsoft/TestWindow/rc.exe"
      - "D:/WaterSurfaceRendererScratch/vcpkg_installed/x64-windows/Microsoft Visual Studio/18/Community/Common7/IDE/CommonExtensions/Microsoft/TestWindow/rc"
      - "D:/WaterSurfaceRendererScratch/vcpkg_installed/x64-windows/Microsoft Visual Studio/18/Community/Common7/IDE/CommonExtensions/Microsoft/TeamFoundation/Team Explorer/rc.com"
      - "D:/WaterSurfaceRendererScratch/vcpkg_installed/x64-windows/Microsoft Visual Studio/18/Community/Common7/IDE/CommonExtensions/Microsoft/TeamFoundation/Team Explorer/rc.exe"
      - "D:/WaterSurfaceRendererScratch/vcpkg_installed/x64-windows/Microsoft Visual Studio/18/Community/Common7/IDE/CommonExtensions/Microsoft/TeamFoundation/Team Explorer/rc"
      - "D:/WaterSurfaceRendererScratch/vcpkg_installed/x64-windows/Microsoft Visual Studio/18/Community/MSBuild/Current/Bin/Roslyn/rc.com"
      - "D:/WaterSurfaceRendererScratch/vcpkg_installed/x64-windows/Microsoft Visual Studio/18/Community/MSBuild/Current/Bin/Roslyn/rc.exe"
      - "D:/WaterSurfaceRendererScratch/vcpkg_installed/x64-windows/Microsoft Visual Studio/18/Community/MSBuild/Current/Bin/Roslyn/rc"
      - "D:/WaterSurfaceRendererScratch/vcpkg_installed/x64-windows/Program Files (x86)/Microsoft SDKs/Windows/v10.0A/bin/NETFX 4.8 Tools/x64/rc.com"
      - "D:/WaterSurfaceRendererScratch/vcpkg_installed/x64-windows/Program Files (x86)/Microsoft SDKs/Windows/v10.0A/bin/NETFX 4.8 Tools/x64/rc.exe"
      - "D:/WaterSurfaceRendererScratch/vcpkg_installed/x64-windows/Program Files (x86)/Microsoft SDKs/Windows/v10.0A/bin/NETFX 4.8 Tools/x64/rc"
      - "D:/WaterSurfaceRendererScratch/vcpkg_installed/x64-windows/Microsoft Visual Studio/18/Community/Team Tools/DiagnosticsHub/Collector/rc.com"
      - "D:/WaterSurfaceRendererScratch/vcpkg_installed/x64-windows/Microsoft Visual Studio/18/Community/Team Tools/DiagnosticsHub/Collector/rc.exe"
      - "D:/WaterSurfaceRendererScratch/vcpkg_installed/x64-windows/Microsoft Visual Studio/18/Community/Team Tools/DiagnosticsHub/Collector/rc"
      - "D:/WaterSurfaceRendererScratch/vcpkg_installed/x64-windows/Microsoft Visual Studio/18/Community/Common7/IDE/Extensions/Microsoft/CodeCoverage.Console/rc.com"
      - "D:/WaterSurfaceRendererScratch/vcpkg_installed/x64-windows/Microsoft Visual Studio/18/Community/Common7/IDE/Extensions/Microsoft/CodeCoverage.Console/rc.exe"
      - "D:/WaterSurfaceRendererScratch/vcpkg_installed/x64-windows/Microsoft Visual Studio/18/Community/Common7/IDE/Extensions/Microsoft/CodeCoverage.Console/rc"
      - "D:/WaterSurfaceRendererScratch/vcpkg_installed/x64-windows/Program Files (x86)/Windows Kits/10/bin/10.0.26100.0/x64/rc.com"
      - "D:/WaterSurfaceRendererScratch/vcpkg_installed/x64-windows/Program Files (x86)/Windows Kits/10/bin/10.0.26100.0/x64/rc.exe"
      - "D:/WaterSurfaceRendererScratch/vcpkg_installed/x64-windows/Program Files (x86)/Windows Kits/10/bin/10.0.26100.0/x64/rc"
      - "D:/WaterSurfaceRendererScratch/vcpkg_installed/x64-windows/Program Files (x86)/Windows Kits/10/bin/x64/rc.com"
      - "D:/WaterSurfaceRendererScratch/vcpkg_installed/x64-windows/Program Files (x86)/Windows Kits/10/bin/x64/rc.exe"
      - "D:/WaterSurfaceRendererScratch/vcpkg_installed/x64-windows/Program Files (x86)/Windows Kits/10/bin/x64/rc"
      - "D:/WaterSurfaceRendererScratch/vcpkg_installed/x64-windows/Microsoft Visual Studio/18/Community/MSBuild/Current/Bin/amd64/rc.com"
      - "D:/WaterSurfaceRendererScratch/vcpkg_installed/x64-windows/Microsoft Visual Studio/18/Community/MSBuild/Current/Bin/amd64/rc.exe"
      - "D:/WaterSurfaceRendererScratch/vcpkg_installed/x64-windows/Microsoft Visual Studio/18/Community/MSBuild/Current/Bin/amd64/rc"
      - "D:/WaterSurfaceRendererScratch/vcpkg_installed/x64-windows/Windows/Microsoft.NET/Framework64/v4.0.30319/rc.com"
      - "D:/WaterSurfaceRendererScratch/vcpkg_installed/x64-windows/Windows/Microsoft.NET/Framework64/v4.0.30319/rc.exe"
      - "D:/WaterSurfaceRendererScratch/vcpkg_installed/x64-windows/Windows/Microsoft.NET/Framework64/v4.0.30319/rc"
      - "D:/WaterSurfaceRendererScratch/vcpkg_installed/x64-windows/Microsoft Visual Studio/18/Community/Common7/IDE/rc.com"
      - "D:/WaterSurfaceRendererScratch/vcpkg_installed/x64-windows/Microsoft Visual Studio/18/Community/Common7/IDE/rc.exe"
      - "D:/WaterSurfaceRendererScratch/vcpkg_installed/x64-windows/Microsoft Visual Studio/18/Community/Common7/IDE/rc"
      - "D:/WaterSurfaceRendererScratch/vcpkg_installed/x64-windows/Microsoft Visual Studio/18/Community/Common7/Tools/rc.com"
      - "D:/WaterSurfaceRendererScratch/vcpkg_installed/x64-windows/Microsoft Visual Studio/18/Community/Common7/Tools/rc.exe"
      - "D:/WaterSurfaceRendererScratch/vcpkg_installed/x64-windows/Microsoft Visual Studio/18/Community/Common7/Tools/rc"
      - "D:/WaterSurfaceRendererScratch/vcpkg_installed/x64-windows/Users/xukeheng/AppData/Local/vcpkg/downloads/tools/powershell-core-7.5.4-windows/rc.com"
      - "D:/WaterSurfaceRendererScratch/vcpkg_installed/x64-windows/Users/xukeheng/AppData/Local/vcpkg/downloads/tools/powershell-core-7.5.4-windows/rc.exe"
      - "D:/WaterSurfaceRendererScratch/vcpkg_installed/x64-windows/Users/xukeheng/AppData/Local/vcpkg/downloads/tools/powershell-core-7.5.4-windows/rc"
      - "D:/WaterSurfaceRendererScratch/vcpkg_installed/x64-windows/Windows/System32/rc.com"
      - "D:/WaterSurfaceRendererScratch/vcpkg_installed/x64-windows/Windows/System32/rc.exe"
      - "D:/WaterSurfaceRendererScratch/vcpkg_installed/x64-windows/Windows/System32/rc"
      - "D:/WaterSurfaceRendererScratch/vcpkg_installed/x64-windows/Windows/rc.com"
      - "D:/WaterSurfaceRendererScratch/vcpkg_installed/x64-windows/Windows/rc.exe"
      - "D:/WaterSurfaceRendererScratch/vcpkg_installed/x64-windows/Windows/rc"
      - "D:/WaterSurfaceRendererScratch/vcpkg_installed/x64-windows/Windows/System32/wbem/rc.com"
      - "D:/WaterSurfaceRendererScratch/vcpkg_installed/x64-windows/Windows/System32/wbem/rc.exe"
      - "D:/WaterSurfaceRendererScratch/vcpkg_installed/x64-windows/Windows/System32/wbem/rc"
      - "D:/WaterSurfaceRendererScratch/vcpkg_installed/x64-windows/Windows/System32/WindowsPowerShell/v1.0/rc.com"
      - "D:/WaterSurfaceRendererScratch/vcpkg_installed/x64-windows/Windows/System32/WindowsPowerShell/v1.0/rc.exe"
      - "D:/WaterSurfaceRendererScratch/vcpkg_installed/x64-windows/Windows/System32/WindowsPowerShell/v1.0/rc"
      - "D:/WaterSurfaceRendererScratch/vcpkg_installed/x64-windows/Windows/System32/OpenSSH/rc.com"
      - "D:/WaterSurfaceRendererScratch/vcpkg_installed/x64-windows/Windows/System32/OpenSSH/rc.exe"
      - "D:/WaterSurfaceRendererScratch/vcpkg_installed/x64-windows/Windows/System32/OpenSSH/rc"
      - "D:/WaterSurfaceRendererScratch/vcpkg_installed/x64-windows/Microsoft Visual Studio/18/Community/Common7/IDE/CommonExtensions/Microsoft/CMake/CMake/bin/rc.com"
      - "D:/WaterSurfaceRendererScratch/vcpkg_installed/x64-windows/Microsoft Visual Studio/18/Community/Common7/IDE/CommonExtensions/Microsoft/CMake/CMake/bin/rc.exe"
      - "D:/WaterSurfaceRendererScratch/vcpkg_installed/x64-windows/Microsoft Visual Studio/18/Community/Common7/IDE/CommonExtensions/Microsoft/CMake/CMake/bin/rc"
      - "D:/WaterSurfaceRendererScratch/vcpkg_installed/x64-windows/Microsoft Visual Studio/18/Community/Common7/IDE/CommonExtensions/Microsoft/CMake/Ninja/rc.com"
      - "D:/WaterSurfaceRendererScratch/vcpkg_installed/x64-windows/Microsoft Visual Studio/18/Community/Common7/IDE/CommonExtensions/Microsoft/CMake/Ninja/rc.exe"
      - "D:/WaterSurfaceRendererScratch/vcpkg_installed/x64-windows/Microsoft Visual Studio/18/Community/Common7/IDE/CommonExtensions/Microsoft/CMake/Ninja/rc"
      - "D:/WaterSurfaceRendererScratch/vcpkg_installed/x64-windows/Microsoft Visual Studio/18/Community/Common7/IDE/VC/Linux/bin/ConnectionManagerExe/rc.com"
      - "D:/WaterSurfaceRendererScratch/vcpkg_installed/x64-windows/Microsoft Visual Studio/18/Community/Common7/IDE/VC/Linux/bin/ConnectionManagerExe/rc.exe"
      - "D:/WaterSurfaceRendererScratch/vcpkg_installed/x64-windows/Microsoft Visual Studio/18/Community/Common7/IDE/VC/Linux/bin/ConnectionManagerExe/rc"
      - "D:/WaterSurfaceRendererScratch/vcpkg_installed/x64-windows/Microsoft Visual Studio/18/Community/VC/vcpkg/rc.com"
      - "D:/WaterSurfaceRendererScratch/vcpkg_installed/x64-windows/Microsoft Visual Studio/18/Community/VC/vcpkg/rc.exe"
      - "D:/WaterSurfaceRendererScratch/vcpkg_installed/x64-windows/Microsoft Visual Studio/18/Community/VC/vcpkg/rc"
      - "D:/WaterSurfaceRendererScratch/vcpkg_installed/x64-windows/Program Files/bin/rc.com"
      - "D:/WaterSurfaceRendererScratch/vcpkg_installed/x64-windows/Program Files/bin/rc.exe"
      - "D:/WaterSurfaceRendererScratch/vcpkg_installed/x64-windows/Program Files/bin/rc"
      - "D:/WaterSurfaceRendererScratch/vcpkg_installed/x64-windows/Program Files/sbin/rc.com"
      - "D:/WaterSurfaceRendererScratch/vcpkg_installed/x64-windows/Program Files/sbin/rc.exe"
      - "D:/WaterSurfaceRendererScratch/vcpkg_installed/x64-windows/Program Files/sbin/rc"
      - "D:/WaterSurfaceRendererScratch/vcpkg_installed/x64-windows/Program Files/rc.com"
      - "D:/WaterSurfaceRendererScratch/vcpkg_installed/x64-windows/Program Files/rc.exe"
      - "D:/WaterSurfaceRendererScratch/vcpkg_installed/x64-windows/Program Files/rc"
      - "D:/WaterSurfaceRendererScratch/vcpkg_installed/x64-windows/Program Files (x86)/bin/rc.com"
      - "D:/WaterSurfaceRendererScratch/vcpkg_installed/x64-windows/Program Files (x86)/bin/rc.exe"
      - "D:/WaterSurfaceRendererScratch/vcpkg_installed/x64-windows/Program Files (x86)/bin/rc"
      - "D:/WaterSurfaceRendererScratch/vcpkg_installed/x64-windows/Program Files (x86)/sbin/rc.com"
      - "D:/WaterSurfaceRendererScratch/vcpkg_installed/x64-windows/Program Files (x86)/sbin/rc.exe"
      - "D:/WaterSurfaceRendererScratch/vcpkg_installed/x64-windows/Program Files (x86)/sbin/rc"
      - "D:/WaterSurfaceRendererScratch/vcpkg_installed/x64-windows/Program Files (x86)/rc.com"
      - "D:/WaterSurfaceRendererScratch/vcpkg_installed/x64-windows/Program Files (x86)/rc.exe"
      - "D:/WaterSurfaceRendererScratch/vcpkg_installed/x64-windows/Program Files (x86)/rc"
      - "D:/WaterSurfaceRendererScratch/vcpkg_installed/x64-windows/Microsoft Visual Studio/18/Community/Common7/IDE/CommonExtensions/Microsoft/CMake/CMake/bin/rc.com"
      - "D:/WaterSurfaceRendererScratch/vcpkg_installed/x64-windows/Microsoft Visual Studio/18/Community/Common7/IDE/CommonExtensions/Microsoft/CMake/CMake/bin/rc.exe"
      - "D:/WaterSurfaceRendererScratch/vcpkg_installed/x64-windows/Microsoft Visual Studio/18/Community/Common7/IDE/CommonExtensions/Microsoft/CMake/CMake/bin/rc"
      - "D:/WaterSurfaceRendererScratch/vcpkg_installed/x64-windows/Microsoft Visual Studio/18/Community/Common7/IDE/CommonExtensions/Microsoft/CMake/CMake/sbin/rc.com"
      - "D:/WaterSurfaceRendererScratch/vcpkg_installed/x64-windows/Microsoft Visual Studio/18/Community/Common7/IDE/CommonExtensions/Microsoft/CMake/CMake/sbin/rc.exe"
      - "D:/WaterSurfaceRendererScratch/vcpkg_installed/x64-windows/Microsoft Visual Studio/18/Community/Common7/IDE/CommonExtensions/Microsoft/CMake/CMake/sbin/rc"
      - "D:/WaterSurfaceRendererScratch/vcpkg_installed/x64-windows/Microsoft Visual Studio/18/Community/Common7/IDE/CommonExtensions/Microsoft/CMake/CMake/rc.com"
      - "D:/WaterSurfaceRendererScratch/vcpkg_installed/x64-windows/Microsoft Visual Studio/18/Community/Common7/IDE/CommonExtensions/Microsoft/CMake/CMake/rc.exe"
      - "D:/WaterSurfaceRendererScratch/vcpkg_installed/x64-windows/Microsoft Visual Studio/18/Community/Common7/IDE/CommonExtensions/Microsoft/CMake/CMake/rc"
      - "D:/WaterSurfaceRendererScratch/vcpkg_installed/x64-windows/WaterSurfaceRendererScratch/vcpkg_installed/vcpkg/pkgs/fftw3_x64-windows/bin/rc.com"
      - "D:/WaterSurfaceRendererScratch/vcpkg_installed/x64-windows/WaterSurfaceRendererScratch/vcpkg_installed/vcpkg/pkgs/fftw3_x64-windows/bin/rc.exe"
      - "D:/WaterSurfaceRendererScratch/vcpkg_installed/x64-windows/WaterSurfaceRendererScratch/vcpkg_installed/vcpkg/pkgs/fftw3_x64-windows/bin/rc"
      - "D:/WaterSurfaceRendererScratch/vcpkg_installed/x64-windows/WaterSurfaceRendererScratch/vcpkg_installed/vcpkg/pkgs/fftw3_x64-windows/sbin/rc.com"
      - "D:/WaterSurfaceRendererScratch/vcpkg_installed/x64-windows/WaterSurfaceRendererScratch/vcpkg_installed/vcpkg/pkgs/fftw3_x64-windows/sbin/rc.exe"
      - "D:/WaterSurfaceRendererScratch/vcpkg_installed/x64-windows/WaterSurfaceRendererScratch/vcpkg_installed/vcpkg/pkgs/fftw3_x64-windows/sbin/rc"
      - "D:/WaterSurfaceRendererScratch/vcpkg_installed/x64-windows/WaterSurfaceRendererScratch/vcpkg_installed/vcpkg/pkgs/fftw3_x64-windows/rc.com"
      - "D:/WaterSurfaceRendererScratch/vcpkg_installed/x64-windows/WaterSurfaceRendererScratch/vcpkg_installed/vcpkg/pkgs/fftw3_x64-windows/rc.exe"
      - "D:/WaterSurfaceRendererScratch/vcpkg_installed/x64-windows/WaterSurfaceRendererScratch/vcpkg_installed/vcpkg/pkgs/fftw3_x64-windows/rc"
      - "D:/WaterSurfaceRendererScratch/vcpkg_installed/x64-windows/debug/WaterSurfaceRendererScratch/vcpkg_installed/x64-windows/bin/rc.com"
      - "D:/WaterSurfaceRendererScratch/vcpkg_installed/x64-windows/debug/WaterSurfaceRendererScratch/vcpkg_installed/x64-windows/bin/rc.exe"
      - "D:/WaterSurfaceRendererScratch/vcpkg_installed/x64-windows/debug/WaterSurfaceRendererScratch/vcpkg_installed/x64-windows/bin/rc"
      - "D:/WaterSurfaceRendererScratch/vcpkg_installed/x64-windows/debug/WaterSurfaceRendererScratch/vcpkg_installed/x64-windows/sbin/rc.com"
      - "D:/WaterSurfaceRendererScratch/vcpkg_installed/x64-windows/debug/WaterSurfaceRendererScratch/vcpkg_installed/x64-windows/sbin/rc.exe"
      - "D:/WaterSurfaceRendererScratch/vcpkg_installed/x64-windows/debug/WaterSurfaceRendererScratch/vcpkg_installed/x64-windows/sbin/rc"
      - "D:/WaterSurfaceRendererScratch/vcpkg_installed/x64-windows/debug/WaterSurfaceRendererScratch/vcpkg_installed/x64-windows/rc.com"
      - "D:/WaterSurfaceRendererScratch/vcpkg_installed/x64-windows/debug/WaterSurfaceRendererScratch/vcpkg_installed/x64-windows/rc.exe"
      - "D:/WaterSurfaceRendererScratch/vcpkg_installed/x64-windows/debug/WaterSurfaceRendererScratch/vcpkg_installed/x64-windows/rc"
      - "D:/WaterSurfaceRendererScratch/vcpkg_installed/x64-windows/debug/bin/rc.com"
      - "D:/WaterSurfaceRendererScratch/vcpkg_installed/x64-windows/debug/bin/rc.exe"
      - "D:/WaterSurfaceRendererScratch/vcpkg_installed/x64-windows/debug/bin/rc"
      - "D:/WaterSurfaceRendererScratch/vcpkg_installed/x64-windows/debug/sbin/rc.com"
      - "D:/WaterSurfaceRendererScratch/vcpkg_installed/x64-windows/debug/sbin/rc.exe"
      - "D:/WaterSurfaceRendererScratch/vcpkg_installed/x64-windows/debug/sbin/rc"
      - "D:/WaterSurfaceRendererScratch/vcpkg_installed/x64-windows/debug/rc.com"
      - "D:/WaterSurfaceRendererScratch/vcpkg_installed/x64-windows/debug/rc.exe"
      - "D:/WaterSurfaceRendererScratch/vcpkg_installed/x64-windows/debug/rc"
      - "D:/WaterSurfaceRendererScratch/vcpkg_installed/x64-windows/debug/WaterSurfaceRendererScratch/vcpkg_installed/x64-windows/tools/rc.com"
      - "D:/WaterSurfaceRendererScratch/vcpkg_installed/x64-windows/debug/WaterSurfaceRendererScratch/vcpkg_installed/x64-windows/tools/rc.exe"
      - "D:/WaterSurfaceRendererScratch/vcpkg_installed/x64-windows/debug/WaterSurfaceRendererScratch/vcpkg_installed/x64-windows/tools/rc"
      - "D:/WaterSurfaceRendererScratch/vcpkg_installed/x64-windows/debug/Microsoft Visual Studio/18/Community/VC/Tools/MSVC/14.51.36231/bin/Hostx64/x64/rc.com"
      - "D:/WaterSurfaceRendererScratch/vcpkg_installed/x64-windows/debug/Microsoft Visual Studio/18/Community/VC/Tools/MSVC/14.51.36231/bin/Hostx64/x64/rc.exe"
      - "D:/WaterSurfaceRendererScratch/vcpkg_installed/x64-windows/debug/Microsoft Visual Studio/18/Community/VC/Tools/MSVC/14.51.36231/bin/Hostx64/x64/rc"
      - "D:/WaterSurfaceRendererScratch/vcpkg_installed/x64-windows/debug/Microsoft Visual Studio/18/Community/Common7/IDE/VC/vcpackages/rc.com"
      - "D:/WaterSurfaceRendererScratch/vcpkg_installed/x64-windows/debug/Microsoft Visual Studio/18/Community/Common7/IDE/VC/vcpackages/rc.exe"
      - "D:/WaterSurfaceRendererScratch/vcpkg_installed/x64-windows/debug/Microsoft Visual Studio/18/Community/Common7/IDE/VC/vcpackages/rc"
      - "D:/WaterSurfaceRendererScratch/vcpkg_installed/x64-windows/debug/Microsoft Visual Studio/18/Community/Common7/IDE/CommonExtensions/Microsoft/TestWindow/rc.com"
      - "D:/WaterSurfaceRendererScratch/vcpkg_installed/x64-windows/debug/Microsoft Visual Studio/18/Community/Common7/IDE/CommonExtensions/Microsoft/TestWindow/rc.exe"
      - "D:/WaterSurfaceRendererScratch/vcpkg_installed/x64-windows/debug/Microsoft Visual Studio/18/Community/Common7/IDE/CommonExtensions/Microsoft/TestWindow/rc"
      - "D:/WaterSurfaceRendererScratch/vcpkg_installed/x64-windows/debug/Microsoft Visual Studio/18/Community/Common7/IDE/CommonExtensions/Microsoft/TeamFoundation/Team Explorer/rc.com"
      - "D:/WaterSurfaceRendererScratch/vcpkg_installed/x64-windows/debug/Microsoft Visual Studio/18/Community/Common7/IDE/CommonExtensions/Microsoft/TeamFoundation/Team Explorer/rc.exe"
      - "D:/WaterSurfaceRendererScratch/vcpkg_installed/x64-windows/debug/Microsoft Visual Studio/18/Community/Common7/IDE/CommonExtensions/Microsoft/TeamFoundation/Team Explorer/rc"
      - "D:/WaterSurfaceRendererScratch/vcpkg_installed/x64-windows/debug/Microsoft Visual Studio/18/Community/MSBuild/Current/Bin/Roslyn/rc.com"
      - "D:/WaterSurfaceRendererScratch/vcpkg_installed/x64-windows/debug/Microsoft Visual Studio/18/Community/MSBuild/Current/Bin/Roslyn/rc.exe"
      - "D:/WaterSurfaceRendererScratch/vcpkg_installed/x64-windows/debug/Microsoft Visual Studio/18/Community/MSBuild/Current/Bin/Roslyn/rc"
      - "D:/WaterSurfaceRendererScratch/vcpkg_installed/x64-windows/debug/Program Files (x86)/Microsoft SDKs/Windows/v10.0A/bin/NETFX 4.8 Tools/x64/rc.com"
      - "D:/WaterSurfaceRendererScratch/vcpkg_installed/x64-windows/debug/Program Files (x86)/Microsoft SDKs/Windows/v10.0A/bin/NETFX 4.8 Tools/x64/rc.exe"
      - "D:/WaterSurfaceRendererScratch/vcpkg_installed/x64-windows/debug/Program Files (x86)/Microsoft SDKs/Windows/v10.0A/bin/NETFX 4.8 Tools/x64/rc"
      - "D:/WaterSurfaceRendererScratch/vcpkg_installed/x64-windows/debug/Microsoft Visual Studio/18/Community/Team Tools/DiagnosticsHub/Collector/rc.com"
      - "D:/WaterSurfaceRendererScratch/vcpkg_installed/x64-windows/debug/Microsoft Visual Studio/18/Community/Team Tools/DiagnosticsHub/Collector/rc.exe"
      - "D:/WaterSurfaceRendererScratch/vcpkg_installed/x64-windows/debug/Microsoft Visual Studio/18/Community/Team Tools/DiagnosticsHub/Collector/rc"
      - "D:/WaterSurfaceRendererScratch/vcpkg_installed/x64-windows/debug/Microsoft Visual Studio/18/Community/Common7/IDE/Extensions/Microsoft/CodeCoverage.Console/rc.com"
      - "D:/WaterSurfaceRendererScratch/vcpkg_installed/x64-windows/debug/Microsoft Visual Studio/18/Community/Common7/IDE/Extensions/Microsoft/CodeCoverage.Console/rc.exe"
      - "D:/WaterSurfaceRendererScratch/vcpkg_installed/x64-windows/debug/Microsoft Visual Studio/18/Community/Common7/IDE/Extensions/Microsoft/CodeCoverage.Console/rc"
      - "D:/WaterSurfaceRendererScratch/vcpkg_installed/x64-windows/debug/Program Files (x86)/Windows Kits/10/bin/10.0.26100.0/x64/rc.com"
      - "D:/WaterSurfaceRendererScratch/vcpkg_installed/x64-windows/debug/Program Files (x86)/Windows Kits/10/bin/10.0.26100.0/x64/rc.exe"
      - "D:/WaterSurfaceRendererScratch/vcpkg_installed/x64-windows/debug/Program Files (x86)/Windows Kits/10/bin/10.0.26100.0/x64/rc"
      - "D:/WaterSurfaceRendererScratch/vcpkg_installed/x64-windows/debug/Program Files (x86)/Windows Kits/10/bin/x64/rc.com"
      - "D:/WaterSurfaceRendererScratch/vcpkg_installed/x64-windows/debug/Program Files (x86)/Windows Kits/10/bin/x64/rc.exe"
      - "D:/WaterSurfaceRendererScratch/vcpkg_installed/x64-windows/debug/Program Files (x86)/Windows Kits/10/bin/x64/rc"
      - "D:/WaterSurfaceRendererScratch/vcpkg_installed/x64-windows/debug/Microsoft Visual Studio/18/Community/MSBuild/Current/Bin/amd64/rc.com"
      - "D:/WaterSurfaceRendererScratch/vcpkg_installed/x64-windows/debug/Microsoft Visual Studio/18/Community/MSBuild/Current/Bin/amd64/rc.exe"
      - "D:/WaterSurfaceRendererScratch/vcpkg_installed/x64-windows/debug/Microsoft Visual Studio/18/Community/MSBuild/Current/Bin/amd64/rc"
      - "D:/WaterSurfaceRendererScratch/vcpkg_installed/x64-windows/debug/Windows/Microsoft.NET/Framework64/v4.0.30319/rc.com"
      - "D:/WaterSurfaceRendererScratch/vcpkg_installed/x64-windows/debug/Windows/Microsoft.NET/Framework64/v4.0.30319/rc.exe"
      - "D:/WaterSurfaceRendererScratch/vcpkg_installed/x64-windows/debug/Windows/Microsoft.NET/Framework64/v4.0.30319/rc"
      - "D:/WaterSurfaceRendererScratch/vcpkg_installed/x64-windows/debug/Microsoft Visual Studio/18/Community/Common7/IDE/rc.com"
      - "D:/WaterSurfaceRendererScratch/vcpkg_installed/x64-windows/debug/Microsoft Visual Studio/18/Community/Common7/IDE/rc.exe"
      - "D:/WaterSurfaceRendererScratch/vcpkg_installed/x64-windows/debug/Microsoft Visual Studio/18/Community/Common7/IDE/rc"
      - "D:/WaterSurfaceRendererScratch/vcpkg_installed/x64-windows/debug/Microsoft Visual Studio/18/Community/Common7/Tools/rc.com"
      - "D:/WaterSurfaceRendererScratch/vcpkg_installed/x64-windows/debug/Microsoft Visual Studio/18/Community/Common7/Tools/rc.exe"
      - "D:/WaterSurfaceRendererScratch/vcpkg_installed/x64-windows/debug/Microsoft Visual Studio/18/Community/Common7/Tools/rc"
      - "D:/WaterSurfaceRendererScratch/vcpkg_installed/x64-windows/debug/Users/xukeheng/AppData/Local/vcpkg/downloads/tools/powershell-core-7.5.4-windows/rc.com"
      - "D:/WaterSurfaceRendererScratch/vcpkg_installed/x64-windows/debug/Users/xukeheng/AppData/Local/vcpkg/downloads/tools/powershell-core-7.5.4-windows/rc.exe"
      - "D:/WaterSurfaceRendererScratch/vcpkg_installed/x64-windows/debug/Users/xukeheng/AppData/Local/vcpkg/downloads/tools/powershell-core-7.5.4-windows/rc"
      - "D:/WaterSurfaceRendererScratch/vcpkg_installed/x64-windows/debug/Windows/System32/rc.com"
      - "D:/WaterSurfaceRendererScratch/vcpkg_installed/x64-windows/debug/Windows/System32/rc.exe"
      - "D:/WaterSurfaceRendererScratch/vcpkg_installed/x64-windows/debug/Windows/System32/rc"
      - "D:/WaterSurfaceRendererScratch/vcpkg_installed/x64-windows/debug/Windows/rc.com"
      - "D:/WaterSurfaceRendererScratch/vcpkg_installed/x64-windows/debug/Windows/rc.exe"
      - "D:/WaterSurfaceRendererScratch/vcpkg_installed/x64-windows/debug/Windows/rc"
      - "D:/WaterSurfaceRendererScratch/vcpkg_installed/x64-windows/debug/Windows/System32/wbem/rc.com"
      - "D:/WaterSurfaceRendererScratch/vcpkg_installed/x64-windows/debug/Windows/System32/wbem/rc.exe"
      - "D:/WaterSurfaceRendererScratch/vcpkg_installed/x64-windows/debug/Windows/System32/wbem/rc"
      - "D:/WaterSurfaceRendererScratch/vcpkg_installed/x64-windows/debug/Windows/System32/WindowsPowerShell/v1.0/rc.com"
      - "D:/WaterSurfaceRendererScratch/vcpkg_installed/x64-windows/debug/Windows/System32/WindowsPowerShell/v1.0/rc.exe"
      - "D:/WaterSurfaceRendererScratch/vcpkg_installed/x64-windows/debug/Windows/System32/WindowsPowerShell/v1.0/rc"
      - "D:/WaterSurfaceRendererScratch/vcpkg_installed/x64-windows/debug/Windows/System32/OpenSSH/rc.com"
      - "D:/WaterSurfaceRendererScratch/vcpkg_installed/x64-windows/debug/Windows/System32/OpenSSH/rc.exe"
      - "D:/WaterSurfaceRendererScratch/vcpkg_installed/x64-windows/debug/Windows/System32/OpenSSH/rc"
      - "D:/WaterSurfaceRendererScratch/vcpkg_installed/x64-windows/debug/Microsoft Visual Studio/18/Community/Common7/IDE/CommonExtensions/Microsoft/CMake/CMake/bin/rc.com"
      - "D:/WaterSurfaceRendererScratch/vcpkg_installed/x64-windows/debug/Microsoft Visual Studio/18/Community/Common7/IDE/CommonExtensions/Microsoft/CMake/CMake/bin/rc.exe"
      - "D:/WaterSurfaceRendererScratch/vcpkg_installed/x64-windows/debug/Microsoft Visual Studio/18/Community/Common7/IDE/CommonExtensions/Microsoft/CMake/CMake/bin/rc"
      - "D:/WaterSurfaceRendererScratch/vcpkg_installed/x64-windows/debug/Microsoft Visual Studio/18/Community/Common7/IDE/CommonExtensions/Microsoft/CMake/Ninja/rc.com"
      - "D:/WaterSurfaceRendererScratch/vcpkg_installed/x64-windows/debug/Microsoft Visual Studio/18/Community/Common7/IDE/CommonExtensions/Microsoft/CMake/Ninja/rc.exe"
      - "D:/WaterSurfaceRendererScratch/vcpkg_installed/x64-windows/debug/Microsoft Visual Studio/18/Community/Common7/IDE/CommonExtensions/Microsoft/CMake/Ninja/rc"
      - "D:/WaterSurfaceRendererScratch/vcpkg_installed/x64-windows/debug/Microsoft Visual Studio/18/Community/Common7/IDE/VC/Linux/bin/ConnectionManagerExe/rc.com"
      - "D:/WaterSurfaceRendererScratch/vcpkg_installed/x64-windows/debug/Microsoft Visual Studio/18/Community/Common7/IDE/VC/Linux/bin/ConnectionManagerExe/rc.exe"
      - "D:/WaterSurfaceRendererScratch/vcpkg_installed/x64-windows/debug/Microsoft Visual Studio/18/Community/Common7/IDE/VC/Linux/bin/ConnectionManagerExe/rc"
      - "D:/WaterSurfaceRendererScratch/vcpkg_installed/x64-windows/debug/Microsoft Visual Studio/18/Community/VC/vcpkg/rc.com"
      - "D:/WaterSurfaceRendererScratch/vcpkg_installed/x64-windows/debug/Microsoft Visual Studio/18/Community/VC/vcpkg/rc.exe"
      - "D:/WaterSurfaceRendererScratch/vcpkg_installed/x64-windows/debug/Microsoft Visual Studio/18/Community/VC/vcpkg/rc"
      - "D:/WaterSurfaceRendererScratch/vcpkg_installed/x64-windows/debug/Program Files/bin/rc.com"
      - "D:/WaterSurfaceRendererScratch/vcpkg_installed/x64-windows/debug/Program Files/bin/rc.exe"
      - "D:/WaterSurfaceRendererScratch/vcpkg_installed/x64-windows/debug/Program Files/bin/rc"
      - "D:/WaterSurfaceRendererScratch/vcpkg_installed/x64-windows/debug/Program Files/sbin/rc.com"
      - "D:/WaterSurfaceRendererScratch/vcpkg_installed/x64-windows/debug/Program Files/sbin/rc.exe"
      - "D:/WaterSurfaceRendererScratch/vcpkg_installed/x64-windows/debug/Program Files/sbin/rc"
      - "D:/WaterSurfaceRendererScratch/vcpkg_installed/x64-windows/debug/Program Files/rc.com"
      - "D:/WaterSurfaceRendererScratch/vcpkg_installed/x64-windows/debug/Program Files/rc.exe"
      - "D:/WaterSurfaceRendererScratch/vcpkg_installed/x64-windows/debug/Program Files/rc"
      - "D:/WaterSurfaceRendererScratch/vcpkg_installed/x64-windows/debug/Program Files (x86)/bin/rc.com"
      - "D:/WaterSurfaceRendererScratch/vcpkg_installed/x64-windows/debug/Program Files (x86)/bin/rc.exe"
      - "D:/WaterSurfaceRendererScratch/vcpkg_installed/x64-windows/debug/Program Files (x86)/bin/rc"
      - "D:/WaterSurfaceRendererScratch/vcpkg_installed/x64-windows/debug/Program Files (x86)/sbin/rc.com"
      - "D:/WaterSurfaceRendererScratch/vcpkg_installed/x64-windows/debug/Program Files (x86)/sbin/rc.exe"
      - "D:/WaterSurfaceRendererScratch/vcpkg_installed/x64-windows/debug/Program Files (x86)/sbin/rc"
      - "D:/WaterSurfaceRendererScratch/vcpkg_installed/x64-windows/debug/Program Files (x86)/rc.com"
      - "D:/WaterSurfaceRendererScratch/vcpkg_installed/x64-windows/debug/Program Files (x86)/rc.exe"
      - "D:/WaterSurfaceRendererScratch/vcpkg_installed/x64-windows/debug/Program Files (x86)/rc"
      - "D:/WaterSurfaceRendererScratch/vcpkg_installed/x64-windows/debug/Microsoft Visual Studio/18/Community/Common7/IDE/CommonExtensions/Microsoft/CMake/CMake/bin/rc.com"
      - "D:/WaterSurfaceRendererScratch/vcpkg_installed/x64-windows/debug/Microsoft Visual Studio/18/Community/Common7/IDE/CommonExtensions/Microsoft/CMake/CMake/bin/rc.exe"
      - "D:/WaterSurfaceRendererScratch/vcpkg_installed/x64-windows/debug/Microsoft Visual Studio/18/Community/Common7/IDE/CommonExtensions/Microsoft/CMake/CMake/bin/rc"
      - "D:/WaterSurfaceRendererScratch/vcpkg_installed/x64-windows/debug/Microsoft Visual Studio/18/Community/Common7/IDE/CommonExtensions/Microsoft/CMake/CMake/sbin/rc.com"
      - "D:/WaterSurfaceRendererScratch/vcpkg_installed/x64-windows/debug/Microsoft Visual Studio/18/Community/Common7/IDE/CommonExtensions/Microsoft/CMake/CMake/sbin/rc.exe"
      - "D:/WaterSurfaceRendererScratch/vcpkg_installed/x64-windows/debug/Microsoft Visual Studio/18/Community/Common7/IDE/CommonExtensions/Microsoft/CMake/CMake/sbin/rc"
      - "D:/WaterSurfaceRendererScratch/vcpkg_installed/x64-windows/debug/Microsoft Visual Studio/18/Community/Common7/IDE/CommonExtensions/Microsoft/CMake/CMake/rc.com"
      - "D:/WaterSurfaceRendererScratch/vcpkg_installed/x64-windows/debug/Microsoft Visual Studio/18/Community/Common7/IDE/CommonExtensions/Microsoft/CMake/CMake/rc.exe"
      - "D:/WaterSurfaceRendererScratch/vcpkg_installed/x64-windows/debug/Microsoft Visual Studio/18/Community/Common7/IDE/CommonExtensions/Microsoft/CMake/CMake/rc"
      - "D:/WaterSurfaceRendererScratch/vcpkg_installed/x64-windows/debug/WaterSurfaceRendererScratch/vcpkg_installed/vcpkg/pkgs/fftw3_x64-windows/bin/rc.com"
      - "D:/WaterSurfaceRendererScratch/vcpkg_installed/x64-windows/debug/WaterSurfaceRendererScratch/vcpkg_installed/vcpkg/pkgs/fftw3_x64-windows/bin/rc.exe"
      - "D:/WaterSurfaceRendererScratch/vcpkg_installed/x64-windows/debug/WaterSurfaceRendererScratch/vcpkg_installed/vcpkg/pkgs/fftw3_x64-windows/bin/rc"
      - "D:/WaterSurfaceRendererScratch/vcpkg_installed/x64-windows/debug/WaterSurfaceRendererScratch/vcpkg_installed/vcpkg/pkgs/fftw3_x64-windows/sbin/rc.com"
      - "D:/WaterSurfaceRendererScratch/vcpkg_installed/x64-windows/debug/WaterSurfaceRendererScratch/vcpkg_installed/vcpkg/pkgs/fftw3_x64-windows/sbin/rc.exe"
      - "D:/WaterSurfaceRendererScratch/vcpkg_installed/x64-windows/debug/WaterSurfaceRendererScratch/vcpkg_installed/vcpkg/pkgs/fftw3_x64-windows/sbin/rc"
      - "D:/WaterSurfaceRendererScratch/vcpkg_installed/x64-windows/debug/WaterSurfaceRendererScratch/vcpkg_installed/vcpkg/pkgs/fftw3_x64-windows/rc.com"
      - "D:/WaterSurfaceRendererScratch/vcpkg_installed/x64-windows/debug/WaterSurfaceRendererScratch/vcpkg_installed/vcpkg/pkgs/fftw3_x64-windows/rc.exe"
      - "D:/WaterSurfaceRendererScratch/vcpkg_installed/x64-windows/debug/WaterSurfaceRendererScratch/vcpkg_installed/vcpkg/pkgs/fftw3_x64-windows/rc"
      - "D:/WaterSurfaceRendererScratch/vcpkg_installed/x64-windows/bin/rc.com"
      - "D:/WaterSurfaceRendererScratch/vcpkg_installed/x64-windows/bin/rc.exe"
      - "D:/WaterSurfaceRendererScratch/vcpkg_installed/x64-windows/bin/rc"
      - "D:/WaterSurfaceRendererScratch/vcpkg_installed/x64-windows/sbin/rc.com"
      - "D:/WaterSurfaceRendererScratch/vcpkg_installed/x64-windows/sbin/rc.exe"
      - "D:/WaterSurfaceRendererScratch/vcpkg_installed/x64-windows/sbin/rc"
      - "D:/WaterSurfaceRendererScratch/vcpkg_installed/x64-windows/rc.com"
      - "D:/WaterSurfaceRendererScratch/vcpkg_installed/x64-windows/rc.exe"
      - "D:/WaterSurfaceRendererScratch/vcpkg_installed/x64-windows/rc"
      - "D:/WaterSurfaceRendererScratch/vcpkg_installed/x64-windows/debug/bin/rc.com"
      - "D:/WaterSurfaceRendererScratch/vcpkg_installed/x64-windows/debug/bin/rc.exe"
      - "D:/WaterSurfaceRendererScratch/vcpkg_installed/x64-windows/debug/bin/rc"
      - "D:/WaterSurfaceRendererScratch/vcpkg_installed/x64-windows/debug/sbin/rc.com"
      - "D:/WaterSurfaceRendererScratch/vcpkg_installed/x64-windows/debug/sbin/rc.exe"
      - "D:/WaterSurfaceRendererScratch/vcpkg_installed/x64-windows/debug/sbin/rc"
      - "D:/WaterSurfaceRendererScratch/vcpkg_installed/x64-windows/debug/rc.com"
      - "D:/WaterSurfaceRendererScratch/vcpkg_installed/x64-windows/debug/rc.exe"
      - "D:/WaterSurfaceRendererScratch/vcpkg_installed/x64-windows/debug/rc"
      - "D:/WaterSurfaceRendererScratch/vcpkg_installed/x64-windows/tools/rc.com"
      - "D:/WaterSurfaceRendererScratch/vcpkg_installed/x64-windows/tools/rc.exe"
      - "D:/WaterSurfaceRendererScratch/vcpkg_installed/x64-windows/tools/rc"
      - "D:/Microsoft Visual Studio/18/Community/VC/Tools/MSVC/14.51.36231/bin/Hostx64/x64/rc.com"
      - "D:/Microsoft Visual Studio/18/Community/VC/Tools/MSVC/14.51.36231/bin/Hostx64/x64/rc.exe"
      - "D:/Microsoft Visual Studio/18/Community/VC/Tools/MSVC/14.51.36231/bin/Hostx64/x64/rc"
      - "D:/Microsoft Visual Studio/18/Community/Common7/IDE/VC/vcpackages/rc.com"
      - "D:/Microsoft Visual Studio/18/Community/Common7/IDE/VC/vcpackages/rc.exe"
      - "D:/Microsoft Visual Studio/18/Community/Common7/IDE/VC/vcpackages/rc"
      - "D:/Microsoft Visual Studio/18/Community/Common7/IDE/CommonExtensions/Microsoft/TestWindow/rc.com"
      - "D:/Microsoft Visual Studio/18/Community/Common7/IDE/CommonExtensions/Microsoft/TestWindow/rc.exe"
      - "D:/Microsoft Visual Studio/18/Community/Common7/IDE/CommonExtensions/Microsoft/TestWindow/rc"
      - "D:/Microsoft Visual Studio/18/Community/Common7/IDE/CommonExtensions/Microsoft/TeamFoundation/Team Explorer/rc.com"
      - "D:/Microsoft Visual Studio/18/Community/Common7/IDE/CommonExtensions/Microsoft/TeamFoundation/Team Explorer/rc.exe"
      - "D:/Microsoft Visual Studio/18/Community/Common7/IDE/CommonExtensions/Microsoft/TeamFoundation/Team Explorer/rc"
      - "D:/Microsoft Visual Studio/18/Community/MSBuild/Current/Bin/Roslyn/rc.com"
      - "D:/Microsoft Visual Studio/18/Community/MSBuild/Current/Bin/Roslyn/rc.exe"
      - "D:/Microsoft Visual Studio/18/Community/MSBuild/Current/Bin/Roslyn/rc"
      - "C:/Program Files (x86)/Microsoft SDKs/Windows/v10.0A/bin/NETFX 4.8 Tools/x64/rc.com"
      - "C:/Program Files (x86)/Microsoft SDKs/Windows/v10.0A/bin/NETFX 4.8 Tools/x64/rc.exe"
      - "C:/Program Files (x86)/Microsoft SDKs/Windows/v10.0A/bin/NETFX 4.8 Tools/x64/rc"
      - "D:/Microsoft Visual Studio/18/Community/Team Tools/DiagnosticsHub/Collector/rc.com"
      - "D:/Microsoft Visual Studio/18/Community/Team Tools/DiagnosticsHub/Collector/rc.exe"
      - "D:/Microsoft Visual Studio/18/Community/Team Tools/DiagnosticsHub/Collector/rc"
      - "D:/Microsoft Visual Studio/18/Community/Common7/IDE/Extensions/Microsoft/CodeCoverage.Console/rc.com"
      - "D:/Microsoft Visual Studio/18/Community/Common7/IDE/Extensions/Microsoft/CodeCoverage.Console/rc.exe"
      - "D:/Microsoft Visual Studio/18/Community/Common7/IDE/Extensions/Microsoft/CodeCoverage.Console/rc"
      - "C:/Program Files (x86)/Windows Kits/10/bin/10.0.26100.0/x64/rc.com"
    found: "C:/Program Files (x86)/Windows Kits/10/bin/10.0.26100.0/x64/rc.exe"
    search_context:
      CMAKE_PROGRAM_PATH:
        - "D:/WaterSurfaceRendererScratch/vcpkg_installed/x64-windows/tools"
      CMAKE_PREFIX_PATH:
        - "D:/WaterSurfaceRendererScratch/vcpkg_installed/x64-windows"
        - "D:/WaterSurfaceRendererScratch/vcpkg_installed/x64-windows/debug"
      ENV{PATH}:
        - "D:\\Microsoft Visual Studio\\18\\Community\\VC\\Tools\\MSVC\\14.51.36231\\bin\\HostX64\\x64"
        - "D:\\Microsoft Visual Studio\\18\\Community\\Common7\\IDE\\VC\\VCPackages"
        - "D:\\Microsoft Visual Studio\\18\\Community\\Common7\\IDE\\CommonExtensions\\Microsoft\\TestWindow"
        - "D:\\Microsoft Visual Studio\\18\\Community\\Common7\\IDE\\CommonExtensions\\Microsoft\\TeamFoundation\\Team Explorer"
        - "D:\\Microsoft Visual Studio\\18\\Community\\MSBuild\\Current\\bin\\Roslyn"
        - "C:\\Program Files (x86)\\Microsoft SDKs\\Windows\\v10.0A\\bin\\NETFX 4.8 Tools\\x64\\"
        - "D:\\Microsoft Visual Studio\\18\\Community\\Team Tools\\DiagnosticsHub\\Collector"
        - "D:\\Microsoft Visual Studio\\18\\Community\\Common7\\IDE\\Extensions\\Microsoft\\CodeCoverage.Console"
        - "C:\\Program Files (x86)\\Windows Kits\\10\\bin\\10.0.26100.0\\\\x64"
        - "C:\\Program Files (x86)\\Windows Kits\\10\\bin\\\\x64"
        - "D:\\Microsoft Visual Studio\\18\\Community\\\\MSBuild\\Current\\Bin\\amd64"
        - "C:\\Windows\\Microsoft.NET\\Framework64\\v4.0.30319"
        - "D:\\Microsoft Visual Studio\\18\\Community\\Common7\\IDE\\"
        - "D:\\Microsoft Visual Studio\\18\\Community\\Common7\\Tools\\"
        - "C:\\Users\\xukeheng\\AppData\\Local\\vcpkg\\downloads\\tools\\powershell-core-7.5.4-windows"
        - "C:\\windows\\system32"
        - "C:\\windows"
        - "C:\\windows\\system32\\Wbem"
        - "C:\\windows\\system32\\WindowsPowerShell\\v1.0\\"
        - "C:\\windows\\system32\\OpenSSH\\"
        - "D:\\Microsoft Visual Studio\\18\\Community\\Common7\\IDE\\CommonExtensions\\Microsoft\\CMake\\CMake\\bin"
        - "D:\\Microsoft Visual Studio\\18\\Community\\Common7\\IDE\\CommonExtensions\\Microsoft\\CMake\\Ninja"
        - "D:\\Microsoft Visual Studio\\18\\Community\\Common7\\IDE\\VC\\Linux\\bin\\ConnectionManagerExe"
        - "D:\\Microsoft Visual Studio\\18\\Community\\VC\\vcpkg"
        - "D:\\Microsoft Visual Studio\\18\\Community\\Common7\\IDE\\CommonExtensions\\Microsoft\\CMake\\Ninja"
        - "D:\\Microsoft Visual Studio\\18\\Community\\Common7\\IDE\\CommonExtensions\\Microsoft\\CMake\\Ninja"
        - "D:\\Microsoft Visual Studio\\18\\Community\\Common7\\IDE\\CommonExtensions\\Microsoft\\CMake\\Ninja"
      CMAKE_INSTALL_PREFIX: "D:/WaterSurfaceRendererScratch/vcpkg_installed/vcpkg/pkgs/fftw3_x64-windows"
      CMAKE_SYSTEM_PREFIX_PATH:
        - "C:/Program Files"
        - "C:/Program Files (x86)"
        - "D:/Microsoft Visual Studio/18/Community/Common7/IDE/CommonExtensions/Microsoft/CMake/CMake"
        - "D:/WaterSurfaceRendererScratch/vcpkg_installed/vcpkg/pkgs/fftw3_x64-windows"
      CMAKE_FIND_ROOT_PATH: "D:/WaterSurfaceRendererScratch/vcpkg_installed/x64-windows;D:/WaterSurfaceRendererScratch/vcpkg_installed/x64-windows/debug"
  -
    kind: "try_compile-v1"
    backtrace:
      - "D:/Microsoft Visual Studio/18/Community/Common7/IDE/CommonExtensions/Microsoft/CMake/CMake/share/cmake-4.3/Modules/CMakeDetermineCompilerABI.cmake:83 (try_compile)"
      - "D:/Microsoft Visual Studio/18/Community/Common7/IDE/CommonExtensions/Microsoft/CMake/CMake/share/cmake-4.3/Modules/CMakeTestCCompiler.cmake:26 (CMAKE_DETERMINE_COMPILER_ABI)"
      - "CMakeLists.txt:7 (project)"
    checks:
      - "Detecting C compiler ABI info"
    directories:
      source: "D:/WaterSurfaceRendererScratch/vcpkg_installed/vcpkg/blds/fftw3/x64-windows-rel/CMakeFiles/CMakeScratch/TryCompile-oboc1p"
      binary: "D:/WaterSurfaceRendererScratch/vcpkg_installed/vcpkg/blds/fftw3/x64-windows-rel/CMakeFiles/CMakeScratch/TryCompile-oboc1p"
    cmakeVariables:
      CMAKE_CXX_STDLIB_MODULES_JSON: ""
      CMAKE_C_FLAGS: " /nologo /DWIN32 /D_WINDOWS /utf-8 /MP "
      CMAKE_EXE_LINKER_FLAGS: "/machine:x64"
      CMAKE_MSVC_DEBUG_INFORMATION_FORMAT: ""
      CMAKE_MSVC_RUNTIME_LIBRARY: "MultiThreaded$<$<CONFIG:Debug>:Debug>$<$<STREQUAL:dynamic,dynamic>:DLL>"
      VCPKG_CHAINLOAD_TOOLCHAIN_FILE: "D:/Microsoft Visual Studio/18/Community/VC/vcpkg/scripts/toolchains/windows.cmake"
      VCPKG_CRT_LINKAGE: "dynamic"
      VCPKG_CXX_FLAGS: ""
      VCPKG_CXX_FLAGS_DEBUG: ""
      VCPKG_CXX_FLAGS_RELEASE: ""
      VCPKG_C_FLAGS: ""
      VCPKG_C_FLAGS_DEBUG: ""
      VCPKG_C_FLAGS_RELEASE: ""
      VCPKG_INSTALLED_DIR: "D:/WaterSurfaceRendererScratch/vcpkg_installed"
      VCPKG_LINKER_FLAGS: ""
      VCPKG_LINKER_FLAGS_DEBUG: ""
      VCPKG_LINKER_FLAGS_RELEASE: ""
      VCPKG_PLATFORM_TOOLSET: "v145"
      VCPKG_PREFER_SYSTEM_LIBS: "OFF"
      VCPKG_SET_CHARSET_FLAG: "ON"
      VCPKG_TARGET_ARCHITECTURE: "x64"
      VCPKG_TARGET_TRIPLET: "x64-windows"
      Z_VCPKG_ROOT_DIR: "D:/Microsoft Visual Studio/18/Community/VC/vcpkg"
    buildResult:
      variable: "CMAKE_C_ABI_COMPILED"
      cached: true
      stdout: |
        Change Dir: 'D:/WaterSurfaceRendererScratch/vcpkg_installed/vcpkg/blds/fftw3/x64-windows-rel/CMakeFiles/CMakeScratch/TryCompile-oboc1p'
        
        Run Build Command(s): "D:/Microsoft Visual Studio/18/Community/Common7/IDE/CommonExtensions/Microsoft/CMake/Ninja/ninja.exe" -v cmTC_bb2f7
        [1/2] "D:\\Microsoft Visual Studio\\18\\Community\\VC\\Tools\\MSVC\\14.51.36231\\bin\\Hostx64\\x64\\cl.exe"  /nologo -D_MBCS  /nologo /DWIN32 /D_WINDOWS /utf-8 /MP   /MDd /Z7 /Ob0 /Od /RTC1 /showIncludes /FoCMakeFiles\\cmTC_bb2f7.dir\\CMakeCCompilerABI.c.obj /FdCMakeFiles\\cmTC_bb2f7.dir\\ /FS -c "D:\\Microsoft Visual Studio\\18\\Community\\Common7\\IDE\\CommonExtensions\\Microsoft\\CMake\\CMake\\share\\cmake-4.3\\Modules\\CMakeCCompilerABI.c"
        [2/2] C:\\windows\\system32\\cmd.exe /C "cd . && "D:\\Microsoft Visual Studio\\18\\Community\\Common7\\IDE\\CommonExtensions\\Microsoft\\CMake\\CMake\\bin\\cmake.exe" -E vs_link_exe --msvc-ver=1951 --intdir=CMakeFiles\\cmTC_bb2f7.dir --rc=C:\\PROGRA~2\\WI3CF2~1\\10\\bin\\100261~1.0\\x64\\rc.exe --mt=C:\\PROGRA~2\\WI3CF2~1\\10\\bin\\100261~1.0\\x64\\mt.exe --manifests  -- "D:\\Microsoft Visual Studio\\18\\Community\\VC\\Tools\\MSVC\\14.51.36231\\bin\\Hostx64\\x64\\link.exe" /nologo CMakeFiles\\cmTC_bb2f7.dir\\CMakeCCompilerABI.c.obj  /out:cmTC_bb2f7.exe /implib:cmTC_bb2f7.lib /pdb:cmTC_bb2f7.pdb /version:0.0 /machine:x64 /nologo /debug /INCREMENTAL /subsystem:console  kernel32.lib user32.lib gdi32.lib winspool.lib shell32.lib ole32.lib oleaut32.lib uuid.lib comdlg32.lib advapi32.lib && cd ."
        
      exitCode: 0
  -
    kind: "message-v1"
    backtrace:
      - "D:/Microsoft Visual Studio/18/Community/Common7/IDE/CommonExtensions/Microsoft/CMake/CMake/share/cmake-4.3/Modules/CMakeDetermineCompilerABI.cmake:253 (message)"
      - "D:/Microsoft Visual Studio/18/Community/Common7/IDE/CommonExtensions/Microsoft/CMake/CMake/share/cmake-4.3/Modules/CMakeTestCCompiler.cmake:26 (CMAKE_DETERMINE_COMPILER_ABI)"
      - "CMakeLists.txt:7 (project)"
    message: |
      Parsed C implicit link information:
        link line regex: [^( *|.*[/\\])(ld[0-9]*(|\\.[a-rt-z][a-z]*|\\.s[a-np-z][a-z]*|\\.so[a-z]+)|link\\.exe|lld-link(\\.exe)?|CMAKE_LINK_STARTFILE-NOTFOUND|([^/\\]+-)?ld|collect2)[^/\\]*( |$)]
        linker tool regex: [^[ 	]*(->|"|[0-9]+>[ 	-]*Build:[ 	0-9]+ ms[ 	]*)?[ 	]*(([^"]*[/\\])?(ld[0-9]*(|\\.[a-rt-z][a-z]*|\\.s[a-np-z][a-z]*|\\.so[a-z]+)|link\\.exe|lld-link(\\.exe)?))("|,| |$)]
        implicit libs: []
        implicit objs: []
        implicit dirs: []
        implicit fwks: []
      
      
  -
    kind: "try_compile-v1"
    backtrace:
      - "D:/Microsoft Visual Studio/18/Community/Common7/IDE/CommonExtensions/Microsoft/CMake/CMake/share/cmake-4.3/Modules/CMakeDetermineCompilerABI.cmake:83 (try_compile)"
      - "D:/Microsoft Visual Studio/18/Community/Common7/IDE/CommonExtensions/Microsoft/CMake/CMake/share/cmake-4.3/Modules/CMakeTestCXXCompiler.cmake:26 (CMAKE_DETERMINE_COMPILER_ABI)"
      - "CMakeLists.txt:7 (project)"
    checks:
      - "Detecting CXX compiler ABI info"
    directories:
      source: "D:/WaterSurfaceRendererScratch/vcpkg_installed/vcpkg/blds/fftw3/x64-windows-rel/CMakeFiles/CMakeScratch/TryCompile-yebqb2"
      binary: "D:/WaterSurfaceRendererScratch/vcpkg_installed/vcpkg/blds/fftw3/x64-windows-rel/CMakeFiles/CMakeScratch/TryCompile-yebqb2"
    cmakeVariables:
      CMAKE_CXX_FLAGS: " /nologo /DWIN32 /D_WINDOWS /utf-8 /GR /EHsc /MP "
      CMAKE_CXX_SCAN_FOR_MODULES: "OFF"
      CMAKE_CXX_STDLIB_MODULES_JSON: ""
      CMAKE_EXE_LINKER_FLAGS: "/machine:x64"
      CMAKE_MSVC_DEBUG_INFORMATION_FORMAT: ""
      CMAKE_MSVC_RUNTIME_LIBRARY: "MultiThreaded$<$<CONFIG:Debug>:Debug>$<$<STREQUAL:dynamic,dynamic>:DLL>"
      VCPKG_CHAINLOAD_TOOLCHAIN_FILE: "D:/Microsoft Visual Studio/18/Community/VC/vcpkg/scripts/toolchains/windows.cmake"
      VCPKG_CRT_LINKAGE: "dynamic"
      VCPKG_CXX_FLAGS: ""
      VCPKG_CXX_FLAGS_DEBUG: ""
      VCPKG_CXX_FLAGS_RELEASE: ""
      VCPKG_C_FLAGS: ""
      VCPKG_C_FLAGS_DEBUG: ""
      VCPKG_C_FLAGS_RELEASE: ""
      VCPKG_INSTALLED_DIR: "D:/WaterSurfaceRendererScratch/vcpkg_installed"
      VCPKG_LINKER_FLAGS: ""
      VCPKG_LINKER_FLAGS_DEBUG: ""
      VCPKG_LINKER_FLAGS_RELEASE: ""
      VCPKG_PLATFORM_TOOLSET: "v145"
      VCPKG_PREFER_SYSTEM_LIBS: "OFF"
      VCPKG_SET_CHARSET_FLAG: "ON"
      VCPKG_TARGET_ARCHITECTURE: "x64"
      VCPKG_TARGET_TRIPLET: "x64-windows"
      Z_VCPKG_ROOT_DIR: "D:/Microsoft Visual Studio/18/Community/VC/vcpkg"
    buildResult:
      variable: "CMAKE_CXX_ABI_COMPILED"
      cached: true
      stdout: |
        Change Dir: 'D:/WaterSurfaceRendererScratch/vcpkg_installed/vcpkg/blds/fftw3/x64-windows-rel/CMakeFiles/CMakeScratch/TryCompile-yebqb2'
        
        Run Build Command(s): "D:/Microsoft Visual Studio/18/Community/Common7/IDE/CommonExtensions/Microsoft/CMake/Ninja/ninja.exe" -v cmTC_454d1
        [1/2] "D:\\Microsoft Visual Studio\\18\\Community\\VC\\Tools\\MSVC\\14.51.36231\\bin\\Hostx64\\x64\\cl.exe"  /nologo /TP -D_MBCS  /nologo /DWIN32 /D_WINDOWS /utf-8 /GR /EHsc /MP   /MDd /Z7 /Ob0 /Od /RTC1 /showIncludes /FoCMakeFiles\\cmTC_454d1.dir\\CMakeCXXCompilerABI.cpp.obj /FdCMakeFiles\\cmTC_454d1.dir\\ /FS -c "D:\\Microsoft Visual Studio\\18\\Community\\Common7\\IDE\\CommonExtensions\\Microsoft\\CMake\\CMake\\share\\cmake-4.3\\Modules\\CMakeCXXCompilerABI.cpp"
        [2/2] C:\\windows\\system32\\cmd.exe /C "cd . && "D:\\Microsoft Visual Studio\\18\\Community\\Common7\\IDE\\CommonExtensions\\Microsoft\\CMake\\CMake\\bin\\cmake.exe" -E vs_link_exe --msvc-ver=1951 --intdir=CMakeFiles\\cmTC_454d1.dir --rc=C:\\PROGRA~2\\WI3CF2~1\\10\\bin\\100261~1.0\\x64\\rc.exe --mt=C:\\PROGRA~2\\WI3CF2~1\\10\\bin\\100261~1.0\\x64\\mt.exe --manifests  -- "D:\\Microsoft Visual Studio\\18\\Community\\VC\\Tools\\MSVC\\14.51.36231\\bin\\Hostx64\\x64\\link.exe" /nologo CMakeFiles\\cmTC_454d1.dir\\CMakeCXXCompilerABI.cpp.obj  /out:cmTC_454d1.exe /implib:cmTC_454d1.lib /pdb:cmTC_454d1.pdb /version:0.0 /machine:x64 /nologo /debug /INCREMENTAL /subsystem:console  kernel32.lib user32.lib gdi32.lib winspool.lib shell32.lib ole32.lib oleaut32.lib uuid.lib comdlg32.lib advapi32.lib && cd ."
        
      exitCode: 0
  -
    kind: "message-v1"
    backtrace:
      - "D:/Microsoft Visual Studio/18/Community/Common7/IDE/CommonExtensions/Microsoft/CMake/CMake/share/cmake-4.3/Modules/CMakeDetermineCompilerABI.cmake:253 (message)"
      - "D:/Microsoft Visual Studio/18/Community/Common7/IDE/CommonExtensions/Microsoft/CMake/CMake/share/cmake-4.3/Modules/CMakeTestCXXCompiler.cmake:26 (CMAKE_DETERMINE_COMPILER_ABI)"
      - "CMakeLists.txt:7 (project)"
    message: |
      Parsed CXX implicit link information:
        link line regex: [^( *|.*[/\\])(ld[0-9]*(|\\.[a-rt-z][a-z]*|\\.s[a-np-z][a-z]*|\\.so[a-z]+)|link\\.exe|lld-link(\\.exe)?|CMAKE_LINK_STARTFILE-NOTFOUND|([^/\\]+-)?ld|collect2)[^/\\]*( |$)]
        linker tool regex: [^[ 	]*(->|"|[0-9]+>[ 	-]*Build:[ 	0-9]+ ms[ 	]*)?[ 	]*(([^"]*[/\\])?(ld[0-9]*(|\\.[a-rt-z][a-z]*|\\.s[a-np-z][a-z]*|\\.so[a-z]+)|link\\.exe|lld-link(\\.exe)?))("|,| |$)]
        implicit libs: []
        implicit objs: []
        implicit dirs: []
        implicit fwks: []
      
      
  -
    kind: "try_compile-v1"
    backtrace:
      - "D:/Microsoft Visual Studio/18/Community/Common7/IDE/CommonExtensions/Microsoft/CMake/CMake/share/cmake-4.3/Modules/CheckIncludeFile.cmake:174 (try_compile)"
      - "CMakeLists.txt:36 (check_include_file)"
    checks:
      - "Looking for alloca.h"
    directories:
      source: "D:/WaterSurfaceRendererScratch/vcpkg_installed/vcpkg/blds/fftw3/x64-windows-rel/CMakeFiles/CMakeScratch/TryCompile-h9m40p"
      binary: "D:/WaterSurfaceRendererScratch/vcpkg_installed/vcpkg/blds/fftw3/x64-windows-rel/CMakeFiles/CMakeScratch/TryCompile-h9m40p"
    cmakeVariables:
      CMAKE_CXX_STDLIB_MODULES_JSON: ""
      CMAKE_C_FLAGS: " /nologo /DWIN32 /D_WINDOWS /utf-8 /MP "
      CMAKE_EXE_LINKER_FLAGS: "/machine:x64"
      CMAKE_MSVC_DEBUG_INFORMATION_FORMAT: ""
      CMAKE_MSVC_RUNTIME_LIBRARY: "MultiThreaded$<$<CONFIG:Debug>:Debug>$<$<STREQUAL:dynamic,dynamic>:DLL>"
      VCPKG_CHAINLOAD_TOOLCHAIN_FILE: "D:/Microsoft Visual Studio/18/Community/VC/vcpkg/scripts/toolchains/windows.cmake"
      VCPKG_CRT_LINKAGE: "dynamic"
      VCPKG_CXX_FLAGS: ""
      VCPKG_CXX_FLAGS_DEBUG: ""
      VCPKG_CXX_FLAGS_RELEASE: ""
      VCPKG_C_FLAGS: ""
      VCPKG_C_FLAGS_DEBUG: ""
      VCPKG_C_FLAGS_RELEASE: ""
      VCPKG_INSTALLED_DIR: "D:/WaterSurfaceRendererScratch/vcpkg_installed"
      VCPKG_LINKER_FLAGS: ""
      VCPKG_LINKER_FLAGS_DEBUG: ""
      VCPKG_LINKER_FLAGS_RELEASE: ""
      VCPKG_PLATFORM_TOOLSET: "v145"
      VCPKG_PREFER_SYSTEM_LIBS: "OFF"
      VCPKG_SET_CHARSET_FLAG: "ON"
      VCPKG_TARGET_ARCHITECTURE: "x64"
      VCPKG_TARGET_TRIPLET: "x64-windows"
      Z_VCPKG_ROOT_DIR: "D:/Microsoft Visual Studio/18/Community/VC/vcpkg"
    buildResult:
      variable: "HAVE_ALLOCA_H"
      cached: true
      stdout: |
        Change Dir: 'D:/WaterSurfaceRendererScratch/vcpkg_installed/vcpkg/blds/fftw3/x64-windows-rel/CMakeFiles/CMakeScratch/TryCompile-h9m40p'
        
        Run Build Command(s): "D:/Microsoft Visual Studio/18/Community/Common7/IDE/CommonExtensions/Microsoft/CMake/Ninja/ninja.exe" -v cmTC_21a94
        [1/2] "D:\\Microsoft Visual Studio\\18\\Community\\VC\\Tools\\MSVC\\14.51.36231\\bin\\Hostx64\\x64\\cl.exe"  /nologo -D_MBCS  /nologo /DWIN32 /D_WINDOWS /utf-8 /MP   /MDd /Z7 /Ob0 /Od /RTC1 /showIncludes /FoCMakeFiles\\cmTC_21a94.dir\\CheckIncludeFile.c.obj /FdCMakeFiles\\cmTC_21a94.dir\\ /FS -c D:\\WaterSurfaceRendererScratch\\vcpkg_installed\\vcpkg\\blds\\fftw3\\x64-windows-rel\\CMakeFiles\\CMakeScratch\\TryCompile-h9m40p\\CheckIncludeFile.c
        FAILED: [code=2] CMakeFiles/cmTC_21a94.dir/CheckIncludeFile.c.obj 
        "D:\\Microsoft Visual Studio\\18\\Community\\VC\\Tools\\MSVC\\14.51.36231\\bin\\Hostx64\\x64\\cl.exe"  /nologo -D_MBCS  /nologo /DWIN32 /D_WINDOWS /utf-8 /MP   /MDd /Z7 /Ob0 /Od /RTC1 /showIncludes /FoCMakeFiles\\cmTC_21a94.dir\\CheckIncludeFile.c.obj /FdCMakeFiles\\cmTC_21a94.dir\\ /FS -c D:\\WaterSurfaceRendererScratch\\vcpkg_installed\\vcpkg\\blds\\fftw3\\x64-windows-rel\\CMakeFiles\\CMakeScratch\\TryCompile-h9m40p\\CheckIncludeFile.c
        D:\\WaterSurfaceRendererScratch\\vcpkg_installed\\vcpkg\\blds\\fftw3\\x64-windows-rel\\CMakeFiles\\CMakeScratch\\TryCompile-h9m40p\\CheckIncludeFile.c(1): fatal error C1083: 无法打开包括文件: “alloca.h”: No such file or directory
        ninja: build stopped: subcommand failed.
        
      exitCode: 2
  -
    kind: "try_compile-v1"
    backtrace:
      - "D:/Microsoft Visual Studio/18/Community/Common7/IDE/CommonExtensions/Microsoft/CMake/CMake/share/cmake-4.3/Modules/CheckIncludeFile.cmake:174 (try_compile)"
      - "CMakeLists.txt:37 (check_include_file)"
    checks:
      - "Looking for altivec.h"
    directories:
      source: "D:/WaterSurfaceRendererScratch/vcpkg_installed/vcpkg/blds/fftw3/x64-windows-rel/CMakeFiles/CMakeScratch/TryCompile-w505s6"
      binary: "D:/WaterSurfaceRendererScratch/vcpkg_installed/vcpkg/blds/fftw3/x64-windows-rel/CMakeFiles/CMakeScratch/TryCompile-w505s6"
    cmakeVariables:
      CMAKE_CXX_STDLIB_MODULES_JSON: ""
      CMAKE_C_FLAGS: " /nologo /DWIN32 /D_WINDOWS /utf-8 /MP "
      CMAKE_EXE_LINKER_FLAGS: "/machine:x64"
      CMAKE_MSVC_DEBUG_INFORMATION_FORMAT: ""
      CMAKE_MSVC_RUNTIME_LIBRARY: "MultiThreaded$<$<CONFIG:Debug>:Debug>$<$<STREQUAL:dynamic,dynamic>:DLL>"
      VCPKG_CHAINLOAD_TOOLCHAIN_FILE: "D:/Microsoft Visual Studio/18/Community/VC/vcpkg/scripts/toolchains/windows.cmake"
      VCPKG_CRT_LINKAGE: "dynamic"
      VCPKG_CXX_FLAGS: ""
      VCPKG_CXX_FLAGS_DEBUG: ""
      VCPKG_CXX_FLAGS_RELEASE: ""
      VCPKG_C_FLAGS: ""
      VCPKG_C_FLAGS_DEBUG: ""
      VCPKG_C_FLAGS_RELEASE: ""
      VCPKG_INSTALLED_DIR: "D:/WaterSurfaceRendererScratch/vcpkg_installed"
      VCPKG_LINKER_FLAGS: ""
      VCPKG_LINKER_FLAGS_DEBUG: ""
      VCPKG_LINKER_FLAGS_RELEASE: ""
      VCPKG_PLATFORM_TOOLSET: "v145"
      VCPKG_PREFER_SYSTEM_LIBS: "OFF"
      VCPKG_SET_CHARSET_FLAG: "ON"
      VCPKG_TARGET_ARCHITECTURE: "x64"
      VCPKG_TARGET_TRIPLET: "x64-windows"
      Z_VCPKG_ROOT_DIR: "D:/Microsoft Visual Studio/18/Community/VC/vcpkg"
    buildResult:
      variable: "HAVE_ALTIVEC_H"
      cached: true
      stdout: |
        Change Dir: 'D:/WaterSurfaceRendererScratch/vcpkg_installed/vcpkg/blds/fftw3/x64-windows-rel/CMakeFiles/CMakeScratch/TryCompile-w505s6'
        
        Run Build Command(s): "D:/Microsoft Visual Studio/18/Community/Common7/IDE/CommonExtensions/Microsoft/CMake/Ninja/ninja.exe" -v cmTC_daaf9
        [1/2] "D:\\Microsoft Visual Studio\\18\\Community\\VC\\Tools\\MSVC\\14.51.36231\\bin\\Hostx64\\x64\\cl.exe"  /nologo -D_MBCS  /nologo /DWIN32 /D_WINDOWS /utf-8 /MP   /MDd /Z7 /Ob0 /Od /RTC1 /showIncludes /FoCMakeFiles\\cmTC_daaf9.dir\\CheckIncludeFile.c.obj /FdCMakeFiles\\cmTC_daaf9.dir\\ /FS -c D:\\WaterSurfaceRendererScratch\\vcpkg_installed\\vcpkg\\blds\\fftw3\\x64-windows-rel\\CMakeFiles\\CMakeScratch\\TryCompile-w505s6\\CheckIncludeFile.c
        FAILED: [code=2] CMakeFiles/cmTC_daaf9.dir/CheckIncludeFile.c.obj 
        "D:\\Microsoft Visual Studio\\18\\Community\\VC\\Tools\\MSVC\\14.51.36231\\bin\\Hostx64\\x64\\cl.exe"  /nologo -D_MBCS  /nologo /DWIN32 /D_WINDOWS /utf-8 /MP   /MDd /Z7 /Ob0 /Od /RTC1 /showIncludes /FoCMakeFiles\\cmTC_daaf9.dir\\CheckIncludeFile.c.obj /FdCMakeFiles\\cmTC_daaf9.dir\\ /FS -c D:\\WaterSurfaceRendererScratch\\vcpkg_installed\\vcpkg\\blds\\fftw3\\x64-windows-rel\\CMakeFiles\\CMakeScratch\\TryCompile-w505s6\\CheckIncludeFile.c
        D:\\WaterSurfaceRendererScratch\\vcpkg_installed\\vcpkg\\blds\\fftw3\\x64-windows-rel\\CMakeFiles\\CMakeScratch\\TryCompile-w505s6\\CheckIncludeFile.c(1): fatal error C1083: 无法打开包括文件: “altivec.h”: No such file or directory
        ninja: build stopped: subcommand failed.
        
      exitCode: 2
  -
    kind: "try_compile-v1"
    backtrace:
      - "D:/Microsoft Visual Studio/18/Community/Common7/IDE/CommonExtensions/Microsoft/CMake/CMake/share/cmake-4.3/Modules/CheckIncludeFile.cmake:174 (try_compile)"
      - "CMakeLists.txt:38 (check_include_file)"
    checks:
      - "Looking for c_asm.h"
    directories:
      source: "D:/WaterSurfaceRendererScratch/vcpkg_installed/vcpkg/blds/fftw3/x64-windows-rel/CMakeFiles/CMakeScratch/TryCompile-isac37"
      binary: "D:/WaterSurfaceRendererScratch/vcpkg_installed/vcpkg/blds/fftw3/x64-windows-rel/CMakeFiles/CMakeScratch/TryCompile-isac37"
    cmakeVariables:
      CMAKE_CXX_STDLIB_MODULES_JSON: ""
      CMAKE_C_FLAGS: " /nologo /DWIN32 /D_WINDOWS /utf-8 /MP "
      CMAKE_EXE_LINKER_FLAGS: "/machine:x64"
      CMAKE_MSVC_DEBUG_INFORMATION_FORMAT: ""
      CMAKE_MSVC_RUNTIME_LIBRARY: "MultiThreaded$<$<CONFIG:Debug>:Debug>$<$<STREQUAL:dynamic,dynamic>:DLL>"
      VCPKG_CHAINLOAD_TOOLCHAIN_FILE: "D:/Microsoft Visual Studio/18/Community/VC/vcpkg/scripts/toolchains/windows.cmake"
      VCPKG_CRT_LINKAGE: "dynamic"
      VCPKG_CXX_FLAGS: ""
      VCPKG_CXX_FLAGS_DEBUG: ""
      VCPKG_CXX_FLAGS_RELEASE: ""
      VCPKG_C_FLAGS: ""
      VCPKG_C_FLAGS_DEBUG: ""
      VCPKG_C_FLAGS_RELEASE: ""
      VCPKG_INSTALLED_DIR: "D:/WaterSurfaceRendererScratch/vcpkg_installed"
      VCPKG_LINKER_FLAGS: ""
      VCPKG_LINKER_FLAGS_DEBUG: ""
      VCPKG_LINKER_FLAGS_RELEASE: ""
      VCPKG_PLATFORM_TOOLSET: "v145"
      VCPKG_PREFER_SYSTEM_LIBS: "OFF"
      VCPKG_SET_CHARSET_FLAG: "ON"
      VCPKG_TARGET_ARCHITECTURE: "x64"
      VCPKG_TARGET_TRIPLET: "x64-windows"
      Z_VCPKG_ROOT_DIR: "D:/Microsoft Visual Studio/18/Community/VC/vcpkg"
    buildResult:
      variable: "HAVE_C_ASM_H"
      cached: true
      stdout: |
        Change Dir: 'D:/WaterSurfaceRendererScratch/vcpkg_installed/vcpkg/blds/fftw3/x64-windows-rel/CMakeFiles/CMakeScratch/TryCompile-isac37'
        
        Run Build Command(s): "D:/Microsoft Visual Studio/18/Community/Common7/IDE/CommonExtensions/Microsoft/CMake/Ninja/ninja.exe" -v cmTC_dfc63
        [1/2] "D:\\Microsoft Visual Studio\\18\\Community\\VC\\Tools\\MSVC\\14.51.36231\\bin\\Hostx64\\x64\\cl.exe"  /nologo -D_MBCS  /nologo /DWIN32 /D_WINDOWS /utf-8 /MP   /MDd /Z7 /Ob0 /Od /RTC1 /showIncludes /FoCMakeFiles\\cmTC_dfc63.dir\\CheckIncludeFile.c.obj /FdCMakeFiles\\cmTC_dfc63.dir\\ /FS -c D:\\WaterSurfaceRendererScratch\\vcpkg_installed\\vcpkg\\blds\\fftw3\\x64-windows-rel\\CMakeFiles\\CMakeScratch\\TryCompile-isac37\\CheckIncludeFile.c
        FAILED: [code=2] CMakeFiles/cmTC_dfc63.dir/CheckIncludeFile.c.obj 
        "D:\\Microsoft Visual Studio\\18\\Community\\VC\\Tools\\MSVC\\14.51.36231\\bin\\Hostx64\\x64\\cl.exe"  /nologo -D_MBCS  /nologo /DWIN32 /D_WINDOWS /utf-8 /MP   /MDd /Z7 /Ob0 /Od /RTC1 /showIncludes /FoCMakeFiles\\cmTC_dfc63.dir\\CheckIncludeFile.c.obj /FdCMakeFiles\\cmTC_dfc63.dir\\ /FS -c D:\\WaterSurfaceRendererScratch\\vcpkg_installed\\vcpkg\\blds\\fftw3\\x64-windows-rel\\CMakeFiles\\CMakeScratch\\TryCompile-isac37\\CheckIncludeFile.c
        D:\\WaterSurfaceRendererScratch\\vcpkg_installed\\vcpkg\\blds\\fftw3\\x64-windows-rel\\CMakeFiles\\CMakeScratch\\TryCompile-isac37\\CheckIncludeFile.c(1): fatal error C1083: 无法打开包括文件: “c_asm.h”: No such file or directory
        ninja: build stopped: subcommand failed.
        
      exitCode: 2
  -
    kind: "try_compile-v1"
    backtrace:
      - "D:/Microsoft Visual Studio/18/Community/Common7/IDE/CommonExtensions/Microsoft/CMake/CMake/share/cmake-4.3/Modules/CheckIncludeFile.cmake:174 (try_compile)"
      - "CMakeLists.txt:39 (check_include_file)"
    checks:
      - "Looking for dlfcn.h"
    directories:
      source: "D:/WaterSurfaceRendererScratch/vcpkg_installed/vcpkg/blds/fftw3/x64-windows-rel/CMakeFiles/CMakeScratch/TryCompile-i877ga"
      binary: "D:/WaterSurfaceRendererScratch/vcpkg_installed/vcpkg/blds/fftw3/x64-windows-rel/CMakeFiles/CMakeScratch/TryCompile-i877ga"
    cmakeVariables:
      CMAKE_CXX_STDLIB_MODULES_JSON: ""
      CMAKE_C_FLAGS: " /nologo /DWIN32 /D_WINDOWS /utf-8 /MP "
      CMAKE_EXE_LINKER_FLAGS: "/machine:x64"
      CMAKE_MSVC_DEBUG_INFORMATION_FORMAT: ""
      CMAKE_MSVC_RUNTIME_LIBRARY: "MultiThreaded$<$<CONFIG:Debug>:Debug>$<$<STREQUAL:dynamic,dynamic>:DLL>"
      VCPKG_CHAINLOAD_TOOLCHAIN_FILE: "D:/Microsoft Visual Studio/18/Community/VC/vcpkg/scripts/toolchains/windows.cmake"
      VCPKG_CRT_LINKAGE: "dynamic"
      VCPKG_CXX_FLAGS: ""
      VCPKG_CXX_FLAGS_DEBUG: ""
      VCPKG_CXX_FLAGS_RELEASE: ""
      VCPKG_C_FLAGS: ""
      VCPKG_C_FLAGS_DEBUG: ""
      VCPKG_C_FLAGS_RELEASE: ""
      VCPKG_INSTALLED_DIR: "D:/WaterSurfaceRendererScratch/vcpkg_installed"
      VCPKG_LINKER_FLAGS: ""
      VCPKG_LINKER_FLAGS_DEBUG: ""
      VCPKG_LINKER_FLAGS_RELEASE: ""
      VCPKG_PLATFORM_TOOLSET: "v145"
      VCPKG_PREFER_SYSTEM_LIBS: "OFF"
      VCPKG_SET_CHARSET_FLAG: "ON"
      VCPKG_TARGET_ARCHITECTURE: "x64"
      VCPKG_TARGET_TRIPLET: "x64-windows"
      Z_VCPKG_ROOT_DIR: "D:/Microsoft Visual Studio/18/Community/VC/vcpkg"
    buildResult:
      variable: "HAVE_DLFCN_H"
      cached: true
      stdout: |
        Change Dir: 'D:/WaterSurfaceRendererScratch/vcpkg_installed/vcpkg/blds/fftw3/x64-windows-rel/CMakeFiles/CMakeScratch/TryCompile-i877ga'
        
        Run Build Command(s): "D:/Microsoft Visual Studio/18/Community/Common7/IDE/CommonExtensions/Microsoft/CMake/Ninja/ninja.exe" -v cmTC_02c75
        [1/2] "D:\\Microsoft Visual Studio\\18\\Community\\VC\\Tools\\MSVC\\14.51.36231\\bin\\Hostx64\\x64\\cl.exe"  /nologo -D_MBCS  /nologo /DWIN32 /D_WINDOWS /utf-8 /MP   /MDd /Z7 /Ob0 /Od /RTC1 /showIncludes /FoCMakeFiles\\cmTC_02c75.dir\\CheckIncludeFile.c.obj /FdCMakeFiles\\cmTC_02c75.dir\\ /FS -c D:\\WaterSurfaceRendererScratch\\vcpkg_installed\\vcpkg\\blds\\fftw3\\x64-windows-rel\\CMakeFiles\\CMakeScratch\\TryCompile-i877ga\\CheckIncludeFile.c
        FAILED: [code=2] CMakeFiles/cmTC_02c75.dir/CheckIncludeFile.c.obj 
        "D:\\Microsoft Visual Studio\\18\\Community\\VC\\Tools\\MSVC\\14.51.36231\\bin\\Hostx64\\x64\\cl.exe"  /nologo -D_MBCS  /nologo /DWIN32 /D_WINDOWS /utf-8 /MP   /MDd /Z7 /Ob0 /Od /RTC1 /showIncludes /FoCMakeFiles\\cmTC_02c75.dir\\CheckIncludeFile.c.obj /FdCMakeFiles\\cmTC_02c75.dir\\ /FS -c D:\\WaterSurfaceRendererScratch\\vcpkg_installed\\vcpkg\\blds\\fftw3\\x64-windows-rel\\CMakeFiles\\CMakeScratch\\TryCompile-i877ga\\CheckIncludeFile.c
        D:\\WaterSurfaceRendererScratch\\vcpkg_installed\\vcpkg\\blds\\fftw3\\x64-windows-rel\\CMakeFiles\\CMakeScratch\\TryCompile-i877ga\\CheckIncludeFile.c(1): fatal error C1083: 无法打开包括文件: “dlfcn.h”: No such file or directory
        ninja: build stopped: subcommand failed.
        
      exitCode: 2
  -
    kind: "try_compile-v1"
    backtrace:
      - "D:/Microsoft Visual Studio/18/Community/Common7/IDE/CommonExtensions/Microsoft/CMake/CMake/share/cmake-4.3/Modules/CheckIncludeFile.cmake:174 (try_compile)"
      - "CMakeLists.txt:40 (check_include_file)"
    checks:
      - "Looking for intrinsics.h"
    directories:
      source: "D:/WaterSurfaceRendererScratch/vcpkg_installed/vcpkg/blds/fftw3/x64-windows-rel/CMakeFiles/CMakeScratch/TryCompile-koom0s"
      binary: "D:/WaterSurfaceRendererScratch/vcpkg_installed/vcpkg/blds/fftw3/x64-windows-rel/CMakeFiles/CMakeScratch/TryCompile-koom0s"
    cmakeVariables:
      CMAKE_CXX_STDLIB_MODULES_JSON: ""
      CMAKE_C_FLAGS: " /nologo /DWIN32 /D_WINDOWS /utf-8 /MP "
      CMAKE_EXE_LINKER_FLAGS: "/machine:x64"
      CMAKE_MSVC_DEBUG_INFORMATION_FORMAT: ""
      CMAKE_MSVC_RUNTIME_LIBRARY: "MultiThreaded$<$<CONFIG:Debug>:Debug>$<$<STREQUAL:dynamic,dynamic>:DLL>"
      VCPKG_CHAINLOAD_TOOLCHAIN_FILE: "D:/Microsoft Visual Studio/18/Community/VC/vcpkg/scripts/toolchains/windows.cmake"
      VCPKG_CRT_LINKAGE: "dynamic"
      VCPKG_CXX_FLAGS: ""
      VCPKG_CXX_FLAGS_DEBUG: ""
      VCPKG_CXX_FLAGS_RELEASE: ""
      VCPKG_C_FLAGS: ""
      VCPKG_C_FLAGS_DEBUG: ""
      VCPKG_C_FLAGS_RELEASE: ""
      VCPKG_INSTALLED_DIR: "D:/WaterSurfaceRendererScratch/vcpkg_installed"
      VCPKG_LINKER_FLAGS: ""
      VCPKG_LINKER_FLAGS_DEBUG: ""
      VCPKG_LINKER_FLAGS_RELEASE: ""
      VCPKG_PLATFORM_TOOLSET: "v145"
      VCPKG_PREFER_SYSTEM_LIBS: "OFF"
      VCPKG_SET_CHARSET_FLAG: "ON"
      VCPKG_TARGET_ARCHITECTURE: "x64"
      VCPKG_TARGET_TRIPLET: "x64-windows"
      Z_VCPKG_ROOT_DIR: "D:/Microsoft Visual Studio/18/Community/VC/vcpkg"
    buildResult:
      variable: "HAVE_INTRINSICS_H"
      cached: true
      stdout: |
        Change Dir: 'D:/WaterSurfaceRendererScratch/vcpkg_installed/vcpkg/blds/fftw3/x64-windows-rel/CMakeFiles/CMakeScratch/TryCompile-koom0s'
        
        Run Build Command(s): "D:/Microsoft Visual Studio/18/Community/Common7/IDE/CommonExtensions/Microsoft/CMake/Ninja/ninja.exe" -v cmTC_26f13
        [1/2] "D:\\Microsoft Visual Studio\\18\\Community\\VC\\Tools\\MSVC\\14.51.36231\\bin\\Hostx64\\x64\\cl.exe"  /nologo -D_MBCS  /nologo /DWIN32 /D_WINDOWS /utf-8 /MP   /MDd /Z7 /Ob0 /Od /RTC1 /showIncludes /FoCMakeFiles\\cmTC_26f13.dir\\CheckIncludeFile.c.obj /FdCMakeFiles\\cmTC_26f13.dir\\ /FS -c D:\\WaterSurfaceRendererScratch\\vcpkg_installed\\vcpkg\\blds\\fftw3\\x64-windows-rel\\CMakeFiles\\CMakeScratch\\TryCompile-koom0s\\CheckIncludeFile.c
        FAILED: [code=2] CMakeFiles/cmTC_26f13.dir/CheckIncludeFile.c.obj 
        "D:\\Microsoft Visual Studio\\18\\Community\\VC\\Tools\\MSVC\\14.51.36231\\bin\\Hostx64\\x64\\cl.exe"  /nologo -D_MBCS  /nologo /DWIN32 /D_WINDOWS /utf-8 /MP   /MDd /Z7 /Ob0 /Od /RTC1 /showIncludes /FoCMakeFiles\\cmTC_26f13.dir\\CheckIncludeFile.c.obj /FdCMakeFiles\\cmTC_26f13.dir\\ /FS -c D:\\WaterSurfaceRendererScratch\\vcpkg_installed\\vcpkg\\blds\\fftw3\\x64-windows-rel\\CMakeFiles\\CMakeScratch\\TryCompile-koom0s\\CheckIncludeFile.c
        D:\\WaterSurfaceRendererScratch\\vcpkg_installed\\vcpkg\\blds\\fftw3\\x64-windows-rel\\CMakeFiles\\CMakeScratch\\TryCompile-koom0s\\CheckIncludeFile.c(1): fatal error C1083: 无法打开包括文件: “intrinsics.h”: No such file or directory
        ninja: build stopped: subcommand failed.
        
      exitCode: 2
  -
    kind: "try_compile-v1"
    backtrace:
      - "D:/Microsoft Visual Studio/18/Community/Common7/IDE/CommonExtensions/Microsoft/CMake/CMake/share/cmake-4.3/Modules/CheckIncludeFile.cmake:174 (try_compile)"
      - "CMakeLists.txt:41 (check_include_file)"
    checks:
      - "Looking for inttypes.h"
    directories:
      source: "D:/WaterSurfaceRendererScratch/vcpkg_installed/vcpkg/blds/fftw3/x64-windows-rel/CMakeFiles/CMakeScratch/TryCompile-vlx0qz"
      binary: "D:/WaterSurfaceRendererScratch/vcpkg_installed/vcpkg/blds/fftw3/x64-windows-rel/CMakeFiles/CMakeScratch/TryCompile-vlx0qz"
    cmakeVariables:
      CMAKE_CXX_STDLIB_MODULES_JSON: ""
      CMAKE_C_FLAGS: " /nologo /DWIN32 /D_WINDOWS /utf-8 /MP "
      CMAKE_EXE_LINKER_FLAGS: "/machine:x64"
      CMAKE_MSVC_DEBUG_INFORMATION_FORMAT: ""
      CMAKE_MSVC_RUNTIME_LIBRARY: "MultiThreaded$<$<CONFIG:Debug>:Debug>$<$<STREQUAL:dynamic,dynamic>:DLL>"
      VCPKG_CHAINLOAD_TOOLCHAIN_FILE: "D:/Microsoft Visual Studio/18/Community/VC/vcpkg/scripts/toolchains/windows.cmake"
      VCPKG_CRT_LINKAGE: "dynamic"
      VCPKG_CXX_FLAGS: ""
      VCPKG_CXX_FLAGS_DEBUG: ""
      VCPKG_CXX_FLAGS_RELEASE: ""
      VCPKG_C_FLAGS: ""
      VCPKG_C_FLAGS_DEBUG: ""
      VCPKG_C_FLAGS_RELEASE: ""
      VCPKG_INSTALLED_DIR: "D:/WaterSurfaceRendererScratch/vcpkg_installed"
      VCPKG_LINKER_FLAGS: ""
      VCPKG_LINKER_FLAGS_DEBUG: ""
      VCPKG_LINKER_FLAGS_RELEASE: ""
      VCPKG_PLATFORM_TOOLSET: "v145"
      VCPKG_PREFER_SYSTEM_LIBS: "OFF"
      VCPKG_SET_CHARSET_FLAG: "ON"
      VCPKG_TARGET_ARCHITECTURE: "x64"
      VCPKG_TARGET_TRIPLET: "x64-windows"
      Z_VCPKG_ROOT_DIR: "D:/Microsoft Visual Studio/18/Community/VC/vcpkg"
    buildResult:
      variable: "HAVE_INTTYPES_H"
      cached: true
      stdout: |
        Change Dir: 'D:/WaterSurfaceRendererScratch/vcpkg_installed/vcpkg/blds/fftw3/x64-windows-rel/CMakeFiles/CMakeScratch/TryCompile-vlx0qz'
        
        Run Build Command(s): "D:/Microsoft Visual Studio/18/Community/Common7/IDE/CommonExtensions/Microsoft/CMake/Ninja/ninja.exe" -v cmTC_a2710
        [1/2] "D:\\Microsoft Visual Studio\\18\\Community\\VC\\Tools\\MSVC\\14.51.36231\\bin\\Hostx64\\x64\\cl.exe"  /nologo -D_MBCS  /nologo /DWIN32 /D_WINDOWS /utf-8 /MP   /MDd /Z7 /Ob0 /Od /RTC1 /showIncludes /FoCMakeFiles\\cmTC_a2710.dir\\CheckIncludeFile.c.obj /FdCMakeFiles\\cmTC_a2710.dir\\ /FS -c D:\\WaterSurfaceRendererScratch\\vcpkg_installed\\vcpkg\\blds\\fftw3\\x64-windows-rel\\CMakeFiles\\CMakeScratch\\TryCompile-vlx0qz\\CheckIncludeFile.c
        [2/2] C:\\windows\\system32\\cmd.exe /C "cd . && "D:\\Microsoft Visual Studio\\18\\Community\\Common7\\IDE\\CommonExtensions\\Microsoft\\CMake\\CMake\\bin\\cmake.exe" -E vs_link_exe --msvc-ver=1951 --intdir=CMakeFiles\\cmTC_a2710.dir --rc=C:\\PROGRA~2\\WI3CF2~1\\10\\bin\\100261~1.0\\x64\\rc.exe --mt=C:\\PROGRA~2\\WI3CF2~1\\10\\bin\\100261~1.0\\x64\\mt.exe --manifests  -- "D:\\Microsoft Visual Studio\\18\\Community\\VC\\Tools\\MSVC\\14.51.36231\\bin\\Hostx64\\x64\\link.exe" /nologo CMakeFiles\\cmTC_a2710.dir\\CheckIncludeFile.c.obj  /out:cmTC_a2710.exe /implib:cmTC_a2710.lib /pdb:cmTC_a2710.pdb /version:0.0 /machine:x64 /nologo /debug /INCREMENTAL /subsystem:console  kernel32.lib user32.lib gdi32.lib winspool.lib shell32.lib ole32.lib oleaut32.lib uuid.lib comdlg32.lib advapi32.lib && cd ."
        
      exitCode: 0
  -
    kind: "try_compile-v1"
    backtrace:
      - "D:/Microsoft Visual Studio/18/Community/Common7/IDE/CommonExtensions/Microsoft/CMake/CMake/share/cmake-4.3/Modules/CheckIncludeFile.cmake:174 (try_compile)"
      - "CMakeLists.txt:42 (check_include_file)"
    checks:
      - "Looking for libintl.h"
    directories:
      source: "D:/WaterSurfaceRendererScratch/vcpkg_installed/vcpkg/blds/fftw3/x64-windows-rel/CMakeFiles/CMakeScratch/TryCompile-baql0v"
      binary: "D:/WaterSurfaceRendererScratch/vcpkg_installed/vcpkg/blds/fftw3/x64-windows-rel/CMakeFiles/CMakeScratch/TryCompile-baql0v"
    cmakeVariables:
      CMAKE_CXX_STDLIB_MODULES_JSON: ""
      CMAKE_C_FLAGS: " /nologo /DWIN32 /D_WINDOWS /utf-8 /MP "
      CMAKE_EXE_LINKER_FLAGS: "/machine:x64"
      CMAKE_MSVC_DEBUG_INFORMATION_FORMAT: ""
      CMAKE_MSVC_RUNTIME_LIBRARY: "MultiThreaded$<$<CONFIG:Debug>:Debug>$<$<STREQUAL:dynamic,dynamic>:DLL>"
      VCPKG_CHAINLOAD_TOOLCHAIN_FILE: "D:/Microsoft Visual Studio/18/Community/VC/vcpkg/scripts/toolchains/windows.cmake"
      VCPKG_CRT_LINKAGE: "dynamic"
      VCPKG_CXX_FLAGS: ""
      VCPKG_CXX_FLAGS_DEBUG: ""
      VCPKG_CXX_FLAGS_RELEASE: ""
      VCPKG_C_FLAGS: ""
      VCPKG_C_FLAGS_DEBUG: ""
      VCPKG_C_FLAGS_RELEASE: ""
      VCPKG_INSTALLED_DIR: "D:/WaterSurfaceRendererScratch/vcpkg_installed"
      VCPKG_LINKER_FLAGS: ""
      VCPKG_LINKER_FLAGS_DEBUG: ""
      VCPKG_LINKER_FLAGS_RELEASE: ""
      VCPKG_PLATFORM_TOOLSET: "v145"
      VCPKG_PREFER_SYSTEM_LIBS: "OFF"
      VCPKG_SET_CHARSET_FLAG: "ON"
      VCPKG_TARGET_ARCHITECTURE: "x64"
      VCPKG_TARGET_TRIPLET: "x64-windows"
      Z_VCPKG_ROOT_DIR: "D:/Microsoft Visual Studio/18/Community/VC/vcpkg"
    buildResult:
      variable: "HAVE_LIBINTL_H"
      cached: true
      stdout: |
        Change Dir: 'D:/WaterSurfaceRendererScratch/vcpkg_installed/vcpkg/blds/fftw3/x64-windows-rel/CMakeFiles/CMakeScratch/TryCompile-baql0v'
        
        Run Build Command(s): "D:/Microsoft Visual Studio/18/Community/Common7/IDE/CommonExtensions/Microsoft/CMake/Ninja/ninja.exe" -v cmTC_0f688
        [1/2] "D:\\Microsoft Visual Studio\\18\\Community\\VC\\Tools\\MSVC\\14.51.36231\\bin\\Hostx64\\x64\\cl.exe"  /nologo -D_MBCS  /nologo /DWIN32 /D_WINDOWS /utf-8 /MP   /MDd /Z7 /Ob0 /Od /RTC1 /showIncludes /FoCMakeFiles\\cmTC_0f688.dir\\CheckIncludeFile.c.obj /FdCMakeFiles\\cmTC_0f688.dir\\ /FS -c D:\\WaterSurfaceRendererScratch\\vcpkg_installed\\vcpkg\\blds\\fftw3\\x64-windows-rel\\CMakeFiles\\CMakeScratch\\TryCompile-baql0v\\CheckIncludeFile.c
        FAILED: [code=2] CMakeFiles/cmTC_0f688.dir/CheckIncludeFile.c.obj 
        "D:\\Microsoft Visual Studio\\18\\Community\\VC\\Tools\\MSVC\\14.51.36231\\bin\\Hostx64\\x64\\cl.exe"  /nologo -D_MBCS  /nologo /DWIN32 /D_WINDOWS /utf-8 /MP   /MDd /Z7 /Ob0 /Od /RTC1 /showIncludes /FoCMakeFiles\\cmTC_0f688.dir\\CheckIncludeFile.c.obj /FdCMakeFiles\\cmTC_0f688.dir\\ /FS -c D:\\WaterSurfaceRendererScratch\\vcpkg_installed\\vcpkg\\blds\\fftw3\\x64-windows-rel\\CMakeFiles\\CMakeScratch\\TryCompile-baql0v\\CheckIncludeFile.c
        D:\\WaterSurfaceRendererScratch\\vcpkg_installed\\vcpkg\\blds\\fftw3\\x64-windows-rel\\CMakeFiles\\CMakeScratch\\TryCompile-baql0v\\CheckIncludeFile.c(1): fatal error C1083: 无法打开包括文件: “libintl.h”: No such file or directory
        ninja: build stopped: subcommand failed.
        
      exitCode: 2
  -
    kind: "try_compile-v1"
    backtrace:
      - "D:/Microsoft Visual Studio/18/Community/Common7/IDE/CommonExtensions/Microsoft/CMake/CMake/share/cmake-4.3/Modules/CheckIncludeFile.cmake:174 (try_compile)"
      - "CMakeLists.txt:43 (check_include_file)"
    checks:
      - "Looking for limits.h"
    directories:
      source: "D:/WaterSurfaceRendererScratch/vcpkg_installed/vcpkg/blds/fftw3/x64-windows-rel/CMakeFiles/CMakeScratch/TryCompile-ckc5ao"
      binary: "D:/WaterSurfaceRendererScratch/vcpkg_installed/vcpkg/blds/fftw3/x64-windows-rel/CMakeFiles/CMakeScratch/TryCompile-ckc5ao"
    cmakeVariables:
      CMAKE_CXX_STDLIB_MODULES_JSON: ""
      CMAKE_C_FLAGS: " /nologo /DWIN32 /D_WINDOWS /utf-8 /MP "
      CMAKE_EXE_LINKER_FLAGS: "/machine:x64"
      CMAKE_MSVC_DEBUG_INFORMATION_FORMAT: ""
      CMAKE_MSVC_RUNTIME_LIBRARY: "MultiThreaded$<$<CONFIG:Debug>:Debug>$<$<STREQUAL:dynamic,dynamic>:DLL>"
      VCPKG_CHAINLOAD_TOOLCHAIN_FILE: "D:/Microsoft Visual Studio/18/Community/VC/vcpkg/scripts/toolchains/windows.cmake"
      VCPKG_CRT_LINKAGE: "dynamic"
      VCPKG_CXX_FLAGS: ""
      VCPKG_CXX_FLAGS_DEBUG: ""
      VCPKG_CXX_FLAGS_RELEASE: ""
      VCPKG_C_FLAGS: ""
      VCPKG_C_FLAGS_DEBUG: ""
      VCPKG_C_FLAGS_RELEASE: ""
      VCPKG_INSTALLED_DIR: "D:/WaterSurfaceRendererScratch/vcpkg_installed"
      VCPKG_LINKER_FLAGS: ""
      VCPKG_LINKER_FLAGS_DEBUG: ""
      VCPKG_LINKER_FLAGS_RELEASE: ""
      VCPKG_PLATFORM_TOOLSET: "v145"
      VCPKG_PREFER_SYSTEM_LIBS: "OFF"
      VCPKG_SET_CHARSET_FLAG: "ON"
      VCPKG_TARGET_ARCHITECTURE: "x64"
      VCPKG_TARGET_TRIPLET: "x64-windows"
      Z_VCPKG_ROOT_DIR: "D:/Microsoft Visual Studio/18/Community/VC/vcpkg"
    buildResult:
      variable: "HAVE_LIMITS_H"
      cached: true
      stdout: |
        Change Dir: 'D:/WaterSurfaceRendererScratch/vcpkg_installed/vcpkg/blds/fftw3/x64-windows-rel/CMakeFiles/CMakeScratch/TryCompile-ckc5ao'
        
        Run Build Command(s): "D:/Microsoft Visual Studio/18/Community/Common7/IDE/CommonExtensions/Microsoft/CMake/Ninja/ninja.exe" -v cmTC_2d68d
        [1/2] "D:\\Microsoft Visual Studio\\18\\Community\\VC\\Tools\\MSVC\\14.51.36231\\bin\\Hostx64\\x64\\cl.exe"  /nologo -D_MBCS  /nologo /DWIN32 /D_WINDOWS /utf-8 /MP   /MDd /Z7 /Ob0 /Od /RTC1 /showIncludes /FoCMakeFiles\\cmTC_2d68d.dir\\CheckIncludeFile.c.obj /FdCMakeFiles\\cmTC_2d68d.dir\\ /FS -c D:\\WaterSurfaceRendererScratch\\vcpkg_installed\\vcpkg\\blds\\fftw3\\x64-windows-rel\\CMakeFiles\\CMakeScratch\\TryCompile-ckc5ao\\CheckIncludeFile.c
        [2/2] C:\\windows\\system32\\cmd.exe /C "cd . && "D:\\Microsoft Visual Studio\\18\\Community\\Common7\\IDE\\CommonExtensions\\Microsoft\\CMake\\CMake\\bin\\cmake.exe" -E vs_link_exe --msvc-ver=1951 --intdir=CMakeFiles\\cmTC_2d68d.dir --rc=C:\\PROGRA~2\\WI3CF2~1\\10\\bin\\100261~1.0\\x64\\rc.exe --mt=C:\\PROGRA~2\\WI3CF2~1\\10\\bin\\100261~1.0\\x64\\mt.exe --manifests  -- "D:\\Microsoft Visual Studio\\18\\Community\\VC\\Tools\\MSVC\\14.51.36231\\bin\\Hostx64\\x64\\link.exe" /nologo CMakeFiles\\cmTC_2d68d.dir\\CheckIncludeFile.c.obj  /out:cmTC_2d68d.exe /implib:cmTC_2d68d.lib /pdb:cmTC_2d68d.pdb /version:0.0 /machine:x64 /nologo /debug /INCREMENTAL /subsystem:console  kernel32.lib user32.lib gdi32.lib winspool.lib shell32.lib ole32.lib oleaut32.lib uuid.lib comdlg32.lib advapi32.lib && cd ."
        
      exitCode: 0
  -
    kind: "try_compile-v1"
    backtrace:
      - "D:/Microsoft Visual Studio/18/Community/Common7/IDE/CommonExtensions/Microsoft/CMake/CMake/share/cmake-4.3/Modules/CheckIncludeFile.cmake:174 (try_compile)"
      - "CMakeLists.txt:44 (check_include_file)"
    checks:
      - "Looking for mach/mach_time.h"
    directories:
      source: "D:/WaterSurfaceRendererScratch/vcpkg_installed/vcpkg/blds/fftw3/x64-windows-rel/CMakeFiles/CMakeScratch/TryCompile-y9jl3g"
      binary: "D:/WaterSurfaceRendererScratch/vcpkg_installed/vcpkg/blds/fftw3/x64-windows-rel/CMakeFiles/CMakeScratch/TryCompile-y9jl3g"
    cmakeVariables:
      CMAKE_CXX_STDLIB_MODULES_JSON: ""
      CMAKE_C_FLAGS: " /nologo /DWIN32 /D_WINDOWS /utf-8 /MP "
      CMAKE_EXE_LINKER_FLAGS: "/machine:x64"
      CMAKE_MSVC_DEBUG_INFORMATION_FORMAT: ""
      CMAKE_MSVC_RUNTIME_LIBRARY: "MultiThreaded$<$<CONFIG:Debug>:Debug>$<$<STREQUAL:dynamic,dynamic>:DLL>"
      VCPKG_CHAINLOAD_TOOLCHAIN_FILE: "D:/Microsoft Visual Studio/18/Community/VC/vcpkg/scripts/toolchains/windows.cmake"
      VCPKG_CRT_LINKAGE: "dynamic"
      VCPKG_CXX_FLAGS: ""
      VCPKG_CXX_FLAGS_DEBUG: ""
      VCPKG_CXX_FLAGS_RELEASE: ""
      VCPKG_C_FLAGS: ""
      VCPKG_C_FLAGS_DEBUG: ""
      VCPKG_C_FLAGS_RELEASE: ""
      VCPKG_INSTALLED_DIR: "D:/WaterSurfaceRendererScratch/vcpkg_installed"
      VCPKG_LINKER_FLAGS: ""
      VCPKG_LINKER_FLAGS_DEBUG: ""
      VCPKG_LINKER_FLAGS_RELEASE: ""
      VCPKG_PLATFORM_TOOLSET: "v145"
      VCPKG_PREFER_SYSTEM_LIBS: "OFF"
      VCPKG_SET_CHARSET_FLAG: "ON"
      VCPKG_TARGET_ARCHITECTURE: "x64"
      VCPKG_TARGET_TRIPLET: "x64-windows"
      Z_VCPKG_ROOT_DIR: "D:/Microsoft Visual Studio/18/Community/VC/vcpkg"
    buildResult:
      variable: "HAVE_MACH_MACH_TIME_H"
      cached: true
      stdout: |
        Change Dir: 'D:/WaterSurfaceRendererScratch/vcpkg_installed/vcpkg/blds/fftw3/x64-windows-rel/CMakeFiles/CMakeScratch/TryCompile-y9jl3g'
        
        Run Build Command(s): "D:/Microsoft Visual Studio/18/Community/Common7/IDE/CommonExtensions/Microsoft/CMake/Ninja/ninja.exe" -v cmTC_0a909
        [1/2] "D:\\Microsoft Visual Studio\\18\\Community\\VC\\Tools\\MSVC\\14.51.36231\\bin\\Hostx64\\x64\\cl.exe"  /nologo -D_MBCS  /nologo /DWIN32 /D_WINDOWS /utf-8 /MP   /MDd /Z7 /Ob0 /Od /RTC1 /showIncludes /FoCMakeFiles\\cmTC_0a909.dir\\CheckIncludeFile.c.obj /FdCMakeFiles\\cmTC_0a909.dir\\ /FS -c D:\\WaterSurfaceRendererScratch\\vcpkg_installed\\vcpkg\\blds\\fftw3\\x64-windows-rel\\CMakeFiles\\CMakeScratch\\TryCompile-y9jl3g\\CheckIncludeFile.c
        FAILED: [code=2] CMakeFiles/cmTC_0a909.dir/CheckIncludeFile.c.obj 
        "D:\\Microsoft Visual Studio\\18\\Community\\VC\\Tools\\MSVC\\14.51.36231\\bin\\Hostx64\\x64\\cl.exe"  /nologo -D_MBCS  /nologo /DWIN32 /D_WINDOWS /utf-8 /MP   /MDd /Z7 /Ob0 /Od /RTC1 /showIncludes /FoCMakeFiles\\cmTC_0a909.dir\\CheckIncludeFile.c.obj /FdCMakeFiles\\cmTC_0a909.dir\\ /FS -c D:\\WaterSurfaceRendererScratch\\vcpkg_installed\\vcpkg\\blds\\fftw3\\x64-windows-rel\\CMakeFiles\\CMakeScratch\\TryCompile-y9jl3g\\CheckIncludeFile.c
        D:\\WaterSurfaceRendererScratch\\vcpkg_installed\\vcpkg\\blds\\fftw3\\x64-windows-rel\\CMakeFiles\\CMakeScratch\\TryCompile-y9jl3g\\CheckIncludeFile.c(1): fatal error C1083: 无法打开包括文件: “mach/mach_time.h”: No such file or directory
        ninja: build stopped: subcommand failed.
        
      exitCode: 2
  -
    kind: "try_compile-v1"
    backtrace:
      - "D:/Microsoft Visual Studio/18/Community/Common7/IDE/CommonExtensions/Microsoft/CMake/CMake/share/cmake-4.3/Modules/CheckIncludeFile.cmake:174 (try_compile)"
      - "CMakeLists.txt:45 (check_include_file)"
    checks:
      - "Looking for malloc.h"
    directories:
      source: "D:/WaterSurfaceRendererScratch/vcpkg_installed/vcpkg/blds/fftw3/x64-windows-rel/CMakeFiles/CMakeScratch/TryCompile-ato2e1"
      binary: "D:/WaterSurfaceRendererScratch/vcpkg_installed/vcpkg/blds/fftw3/x64-windows-rel/CMakeFiles/CMakeScratch/TryCompile-ato2e1"
    cmakeVariables:
      CMAKE_CXX_STDLIB_MODULES_JSON: ""
      CMAKE_C_FLAGS: " /nologo /DWIN32 /D_WINDOWS /utf-8 /MP "
      CMAKE_EXE_LINKER_FLAGS: "/machine:x64"
      CMAKE_MSVC_DEBUG_INFORMATION_FORMAT: ""
      CMAKE_MSVC_RUNTIME_LIBRARY: "MultiThreaded$<$<CONFIG:Debug>:Debug>$<$<STREQUAL:dynamic,dynamic>:DLL>"
      VCPKG_CHAINLOAD_TOOLCHAIN_FILE: "D:/Microsoft Visual Studio/18/Community/VC/vcpkg/scripts/toolchains/windows.cmake"
      VCPKG_CRT_LINKAGE: "dynamic"
      VCPKG_CXX_FLAGS: ""
      VCPKG_CXX_FLAGS_DEBUG: ""
      VCPKG_CXX_FLAGS_RELEASE: ""
      VCPKG_C_FLAGS: ""
      VCPKG_C_FLAGS_DEBUG: ""
      VCPKG_C_FLAGS_RELEASE: ""
      VCPKG_INSTALLED_DIR: "D:/WaterSurfaceRendererScratch/vcpkg_installed"
      VCPKG_LINKER_FLAGS: ""
      VCPKG_LINKER_FLAGS_DEBUG: ""
      VCPKG_LINKER_FLAGS_RELEASE: ""
      VCPKG_PLATFORM_TOOLSET: "v145"
      VCPKG_PREFER_SYSTEM_LIBS: "OFF"
      VCPKG_SET_CHARSET_FLAG: "ON"
      VCPKG_TARGET_ARCHITECTURE: "x64"
      VCPKG_TARGET_TRIPLET: "x64-windows"
      Z_VCPKG_ROOT_DIR: "D:/Microsoft Visual Studio/18/Community/VC/vcpkg"
    buildResult:
      variable: "HAVE_MALLOC_H"
      cached: true
      stdout: |
        Change Dir: 'D:/WaterSurfaceRendererScratch/vcpkg_installed/vcpkg/blds/fftw3/x64-windows-rel/CMakeFiles/CMakeScratch/TryCompile-ato2e1'
        
        Run Build Command(s): "D:/Microsoft Visual Studio/18/Community/Common7/IDE/CommonExtensions/Microsoft/CMake/Ninja/ninja.exe" -v cmTC_30a9b
        [1/2] "D:\\Microsoft Visual Studio\\18\\Community\\VC\\Tools\\MSVC\\14.51.36231\\bin\\Hostx64\\x64\\cl.exe"  /nologo -D_MBCS  /nologo /DWIN32 /D_WINDOWS /utf-8 /MP   /MDd /Z7 /Ob0 /Od /RTC1 /showIncludes /FoCMakeFiles\\cmTC_30a9b.dir\\CheckIncludeFile.c.obj /FdCMakeFiles\\cmTC_30a9b.dir\\ /FS -c D:\\WaterSurfaceRendererScratch\\vcpkg_installed\\vcpkg\\blds\\fftw3\\x64-windows-rel\\CMakeFiles\\CMakeScratch\\TryCompile-ato2e1\\CheckIncludeFile.c
        [2/2] C:\\windows\\system32\\cmd.exe /C "cd . && "D:\\Microsoft Visual Studio\\18\\Community\\Common7\\IDE\\CommonExtensions\\Microsoft\\CMake\\CMake\\bin\\cmake.exe" -E vs_link_exe --msvc-ver=1951 --intdir=CMakeFiles\\cmTC_30a9b.dir --rc=C:\\PROGRA~2\\WI3CF2~1\\10\\bin\\100261~1.0\\x64\\rc.exe --mt=C:\\PROGRA~2\\WI3CF2~1\\10\\bin\\100261~1.0\\x64\\mt.exe --manifests  -- "D:\\Microsoft Visual Studio\\18\\Community\\VC\\Tools\\MSVC\\14.51.36231\\bin\\Hostx64\\x64\\link.exe" /nologo CMakeFiles\\cmTC_30a9b.dir\\CheckIncludeFile.c.obj  /out:cmTC_30a9b.exe /implib:cmTC_30a9b.lib /pdb:cmTC_30a9b.pdb /version:0.0 /machine:x64 /nologo /debug /INCREMENTAL /subsystem:console  kernel32.lib user32.lib gdi32.lib winspool.lib shell32.lib ole32.lib oleaut32.lib uuid.lib comdlg32.lib advapi32.lib && cd ."
        
      exitCode: 0
  -
    kind: "try_compile-v1"
    backtrace:
      - "D:/Microsoft Visual Studio/18/Community/Common7/IDE/CommonExtensions/Microsoft/CMake/CMake/share/cmake-4.3/Modules/CheckIncludeFile.cmake:174 (try_compile)"
      - "CMakeLists.txt:46 (check_include_file)"
    checks:
      - "Looking for memory.h"
    directories:
      source: "D:/WaterSurfaceRendererScratch/vcpkg_installed/vcpkg/blds/fftw3/x64-windows-rel/CMakeFiles/CMakeScratch/TryCompile-wlqaa6"
      binary: "D:/WaterSurfaceRendererScratch/vcpkg_installed/vcpkg/blds/fftw3/x64-windows-rel/CMakeFiles/CMakeScratch/TryCompile-wlqaa6"
    cmakeVariables:
      CMAKE_CXX_STDLIB_MODULES_JSON: ""
      CMAKE_C_FLAGS: " /nologo /DWIN32 /D_WINDOWS /utf-8 /MP "
      CMAKE_EXE_LINKER_FLAGS: "/machine:x64"
      CMAKE_MSVC_DEBUG_INFORMATION_FORMAT: ""
      CMAKE_MSVC_RUNTIME_LIBRARY: "MultiThreaded$<$<CONFIG:Debug>:Debug>$<$<STREQUAL:dynamic,dynamic>:DLL>"
      VCPKG_CHAINLOAD_TOOLCHAIN_FILE: "D:/Microsoft Visual Studio/18/Community/VC/vcpkg/scripts/toolchains/windows.cmake"
      VCPKG_CRT_LINKAGE: "dynamic"
      VCPKG_CXX_FLAGS: ""
      VCPKG_CXX_FLAGS_DEBUG: ""
      VCPKG_CXX_FLAGS_RELEASE: ""
      VCPKG_C_FLAGS: ""
      VCPKG_C_FLAGS_DEBUG: ""
      VCPKG_C_FLAGS_RELEASE: ""
      VCPKG_INSTALLED_DIR: "D:/WaterSurfaceRendererScratch/vcpkg_installed"
      VCPKG_LINKER_FLAGS: ""
      VCPKG_LINKER_FLAGS_DEBUG: ""
      VCPKG_LINKER_FLAGS_RELEASE: ""
      VCPKG_PLATFORM_TOOLSET: "v145"
      VCPKG_PREFER_SYSTEM_LIBS: "OFF"
      VCPKG_SET_CHARSET_FLAG: "ON"
      VCPKG_TARGET_ARCHITECTURE: "x64"
      VCPKG_TARGET_TRIPLET: "x64-windows"
      Z_VCPKG_ROOT_DIR: "D:/Microsoft Visual Studio/18/Community/VC/vcpkg"
    buildResult:
      variable: "HAVE_MEMORY_H"
      cached: true
      stdout: |
        Change Dir: 'D:/WaterSurfaceRendererScratch/vcpkg_installed/vcpkg/blds/fftw3/x64-windows-rel/CMakeFiles/CMakeScratch/TryCompile-wlqaa6'
        
        Run Build Command(s): "D:/Microsoft Visual Studio/18/Community/Common7/IDE/CommonExtensions/Microsoft/CMake/Ninja/ninja.exe" -v cmTC_68f45
        [1/2] "D:\\Microsoft Visual Studio\\18\\Community\\VC\\Tools\\MSVC\\14.51.36231\\bin\\Hostx64\\x64\\cl.exe"  /nologo -D_MBCS  /nologo /DWIN32 /D_WINDOWS /utf-8 /MP   /MDd /Z7 /Ob0 /Od /RTC1 /showIncludes /FoCMakeFiles\\cmTC_68f45.dir\\CheckIncludeFile.c.obj /FdCMakeFiles\\cmTC_68f45.dir\\ /FS -c D:\\WaterSurfaceRendererScratch\\vcpkg_installed\\vcpkg\\blds\\fftw3\\x64-windows-rel\\CMakeFiles\\CMakeScratch\\TryCompile-wlqaa6\\CheckIncludeFile.c
        [2/2] C:\\windows\\system32\\cmd.exe /C "cd . && "D:\\Microsoft Visual Studio\\18\\Community\\Common7\\IDE\\CommonExtensions\\Microsoft\\CMake\\CMake\\bin\\cmake.exe" -E vs_link_exe --msvc-ver=1951 --intdir=CMakeFiles\\cmTC_68f45.dir --rc=C:\\PROGRA~2\\WI3CF2~1\\10\\bin\\100261~1.0\\x64\\rc.exe --mt=C:\\PROGRA~2\\WI3CF2~1\\10\\bin\\100261~1.0\\x64\\mt.exe --manifests  -- "D:\\Microsoft Visual Studio\\18\\Community\\VC\\Tools\\MSVC\\14.51.36231\\bin\\Hostx64\\x64\\link.exe" /nologo CMakeFiles\\cmTC_68f45.dir\\CheckIncludeFile.c.obj  /out:cmTC_68f45.exe /implib:cmTC_68f45.lib /pdb:cmTC_68f45.pdb /version:0.0 /machine:x64 /nologo /debug /INCREMENTAL /subsystem:console  kernel32.lib user32.lib gdi32.lib winspool.lib shell32.lib ole32.lib oleaut32.lib uuid.lib comdlg32.lib advapi32.lib && cd ."
        
      exitCode: 0
  -
    kind: "try_compile-v1"
    backtrace:
      - "D:/Microsoft Visual Studio/18/Community/Common7/IDE/CommonExtensions/Microsoft/CMake/CMake/share/cmake-4.3/Modules/CheckIncludeFile.cmake:174 (try_compile)"
      - "CMakeLists.txt:47 (check_include_file)"
    checks:
      - "Looking for stddef.h"
    directories:
      source: "D:/WaterSurfaceRendererScratch/vcpkg_installed/vcpkg/blds/fftw3/x64-windows-rel/CMakeFiles/CMakeScratch/TryCompile-xmel88"
      binary: "D:/WaterSurfaceRendererScratch/vcpkg_installed/vcpkg/blds/fftw3/x64-windows-rel/CMakeFiles/CMakeScratch/TryCompile-xmel88"
    cmakeVariables:
      CMAKE_CXX_STDLIB_MODULES_JSON: ""
      CMAKE_C_FLAGS: " /nologo /DWIN32 /D_WINDOWS /utf-8 /MP "
      CMAKE_EXE_LINKER_FLAGS: "/machine:x64"
      CMAKE_MSVC_DEBUG_INFORMATION_FORMAT: ""
      CMAKE_MSVC_RUNTIME_LIBRARY: "MultiThreaded$<$<CONFIG:Debug>:Debug>$<$<STREQUAL:dynamic,dynamic>:DLL>"
      VCPKG_CHAINLOAD_TOOLCHAIN_FILE: "D:/Microsoft Visual Studio/18/Community/VC/vcpkg/scripts/toolchains/windows.cmake"
      VCPKG_CRT_LINKAGE: "dynamic"
      VCPKG_CXX_FLAGS: ""
      VCPKG_CXX_FLAGS_DEBUG: ""
      VCPKG_CXX_FLAGS_RELEASE: ""
      VCPKG_C_FLAGS: ""
      VCPKG_C_FLAGS_DEBUG: ""
      VCPKG_C_FLAGS_RELEASE: ""
      VCPKG_INSTALLED_DIR: "D:/WaterSurfaceRendererScratch/vcpkg_installed"
      VCPKG_LINKER_FLAGS: ""
      VCPKG_LINKER_FLAGS_DEBUG: ""
      VCPKG_LINKER_FLAGS_RELEASE: ""
      VCPKG_PLATFORM_TOOLSET: "v145"
      VCPKG_PREFER_SYSTEM_LIBS: "OFF"
      VCPKG_SET_CHARSET_FLAG: "ON"
      VCPKG_TARGET_ARCHITECTURE: "x64"
      VCPKG_TARGET_TRIPLET: "x64-windows"
      Z_VCPKG_ROOT_DIR: "D:/Microsoft Visual Studio/18/Community/VC/vcpkg"
    buildResult:
      variable: "HAVE_STDDEF_H"
      cached: true
      stdout: |
        Change Dir: 'D:/WaterSurfaceRendererScratch/vcpkg_installed/vcpkg/blds/fftw3/x64-windows-rel/CMakeFiles/CMakeScratch/TryCompile-xmel88'
        
        Run Build Command(s): "D:/Microsoft Visual Studio/18/Community/Common7/IDE/CommonExtensions/Microsoft/CMake/Ninja/ninja.exe" -v cmTC_c7ea6
        [1/2] "D:\\Microsoft Visual Studio\\18\\Community\\VC\\Tools\\MSVC\\14.51.36231\\bin\\Hostx64\\x64\\cl.exe"  /nologo -D_MBCS  /nologo /DWIN32 /D_WINDOWS /utf-8 /MP   /MDd /Z7 /Ob0 /Od /RTC1 /showIncludes /FoCMakeFiles\\cmTC_c7ea6.dir\\CheckIncludeFile.c.obj /FdCMakeFiles\\cmTC_c7ea6.dir\\ /FS -c D:\\WaterSurfaceRendererScratch\\vcpkg_installed\\vcpkg\\blds\\fftw3\\x64-windows-rel\\CMakeFiles\\CMakeScratch\\TryCompile-xmel88\\CheckIncludeFile.c
        [2/2] C:\\windows\\system32\\cmd.exe /C "cd . && "D:\\Microsoft Visual Studio\\18\\Community\\Common7\\IDE\\CommonExtensions\\Microsoft\\CMake\\CMake\\bin\\cmake.exe" -E vs_link_exe --msvc-ver=1951 --intdir=CMakeFiles\\cmTC_c7ea6.dir --rc=C:\\PROGRA~2\\WI3CF2~1\\10\\bin\\100261~1.0\\x64\\rc.exe --mt=C:\\PROGRA~2\\WI3CF2~1\\10\\bin\\100261~1.0\\x64\\mt.exe --manifests  -- "D:\\Microsoft Visual Studio\\18\\Community\\VC\\Tools\\MSVC\\14.51.36231\\bin\\Hostx64\\x64\\link.exe" /nologo CMakeFiles\\cmTC_c7ea6.dir\\CheckIncludeFile.c.obj  /out:cmTC_c7ea6.exe /implib:cmTC_c7ea6.lib /pdb:cmTC_c7ea6.pdb /version:0.0 /machine:x64 /nologo /debug /INCREMENTAL /subsystem:console  kernel32.lib user32.lib gdi32.lib winspool.lib shell32.lib ole32.lib oleaut32.lib uuid.lib comdlg32.lib advapi32.lib && cd ."
        
      exitCode: 0
  -
    kind: "try_compile-v1"
    backtrace:
      - "D:/Microsoft Visual Studio/18/Community/Common7/IDE/CommonExtensions/Microsoft/CMake/CMake/share/cmake-4.3/Modules/CheckIncludeFile.cmake:174 (try_compile)"
      - "CMakeLists.txt:48 (check_include_file)"
    checks:
      - "Looking for stdint.h"
    directories:
      source: "D:/WaterSurfaceRendererScratch/vcpkg_installed/vcpkg/blds/fftw3/x64-windows-rel/CMakeFiles/CMakeScratch/TryCompile-q8ylql"
      binary: "D:/WaterSurfaceRendererScratch/vcpkg_installed/vcpkg/blds/fftw3/x64-windows-rel/CMakeFiles/CMakeScratch/TryCompile-q8ylql"
    cmakeVariables:
      CMAKE_CXX_STDLIB_MODULES_JSON: ""
      CMAKE_C_FLAGS: " /nologo /DWIN32 /D_WINDOWS /utf-8 /MP "
      CMAKE_EXE_LINKER_FLAGS: "/machine:x64"
      CMAKE_MSVC_DEBUG_INFORMATION_FORMAT: ""
      CMAKE_MSVC_RUNTIME_LIBRARY: "MultiThreaded$<$<CONFIG:Debug>:Debug>$<$<STREQUAL:dynamic,dynamic>:DLL>"
      VCPKG_CHAINLOAD_TOOLCHAIN_FILE: "D:/Microsoft Visual Studio/18/Community/VC/vcpkg/scripts/toolchains/windows.cmake"
      VCPKG_CRT_LINKAGE: "dynamic"
      VCPKG_CXX_FLAGS: ""
      VCPKG_CXX_FLAGS_DEBUG: ""
      VCPKG_CXX_FLAGS_RELEASE: ""
      VCPKG_C_FLAGS: ""
      VCPKG_C_FLAGS_DEBUG: ""
      VCPKG_C_FLAGS_RELEASE: ""
      VCPKG_INSTALLED_DIR: "D:/WaterSurfaceRendererScratch/vcpkg_installed"
      VCPKG_LINKER_FLAGS: ""
      VCPKG_LINKER_FLAGS_DEBUG: ""
      VCPKG_LINKER_FLAGS_RELEASE: ""
      VCPKG_PLATFORM_TOOLSET: "v145"
      VCPKG_PREFER_SYSTEM_LIBS: "OFF"
      VCPKG_SET_CHARSET_FLAG: "ON"
      VCPKG_TARGET_ARCHITECTURE: "x64"
      VCPKG_TARGET_TRIPLET: "x64-windows"
      Z_VCPKG_ROOT_DIR: "D:/Microsoft Visual Studio/18/Community/VC/vcpkg"
    buildResult:
      variable: "HAVE_STDINT_H"
      cached: true
      stdout: |
        Change Dir: 'D:/WaterSurfaceRendererScratch/vcpkg_installed/vcpkg/blds/fftw3/x64-windows-rel/CMakeFiles/CMakeScratch/TryCompile-q8ylql'
        
        Run Build Command(s): "D:/Microsoft Visual Studio/18/Community/Common7/IDE/CommonExtensions/Microsoft/CMake/Ninja/ninja.exe" -v cmTC_6c1a8
        [1/2] "D:\\Microsoft Visual Studio\\18\\Community\\VC\\Tools\\MSVC\\14.51.36231\\bin\\Hostx64\\x64\\cl.exe"  /nologo -D_MBCS  /nologo /DWIN32 /D_WINDOWS /utf-8 /MP   /MDd /Z7 /Ob0 /Od /RTC1 /showIncludes /FoCMakeFiles\\cmTC_6c1a8.dir\\CheckIncludeFile.c.obj /FdCMakeFiles\\cmTC_6c1a8.dir\\ /FS -c D:\\WaterSurfaceRendererScratch\\vcpkg_installed\\vcpkg\\blds\\fftw3\\x64-windows-rel\\CMakeFiles\\CMakeScratch\\TryCompile-q8ylql\\CheckIncludeFile.c
        [2/2] C:\\windows\\system32\\cmd.exe /C "cd . && "D:\\Microsoft Visual Studio\\18\\Community\\Common7\\IDE\\CommonExtensions\\Microsoft\\CMake\\CMake\\bin\\cmake.exe" -E vs_link_exe --msvc-ver=1951 --intdir=CMakeFiles\\cmTC_6c1a8.dir --rc=C:\\PROGRA~2\\WI3CF2~1\\10\\bin\\100261~1.0\\x64\\rc.exe --mt=C:\\PROGRA~2\\WI3CF2~1\\10\\bin\\100261~1.0\\x64\\mt.exe --manifests  -- "D:\\Microsoft Visual Studio\\18\\Community\\VC\\Tools\\MSVC\\14.51.36231\\bin\\Hostx64\\x64\\link.exe" /nologo CMakeFiles\\cmTC_6c1a8.dir\\CheckIncludeFile.c.obj  /out:cmTC_6c1a8.exe /implib:cmTC_6c1a8.lib /pdb:cmTC_6c1a8.pdb /version:0.0 /machine:x64 /nologo /debug /INCREMENTAL /subsystem:console  kernel32.lib user32.lib gdi32.lib winspool.lib shell32.lib ole32.lib oleaut32.lib uuid.lib comdlg32.lib advapi32.lib && cd ."
        
      exitCode: 0
  -
    kind: "try_compile-v1"
    backtrace:
      - "D:/Microsoft Visual Studio/18/Community/Common7/IDE/CommonExtensions/Microsoft/CMake/CMake/share/cmake-4.3/Modules/CheckIncludeFile.cmake:174 (try_compile)"
      - "CMakeLists.txt:49 (check_include_file)"
    checks:
      - "Looking for stdlib.h"
    directories:
      source: "D:/WaterSurfaceRendererScratch/vcpkg_installed/vcpkg/blds/fftw3/x64-windows-rel/CMakeFiles/CMakeScratch/TryCompile-g8l2zj"
      binary: "D:/WaterSurfaceRendererScratch/vcpkg_installed/vcpkg/blds/fftw3/x64-windows-rel/CMakeFiles/CMakeScratch/TryCompile-g8l2zj"
    cmakeVariables:
      CMAKE_CXX_STDLIB_MODULES_JSON: ""
      CMAKE_C_FLAGS: " /nologo /DWIN32 /D_WINDOWS /utf-8 /MP "
      CMAKE_EXE_LINKER_FLAGS: "/machine:x64"
      CMAKE_MSVC_DEBUG_INFORMATION_FORMAT: ""
      CMAKE_MSVC_RUNTIME_LIBRARY: "MultiThreaded$<$<CONFIG:Debug>:Debug>$<$<STREQUAL:dynamic,dynamic>:DLL>"
      VCPKG_CHAINLOAD_TOOLCHAIN_FILE: "D:/Microsoft Visual Studio/18/Community/VC/vcpkg/scripts/toolchains/windows.cmake"
      VCPKG_CRT_LINKAGE: "dynamic"
      VCPKG_CXX_FLAGS: ""
      VCPKG_CXX_FLAGS_DEBUG: ""
      VCPKG_CXX_FLAGS_RELEASE: ""
      VCPKG_C_FLAGS: ""
      VCPKG_C_FLAGS_DEBUG: ""
      VCPKG_C_FLAGS_RELEASE: ""
      VCPKG_INSTALLED_DIR: "D:/WaterSurfaceRendererScratch/vcpkg_installed"
      VCPKG_LINKER_FLAGS: ""
      VCPKG_LINKER_FLAGS_DEBUG: ""
      VCPKG_LINKER_FLAGS_RELEASE: ""
      VCPKG_PLATFORM_TOOLSET: "v145"
      VCPKG_PREFER_SYSTEM_LIBS: "OFF"
      VCPKG_SET_CHARSET_FLAG: "ON"
      VCPKG_TARGET_ARCHITECTURE: "x64"
      VCPKG_TARGET_TRIPLET: "x64-windows"
      Z_VCPKG_ROOT_DIR: "D:/Microsoft Visual Studio/18/Community/VC/vcpkg"
    buildResult:
      variable: "HAVE_STDLIB_H"
      cached: true
      stdout: |
        Change Dir: 'D:/WaterSurfaceRendererScratch/vcpkg_installed/vcpkg/blds/fftw3/x64-windows-rel/CMakeFiles/CMakeScratch/TryCompile-g8l2zj'
        
        Run Build Command(s): "D:/Microsoft Visual Studio/18/Community/Common7/IDE/CommonExtensions/Microsoft/CMake/Ninja/ninja.exe" -v cmTC_3f070
        [1/2] "D:\\Microsoft Visual Studio\\18\\Community\\VC\\Tools\\MSVC\\14.51.36231\\bin\\Hostx64\\x64\\cl.exe"  /nologo -D_MBCS  /nologo /DWIN32 /D_WINDOWS /utf-8 /MP   /MDd /Z7 /Ob0 /Od /RTC1 /showIncludes /FoCMakeFiles\\cmTC_3f070.dir\\CheckIncludeFile.c.obj /FdCMakeFiles\\cmTC_3f070.dir\\ /FS -c D:\\WaterSurfaceRendererScratch\\vcpkg_installed\\vcpkg\\blds\\fftw3\\x64-windows-rel\\CMakeFiles\\CMakeScratch\\TryCompile-g8l2zj\\CheckIncludeFile.c
        [2/2] C:\\windows\\system32\\cmd.exe /C "cd . && "D:\\Microsoft Visual Studio\\18\\Community\\Common7\\IDE\\CommonExtensions\\Microsoft\\CMake\\CMake\\bin\\cmake.exe" -E vs_link_exe --msvc-ver=1951 --intdir=CMakeFiles\\cmTC_3f070.dir --rc=C:\\PROGRA~2\\WI3CF2~1\\10\\bin\\100261~1.0\\x64\\rc.exe --mt=C:\\PROGRA~2\\WI3CF2~1\\10\\bin\\100261~1.0\\x64\\mt.exe --manifests  -- "D:\\Microsoft Visual Studio\\18\\Community\\VC\\Tools\\MSVC\\14.51.36231\\bin\\Hostx64\\x64\\link.exe" /nologo CMakeFiles\\cmTC_3f070.dir\\CheckIncludeFile.c.obj  /out:cmTC_3f070.exe /implib:cmTC_3f070.lib /pdb:cmTC_3f070.pdb /version:0.0 /machine:x64 /nologo /debug /INCREMENTAL /subsystem:console  kernel32.lib user32.lib gdi32.lib winspool.lib shell32.lib ole32.lib oleaut32.lib uuid.lib comdlg32.lib advapi32.lib && cd ."
        
      exitCode: 0
  -
    kind: "try_compile-v1"
    backtrace:
      - "D:/Microsoft Visual Studio/18/Community/Common7/IDE/CommonExtensions/Microsoft/CMake/CMake/share/cmake-4.3/Modules/CheckIncludeFile.cmake:174 (try_compile)"
      - "CMakeLists.txt:50 (check_include_file)"
    checks:
      - "Looking for string.h"
    directories:
      source: "D:/WaterSurfaceRendererScratch/vcpkg_installed/vcpkg/blds/fftw3/x64-windows-rel/CMakeFiles/CMakeScratch/TryCompile-ox47pu"
      binary: "D:/WaterSurfaceRendererScratch/vcpkg_installed/vcpkg/blds/fftw3/x64-windows-rel/CMakeFiles/CMakeScratch/TryCompile-ox47pu"
    cmakeVariables:
      CMAKE_CXX_STDLIB_MODULES_JSON: ""
      CMAKE_C_FLAGS: " /nologo /DWIN32 /D_WINDOWS /utf-8 /MP "
      CMAKE_EXE_LINKER_FLAGS: "/machine:x64"
      CMAKE_MSVC_DEBUG_INFORMATION_FORMAT: ""
      CMAKE_MSVC_RUNTIME_LIBRARY: "MultiThreaded$<$<CONFIG:Debug>:Debug>$<$<STREQUAL:dynamic,dynamic>:DLL>"
      VCPKG_CHAINLOAD_TOOLCHAIN_FILE: "D:/Microsoft Visual Studio/18/Community/VC/vcpkg/scripts/toolchains/windows.cmake"
      VCPKG_CRT_LINKAGE: "dynamic"
      VCPKG_CXX_FLAGS: ""
      VCPKG_CXX_FLAGS_DEBUG: ""
      VCPKG_CXX_FLAGS_RELEASE: ""
      VCPKG_C_FLAGS: ""
      VCPKG_C_FLAGS_DEBUG: ""
      VCPKG_C_FLAGS_RELEASE: ""
      VCPKG_INSTALLED_DIR: "D:/WaterSurfaceRendererScratch/vcpkg_installed"
      VCPKG_LINKER_FLAGS: ""
      VCPKG_LINKER_FLAGS_DEBUG: ""
      VCPKG_LINKER_FLAGS_RELEASE: ""
      VCPKG_PLATFORM_TOOLSET: "v145"
      VCPKG_PREFER_SYSTEM_LIBS: "OFF"
      VCPKG_SET_CHARSET_FLAG: "ON"
      VCPKG_TARGET_ARCHITECTURE: "x64"
      VCPKG_TARGET_TRIPLET: "x64-windows"
      Z_VCPKG_ROOT_DIR: "D:/Microsoft Visual Studio/18/Community/VC/vcpkg"
    buildResult:
      variable: "HAVE_STRING_H"
      cached: true
      stdout: |
        Change Dir: 'D:/WaterSurfaceRendererScratch/vcpkg_installed/vcpkg/blds/fftw3/x64-windows-rel/CMakeFiles/CMakeScratch/TryCompile-ox47pu'
        
        Run Build Command(s): "D:/Microsoft Visual Studio/18/Community/Common7/IDE/CommonExtensions/Microsoft/CMake/Ninja/ninja.exe" -v cmTC_3128b
        [1/2] "D:\\Microsoft Visual Studio\\18\\Community\\VC\\Tools\\MSVC\\14.51.36231\\bin\\Hostx64\\x64\\cl.exe"  /nologo -D_MBCS  /nologo /DWIN32 /D_WINDOWS /utf-8 /MP   /MDd /Z7 /Ob0 /Od /RTC1 /showIncludes /FoCMakeFiles\\cmTC_3128b.dir\\CheckIncludeFile.c.obj /FdCMakeFiles\\cmTC_3128b.dir\\ /FS -c D:\\WaterSurfaceRendererScratch\\vcpkg_installed\\vcpkg\\blds\\fftw3\\x64-windows-rel\\CMakeFiles\\CMakeScratch\\TryCompile-ox47pu\\CheckIncludeFile.c
        [2/2] C:\\windows\\system32\\cmd.exe /C "cd . && "D:\\Microsoft Visual Studio\\18\\Community\\Common7\\IDE\\CommonExtensions\\Microsoft\\CMake\\CMake\\bin\\cmake.exe" -E vs_link_exe --msvc-ver=1951 --intdir=CMakeFiles\\cmTC_3128b.dir --rc=C:\\PROGRA~2\\WI3CF2~1\\10\\bin\\100261~1.0\\x64\\rc.exe --mt=C:\\PROGRA~2\\WI3CF2~1\\10\\bin\\100261~1.0\\x64\\mt.exe --manifests  -- "D:\\Microsoft Visual Studio\\18\\Community\\VC\\Tools\\MSVC\\14.51.36231\\bin\\Hostx64\\x64\\link.exe" /nologo CMakeFiles\\cmTC_3128b.dir\\CheckIncludeFile.c.obj  /out:cmTC_3128b.exe /implib:cmTC_3128b.lib /pdb:cmTC_3128b.pdb /version:0.0 /machine:x64 /nologo /debug /INCREMENTAL /subsystem:console  kernel32.lib user32.lib gdi32.lib winspool.lib shell32.lib ole32.lib oleaut32.lib uuid.lib comdlg32.lib advapi32.lib && cd ."
        
      exitCode: 0
  -
    kind: "try_compile-v1"
    backtrace:
      - "D:/Microsoft Visual Studio/18/Community/Common7/IDE/CommonExtensions/Microsoft/CMake/CMake/share/cmake-4.3/Modules/CheckIncludeFile.cmake:174 (try_compile)"
      - "CMakeLists.txt:51 (check_include_file)"
    checks:
      - "Looking for strings.h"
    directories:
      source: "D:/WaterSurfaceRendererScratch/vcpkg_installed/vcpkg/blds/fftw3/x64-windows-rel/CMakeFiles/CMakeScratch/TryCompile-ylia59"
      binary: "D:/WaterSurfaceRendererScratch/vcpkg_installed/vcpkg/blds/fftw3/x64-windows-rel/CMakeFiles/CMakeScratch/TryCompile-ylia59"
    cmakeVariables:
      CMAKE_CXX_STDLIB_MODULES_JSON: ""
      CMAKE_C_FLAGS: " /nologo /DWIN32 /D_WINDOWS /utf-8 /MP "
      CMAKE_EXE_LINKER_FLAGS: "/machine:x64"
      CMAKE_MSVC_DEBUG_INFORMATION_FORMAT: ""
      CMAKE_MSVC_RUNTIME_LIBRARY: "MultiThreaded$<$<CONFIG:Debug>:Debug>$<$<STREQUAL:dynamic,dynamic>:DLL>"
      VCPKG_CHAINLOAD_TOOLCHAIN_FILE: "D:/Microsoft Visual Studio/18/Community/VC/vcpkg/scripts/toolchains/windows.cmake"
      VCPKG_CRT_LINKAGE: "dynamic"
      VCPKG_CXX_FLAGS: ""
      VCPKG_CXX_FLAGS_DEBUG: ""
      VCPKG_CXX_FLAGS_RELEASE: ""
      VCPKG_C_FLAGS: ""
      VCPKG_C_FLAGS_DEBUG: ""
      VCPKG_C_FLAGS_RELEASE: ""
      VCPKG_INSTALLED_DIR: "D:/WaterSurfaceRendererScratch/vcpkg_installed"
      VCPKG_LINKER_FLAGS: ""
      VCPKG_LINKER_FLAGS_DEBUG: ""
      VCPKG_LINKER_FLAGS_RELEASE: ""
      VCPKG_PLATFORM_TOOLSET: "v145"
      VCPKG_PREFER_SYSTEM_LIBS: "OFF"
      VCPKG_SET_CHARSET_FLAG: "ON"
      VCPKG_TARGET_ARCHITECTURE: "x64"
      VCPKG_TARGET_TRIPLET: "x64-windows"
      Z_VCPKG_ROOT_DIR: "D:/Microsoft Visual Studio/18/Community/VC/vcpkg"
    buildResult:
      variable: "HAVE_STRINGS_H"
      cached: true
      stdout: |
        Change Dir: 'D:/WaterSurfaceRendererScratch/vcpkg_installed/vcpkg/blds/fftw3/x64-windows-rel/CMakeFiles/CMakeScratch/TryCompile-ylia59'
        
        Run Build Command(s): "D:/Microsoft Visual Studio/18/Community/Common7/IDE/CommonExtensions/Microsoft/CMake/Ninja/ninja.exe" -v cmTC_0f1d3
        [1/2] "D:\\Microsoft Visual Studio\\18\\Community\\VC\\Tools\\MSVC\\14.51.36231\\bin\\Hostx64\\x64\\cl.exe"  /nologo -D_MBCS  /nologo /DWIN32 /D_WINDOWS /utf-8 /MP   /MDd /Z7 /Ob0 /Od /RTC1 /showIncludes /FoCMakeFiles\\cmTC_0f1d3.dir\\CheckIncludeFile.c.obj /FdCMakeFiles\\cmTC_0f1d3.dir\\ /FS -c D:\\WaterSurfaceRendererScratch\\vcpkg_installed\\vcpkg\\blds\\fftw3\\x64-windows-rel\\CMakeFiles\\CMakeScratch\\TryCompile-ylia59\\CheckIncludeFile.c
        FAILED: [code=2] CMakeFiles/cmTC_0f1d3.dir/CheckIncludeFile.c.obj 
        "D:\\Microsoft Visual Studio\\18\\Community\\VC\\Tools\\MSVC\\14.51.36231\\bin\\Hostx64\\x64\\cl.exe"  /nologo -D_MBCS  /nologo /DWIN32 /D_WINDOWS /utf-8 /MP   /MDd /Z7 /Ob0 /Od /RTC1 /showIncludes /FoCMakeFiles\\cmTC_0f1d3.dir\\CheckIncludeFile.c.obj /FdCMakeFiles\\cmTC_0f1d3.dir\\ /FS -c D:\\WaterSurfaceRendererScratch\\vcpkg_installed\\vcpkg\\blds\\fftw3\\x64-windows-rel\\CMakeFiles\\CMakeScratch\\TryCompile-ylia59\\CheckIncludeFile.c
        D:\\WaterSurfaceRendererScratch\\vcpkg_installed\\vcpkg\\blds\\fftw3\\x64-windows-rel\\CMakeFiles\\CMakeScratch\\TryCompile-ylia59\\CheckIncludeFile.c(1): fatal error C1083: 无法打开包括文件: “strings.h”: No such file or directory
        ninja: build stopped: subcommand failed.
        
      exitCode: 2
  -
    kind: "try_compile-v1"
    backtrace:
      - "D:/Microsoft Visual Studio/18/Community/Common7/IDE/CommonExtensions/Microsoft/CMake/CMake/share/cmake-4.3/Modules/CheckIncludeFile.cmake:174 (try_compile)"
      - "CMakeLists.txt:52 (check_include_file)"
    checks:
      - "Looking for sys/types.h"
    directories:
      source: "D:/WaterSurfaceRendererScratch/vcpkg_installed/vcpkg/blds/fftw3/x64-windows-rel/CMakeFiles/CMakeScratch/TryCompile-g867zc"
      binary: "D:/WaterSurfaceRendererScratch/vcpkg_installed/vcpkg/blds/fftw3/x64-windows-rel/CMakeFiles/CMakeScratch/TryCompile-g867zc"
    cmakeVariables:
      CMAKE_CXX_STDLIB_MODULES_JSON: ""
      CMAKE_C_FLAGS: " /nologo /DWIN32 /D_WINDOWS /utf-8 /MP "
      CMAKE_EXE_LINKER_FLAGS: "/machine:x64"
      CMAKE_MSVC_DEBUG_INFORMATION_FORMAT: ""
      CMAKE_MSVC_RUNTIME_LIBRARY: "MultiThreaded$<$<CONFIG:Debug>:Debug>$<$<STREQUAL:dynamic,dynamic>:DLL>"
      VCPKG_CHAINLOAD_TOOLCHAIN_FILE: "D:/Microsoft Visual Studio/18/Community/VC/vcpkg/scripts/toolchains/windows.cmake"
      VCPKG_CRT_LINKAGE: "dynamic"
      VCPKG_CXX_FLAGS: ""
      VCPKG_CXX_FLAGS_DEBUG: ""
      VCPKG_CXX_FLAGS_RELEASE: ""
      VCPKG_C_FLAGS: ""
      VCPKG_C_FLAGS_DEBUG: ""
      VCPKG_C_FLAGS_RELEASE: ""
      VCPKG_INSTALLED_DIR: "D:/WaterSurfaceRendererScratch/vcpkg_installed"
      VCPKG_LINKER_FLAGS: ""
      VCPKG_LINKER_FLAGS_DEBUG: ""
      VCPKG_LINKER_FLAGS_RELEASE: ""
      VCPKG_PLATFORM_TOOLSET: "v145"
      VCPKG_PREFER_SYSTEM_LIBS: "OFF"
      VCPKG_SET_CHARSET_FLAG: "ON"
      VCPKG_TARGET_ARCHITECTURE: "x64"
      VCPKG_TARGET_TRIPLET: "x64-windows"
      Z_VCPKG_ROOT_DIR: "D:/Microsoft Visual Studio/18/Community/VC/vcpkg"
    buildResult:
      variable: "HAVE_SYS_TYPES_H"
      cached: true
      stdout: |
        Change Dir: 'D:/WaterSurfaceRendererScratch/vcpkg_installed/vcpkg/blds/fftw3/x64-windows-rel/CMakeFiles/CMakeScratch/TryCompile-g867zc'
        
        Run Build Command(s): "D:/Microsoft Visual Studio/18/Community/Common7/IDE/CommonExtensions/Microsoft/CMake/Ninja/ninja.exe" -v cmTC_4ec71
        [1/2] "D:\\Microsoft Visual Studio\\18\\Community\\VC\\Tools\\MSVC\\14.51.36231\\bin\\Hostx64\\x64\\cl.exe"  /nologo -D_MBCS  /nologo /DWIN32 /D_WINDOWS /utf-8 /MP   /MDd /Z7 /Ob0 /Od /RTC1 /showIncludes /FoCMakeFiles\\cmTC_4ec71.dir\\CheckIncludeFile.c.obj /FdCMakeFiles\\cmTC_4ec71.dir\\ /FS -c D:\\WaterSurfaceRendererScratch\\vcpkg_installed\\vcpkg\\blds\\fftw3\\x64-windows-rel\\CMakeFiles\\CMakeScratch\\TryCompile-g867zc\\CheckIncludeFile.c
        [2/2] C:\\windows\\system32\\cmd.exe /C "cd . && "D:\\Microsoft Visual Studio\\18\\Community\\Common7\\IDE\\CommonExtensions\\Microsoft\\CMake\\CMake\\bin\\cmake.exe" -E vs_link_exe --msvc-ver=1951 --intdir=CMakeFiles\\cmTC_4ec71.dir --rc=C:\\PROGRA~2\\WI3CF2~1\\10\\bin\\100261~1.0\\x64\\rc.exe --mt=C:\\PROGRA~2\\WI3CF2~1\\10\\bin\\100261~1.0\\x64\\mt.exe --manifests  -- "D:\\Microsoft Visual Studio\\18\\Community\\VC\\Tools\\MSVC\\14.51.36231\\bin\\Hostx64\\x64\\link.exe" /nologo CMakeFiles\\cmTC_4ec71.dir\\CheckIncludeFile.c.obj  /out:cmTC_4ec71.exe /implib:cmTC_4ec71.lib /pdb:cmTC_4ec71.pdb /version:0.0 /machine:x64 /nologo /debug /INCREMENTAL /subsystem:console  kernel32.lib user32.lib gdi32.lib winspool.lib shell32.lib ole32.lib oleaut32.lib uuid.lib comdlg32.lib advapi32.lib && cd ."
        
      exitCode: 0
  -
    kind: "try_compile-v1"
    backtrace:
      - "D:/Microsoft Visual Studio/18/Community/Common7/IDE/CommonExtensions/Microsoft/CMake/CMake/share/cmake-4.3/Modules/CheckIncludeFile.cmake:174 (try_compile)"
      - "CMakeLists.txt:53 (check_include_file)"
    checks:
      - "Looking for sys/time.h"
    directories:
      source: "D:/WaterSurfaceRendererScratch/vcpkg_installed/vcpkg/blds/fftw3/x64-windows-rel/CMakeFiles/CMakeScratch/TryCompile-hespq1"
      binary: "D:/WaterSurfaceRendererScratch/vcpkg_installed/vcpkg/blds/fftw3/x64-windows-rel/CMakeFiles/CMakeScratch/TryCompile-hespq1"
    cmakeVariables:
      CMAKE_CXX_STDLIB_MODULES_JSON: ""
      CMAKE_C_FLAGS: " /nologo /DWIN32 /D_WINDOWS /utf-8 /MP "
      CMAKE_EXE_LINKER_FLAGS: "/machine:x64"
      CMAKE_MSVC_DEBUG_INFORMATION_FORMAT: ""
      CMAKE_MSVC_RUNTIME_LIBRARY: "MultiThreaded$<$<CONFIG:Debug>:Debug>$<$<STREQUAL:dynamic,dynamic>:DLL>"
      VCPKG_CHAINLOAD_TOOLCHAIN_FILE: "D:/Microsoft Visual Studio/18/Community/VC/vcpkg/scripts/toolchains/windows.cmake"
      VCPKG_CRT_LINKAGE: "dynamic"
      VCPKG_CXX_FLAGS: ""
      VCPKG_CXX_FLAGS_DEBUG: ""
      VCPKG_CXX_FLAGS_RELEASE: ""
      VCPKG_C_FLAGS: ""
      VCPKG_C_FLAGS_DEBUG: ""
      VCPKG_C_FLAGS_RELEASE: ""
      VCPKG_INSTALLED_DIR: "D:/WaterSurfaceRendererScratch/vcpkg_installed"
      VCPKG_LINKER_FLAGS: ""
      VCPKG_LINKER_FLAGS_DEBUG: ""
      VCPKG_LINKER_FLAGS_RELEASE: ""
      VCPKG_PLATFORM_TOOLSET: "v145"
      VCPKG_PREFER_SYSTEM_LIBS: "OFF"
      VCPKG_SET_CHARSET_FLAG: "ON"
      VCPKG_TARGET_ARCHITECTURE: "x64"
      VCPKG_TARGET_TRIPLET: "x64-windows"
      Z_VCPKG_ROOT_DIR: "D:/Microsoft Visual Studio/18/Community/VC/vcpkg"
    buildResult:
      variable: "HAVE_SYS_TIME_H"
      cached: true
      stdout: |
        Change Dir: 'D:/WaterSurfaceRendererScratch/vcpkg_installed/vcpkg/blds/fftw3/x64-windows-rel/CMakeFiles/CMakeScratch/TryCompile-hespq1'
        
        Run Build Command(s): "D:/Microsoft Visual Studio/18/Community/Common7/IDE/CommonExtensions/Microsoft/CMake/Ninja/ninja.exe" -v cmTC_2f5fd
        [1/2] "D:\\Microsoft Visual Studio\\18\\Community\\VC\\Tools\\MSVC\\14.51.36231\\bin\\Hostx64\\x64\\cl.exe"  /nologo -D_MBCS  /nologo /DWIN32 /D_WINDOWS /utf-8 /MP   /MDd /Z7 /Ob0 /Od /RTC1 /showIncludes /FoCMakeFiles\\cmTC_2f5fd.dir\\CheckIncludeFile.c.obj /FdCMakeFiles\\cmTC_2f5fd.dir\\ /FS -c D:\\WaterSurfaceRendererScratch\\vcpkg_installed\\vcpkg\\blds\\fftw3\\x64-windows-rel\\CMakeFiles\\CMakeScratch\\TryCompile-hespq1\\CheckIncludeFile.c
        FAILED: [code=2] CMakeFiles/cmTC_2f5fd.dir/CheckIncludeFile.c.obj 
        "D:\\Microsoft Visual Studio\\18\\Community\\VC\\Tools\\MSVC\\14.51.36231\\bin\\Hostx64\\x64\\cl.exe"  /nologo -D_MBCS  /nologo /DWIN32 /D_WINDOWS /utf-8 /MP   /MDd /Z7 /Ob0 /Od /RTC1 /showIncludes /FoCMakeFiles\\cmTC_2f5fd.dir\\CheckIncludeFile.c.obj /FdCMakeFiles\\cmTC_2f5fd.dir\\ /FS -c D:\\WaterSurfaceRendererScratch\\vcpkg_installed\\vcpkg\\blds\\fftw3\\x64-windows-rel\\CMakeFiles\\CMakeScratch\\TryCompile-hespq1\\CheckIncludeFile.c
        D:\\WaterSurfaceRendererScratch\\vcpkg_installed\\vcpkg\\blds\\fftw3\\x64-windows-rel\\CMakeFiles\\CMakeScratch\\TryCompile-hespq1\\CheckIncludeFile.c(1): fatal error C1083: 无法打开包括文件: “sys/time.h”: No such file or directory
        ninja: build stopped: subcommand failed.
        
      exitCode: 2
  -
    kind: "try_compile-v1"
    backtrace:
      - "D:/Microsoft Visual Studio/18/Community/Common7/IDE/CommonExtensions/Microsoft/CMake/CMake/share/cmake-4.3/Modules/CheckIncludeFile.cmake:174 (try_compile)"
      - "CMakeLists.txt:54 (check_include_file)"
    checks:
      - "Looking for sys/stat.h"
    directories:
      source: "D:/WaterSurfaceRendererScratch/vcpkg_installed/vcpkg/blds/fftw3/x64-windows-rel/CMakeFiles/CMakeScratch/TryCompile-9v00zv"
      binary: "D:/WaterSurfaceRendererScratch/vcpkg_installed/vcpkg/blds/fftw3/x64-windows-rel/CMakeFiles/CMakeScratch/TryCompile-9v00zv"
    cmakeVariables:
      CMAKE_CXX_STDLIB_MODULES_JSON: ""
      CMAKE_C_FLAGS: " /nologo /DWIN32 /D_WINDOWS /utf-8 /MP "
      CMAKE_EXE_LINKER_FLAGS: "/machine:x64"
      CMAKE_MSVC_DEBUG_INFORMATION_FORMAT: ""
      CMAKE_MSVC_RUNTIME_LIBRARY: "MultiThreaded$<$<CONFIG:Debug>:Debug>$<$<STREQUAL:dynamic,dynamic>:DLL>"
      VCPKG_CHAINLOAD_TOOLCHAIN_FILE: "D:/Microsoft Visual Studio/18/Community/VC/vcpkg/scripts/toolchains/windows.cmake"
      VCPKG_CRT_LINKAGE: "dynamic"
      VCPKG_CXX_FLAGS: ""
      VCPKG_CXX_FLAGS_DEBUG: ""
      VCPKG_CXX_FLAGS_RELEASE: ""
      VCPKG_C_FLAGS: ""
      VCPKG_C_FLAGS_DEBUG: ""
      VCPKG_C_FLAGS_RELEASE: ""
      VCPKG_INSTALLED_DIR: "D:/WaterSurfaceRendererScratch/vcpkg_installed"
      VCPKG_LINKER_FLAGS: ""
      VCPKG_LINKER_FLAGS_DEBUG: ""
      VCPKG_LINKER_FLAGS_RELEASE: ""
      VCPKG_PLATFORM_TOOLSET: "v145"
      VCPKG_PREFER_SYSTEM_LIBS: "OFF"
      VCPKG_SET_CHARSET_FLAG: "ON"
      VCPKG_TARGET_ARCHITECTURE: "x64"
      VCPKG_TARGET_TRIPLET: "x64-windows"
      Z_VCPKG_ROOT_DIR: "D:/Microsoft Visual Studio/18/Community/VC/vcpkg"
    buildResult:
      variable: "HAVE_SYS_STAT_H"
      cached: true
      stdout: |
        Change Dir: 'D:/WaterSurfaceRendererScratch/vcpkg_installed/vcpkg/blds/fftw3/x64-windows-rel/CMakeFiles/CMakeScratch/TryCompile-9v00zv'
        
        Run Build Command(s): "D:/Microsoft Visual Studio/18/Community/Common7/IDE/CommonExtensions/Microsoft/CMake/Ninja/ninja.exe" -v cmTC_5137a
        [1/2] "D:\\Microsoft Visual Studio\\18\\Community\\VC\\Tools\\MSVC\\14.51.36231\\bin\\Hostx64\\x64\\cl.exe"  /nologo -D_MBCS  /nologo /DWIN32 /D_WINDOWS /utf-8 /MP   /MDd /Z7 /Ob0 /Od /RTC1 /showIncludes /FoCMakeFiles\\cmTC_5137a.dir\\CheckIncludeFile.c.obj /FdCMakeFiles\\cmTC_5137a.dir\\ /FS -c D:\\WaterSurfaceRendererScratch\\vcpkg_installed\\vcpkg\\blds\\fftw3\\x64-windows-rel\\CMakeFiles\\CMakeScratch\\TryCompile-9v00zv\\CheckIncludeFile.c
        [2/2] C:\\windows\\system32\\cmd.exe /C "cd . && "D:\\Microsoft Visual Studio\\18\\Community\\Common7\\IDE\\CommonExtensions\\Microsoft\\CMake\\CMake\\bin\\cmake.exe" -E vs_link_exe --msvc-ver=1951 --intdir=CMakeFiles\\cmTC_5137a.dir --rc=C:\\PROGRA~2\\WI3CF2~1\\10\\bin\\100261~1.0\\x64\\rc.exe --mt=C:\\PROGRA~2\\WI3CF2~1\\10\\bin\\100261~1.0\\x64\\mt.exe --manifests  -- "D:\\Microsoft Visual Studio\\18\\Community\\VC\\Tools\\MSVC\\14.51.36231\\bin\\Hostx64\\x64\\link.exe" /nologo CMakeFiles\\cmTC_5137a.dir\\CheckIncludeFile.c.obj  /out:cmTC_5137a.exe /implib:cmTC_5137a.lib /pdb:cmTC_5137a.pdb /version:0.0 /machine:x64 /nologo /debug /INCREMENTAL /subsystem:console  kernel32.lib user32.lib gdi32.lib winspool.lib shell32.lib ole32.lib oleaut32.lib uuid.lib comdlg32.lib advapi32.lib && cd ."
        
      exitCode: 0
  -
    kind: "try_compile-v1"
    backtrace:
      - "D:/Microsoft Visual Studio/18/Community/Common7/IDE/CommonExtensions/Microsoft/CMake/CMake/share/cmake-4.3/Modules/CheckIncludeFile.cmake:174 (try_compile)"
      - "CMakeLists.txt:55 (check_include_file)"
    checks:
      - "Looking for sys/sysctl.h"
    directories:
      source: "D:/WaterSurfaceRendererScratch/vcpkg_installed/vcpkg/blds/fftw3/x64-windows-rel/CMakeFiles/CMakeScratch/TryCompile-fiuc3l"
      binary: "D:/WaterSurfaceRendererScratch/vcpkg_installed/vcpkg/blds/fftw3/x64-windows-rel/CMakeFiles/CMakeScratch/TryCompile-fiuc3l"
    cmakeVariables:
      CMAKE_CXX_STDLIB_MODULES_JSON: ""
      CMAKE_C_FLAGS: " /nologo /DWIN32 /D_WINDOWS /utf-8 /MP "
      CMAKE_EXE_LINKER_FLAGS: "/machine:x64"
      CMAKE_MSVC_DEBUG_INFORMATION_FORMAT: ""
      CMAKE_MSVC_RUNTIME_LIBRARY: "MultiThreaded$<$<CONFIG:Debug>:Debug>$<$<STREQUAL:dynamic,dynamic>:DLL>"
      VCPKG_CHAINLOAD_TOOLCHAIN_FILE: "D:/Microsoft Visual Studio/18/Community/VC/vcpkg/scripts/toolchains/windows.cmake"
      VCPKG_CRT_LINKAGE: "dynamic"
      VCPKG_CXX_FLAGS: ""
      VCPKG_CXX_FLAGS_DEBUG: ""
      VCPKG_CXX_FLAGS_RELEASE: ""
      VCPKG_C_FLAGS: ""
      VCPKG_C_FLAGS_DEBUG: ""
      VCPKG_C_FLAGS_RELEASE: ""
      VCPKG_INSTALLED_DIR: "D:/WaterSurfaceRendererScratch/vcpkg_installed"
      VCPKG_LINKER_FLAGS: ""
      VCPKG_LINKER_FLAGS_DEBUG: ""
      VCPKG_LINKER_FLAGS_RELEASE: ""
      VCPKG_PLATFORM_TOOLSET: "v145"
      VCPKG_PREFER_SYSTEM_LIBS: "OFF"
      VCPKG_SET_CHARSET_FLAG: "ON"
      VCPKG_TARGET_ARCHITECTURE: "x64"
      VCPKG_TARGET_TRIPLET: "x64-windows"
      Z_VCPKG_ROOT_DIR: "D:/Microsoft Visual Studio/18/Community/VC/vcpkg"
    buildResult:
      variable: "HAVE_SYS_SYSCTL_H"
      cached: true
      stdout: |
        Change Dir: 'D:/WaterSurfaceRendererScratch/vcpkg_installed/vcpkg/blds/fftw3/x64-windows-rel/CMakeFiles/CMakeScratch/TryCompile-fiuc3l'
        
        Run Build Command(s): "D:/Microsoft Visual Studio/18/Community/Common7/IDE/CommonExtensions/Microsoft/CMake/Ninja/ninja.exe" -v cmTC_33540
        [1/2] "D:\\Microsoft Visual Studio\\18\\Community\\VC\\Tools\\MSVC\\14.51.36231\\bin\\Hostx64\\x64\\cl.exe"  /nologo -D_MBCS  /nologo /DWIN32 /D_WINDOWS /utf-8 /MP   /MDd /Z7 /Ob0 /Od /RTC1 /showIncludes /FoCMakeFiles\\cmTC_33540.dir\\CheckIncludeFile.c.obj /FdCMakeFiles\\cmTC_33540.dir\\ /FS -c D:\\WaterSurfaceRendererScratch\\vcpkg_installed\\vcpkg\\blds\\fftw3\\x64-windows-rel\\CMakeFiles\\CMakeScratch\\TryCompile-fiuc3l\\CheckIncludeFile.c
        FAILED: [code=2] CMakeFiles/cmTC_33540.dir/CheckIncludeFile.c.obj 
        "D:\\Microsoft Visual Studio\\18\\Community\\VC\\Tools\\MSVC\\14.51.36231\\bin\\Hostx64\\x64\\cl.exe"  /nologo -D_MBCS  /nologo /DWIN32 /D_WINDOWS /utf-8 /MP   /MDd /Z7 /Ob0 /Od /RTC1 /showIncludes /FoCMakeFiles\\cmTC_33540.dir\\CheckIncludeFile.c.obj /FdCMakeFiles\\cmTC_33540.dir\\ /FS -c D:\\WaterSurfaceRendererScratch\\vcpkg_installed\\vcpkg\\blds\\fftw3\\x64-windows-rel\\CMakeFiles\\CMakeScratch\\TryCompile-fiuc3l\\CheckIncludeFile.c
        D:\\WaterSurfaceRendererScratch\\vcpkg_installed\\vcpkg\\blds\\fftw3\\x64-windows-rel\\CMakeFiles\\CMakeScratch\\TryCompile-fiuc3l\\CheckIncludeFile.c(1): fatal error C1083: 无法打开包括文件: “sys/sysctl.h”: No such file or directory
        ninja: build stopped: subcommand failed.
        
      exitCode: 2
  -
    kind: "try_compile-v1"
    backtrace:
      - "D:/Microsoft Visual Studio/18/Community/Common7/IDE/CommonExtensions/Microsoft/CMake/CMake/share/cmake-4.3/Modules/CheckIncludeFile.cmake:174 (try_compile)"
      - "CMakeLists.txt:56 (check_include_file)"
    checks:
      - "Looking for time.h"
    directories:
      source: "D:/WaterSurfaceRendererScratch/vcpkg_installed/vcpkg/blds/fftw3/x64-windows-rel/CMakeFiles/CMakeScratch/TryCompile-wndjow"
      binary: "D:/WaterSurfaceRendererScratch/vcpkg_installed/vcpkg/blds/fftw3/x64-windows-rel/CMakeFiles/CMakeScratch/TryCompile-wndjow"
    cmakeVariables:
      CMAKE_CXX_STDLIB_MODULES_JSON: ""
      CMAKE_C_FLAGS: " /nologo /DWIN32 /D_WINDOWS /utf-8 /MP "
      CMAKE_EXE_LINKER_FLAGS: "/machine:x64"
      CMAKE_MSVC_DEBUG_INFORMATION_FORMAT: ""
      CMAKE_MSVC_RUNTIME_LIBRARY: "MultiThreaded$<$<CONFIG:Debug>:Debug>$<$<STREQUAL:dynamic,dynamic>:DLL>"
      VCPKG_CHAINLOAD_TOOLCHAIN_FILE: "D:/Microsoft Visual Studio/18/Community/VC/vcpkg/scripts/toolchains/windows.cmake"
      VCPKG_CRT_LINKAGE: "dynamic"
      VCPKG_CXX_FLAGS: ""
      VCPKG_CXX_FLAGS_DEBUG: ""
      VCPKG_CXX_FLAGS_RELEASE: ""
      VCPKG_C_FLAGS: ""
      VCPKG_C_FLAGS_DEBUG: ""
      VCPKG_C_FLAGS_RELEASE: ""
      VCPKG_INSTALLED_DIR: "D:/WaterSurfaceRendererScratch/vcpkg_installed"
      VCPKG_LINKER_FLAGS: ""
      VCPKG_LINKER_FLAGS_DEBUG: ""
      VCPKG_LINKER_FLAGS_RELEASE: ""
      VCPKG_PLATFORM_TOOLSET: "v145"
      VCPKG_PREFER_SYSTEM_LIBS: "OFF"
      VCPKG_SET_CHARSET_FLAG: "ON"
      VCPKG_TARGET_ARCHITECTURE: "x64"
      VCPKG_TARGET_TRIPLET: "x64-windows"
      Z_VCPKG_ROOT_DIR: "D:/Microsoft Visual Studio/18/Community/VC/vcpkg"
    buildResult:
      variable: "HAVE_TIME_H"
      cached: true
      stdout: |
        Change Dir: 'D:/WaterSurfaceRendererScratch/vcpkg_installed/vcpkg/blds/fftw3/x64-windows-rel/CMakeFiles/CMakeScratch/TryCompile-wndjow'
        
        Run Build Command(s): "D:/Microsoft Visual Studio/18/Community/Common7/IDE/CommonExtensions/Microsoft/CMake/Ninja/ninja.exe" -v cmTC_22711
        [1/2] "D:\\Microsoft Visual Studio\\18\\Community\\VC\\Tools\\MSVC\\14.51.36231\\bin\\Hostx64\\x64\\cl.exe"  /nologo -D_MBCS  /nologo /DWIN32 /D_WINDOWS /utf-8 /MP   /MDd /Z7 /Ob0 /Od /RTC1 /showIncludes /FoCMakeFiles\\cmTC_22711.dir\\CheckIncludeFile.c.obj /FdCMakeFiles\\cmTC_22711.dir\\ /FS -c D:\\WaterSurfaceRendererScratch\\vcpkg_installed\\vcpkg\\blds\\fftw3\\x64-windows-rel\\CMakeFiles\\CMakeScratch\\TryCompile-wndjow\\CheckIncludeFile.c
        [2/2] C:\\windows\\system32\\cmd.exe /C "cd . && "D:\\Microsoft Visual Studio\\18\\Community\\Common7\\IDE\\CommonExtensions\\Microsoft\\CMake\\CMake\\bin\\cmake.exe" -E vs_link_exe --msvc-ver=1951 --intdir=CMakeFiles\\cmTC_22711.dir --rc=C:\\PROGRA~2\\WI3CF2~1\\10\\bin\\100261~1.0\\x64\\rc.exe --mt=C:\\PROGRA~2\\WI3CF2~1\\10\\bin\\100261~1.0\\x64\\mt.exe --manifests  -- "D:\\Microsoft Visual Studio\\18\\Community\\VC\\Tools\\MSVC\\14.51.36231\\bin\\Hostx64\\x64\\link.exe" /nologo CMakeFiles\\cmTC_22711.dir\\CheckIncludeFile.c.obj  /out:cmTC_22711.exe /implib:cmTC_22711.lib /pdb:cmTC_22711.pdb /version:0.0 /machine:x64 /nologo /debug /INCREMENTAL /subsystem:console  kernel32.lib user32.lib gdi32.lib winspool.lib shell32.lib ole32.lib oleaut32.lib uuid.lib comdlg32.lib advapi32.lib && cd ."
        
      exitCode: 0
  -
    kind: "try_compile-v1"
    backtrace:
      - "D:/Microsoft Visual Studio/18/Community/Common7/IDE/CommonExtensions/Microsoft/CMake/CMake/share/cmake-4.3/Modules/CheckIncludeFile.cmake:174 (try_compile)"
      - "CMakeLists.txt:57 (check_include_file)"
    checks:
      - "Looking for uintptr.h"
    directories:
      source: "D:/WaterSurfaceRendererScratch/vcpkg_installed/vcpkg/blds/fftw3/x64-windows-rel/CMakeFiles/CMakeScratch/TryCompile-wqezbk"
      binary: "D:/WaterSurfaceRendererScratch/vcpkg_installed/vcpkg/blds/fftw3/x64-windows-rel/CMakeFiles/CMakeScratch/TryCompile-wqezbk"
    cmakeVariables:
      CMAKE_CXX_STDLIB_MODULES_JSON: ""
      CMAKE_C_FLAGS: " /nologo /DWIN32 /D_WINDOWS /utf-8 /MP "
      CMAKE_EXE_LINKER_FLAGS: "/machine:x64"
      CMAKE_MSVC_DEBUG_INFORMATION_FORMAT: ""
      CMAKE_MSVC_RUNTIME_LIBRARY: "MultiThreaded$<$<CONFIG:Debug>:Debug>$<$<STREQUAL:dynamic,dynamic>:DLL>"
      VCPKG_CHAINLOAD_TOOLCHAIN_FILE: "D:/Microsoft Visual Studio/18/Community/VC/vcpkg/scripts/toolchains/windows.cmake"
      VCPKG_CRT_LINKAGE: "dynamic"
      VCPKG_CXX_FLAGS: ""
      VCPKG_CXX_FLAGS_DEBUG: ""
      VCPKG_CXX_FLAGS_RELEASE: ""
      VCPKG_C_FLAGS: ""
      VCPKG_C_FLAGS_DEBUG: ""
      VCPKG_C_FLAGS_RELEASE: ""
      VCPKG_INSTALLED_DIR: "D:/WaterSurfaceRendererScratch/vcpkg_installed"
      VCPKG_LINKER_FLAGS: ""
      VCPKG_LINKER_FLAGS_DEBUG: ""
      VCPKG_LINKER_FLAGS_RELEASE: ""
      VCPKG_PLATFORM_TOOLSET: "v145"
      VCPKG_PREFER_SYSTEM_LIBS: "OFF"
      VCPKG_SET_CHARSET_FLAG: "ON"
      VCPKG_TARGET_ARCHITECTURE: "x64"
      VCPKG_TARGET_TRIPLET: "x64-windows"
      Z_VCPKG_ROOT_DIR: "D:/Microsoft Visual Studio/18/Community/VC/vcpkg"
    buildResult:
      variable: "HAVE_UINTPTR_H"
      cached: true
      stdout: |
        Change Dir: 'D:/WaterSurfaceRendererScratch/vcpkg_installed/vcpkg/blds/fftw3/x64-windows-rel/CMakeFiles/CMakeScratch/TryCompile-wqezbk'
        
        Run Build Command(s): "D:/Microsoft Visual Studio/18/Community/Common7/IDE/CommonExtensions/Microsoft/CMake/Ninja/ninja.exe" -v cmTC_3c78c
        [1/2] "D:\\Microsoft Visual Studio\\18\\Community\\VC\\Tools\\MSVC\\14.51.36231\\bin\\Hostx64\\x64\\cl.exe"  /nologo -D_MBCS  /nologo /DWIN32 /D_WINDOWS /utf-8 /MP   /MDd /Z7 /Ob0 /Od /RTC1 /showIncludes /FoCMakeFiles\\cmTC_3c78c.dir\\CheckIncludeFile.c.obj /FdCMakeFiles\\cmTC_3c78c.dir\\ /FS -c D:\\WaterSurfaceRendererScratch\\vcpkg_installed\\vcpkg\\blds\\fftw3\\x64-windows-rel\\CMakeFiles\\CMakeScratch\\TryCompile-wqezbk\\CheckIncludeFile.c
        FAILED: [code=2] CMakeFiles/cmTC_3c78c.dir/CheckIncludeFile.c.obj 
        "D:\\Microsoft Visual Studio\\18\\Community\\VC\\Tools\\MSVC\\14.51.36231\\bin\\Hostx64\\x64\\cl.exe"  /nologo -D_MBCS  /nologo /DWIN32 /D_WINDOWS /utf-8 /MP   /MDd /Z7 /Ob0 /Od /RTC1 /showIncludes /FoCMakeFiles\\cmTC_3c78c.dir\\CheckIncludeFile.c.obj /FdCMakeFiles\\cmTC_3c78c.dir\\ /FS -c D:\\WaterSurfaceRendererScratch\\vcpkg_installed\\vcpkg\\blds\\fftw3\\x64-windows-rel\\CMakeFiles\\CMakeScratch\\TryCompile-wqezbk\\CheckIncludeFile.c
        D:\\WaterSurfaceRendererScratch\\vcpkg_installed\\vcpkg\\blds\\fftw3\\x64-windows-rel\\CMakeFiles\\CMakeScratch\\TryCompile-wqezbk\\CheckIncludeFile.c(1): fatal error C1083: 无法打开包括文件: “uintptr.h”: No such file or directory
        ninja: build stopped: subcommand failed.
        
      exitCode: 2
  -
    kind: "try_compile-v1"
    backtrace:
      - "D:/Microsoft Visual Studio/18/Community/Common7/IDE/CommonExtensions/Microsoft/CMake/CMake/share/cmake-4.3/Modules/CheckIncludeFile.cmake:174 (try_compile)"
      - "CMakeLists.txt:58 (check_include_file)"
    checks:
      - "Looking for unistd.h"
    directories:
      source: "D:/WaterSurfaceRendererScratch/vcpkg_installed/vcpkg/blds/fftw3/x64-windows-rel/CMakeFiles/CMakeScratch/TryCompile-dwkxpm"
      binary: "D:/WaterSurfaceRendererScratch/vcpkg_installed/vcpkg/blds/fftw3/x64-windows-rel/CMakeFiles/CMakeScratch/TryCompile-dwkxpm"
    cmakeVariables:
      CMAKE_CXX_STDLIB_MODULES_JSON: ""
      CMAKE_C_FLAGS: " /nologo /DWIN32 /D_WINDOWS /utf-8 /MP "
      CMAKE_EXE_LINKER_FLAGS: "/machine:x64"
      CMAKE_MSVC_DEBUG_INFORMATION_FORMAT: ""
      CMAKE_MSVC_RUNTIME_LIBRARY: "MultiThreaded$<$<CONFIG:Debug>:Debug>$<$<STREQUAL:dynamic,dynamic>:DLL>"
      VCPKG_CHAINLOAD_TOOLCHAIN_FILE: "D:/Microsoft Visual Studio/18/Community/VC/vcpkg/scripts/toolchains/windows.cmake"
      VCPKG_CRT_LINKAGE: "dynamic"
      VCPKG_CXX_FLAGS: ""
      VCPKG_CXX_FLAGS_DEBUG: ""
      VCPKG_CXX_FLAGS_RELEASE: ""
      VCPKG_C_FLAGS: ""
      VCPKG_C_FLAGS_DEBUG: ""
      VCPKG_C_FLAGS_RELEASE: ""
      VCPKG_INSTALLED_DIR: "D:/WaterSurfaceRendererScratch/vcpkg_installed"
      VCPKG_LINKER_FLAGS: ""
      VCPKG_LINKER_FLAGS_DEBUG: ""
      VCPKG_LINKER_FLAGS_RELEASE: ""
      VCPKG_PLATFORM_TOOLSET: "v145"
      VCPKG_PREFER_SYSTEM_LIBS: "OFF"
      VCPKG_SET_CHARSET_FLAG: "ON"
      VCPKG_TARGET_ARCHITECTURE: "x64"
      VCPKG_TARGET_TRIPLET: "x64-windows"
      Z_VCPKG_ROOT_DIR: "D:/Microsoft Visual Studio/18/Community/VC/vcpkg"
    buildResult:
      variable: "HAVE_UNISTD_H"
      cached: true
      stdout: |
        Change Dir: 'D:/WaterSurfaceRendererScratch/vcpkg_installed/vcpkg/blds/fftw3/x64-windows-rel/CMakeFiles/CMakeScratch/TryCompile-dwkxpm'
        
        Run Build Command(s): "D:/Microsoft Visual Studio/18/Community/Common7/IDE/CommonExtensions/Microsoft/CMake/Ninja/ninja.exe" -v cmTC_f3f99
        [1/2] "D:\\Microsoft Visual Studio\\18\\Community\\VC\\Tools\\MSVC\\14.51.36231\\bin\\Hostx64\\x64\\cl.exe"  /nologo -D_MBCS  /nologo /DWIN32 /D_WINDOWS /utf-8 /MP   /MDd /Z7 /Ob0 /Od /RTC1 /showIncludes /FoCMakeFiles\\cmTC_f3f99.dir\\CheckIncludeFile.c.obj /FdCMakeFiles\\cmTC_f3f99.dir\\ /FS -c D:\\WaterSurfaceRendererScratch\\vcpkg_installed\\vcpkg\\blds\\fftw3\\x64-windows-rel\\CMakeFiles\\CMakeScratch\\TryCompile-dwkxpm\\CheckIncludeFile.c
        FAILED: [code=2] CMakeFiles/cmTC_f3f99.dir/CheckIncludeFile.c.obj 
        "D:\\Microsoft Visual Studio\\18\\Community\\VC\\Tools\\MSVC\\14.51.36231\\bin\\Hostx64\\x64\\cl.exe"  /nologo -D_MBCS  /nologo /DWIN32 /D_WINDOWS /utf-8 /MP   /MDd /Z7 /Ob0 /Od /RTC1 /showIncludes /FoCMakeFiles\\cmTC_f3f99.dir\\CheckIncludeFile.c.obj /FdCMakeFiles\\cmTC_f3f99.dir\\ /FS -c D:\\WaterSurfaceRendererScratch\\vcpkg_installed\\vcpkg\\blds\\fftw3\\x64-windows-rel\\CMakeFiles\\CMakeScratch\\TryCompile-dwkxpm\\CheckIncludeFile.c
        D:\\WaterSurfaceRendererScratch\\vcpkg_installed\\vcpkg\\blds\\fftw3\\x64-windows-rel\\CMakeFiles\\CMakeScratch\\TryCompile-dwkxpm\\CheckIncludeFile.c(1): fatal error C1083: 无法打开包括文件: “unistd.h”: No such file or directory
        ninja: build stopped: subcommand failed.
        
      exitCode: 2
  -
    kind: "try_compile-v1"
    backtrace:
      - "D:/Microsoft Visual Studio/18/Community/Common7/IDE/CommonExtensions/Microsoft/CMake/CMake/share/cmake-4.3/Modules/CheckPrototypeDefinition.cmake:145 (try_compile)"
      - "CMakeLists.txt:64 (check_prototype_definition)"
    checks:
      - "Checking prototype drand48 for HAVE_DECL_DRAND48"
    directories:
      source: "D:/WaterSurfaceRendererScratch/vcpkg_installed/vcpkg/blds/fftw3/x64-windows-rel/CMakeFiles/CMakeScratch/TryCompile-mdir9i"
      binary: "D:/WaterSurfaceRendererScratch/vcpkg_installed/vcpkg/blds/fftw3/x64-windows-rel/CMakeFiles/CMakeScratch/TryCompile-mdir9i"
    cmakeVariables:
      CMAKE_CXX_STDLIB_MODULES_JSON: ""
      CMAKE_C_FLAGS: " /nologo /DWIN32 /D_WINDOWS /utf-8 /MP "
      CMAKE_EXE_LINKER_FLAGS: "/machine:x64"
      CMAKE_MSVC_DEBUG_INFORMATION_FORMAT: ""
      CMAKE_MSVC_RUNTIME_LIBRARY: "MultiThreaded$<$<CONFIG:Debug>:Debug>$<$<STREQUAL:dynamic,dynamic>:DLL>"
      VCPKG_CHAINLOAD_TOOLCHAIN_FILE: "D:/Microsoft Visual Studio/18/Community/VC/vcpkg/scripts/toolchains/windows.cmake"
      VCPKG_CRT_LINKAGE: "dynamic"
      VCPKG_CXX_FLAGS: ""
      VCPKG_CXX_FLAGS_DEBUG: ""
      VCPKG_CXX_FLAGS_RELEASE: ""
      VCPKG_C_FLAGS: ""
      VCPKG_C_FLAGS_DEBUG: ""
      VCPKG_C_FLAGS_RELEASE: ""
      VCPKG_INSTALLED_DIR: "D:/WaterSurfaceRendererScratch/vcpkg_installed"
      VCPKG_LINKER_FLAGS: ""
      VCPKG_LINKER_FLAGS_DEBUG: ""
      VCPKG_LINKER_FLAGS_RELEASE: ""
      VCPKG_PLATFORM_TOOLSET: "v145"
      VCPKG_PREFER_SYSTEM_LIBS: "OFF"
      VCPKG_SET_CHARSET_FLAG: "ON"
      VCPKG_TARGET_ARCHITECTURE: "x64"
      VCPKG_TARGET_TRIPLET: "x64-windows"
      Z_VCPKG_ROOT_DIR: "D:/Microsoft Visual Studio/18/Community/VC/vcpkg"
    buildResult:
      variable: "HAVE_DECL_DRAND48"
      cached: true
      stdout: |
        Change Dir: 'D:/WaterSurfaceRendererScratch/vcpkg_installed/vcpkg/blds/fftw3/x64-windows-rel/CMakeFiles/CMakeScratch/TryCompile-mdir9i'
        
        Run Build Command(s): "D:/Microsoft Visual Studio/18/Community/Common7/IDE/CommonExtensions/Microsoft/CMake/Ninja/ninja.exe" -v cmTC_89bed
        [1/2] "D:\\Microsoft Visual Studio\\18\\Community\\VC\\Tools\\MSVC\\14.51.36231\\bin\\Hostx64\\x64\\cl.exe"  /nologo -D_MBCS  /nologo /DWIN32 /D_WINDOWS /utf-8 /MP   /MDd /Z7 /Ob0 /Od /RTC1 /showIncludes /FoCMakeFiles\\cmTC_89bed.dir\\CheckPrototypeDefinition.c.obj /FdCMakeFiles\\cmTC_89bed.dir\\ /FS -c D:\\WaterSurfaceRendererScratch\\vcpkg_installed\\vcpkg\\blds\\fftw3\\x64-windows-rel\\CMakeFiles\\CMakeScratch\\TryCompile-mdir9i\\CheckPrototypeDefinition.c
        FAILED: [code=2] CMakeFiles/cmTC_89bed.dir/CheckPrototypeDefinition.c.obj 
        "D:\\Microsoft Visual Studio\\18\\Community\\VC\\Tools\\MSVC\\14.51.36231\\bin\\Hostx64\\x64\\cl.exe"  /nologo -D_MBCS  /nologo /DWIN32 /D_WINDOWS /utf-8 /MP   /MDd /Z7 /Ob0 /Od /RTC1 /showIncludes /FoCMakeFiles\\cmTC_89bed.dir\\CheckPrototypeDefinition.c.obj /FdCMakeFiles\\cmTC_89bed.dir\\ /FS -c D:\\WaterSurfaceRendererScratch\\vcpkg_installed\\vcpkg\\blds\\fftw3\\x64-windows-rel\\CMakeFiles\\CMakeScratch\\TryCompile-mdir9i\\CheckPrototypeDefinition.c
        D:\\WaterSurfaceRendererScratch\\vcpkg_installed\\vcpkg\\blds\\fftw3\\x64-windows-rel\\CMakeFiles\\CMakeScratch\\TryCompile-mdir9i\\CheckPrototypeDefinition.c(10): error C2065: “drand48”: 未声明的标识符
        ninja: build stopped: subcommand failed.
        
      exitCode: 2
  -
    kind: "try_compile-v1"
    backtrace:
      - "D:/Microsoft Visual Studio/18/Community/Common7/IDE/CommonExtensions/Microsoft/CMake/CMake/share/cmake-4.3/Modules/CheckPrototypeDefinition.cmake:145 (try_compile)"
      - "CMakeLists.txt:65 (check_prototype_definition)"
    checks:
      - "Checking prototype srand48 for HAVE_DECL_SRAND48"
    directories:
      source: "D:/WaterSurfaceRendererScratch/vcpkg_installed/vcpkg/blds/fftw3/x64-windows-rel/CMakeFiles/CMakeScratch/TryCompile-ypczky"
      binary: "D:/WaterSurfaceRendererScratch/vcpkg_installed/vcpkg/blds/fftw3/x64-windows-rel/CMakeFiles/CMakeScratch/TryCompile-ypczky"
    cmakeVariables:
      CMAKE_CXX_STDLIB_MODULES_JSON: ""
      CMAKE_C_FLAGS: " /nologo /DWIN32 /D_WINDOWS /utf-8 /MP "
      CMAKE_EXE_LINKER_FLAGS: "/machine:x64"
      CMAKE_MSVC_DEBUG_INFORMATION_FORMAT: ""
      CMAKE_MSVC_RUNTIME_LIBRARY: "MultiThreaded$<$<CONFIG:Debug>:Debug>$<$<STREQUAL:dynamic,dynamic>:DLL>"
      VCPKG_CHAINLOAD_TOOLCHAIN_FILE: "D:/Microsoft Visual Studio/18/Community/VC/vcpkg/scripts/toolchains/windows.cmake"
      VCPKG_CRT_LINKAGE: "dynamic"
      VCPKG_CXX_FLAGS: ""
      VCPKG_CXX_FLAGS_DEBUG: ""
      VCPKG_CXX_FLAGS_RELEASE: ""
      VCPKG_C_FLAGS: ""
      VCPKG_C_FLAGS_DEBUG: ""
      VCPKG_C_FLAGS_RELEASE: ""
      VCPKG_INSTALLED_DIR: "D:/WaterSurfaceRendererScratch/vcpkg_installed"
      VCPKG_LINKER_FLAGS: ""
      VCPKG_LINKER_FLAGS_DEBUG: ""
      VCPKG_LINKER_FLAGS_RELEASE: ""
      VCPKG_PLATFORM_TOOLSET: "v145"
      VCPKG_PREFER_SYSTEM_LIBS: "OFF"
      VCPKG_SET_CHARSET_FLAG: "ON"
      VCPKG_TARGET_ARCHITECTURE: "x64"
      VCPKG_TARGET_TRIPLET: "x64-windows"
      Z_VCPKG_ROOT_DIR: "D:/Microsoft Visual Studio/18/Community/VC/vcpkg"
    buildResult:
      variable: "HAVE_DECL_SRAND48"
      cached: true
      stdout: |
        Change Dir: 'D:/WaterSurfaceRendererScratch/vcpkg_installed/vcpkg/blds/fftw3/x64-windows-rel/CMakeFiles/CMakeScratch/TryCompile-ypczky'
        
        Run Build Command(s): "D:/Microsoft Visual Studio/18/Community/Common7/IDE/CommonExtensions/Microsoft/CMake/Ninja/ninja.exe" -v cmTC_01ac5
        [1/2] "D:\\Microsoft Visual Studio\\18\\Community\\VC\\Tools\\MSVC\\14.51.36231\\bin\\Hostx64\\x64\\cl.exe"  /nologo -D_MBCS  /nologo /DWIN32 /D_WINDOWS /utf-8 /MP   /MDd /Z7 /Ob0 /Od /RTC1 /showIncludes /FoCMakeFiles\\cmTC_01ac5.dir\\CheckPrototypeDefinition.c.obj /FdCMakeFiles\\cmTC_01ac5.dir\\ /FS -c D:\\WaterSurfaceRendererScratch\\vcpkg_installed\\vcpkg\\blds\\fftw3\\x64-windows-rel\\CMakeFiles\\CMakeScratch\\TryCompile-ypczky\\CheckPrototypeDefinition.c
        FAILED: [code=2] CMakeFiles/cmTC_01ac5.dir/CheckPrototypeDefinition.c.obj 
        "D:\\Microsoft Visual Studio\\18\\Community\\VC\\Tools\\MSVC\\14.51.36231\\bin\\Hostx64\\x64\\cl.exe"  /nologo -D_MBCS  /nologo /DWIN32 /D_WINDOWS /utf-8 /MP   /MDd /Z7 /Ob0 /Od /RTC1 /showIncludes /FoCMakeFiles\\cmTC_01ac5.dir\\CheckPrototypeDefinition.c.obj /FdCMakeFiles\\cmTC_01ac5.dir\\ /FS -c D:\\WaterSurfaceRendererScratch\\vcpkg_installed\\vcpkg\\blds\\fftw3\\x64-windows-rel\\CMakeFiles\\CMakeScratch\\TryCompile-ypczky\\CheckPrototypeDefinition.c
        D:\\WaterSurfaceRendererScratch\\vcpkg_installed\\vcpkg\\blds\\fftw3\\x64-windows-rel\\CMakeFiles\\CMakeScratch\\TryCompile-ypczky\\CheckPrototypeDefinition.c(10): error C2065: “srand48”: 未声明的标识符
        D:\\WaterSurfaceRendererScratch\\vcpkg_installed\\vcpkg\\blds\\fftw3\\x64-windows-rel\\CMakeFiles\\CMakeScratch\\TryCompile-ypczky\\CheckPrototypeDefinition.c(15): warning C4098: “srand48”:“void”函数返回值
        ninja: build stopped: subcommand failed.
        
      exitCode: 2
  -
    kind: "try_compile-v1"
    backtrace:
      - "D:/Microsoft Visual Studio/18/Community/Common7/IDE/CommonExtensions/Microsoft/CMake/CMake/share/cmake-4.3/Modules/CheckPrototypeDefinition.cmake:145 (try_compile)"
      - "CMakeLists.txt:66 (check_prototype_definition)"
    checks:
      - "Checking prototype cosl for HAVE_DECL_COSL"
    directories:
      source: "D:/WaterSurfaceRendererScratch/vcpkg_installed/vcpkg/blds/fftw3/x64-windows-rel/CMakeFiles/CMakeScratch/TryCompile-65a9x5"
      binary: "D:/WaterSurfaceRendererScratch/vcpkg_installed/vcpkg/blds/fftw3/x64-windows-rel/CMakeFiles/CMakeScratch/TryCompile-65a9x5"
    cmakeVariables:
      CMAKE_CXX_STDLIB_MODULES_JSON: ""
      CMAKE_C_FLAGS: " /nologo /DWIN32 /D_WINDOWS /utf-8 /MP "
      CMAKE_EXE_LINKER_FLAGS: "/machine:x64"
      CMAKE_MSVC_DEBUG_INFORMATION_FORMAT: ""
      CMAKE_MSVC_RUNTIME_LIBRARY: "MultiThreaded$<$<CONFIG:Debug>:Debug>$<$<STREQUAL:dynamic,dynamic>:DLL>"
      VCPKG_CHAINLOAD_TOOLCHAIN_FILE: "D:/Microsoft Visual Studio/18/Community/VC/vcpkg/scripts/toolchains/windows.cmake"
      VCPKG_CRT_LINKAGE: "dynamic"
      VCPKG_CXX_FLAGS: ""
      VCPKG_CXX_FLAGS_DEBUG: ""
      VCPKG_CXX_FLAGS_RELEASE: ""
      VCPKG_C_FLAGS: ""
      VCPKG_C_FLAGS_DEBUG: ""
      VCPKG_C_FLAGS_RELEASE: ""
      VCPKG_INSTALLED_DIR: "D:/WaterSurfaceRendererScratch/vcpkg_installed"
      VCPKG_LINKER_FLAGS: ""
      VCPKG_LINKER_FLAGS_DEBUG: ""
      VCPKG_LINKER_FLAGS_RELEASE: ""
      VCPKG_PLATFORM_TOOLSET: "v145"
      VCPKG_PREFER_SYSTEM_LIBS: "OFF"
      VCPKG_SET_CHARSET_FLAG: "ON"
      VCPKG_TARGET_ARCHITECTURE: "x64"
      VCPKG_TARGET_TRIPLET: "x64-windows"
      Z_VCPKG_ROOT_DIR: "D:/Microsoft Visual Studio/18/Community/VC/vcpkg"
    buildResult:
      variable: "HAVE_DECL_COSL"
      cached: true
      stdout: |
        Change Dir: 'D:/WaterSurfaceRendererScratch/vcpkg_installed/vcpkg/blds/fftw3/x64-windows-rel/CMakeFiles/CMakeScratch/TryCompile-65a9x5'
        
        Run Build Command(s): "D:/Microsoft Visual Studio/18/Community/Common7/IDE/CommonExtensions/Microsoft/CMake/Ninja/ninja.exe" -v cmTC_dd94d
        [1/2] "D:\\Microsoft Visual Studio\\18\\Community\\VC\\Tools\\MSVC\\14.51.36231\\bin\\Hostx64\\x64\\cl.exe"  /nologo -D_MBCS  /nologo /DWIN32 /D_WINDOWS /utf-8 /MP   /MDd /Z7 /Ob0 /Od /RTC1 /showIncludes /FoCMakeFiles\\cmTC_dd94d.dir\\CheckPrototypeDefinition.c.obj /FdCMakeFiles\\cmTC_dd94d.dir\\ /FS -c D:\\WaterSurfaceRendererScratch\\vcpkg_installed\\vcpkg\\blds\\fftw3\\x64-windows-rel\\CMakeFiles\\CMakeScratch\\TryCompile-65a9x5\\CheckPrototypeDefinition.c
        FAILED: [code=2] CMakeFiles/cmTC_dd94d.dir/CheckPrototypeDefinition.c.obj 
        "D:\\Microsoft Visual Studio\\18\\Community\\VC\\Tools\\MSVC\\14.51.36231\\bin\\Hostx64\\x64\\cl.exe"  /nologo -D_MBCS  /nologo /DWIN32 /D_WINDOWS /utf-8 /MP   /MDd /Z7 /Ob0 /Od /RTC1 /showIncludes /FoCMakeFiles\\cmTC_dd94d.dir\\CheckPrototypeDefinition.c.obj /FdCMakeFiles\\cmTC_dd94d.dir\\ /FS -c D:\\WaterSurfaceRendererScratch\\vcpkg_installed\\vcpkg\\blds\\fftw3\\x64-windows-rel\\CMakeFiles\\CMakeScratch\\TryCompile-65a9x5\\CheckPrototypeDefinition.c
        D:\\WaterSurfaceRendererScratch\\vcpkg_installed\\vcpkg\\blds\\fftw3\\x64-windows-rel\\CMakeFiles\\CMakeScratch\\TryCompile-65a9x5\\CheckPrototypeDefinition.c(14): error C2084: 函数“long double cosl(long double)”已有主体
        C:\\Program Files (x86)\\Windows Kits\\10\\include\\10.0.26100.0\\ucrt\\corecrt_math.h(864): note: 参见“cosl”的前一个定义
        ninja: build stopped: subcommand failed.
        
      exitCode: 2
  -
    kind: "try_compile-v1"
    backtrace:
      - "D:/Microsoft Visual Studio/18/Community/Common7/IDE/CommonExtensions/Microsoft/CMake/CMake/share/cmake-4.3/Modules/CheckPrototypeDefinition.cmake:145 (try_compile)"
      - "CMakeLists.txt:67 (check_prototype_definition)"
    checks:
      - "Checking prototype sinl for HAVE_DECL_SINL"
    directories:
      source: "D:/WaterSurfaceRendererScratch/vcpkg_installed/vcpkg/blds/fftw3/x64-windows-rel/CMakeFiles/CMakeScratch/TryCompile-l3ljnt"
      binary: "D:/WaterSurfaceRendererScratch/vcpkg_installed/vcpkg/blds/fftw3/x64-windows-rel/CMakeFiles/CMakeScratch/TryCompile-l3ljnt"
    cmakeVariables:
      CMAKE_CXX_STDLIB_MODULES_JSON: ""
      CMAKE_C_FLAGS: " /nologo /DWIN32 /D_WINDOWS /utf-8 /MP "
      CMAKE_EXE_LINKER_FLAGS: "/machine:x64"
      CMAKE_MSVC_DEBUG_INFORMATION_FORMAT: ""
      CMAKE_MSVC_RUNTIME_LIBRARY: "MultiThreaded$<$<CONFIG:Debug>:Debug>$<$<STREQUAL:dynamic,dynamic>:DLL>"
      VCPKG_CHAINLOAD_TOOLCHAIN_FILE: "D:/Microsoft Visual Studio/18/Community/VC/vcpkg/scripts/toolchains/windows.cmake"
      VCPKG_CRT_LINKAGE: "dynamic"
      VCPKG_CXX_FLAGS: ""
      VCPKG_CXX_FLAGS_DEBUG: ""
      VCPKG_CXX_FLAGS_RELEASE: ""
      VCPKG_C_FLAGS: ""
      VCPKG_C_FLAGS_DEBUG: ""
      VCPKG_C_FLAGS_RELEASE: ""
      VCPKG_INSTALLED_DIR: "D:/WaterSurfaceRendererScratch/vcpkg_installed"
      VCPKG_LINKER_FLAGS: ""
      VCPKG_LINKER_FLAGS_DEBUG: ""
      VCPKG_LINKER_FLAGS_RELEASE: ""
      VCPKG_PLATFORM_TOOLSET: "v145"
      VCPKG_PREFER_SYSTEM_LIBS: "OFF"
      VCPKG_SET_CHARSET_FLAG: "ON"
      VCPKG_TARGET_ARCHITECTURE: "x64"
      VCPKG_TARGET_TRIPLET: "x64-windows"
      Z_VCPKG_ROOT_DIR: "D:/Microsoft Visual Studio/18/Community/VC/vcpkg"
    buildResult:
      variable: "HAVE_DECL_SINL"
      cached: true
      stdout: |
        Change Dir: 'D:/WaterSurfaceRendererScratch/vcpkg_installed/vcpkg/blds/fftw3/x64-windows-rel/CMakeFiles/CMakeScratch/TryCompile-l3ljnt'
        
        Run Build Command(s): "D:/Microsoft Visual Studio/18/Community/Common7/IDE/CommonExtensions/Microsoft/CMake/Ninja/ninja.exe" -v cmTC_68c8d
        [1/2] "D:\\Microsoft Visual Studio\\18\\Community\\VC\\Tools\\MSVC\\14.51.36231\\bin\\Hostx64\\x64\\cl.exe"  /nologo -D_MBCS  /nologo /DWIN32 /D_WINDOWS /utf-8 /MP   /MDd /Z7 /Ob0 /Od /RTC1 /showIncludes /FoCMakeFiles\\cmTC_68c8d.dir\\CheckPrototypeDefinition.c.obj /FdCMakeFiles\\cmTC_68c8d.dir\\ /FS -c D:\\WaterSurfaceRendererScratch\\vcpkg_installed\\vcpkg\\blds\\fftw3\\x64-windows-rel\\CMakeFiles\\CMakeScratch\\TryCompile-l3ljnt\\CheckPrototypeDefinition.c
        FAILED: [code=2] CMakeFiles/cmTC_68c8d.dir/CheckPrototypeDefinition.c.obj 
        "D:\\Microsoft Visual Studio\\18\\Community\\VC\\Tools\\MSVC\\14.51.36231\\bin\\Hostx64\\x64\\cl.exe"  /nologo -D_MBCS  /nologo /DWIN32 /D_WINDOWS /utf-8 /MP   /MDd /Z7 /Ob0 /Od /RTC1 /showIncludes /FoCMakeFiles\\cmTC_68c8d.dir\\CheckPrototypeDefinition.c.obj /FdCMakeFiles\\cmTC_68c8d.dir\\ /FS -c D:\\WaterSurfaceRendererScratch\\vcpkg_installed\\vcpkg\\blds\\fftw3\\x64-windows-rel\\CMakeFiles\\CMakeScratch\\TryCompile-l3ljnt\\CheckPrototypeDefinition.c
        D:\\WaterSurfaceRendererScratch\\vcpkg_installed\\vcpkg\\blds\\fftw3\\x64-windows-rel\\CMakeFiles\\CMakeScratch\\TryCompile-l3ljnt\\CheckPrototypeDefinition.c(14): error C2084: 函数“long double sinl(long double)”已有主体
        C:\\Program Files (x86)\\Windows Kits\\10\\include\\10.0.26100.0\\ucrt\\corecrt_math.h(973): note: 参见“sinl”的前一个定义
        ninja: build stopped: subcommand failed.
        
      exitCode: 2
  -
    kind: "try_compile-v1"
    backtrace:
      - "D:/Microsoft Visual Studio/18/Community/Common7/IDE/CommonExtensions/Microsoft/CMake/CMake/share/cmake-4.3/Modules/CheckPrototypeDefinition.cmake:145 (try_compile)"
      - "CMakeLists.txt:68 (check_prototype_definition)"
    checks:
      - "Checking prototype memalign for HAVE_DECL_MEMALIGN"
    directories:
      source: "D:/WaterSurfaceRendererScratch/vcpkg_installed/vcpkg/blds/fftw3/x64-windows-rel/CMakeFiles/CMakeScratch/TryCompile-b44jwe"
      binary: "D:/WaterSurfaceRendererScratch/vcpkg_installed/vcpkg/blds/fftw3/x64-windows-rel/CMakeFiles/CMakeScratch/TryCompile-b44jwe"
    cmakeVariables:
      CMAKE_CXX_STDLIB_MODULES_JSON: ""
      CMAKE_C_FLAGS: " /nologo /DWIN32 /D_WINDOWS /utf-8 /MP "
      CMAKE_EXE_LINKER_FLAGS: "/machine:x64"
      CMAKE_MSVC_DEBUG_INFORMATION_FORMAT: ""
      CMAKE_MSVC_RUNTIME_LIBRARY: "MultiThreaded$<$<CONFIG:Debug>:Debug>$<$<STREQUAL:dynamic,dynamic>:DLL>"
      VCPKG_CHAINLOAD_TOOLCHAIN_FILE: "D:/Microsoft Visual Studio/18/Community/VC/vcpkg/scripts/toolchains/windows.cmake"
      VCPKG_CRT_LINKAGE: "dynamic"
      VCPKG_CXX_FLAGS: ""
      VCPKG_CXX_FLAGS_DEBUG: ""
      VCPKG_CXX_FLAGS_RELEASE: ""
      VCPKG_C_FLAGS: ""
      VCPKG_C_FLAGS_DEBUG: ""
      VCPKG_C_FLAGS_RELEASE: ""
      VCPKG_INSTALLED_DIR: "D:/WaterSurfaceRendererScratch/vcpkg_installed"
      VCPKG_LINKER_FLAGS: ""
      VCPKG_LINKER_FLAGS_DEBUG: ""
      VCPKG_LINKER_FLAGS_RELEASE: ""
      VCPKG_PLATFORM_TOOLSET: "v145"
      VCPKG_PREFER_SYSTEM_LIBS: "OFF"
      VCPKG_SET_CHARSET_FLAG: "ON"
      VCPKG_TARGET_ARCHITECTURE: "x64"
      VCPKG_TARGET_TRIPLET: "x64-windows"
      Z_VCPKG_ROOT_DIR: "D:/Microsoft Visual Studio/18/Community/VC/vcpkg"
    buildResult:
      variable: "HAVE_DECL_MEMALIGN"
      cached: true
      stdout: |
        Change Dir: 'D:/WaterSurfaceRendererScratch/vcpkg_installed/vcpkg/blds/fftw3/x64-windows-rel/CMakeFiles/CMakeScratch/TryCompile-b44jwe'
        
        Run Build Command(s): "D:/Microsoft Visual Studio/18/Community/Common7/IDE/CommonExtensions/Microsoft/CMake/Ninja/ninja.exe" -v cmTC_a1902
        [1/2] "D:\\Microsoft Visual Studio\\18\\Community\\VC\\Tools\\MSVC\\14.51.36231\\bin\\Hostx64\\x64\\cl.exe"  /nologo -D_MBCS  /nologo /DWIN32 /D_WINDOWS /utf-8 /MP   /MDd /Z7 /Ob0 /Od /RTC1 /showIncludes /FoCMakeFiles\\cmTC_a1902.dir\\CheckPrototypeDefinition.c.obj /FdCMakeFiles\\cmTC_a1902.dir\\ /FS -c D:\\WaterSurfaceRendererScratch\\vcpkg_installed\\vcpkg\\blds\\fftw3\\x64-windows-rel\\CMakeFiles\\CMakeScratch\\TryCompile-b44jwe\\CheckPrototypeDefinition.c
        FAILED: [code=2] CMakeFiles/cmTC_a1902.dir/CheckPrototypeDefinition.c.obj 
        "D:\\Microsoft Visual Studio\\18\\Community\\VC\\Tools\\MSVC\\14.51.36231\\bin\\Hostx64\\x64\\cl.exe"  /nologo -D_MBCS  /nologo /DWIN32 /D_WINDOWS /utf-8 /MP   /MDd /Z7 /Ob0 /Od /RTC1 /showIncludes /FoCMakeFiles\\cmTC_a1902.dir\\CheckPrototypeDefinition.c.obj /FdCMakeFiles\\cmTC_a1902.dir\\ /FS -c D:\\WaterSurfaceRendererScratch\\vcpkg_installed\\vcpkg\\blds\\fftw3\\x64-windows-rel\\CMakeFiles\\CMakeScratch\\TryCompile-b44jwe\\CheckPrototypeDefinition.c
        D:\\WaterSurfaceRendererScratch\\vcpkg_installed\\vcpkg\\blds\\fftw3\\x64-windows-rel\\CMakeFiles\\CMakeScratch\\TryCompile-b44jwe\\CheckPrototypeDefinition.c(10): error C2065: “memalign”: 未声明的标识符
        ninja: build stopped: subcommand failed.
        
      exitCode: 2
  -
    kind: "try_compile-v1"
    backtrace:
      - "D:/Microsoft Visual Studio/18/Community/Common7/IDE/CommonExtensions/Microsoft/CMake/CMake/share/cmake-4.3/Modules/CheckPrototypeDefinition.cmake:145 (try_compile)"
      - "CMakeLists.txt:69 (check_prototype_definition)"
    checks:
      - "Checking prototype posix_memalign for HAVE_DECL_POSIX_MEMALIGN"
    directories:
      source: "D:/WaterSurfaceRendererScratch/vcpkg_installed/vcpkg/blds/fftw3/x64-windows-rel/CMakeFiles/CMakeScratch/TryCompile-gy671a"
      binary: "D:/WaterSurfaceRendererScratch/vcpkg_installed/vcpkg/blds/fftw3/x64-windows-rel/CMakeFiles/CMakeScratch/TryCompile-gy671a"
    cmakeVariables:
      CMAKE_CXX_STDLIB_MODULES_JSON: ""
      CMAKE_C_FLAGS: " /nologo /DWIN32 /D_WINDOWS /utf-8 /MP "
      CMAKE_EXE_LINKER_FLAGS: "/machine:x64"
      CMAKE_MSVC_DEBUG_INFORMATION_FORMAT: ""
      CMAKE_MSVC_RUNTIME_LIBRARY: "MultiThreaded$<$<CONFIG:Debug>:Debug>$<$<STREQUAL:dynamic,dynamic>:DLL>"
      VCPKG_CHAINLOAD_TOOLCHAIN_FILE: "D:/Microsoft Visual Studio/18/Community/VC/vcpkg/scripts/toolchains/windows.cmake"
      VCPKG_CRT_LINKAGE: "dynamic"
      VCPKG_CXX_FLAGS: ""
      VCPKG_CXX_FLAGS_DEBUG: ""
      VCPKG_CXX_FLAGS_RELEASE: ""
      VCPKG_C_FLAGS: ""
      VCPKG_C_FLAGS_DEBUG: ""
      VCPKG_C_FLAGS_RELEASE: ""
      VCPKG_INSTALLED_DIR: "D:/WaterSurfaceRendererScratch/vcpkg_installed"
      VCPKG_LINKER_FLAGS: ""
      VCPKG_LINKER_FLAGS_DEBUG: ""
      VCPKG_LINKER_FLAGS_RELEASE: ""
      VCPKG_PLATFORM_TOOLSET: "v145"
      VCPKG_PREFER_SYSTEM_LIBS: "OFF"
      VCPKG_SET_CHARSET_FLAG: "ON"
      VCPKG_TARGET_ARCHITECTURE: "x64"
      VCPKG_TARGET_TRIPLET: "x64-windows"
      Z_VCPKG_ROOT_DIR: "D:/Microsoft Visual Studio/18/Community/VC/vcpkg"
    buildResult:
      variable: "HAVE_DECL_POSIX_MEMALIGN"
      cached: true
      stdout: |
        Change Dir: 'D:/WaterSurfaceRendererScratch/vcpkg_installed/vcpkg/blds/fftw3/x64-windows-rel/CMakeFiles/CMakeScratch/TryCompile-gy671a'
        
        Run Build Command(s): "D:/Microsoft Visual Studio/18/Community/Common7/IDE/CommonExtensions/Microsoft/CMake/Ninja/ninja.exe" -v cmTC_bd71a
        [1/2] "D:\\Microsoft Visual Studio\\18\\Community\\VC\\Tools\\MSVC\\14.51.36231\\bin\\Hostx64\\x64\\cl.exe"  /nologo -D_MBCS  /nologo /DWIN32 /D_WINDOWS /utf-8 /MP   /MDd /Z7 /Ob0 /Od /RTC1 /showIncludes /FoCMakeFiles\\cmTC_bd71a.dir\\CheckPrototypeDefinition.c.obj /FdCMakeFiles\\cmTC_bd71a.dir\\ /FS -c D:\\WaterSurfaceRendererScratch\\vcpkg_installed\\vcpkg\\blds\\fftw3\\x64-windows-rel\\CMakeFiles\\CMakeScratch\\TryCompile-gy671a\\CheckPrototypeDefinition.c
        FAILED: [code=2] CMakeFiles/cmTC_bd71a.dir/CheckPrototypeDefinition.c.obj 
        "D:\\Microsoft Visual Studio\\18\\Community\\VC\\Tools\\MSVC\\14.51.36231\\bin\\Hostx64\\x64\\cl.exe"  /nologo -D_MBCS  /nologo /DWIN32 /D_WINDOWS /utf-8 /MP   /MDd /Z7 /Ob0 /Od /RTC1 /showIncludes /FoCMakeFiles\\cmTC_bd71a.dir\\CheckPrototypeDefinition.c.obj /FdCMakeFiles\\cmTC_bd71a.dir\\ /FS -c D:\\WaterSurfaceRendererScratch\\vcpkg_installed\\vcpkg\\blds\\fftw3\\x64-windows-rel\\CMakeFiles\\CMakeScratch\\TryCompile-gy671a\\CheckPrototypeDefinition.c
        D:\\WaterSurfaceRendererScratch\\vcpkg_installed\\vcpkg\\blds\\fftw3\\x64-windows-rel\\CMakeFiles\\CMakeScratch\\TryCompile-gy671a\\CheckPrototypeDefinition.c(10): error C2065: “posix_memalign”: 未声明的标识符
        ninja: build stopped: subcommand failed.
        
      exitCode: 2
  -
    kind: "try_compile-v1"
    backtrace:
      - "D:/Microsoft Visual Studio/18/Community/Common7/IDE/CommonExtensions/Microsoft/CMake/CMake/share/cmake-4.3/Modules/CheckPrototypeDefinition.cmake:145 (try_compile)"
      - "CMakeLists.txt:70 (check_prototype_definition)"
    checks:
      - "Checking prototype _aligned_malloc for HAVE_DECL_ALIGNED_MALLOC"
    directories:
      source: "D:/WaterSurfaceRendererScratch/vcpkg_installed/vcpkg/blds/fftw3/x64-windows-rel/CMakeFiles/CMakeScratch/TryCompile-kw5qwb"
      binary: "D:/WaterSurfaceRendererScratch/vcpkg_installed/vcpkg/blds/fftw3/x64-windows-rel/CMakeFiles/CMakeScratch/TryCompile-kw5qwb"
    cmakeVariables:
      CMAKE_CXX_STDLIB_MODULES_JSON: ""
      CMAKE_C_FLAGS: " /nologo /DWIN32 /D_WINDOWS /utf-8 /MP "
      CMAKE_EXE_LINKER_FLAGS: "/machine:x64"
      CMAKE_MSVC_DEBUG_INFORMATION_FORMAT: ""
      CMAKE_MSVC_RUNTIME_LIBRARY: "MultiThreaded$<$<CONFIG:Debug>:Debug>$<$<STREQUAL:dynamic,dynamic>:DLL>"
      VCPKG_CHAINLOAD_TOOLCHAIN_FILE: "D:/Microsoft Visual Studio/18/Community/VC/vcpkg/scripts/toolchains/windows.cmake"
      VCPKG_CRT_LINKAGE: "dynamic"
      VCPKG_CXX_FLAGS: ""
      VCPKG_CXX_FLAGS_DEBUG: ""
      VCPKG_CXX_FLAGS_RELEASE: ""
      VCPKG_C_FLAGS: ""
      VCPKG_C_FLAGS_DEBUG: ""
      VCPKG_C_FLAGS_RELEASE: ""
      VCPKG_INSTALLED_DIR: "D:/WaterSurfaceRendererScratch/vcpkg_installed"
      VCPKG_LINKER_FLAGS: ""
      VCPKG_LINKER_FLAGS_DEBUG: ""
      VCPKG_LINKER_FLAGS_RELEASE: ""
      VCPKG_PLATFORM_TOOLSET: "v145"
      VCPKG_PREFER_SYSTEM_LIBS: "OFF"
      VCPKG_SET_CHARSET_FLAG: "ON"
      VCPKG_TARGET_ARCHITECTURE: "x64"
      VCPKG_TARGET_TRIPLET: "x64-windows"
      Z_VCPKG_ROOT_DIR: "D:/Microsoft Visual Studio/18/Community/VC/vcpkg"
    buildResult:
      variable: "HAVE_DECL_ALIGNED_MALLOC"
      cached: true
      stdout: |
        Change Dir: 'D:/WaterSurfaceRendererScratch/vcpkg_installed/vcpkg/blds/fftw3/x64-windows-rel/CMakeFiles/CMakeScratch/TryCompile-kw5qwb'
        
        Run Build Command(s): "D:/Microsoft Visual Studio/18/Community/Common7/IDE/CommonExtensions/Microsoft/CMake/Ninja/ninja.exe" -v cmTC_0dbc8
        [1/2] "D:\\Microsoft Visual Studio\\18\\Community\\VC\\Tools\\MSVC\\14.51.36231\\bin\\Hostx64\\x64\\cl.exe"  /nologo -D_MBCS  /nologo /DWIN32 /D_WINDOWS /utf-8 /MP   /MDd /Z7 /Ob0 /Od /RTC1 /showIncludes /FoCMakeFiles\\cmTC_0dbc8.dir\\CheckPrototypeDefinition.c.obj /FdCMakeFiles\\cmTC_0dbc8.dir\\ /FS -c D:\\WaterSurfaceRendererScratch\\vcpkg_installed\\vcpkg\\blds\\fftw3\\x64-windows-rel\\CMakeFiles\\CMakeScratch\\TryCompile-kw5qwb\\CheckPrototypeDefinition.c
        D:\\WaterSurfaceRendererScratch\\vcpkg_installed\\vcpkg\\blds\\fftw3\\x64-windows-rel\\CMakeFiles\\CMakeScratch\\TryCompile-kw5qwb\\CheckPrototypeDefinition.c(14): warning C4273: “_aligned_malloc”: dll 链接不一致
        C:\\Program Files (x86)\\Windows Kits\\10\\include\\10.0.26100.0\\ucrt\\corecrt_malloc.h(154): note: 参见“_aligned_malloc”的前一个定义
        [2/2] C:\\windows\\system32\\cmd.exe /C "cd . && "D:\\Microsoft Visual Studio\\18\\Community\\Common7\\IDE\\CommonExtensions\\Microsoft\\CMake\\CMake\\bin\\cmake.exe" -E vs_link_exe --msvc-ver=1951 --intdir=CMakeFiles\\cmTC_0dbc8.dir --rc=C:\\PROGRA~2\\WI3CF2~1\\10\\bin\\100261~1.0\\x64\\rc.exe --mt=C:\\PROGRA~2\\WI3CF2~1\\10\\bin\\100261~1.0\\x64\\mt.exe --manifests  -- "D:\\Microsoft Visual Studio\\18\\Community\\VC\\Tools\\MSVC\\14.51.36231\\bin\\Hostx64\\x64\\link.exe" /nologo CMakeFiles\\cmTC_0dbc8.dir\\CheckPrototypeDefinition.c.obj  /out:cmTC_0dbc8.exe /implib:cmTC_0dbc8.lib /pdb:cmTC_0dbc8.pdb /version:0.0 /machine:x64 /nologo /debug /INCREMENTAL /subsystem:console  kernel32.lib user32.lib gdi32.lib winspool.lib shell32.lib ole32.lib oleaut32.lib uuid.lib comdlg32.lib advapi32.lib && cd ."
        
      exitCode: 0
  -
    kind: "try_compile-v1"
    backtrace:
      - "D:/Microsoft Visual Studio/18/Community/Common7/IDE/CommonExtensions/Microsoft/CMake/CMake/share/cmake-4.3/Modules/CheckSymbolExists.cmake:193 (try_compile)"
      - "D:/Microsoft Visual Studio/18/Community/Common7/IDE/CommonExtensions/Microsoft/CMake/CMake/share/cmake-4.3/Modules/CheckSymbolExists.cmake:98 (__CHECK_SYMBOL_EXISTS_IMPL)"
      - "CMakeLists.txt:73 (check_symbol_exists)"
    checks:
      - "Looking for clock_gettime"
    directories:
      source: "D:/WaterSurfaceRendererScratch/vcpkg_installed/vcpkg/blds/fftw3/x64-windows-rel/CMakeFiles/CMakeScratch/TryCompile-5ux0lt"
      binary: "D:/WaterSurfaceRendererScratch/vcpkg_installed/vcpkg/blds/fftw3/x64-windows-rel/CMakeFiles/CMakeScratch/TryCompile-5ux0lt"
    cmakeVariables:
      CMAKE_CXX_STDLIB_MODULES_JSON: ""
      CMAKE_C_FLAGS: " /nologo /DWIN32 /D_WINDOWS /utf-8 /MP "
      CMAKE_EXE_LINKER_FLAGS: "/machine:x64"
      CMAKE_MSVC_DEBUG_INFORMATION_FORMAT: ""
      CMAKE_MSVC_RUNTIME_LIBRARY: "MultiThreaded$<$<CONFIG:Debug>:Debug>$<$<STREQUAL:dynamic,dynamic>:DLL>"
      VCPKG_CHAINLOAD_TOOLCHAIN_FILE: "D:/Microsoft Visual Studio/18/Community/VC/vcpkg/scripts/toolchains/windows.cmake"
      VCPKG_CRT_LINKAGE: "dynamic"
      VCPKG_CXX_FLAGS: ""
      VCPKG_CXX_FLAGS_DEBUG: ""
      VCPKG_CXX_FLAGS_RELEASE: ""
      VCPKG_C_FLAGS: ""
      VCPKG_C_FLAGS_DEBUG: ""
      VCPKG_C_FLAGS_RELEASE: ""
      VCPKG_INSTALLED_DIR: "D:/WaterSurfaceRendererScratch/vcpkg_installed"
      VCPKG_LINKER_FLAGS: ""
      VCPKG_LINKER_FLAGS_DEBUG: ""
      VCPKG_LINKER_FLAGS_RELEASE: ""
      VCPKG_PLATFORM_TOOLSET: "v145"
      VCPKG_PREFER_SYSTEM_LIBS: "OFF"
      VCPKG_SET_CHARSET_FLAG: "ON"
      VCPKG_TARGET_ARCHITECTURE: "x64"
      VCPKG_TARGET_TRIPLET: "x64-windows"
      Z_VCPKG_ROOT_DIR: "D:/Microsoft Visual Studio/18/Community/VC/vcpkg"
    buildResult:
      variable: "HAVE_CLOCK_GETTIME"
      cached: true
      stdout: |
        Change Dir: 'D:/WaterSurfaceRendererScratch/vcpkg_installed/vcpkg/blds/fftw3/x64-windows-rel/CMakeFiles/CMakeScratch/TryCompile-5ux0lt'
        
        Run Build Command(s): "D:/Microsoft Visual Studio/18/Community/Common7/IDE/CommonExtensions/Microsoft/CMake/Ninja/ninja.exe" -v cmTC_c753f
        [1/2] "D:\\Microsoft Visual Studio\\18\\Community\\VC\\Tools\\MSVC\\14.51.36231\\bin\\Hostx64\\x64\\cl.exe"  /nologo -D_MBCS  /nologo /DWIN32 /D_WINDOWS /utf-8 /MP   /MDd /Z7 /Ob0 /Od /RTC1 /showIncludes /FoCMakeFiles\\cmTC_c753f.dir\\CheckSymbolExists.c.obj /FdCMakeFiles\\cmTC_c753f.dir\\ /FS -c D:\\WaterSurfaceRendererScratch\\vcpkg_installed\\vcpkg\\blds\\fftw3\\x64-windows-rel\\CMakeFiles\\CMakeScratch\\TryCompile-5ux0lt\\CheckSymbolExists.c
        FAILED: [code=2] CMakeFiles/cmTC_c753f.dir/CheckSymbolExists.c.obj 
        "D:\\Microsoft Visual Studio\\18\\Community\\VC\\Tools\\MSVC\\14.51.36231\\bin\\Hostx64\\x64\\cl.exe"  /nologo -D_MBCS  /nologo /DWIN32 /D_WINDOWS /utf-8 /MP   /MDd /Z7 /Ob0 /Od /RTC1 /showIncludes /FoCMakeFiles\\cmTC_c753f.dir\\CheckSymbolExists.c.obj /FdCMakeFiles\\cmTC_c753f.dir\\ /FS -c D:\\WaterSurfaceRendererScratch\\vcpkg_installed\\vcpkg\\blds\\fftw3\\x64-windows-rel\\CMakeFiles\\CMakeScratch\\TryCompile-5ux0lt\\CheckSymbolExists.c
        D:\\WaterSurfaceRendererScratch\\vcpkg_installed\\vcpkg\\blds\\fftw3\\x64-windows-rel\\CMakeFiles\\CMakeScratch\\TryCompile-5ux0lt\\CheckSymbolExists.c(8): error C2065: “clock_gettime”: 未声明的标识符
        ninja: build stopped: subcommand failed.
        
      exitCode: 2
  -
    kind: "try_compile-v1"
    backtrace:
      - "D:/Microsoft Visual Studio/18/Community/Common7/IDE/CommonExtensions/Microsoft/CMake/CMake/share/cmake-4.3/Modules/CheckSymbolExists.cmake:193 (try_compile)"
      - "D:/Microsoft Visual Studio/18/Community/Common7/IDE/CommonExtensions/Microsoft/CMake/CMake/share/cmake-4.3/Modules/CheckSymbolExists.cmake:98 (__CHECK_SYMBOL_EXISTS_IMPL)"
      - "CMakeLists.txt:74 (check_symbol_exists)"
    checks:
      - "Looking for gettimeofday"
    directories:
      source: "D:/WaterSurfaceRendererScratch/vcpkg_installed/vcpkg/blds/fftw3/x64-windows-rel/CMakeFiles/CMakeScratch/TryCompile-zqo53w"
      binary: "D:/WaterSurfaceRendererScratch/vcpkg_installed/vcpkg/blds/fftw3/x64-windows-rel/CMakeFiles/CMakeScratch/TryCompile-zqo53w"
    cmakeVariables:
      CMAKE_CXX_STDLIB_MODULES_JSON: ""
      CMAKE_C_FLAGS: " /nologo /DWIN32 /D_WINDOWS /utf-8 /MP "
      CMAKE_EXE_LINKER_FLAGS: "/machine:x64"
      CMAKE_MSVC_DEBUG_INFORMATION_FORMAT: ""
      CMAKE_MSVC_RUNTIME_LIBRARY: "MultiThreaded$<$<CONFIG:Debug>:Debug>$<$<STREQUAL:dynamic,dynamic>:DLL>"
      VCPKG_CHAINLOAD_TOOLCHAIN_FILE: "D:/Microsoft Visual Studio/18/Community/VC/vcpkg/scripts/toolchains/windows.cmake"
      VCPKG_CRT_LINKAGE: "dynamic"
      VCPKG_CXX_FLAGS: ""
      VCPKG_CXX_FLAGS_DEBUG: ""
      VCPKG_CXX_FLAGS_RELEASE: ""
      VCPKG_C_FLAGS: ""
      VCPKG_C_FLAGS_DEBUG: ""
      VCPKG_C_FLAGS_RELEASE: ""
      VCPKG_INSTALLED_DIR: "D:/WaterSurfaceRendererScratch/vcpkg_installed"
      VCPKG_LINKER_FLAGS: ""
      VCPKG_LINKER_FLAGS_DEBUG: ""
      VCPKG_LINKER_FLAGS_RELEASE: ""
      VCPKG_PLATFORM_TOOLSET: "v145"
      VCPKG_PREFER_SYSTEM_LIBS: "OFF"
      VCPKG_SET_CHARSET_FLAG: "ON"
      VCPKG_TARGET_ARCHITECTURE: "x64"
      VCPKG_TARGET_TRIPLET: "x64-windows"
      Z_VCPKG_ROOT_DIR: "D:/Microsoft Visual Studio/18/Community/VC/vcpkg"
    buildResult:
      variable: "HAVE_GETTIMEOFDAY"
      cached: true
      stdout: |
        Change Dir: 'D:/WaterSurfaceRendererScratch/vcpkg_installed/vcpkg/blds/fftw3/x64-windows-rel/CMakeFiles/CMakeScratch/TryCompile-zqo53w'
        
        Run Build Command(s): "D:/Microsoft Visual Studio/18/Community/Common7/IDE/CommonExtensions/Microsoft/CMake/Ninja/ninja.exe" -v cmTC_539ff
        [1/2] "D:\\Microsoft Visual Studio\\18\\Community\\VC\\Tools\\MSVC\\14.51.36231\\bin\\Hostx64\\x64\\cl.exe"  /nologo -D_MBCS  /nologo /DWIN32 /D_WINDOWS /utf-8 /MP   /MDd /Z7 /Ob0 /Od /RTC1 /showIncludes /FoCMakeFiles\\cmTC_539ff.dir\\CheckSymbolExists.c.obj /FdCMakeFiles\\cmTC_539ff.dir\\ /FS -c D:\\WaterSurfaceRendererScratch\\vcpkg_installed\\vcpkg\\blds\\fftw3\\x64-windows-rel\\CMakeFiles\\CMakeScratch\\TryCompile-zqo53w\\CheckSymbolExists.c
        FAILED: [code=2] CMakeFiles/cmTC_539ff.dir/CheckSymbolExists.c.obj 
        "D:\\Microsoft Visual Studio\\18\\Community\\VC\\Tools\\MSVC\\14.51.36231\\bin\\Hostx64\\x64\\cl.exe"  /nologo -D_MBCS  /nologo /DWIN32 /D_WINDOWS /utf-8 /MP   /MDd /Z7 /Ob0 /Od /RTC1 /showIncludes /FoCMakeFiles\\cmTC_539ff.dir\\CheckSymbolExists.c.obj /FdCMakeFiles\\cmTC_539ff.dir\\ /FS -c D:\\WaterSurfaceRendererScratch\\vcpkg_installed\\vcpkg\\blds\\fftw3\\x64-windows-rel\\CMakeFiles\\CMakeScratch\\TryCompile-zqo53w\\CheckSymbolExists.c
        D:\\WaterSurfaceRendererScratch\\vcpkg_installed\\vcpkg\\blds\\fftw3\\x64-windows-rel\\CMakeFiles\\CMakeScratch\\TryCompile-zqo53w\\CheckSymbolExists.c(2): fatal error C1083: 无法打开包括文件: “sys/time.h”: No such file or directory
        ninja: build stopped: subcommand failed.
        
      exitCode: 2
  -
    kind: "try_compile-v1"
    backtrace:
      - "D:/Microsoft Visual Studio/18/Community/Common7/IDE/CommonExtensions/Microsoft/CMake/CMake/share/cmake-4.3/Modules/CheckSymbolExists.cmake:193 (try_compile)"
      - "D:/Microsoft Visual Studio/18/Community/Common7/IDE/CommonExtensions/Microsoft/CMake/CMake/share/cmake-4.3/Modules/CheckSymbolExists.cmake:98 (__CHECK_SYMBOL_EXISTS_IMPL)"
      - "CMakeLists.txt:75 (check_symbol_exists)"
    checks:
      - "Looking for getpagesize"
    directories:
      source: "D:/WaterSurfaceRendererScratch/vcpkg_installed/vcpkg/blds/fftw3/x64-windows-rel/CMakeFiles/CMakeScratch/TryCompile-rixmzo"
      binary: "D:/WaterSurfaceRendererScratch/vcpkg_installed/vcpkg/blds/fftw3/x64-windows-rel/CMakeFiles/CMakeScratch/TryCompile-rixmzo"
    cmakeVariables:
      CMAKE_CXX_STDLIB_MODULES_JSON: ""
      CMAKE_C_FLAGS: " /nologo /DWIN32 /D_WINDOWS /utf-8 /MP "
      CMAKE_EXE_LINKER_FLAGS: "/machine:x64"
      CMAKE_MSVC_DEBUG_INFORMATION_FORMAT: ""
      CMAKE_MSVC_RUNTIME_LIBRARY: "MultiThreaded$<$<CONFIG:Debug>:Debug>$<$<STREQUAL:dynamic,dynamic>:DLL>"
      VCPKG_CHAINLOAD_TOOLCHAIN_FILE: "D:/Microsoft Visual Studio/18/Community/VC/vcpkg/scripts/toolchains/windows.cmake"
      VCPKG_CRT_LINKAGE: "dynamic"
      VCPKG_CXX_FLAGS: ""
      VCPKG_CXX_FLAGS_DEBUG: ""
      VCPKG_CXX_FLAGS_RELEASE: ""
      VCPKG_C_FLAGS: ""
      VCPKG_C_FLAGS_DEBUG: ""
      VCPKG_C_FLAGS_RELEASE: ""
      VCPKG_INSTALLED_DIR: "D:/WaterSurfaceRendererScratch/vcpkg_installed"
      VCPKG_LINKER_FLAGS: ""
      VCPKG_LINKER_FLAGS_DEBUG: ""
      VCPKG_LINKER_FLAGS_RELEASE: ""
      VCPKG_PLATFORM_TOOLSET: "v145"
      VCPKG_PREFER_SYSTEM_LIBS: "OFF"
      VCPKG_SET_CHARSET_FLAG: "ON"
      VCPKG_TARGET_ARCHITECTURE: "x64"
      VCPKG_TARGET_TRIPLET: "x64-windows"
      Z_VCPKG_ROOT_DIR: "D:/Microsoft Visual Studio/18/Community/VC/vcpkg"
    buildResult:
      variable: "HAVE_GETPAGESIZE"
      cached: true
      stdout: |
        Change Dir: 'D:/WaterSurfaceRendererScratch/vcpkg_installed/vcpkg/blds/fftw3/x64-windows-rel/CMakeFiles/CMakeScratch/TryCompile-rixmzo'
        
        Run Build Command(s): "D:/Microsoft Visual Studio/18/Community/Common7/IDE/CommonExtensions/Microsoft/CMake/Ninja/ninja.exe" -v cmTC_d8592
        [1/2] "D:\\Microsoft Visual Studio\\18\\Community\\VC\\Tools\\MSVC\\14.51.36231\\bin\\Hostx64\\x64\\cl.exe"  /nologo -D_MBCS  /nologo /DWIN32 /D_WINDOWS /utf-8 /MP   /MDd /Z7 /Ob0 /Od /RTC1 /showIncludes /FoCMakeFiles\\cmTC_d8592.dir\\CheckSymbolExists.c.obj /FdCMakeFiles\\cmTC_d8592.dir\\ /FS -c D:\\WaterSurfaceRendererScratch\\vcpkg_installed\\vcpkg\\blds\\fftw3\\x64-windows-rel\\CMakeFiles\\CMakeScratch\\TryCompile-rixmzo\\CheckSymbolExists.c
        FAILED: [code=2] CMakeFiles/cmTC_d8592.dir/CheckSymbolExists.c.obj 
        "D:\\Microsoft Visual Studio\\18\\Community\\VC\\Tools\\MSVC\\14.51.36231\\bin\\Hostx64\\x64\\cl.exe"  /nologo -D_MBCS  /nologo /DWIN32 /D_WINDOWS /utf-8 /MP   /MDd /Z7 /Ob0 /Od /RTC1 /showIncludes /FoCMakeFiles\\cmTC_d8592.dir\\CheckSymbolExists.c.obj /FdCMakeFiles\\cmTC_d8592.dir\\ /FS -c D:\\WaterSurfaceRendererScratch\\vcpkg_installed\\vcpkg\\blds\\fftw3\\x64-windows-rel\\CMakeFiles\\CMakeScratch\\TryCompile-rixmzo\\CheckSymbolExists.c
        D:\\WaterSurfaceRendererScratch\\vcpkg_installed\\vcpkg\\blds\\fftw3\\x64-windows-rel\\CMakeFiles\\CMakeScratch\\TryCompile-rixmzo\\CheckSymbolExists.c(2): fatal error C1083: 无法打开包括文件: “unistd.h”: No such file or directory
        ninja: build stopped: subcommand failed.
        
      exitCode: 2
  -
    kind: "try_compile-v1"
    backtrace:
      - "D:/Microsoft Visual Studio/18/Community/Common7/IDE/CommonExtensions/Microsoft/CMake/CMake/share/cmake-4.3/Modules/CheckSymbolExists.cmake:193 (try_compile)"
      - "D:/Microsoft Visual Studio/18/Community/Common7/IDE/CommonExtensions/Microsoft/CMake/CMake/share/cmake-4.3/Modules/CheckSymbolExists.cmake:98 (__CHECK_SYMBOL_EXISTS_IMPL)"
      - "CMakeLists.txt:76 (check_symbol_exists)"
    checks:
      - "Looking for drand48"
    directories:
      source: "D:/WaterSurfaceRendererScratch/vcpkg_installed/vcpkg/blds/fftw3/x64-windows-rel/CMakeFiles/CMakeScratch/TryCompile-0mpy3r"
      binary: "D:/WaterSurfaceRendererScratch/vcpkg_installed/vcpkg/blds/fftw3/x64-windows-rel/CMakeFiles/CMakeScratch/TryCompile-0mpy3r"
    cmakeVariables:
      CMAKE_CXX_STDLIB_MODULES_JSON: ""
      CMAKE_C_FLAGS: " /nologo /DWIN32 /D_WINDOWS /utf-8 /MP "
      CMAKE_EXE_LINKER_FLAGS: "/machine:x64"
      CMAKE_MSVC_DEBUG_INFORMATION_FORMAT: ""
      CMAKE_MSVC_RUNTIME_LIBRARY: "MultiThreaded$<$<CONFIG:Debug>:Debug>$<$<STREQUAL:dynamic,dynamic>:DLL>"
      VCPKG_CHAINLOAD_TOOLCHAIN_FILE: "D:/Microsoft Visual Studio/18/Community/VC/vcpkg/scripts/toolchains/windows.cmake"
      VCPKG_CRT_LINKAGE: "dynamic"
      VCPKG_CXX_FLAGS: ""
      VCPKG_CXX_FLAGS_DEBUG: ""
      VCPKG_CXX_FLAGS_RELEASE: ""
      VCPKG_C_FLAGS: ""
      VCPKG_C_FLAGS_DEBUG: ""
      VCPKG_C_FLAGS_RELEASE: ""
      VCPKG_INSTALLED_DIR: "D:/WaterSurfaceRendererScratch/vcpkg_installed"
      VCPKG_LINKER_FLAGS: ""
      VCPKG_LINKER_FLAGS_DEBUG: ""
      VCPKG_LINKER_FLAGS_RELEASE: ""
      VCPKG_PLATFORM_TOOLSET: "v145"
      VCPKG_PREFER_SYSTEM_LIBS: "OFF"
      VCPKG_SET_CHARSET_FLAG: "ON"
      VCPKG_TARGET_ARCHITECTURE: "x64"
      VCPKG_TARGET_TRIPLET: "x64-windows"
      Z_VCPKG_ROOT_DIR: "D:/Microsoft Visual Studio/18/Community/VC/vcpkg"
    buildResult:
      variable: "HAVE_DRAND48"
      cached: true
      stdout: |
        Change Dir: 'D:/WaterSurfaceRendererScratch/vcpkg_installed/vcpkg/blds/fftw3/x64-windows-rel/CMakeFiles/CMakeScratch/TryCompile-0mpy3r'
        
        Run Build Command(s): "D:/Microsoft Visual Studio/18/Community/Common7/IDE/CommonExtensions/Microsoft/CMake/Ninja/ninja.exe" -v cmTC_8c929
        [1/2] "D:\\Microsoft Visual Studio\\18\\Community\\VC\\Tools\\MSVC\\14.51.36231\\bin\\Hostx64\\x64\\cl.exe"  /nologo -D_MBCS  /nologo /DWIN32 /D_WINDOWS /utf-8 /MP   /MDd /Z7 /Ob0 /Od /RTC1 /showIncludes /FoCMakeFiles\\cmTC_8c929.dir\\CheckSymbolExists.c.obj /FdCMakeFiles\\cmTC_8c929.dir\\ /FS -c D:\\WaterSurfaceRendererScratch\\vcpkg_installed\\vcpkg\\blds\\fftw3\\x64-windows-rel\\CMakeFiles\\CMakeScratch\\TryCompile-0mpy3r\\CheckSymbolExists.c
        FAILED: [code=2] CMakeFiles/cmTC_8c929.dir/CheckSymbolExists.c.obj 
        "D:\\Microsoft Visual Studio\\18\\Community\\VC\\Tools\\MSVC\\14.51.36231\\bin\\Hostx64\\x64\\cl.exe"  /nologo -D_MBCS  /nologo /DWIN32 /D_WINDOWS /utf-8 /MP   /MDd /Z7 /Ob0 /Od /RTC1 /showIncludes /FoCMakeFiles\\cmTC_8c929.dir\\CheckSymbolExists.c.obj /FdCMakeFiles\\cmTC_8c929.dir\\ /FS -c D:\\WaterSurfaceRendererScratch\\vcpkg_installed\\vcpkg\\blds\\fftw3\\x64-windows-rel\\CMakeFiles\\CMakeScratch\\TryCompile-0mpy3r\\CheckSymbolExists.c
        D:\\WaterSurfaceRendererScratch\\vcpkg_installed\\vcpkg\\blds\\fftw3\\x64-windows-rel\\CMakeFiles\\CMakeScratch\\TryCompile-0mpy3r\\CheckSymbolExists.c(8): error C2065: “drand48”: 未声明的标识符
        ninja: build stopped: subcommand failed.
        
      exitCode: 2
  -
    kind: "try_compile-v1"
    backtrace:
      - "D:/Microsoft Visual Studio/18/Community/Common7/IDE/CommonExtensions/Microsoft/CMake/CMake/share/cmake-4.3/Modules/CheckSymbolExists.cmake:193 (try_compile)"
      - "D:/Microsoft Visual Studio/18/Community/Common7/IDE/CommonExtensions/Microsoft/CMake/CMake/share/cmake-4.3/Modules/CheckSymbolExists.cmake:98 (__CHECK_SYMBOL_EXISTS_IMPL)"
      - "CMakeLists.txt:77 (check_symbol_exists)"
    checks:
      - "Looking for srand48"
    directories:
      source: "D:/WaterSurfaceRendererScratch/vcpkg_installed/vcpkg/blds/fftw3/x64-windows-rel/CMakeFiles/CMakeScratch/TryCompile-yiu80k"
      binary: "D:/WaterSurfaceRendererScratch/vcpkg_installed/vcpkg/blds/fftw3/x64-windows-rel/CMakeFiles/CMakeScratch/TryCompile-yiu80k"
    cmakeVariables:
      CMAKE_CXX_STDLIB_MODULES_JSON: ""
      CMAKE_C_FLAGS: " /nologo /DWIN32 /D_WINDOWS /utf-8 /MP "
      CMAKE_EXE_LINKER_FLAGS: "/machine:x64"
      CMAKE_MSVC_DEBUG_INFORMATION_FORMAT: ""
      CMAKE_MSVC_RUNTIME_LIBRARY: "MultiThreaded$<$<CONFIG:Debug>:Debug>$<$<STREQUAL:dynamic,dynamic>:DLL>"
      VCPKG_CHAINLOAD_TOOLCHAIN_FILE: "D:/Microsoft Visual Studio/18/Community/VC/vcpkg/scripts/toolchains/windows.cmake"
      VCPKG_CRT_LINKAGE: "dynamic"
      VCPKG_CXX_FLAGS: ""
      VCPKG_CXX_FLAGS_DEBUG: ""
      VCPKG_CXX_FLAGS_RELEASE: ""
      VCPKG_C_FLAGS: ""
      VCPKG_C_FLAGS_DEBUG: ""
      VCPKG_C_FLAGS_RELEASE: ""
      VCPKG_INSTALLED_DIR: "D:/WaterSurfaceRendererScratch/vcpkg_installed"
      VCPKG_LINKER_FLAGS: ""
      VCPKG_LINKER_FLAGS_DEBUG: ""
      VCPKG_LINKER_FLAGS_RELEASE: ""
      VCPKG_PLATFORM_TOOLSET: "v145"
      VCPKG_PREFER_SYSTEM_LIBS: "OFF"
      VCPKG_SET_CHARSET_FLAG: "ON"
      VCPKG_TARGET_ARCHITECTURE: "x64"
      VCPKG_TARGET_TRIPLET: "x64-windows"
      Z_VCPKG_ROOT_DIR: "D:/Microsoft Visual Studio/18/Community/VC/vcpkg"
    buildResult:
      variable: "HAVE_SRAND48"
      cached: true
      stdout: |
        Change Dir: 'D:/WaterSurfaceRendererScratch/vcpkg_installed/vcpkg/blds/fftw3/x64-windows-rel/CMakeFiles/CMakeScratch/TryCompile-yiu80k'
        
        Run Build Command(s): "D:/Microsoft Visual Studio/18/Community/Common7/IDE/CommonExtensions/Microsoft/CMake/Ninja/ninja.exe" -v cmTC_bc277
        [1/2] "D:\\Microsoft Visual Studio\\18\\Community\\VC\\Tools\\MSVC\\14.51.36231\\bin\\Hostx64\\x64\\cl.exe"  /nologo -D_MBCS  /nologo /DWIN32 /D_WINDOWS /utf-8 /MP   /MDd /Z7 /Ob0 /Od /RTC1 /showIncludes /FoCMakeFiles\\cmTC_bc277.dir\\CheckSymbolExists.c.obj /FdCMakeFiles\\cmTC_bc277.dir\\ /FS -c D:\\WaterSurfaceRendererScratch\\vcpkg_installed\\vcpkg\\blds\\fftw3\\x64-windows-rel\\CMakeFiles\\CMakeScratch\\TryCompile-yiu80k\\CheckSymbolExists.c
        FAILED: [code=2] CMakeFiles/cmTC_bc277.dir/CheckSymbolExists.c.obj 
        "D:\\Microsoft Visual Studio\\18\\Community\\VC\\Tools\\MSVC\\14.51.36231\\bin\\Hostx64\\x64\\cl.exe"  /nologo -D_MBCS  /nologo /DWIN32 /D_WINDOWS /utf-8 /MP   /MDd /Z7 /Ob0 /Od /RTC1 /showIncludes /FoCMakeFiles\\cmTC_bc277.dir\\CheckSymbolExists.c.obj /FdCMakeFiles\\cmTC_bc277.dir\\ /FS -c D:\\WaterSurfaceRendererScratch\\vcpkg_installed\\vcpkg\\blds\\fftw3\\x64-windows-rel\\CMakeFiles\\CMakeScratch\\TryCompile-yiu80k\\CheckSymbolExists.c
        D:\\WaterSurfaceRendererScratch\\vcpkg_installed\\vcpkg\\blds\\fftw3\\x64-windows-rel\\CMakeFiles\\CMakeScratch\\TryCompile-yiu80k\\CheckSymbolExists.c(8): error C2065: “srand48”: 未声明的标识符
        ninja: build stopped: subcommand failed.
        
      exitCode: 2
  -
    kind: "try_compile-v1"
    backtrace:
      - "D:/Microsoft Visual Studio/18/Community/Common7/IDE/CommonExtensions/Microsoft/CMake/CMake/share/cmake-4.3/Modules/CheckSymbolExists.cmake:193 (try_compile)"
      - "D:/Microsoft Visual Studio/18/Community/Common7/IDE/CommonExtensions/Microsoft/CMake/CMake/share/cmake-4.3/Modules/CheckSymbolExists.cmake:98 (__CHECK_SYMBOL_EXISTS_IMPL)"
      - "CMakeLists.txt:78 (check_symbol_exists)"
    checks:
      - "Looking for memalign"
    directories:
      source: "D:/WaterSurfaceRendererScratch/vcpkg_installed/vcpkg/blds/fftw3/x64-windows-rel/CMakeFiles/CMakeScratch/TryCompile-ixmb8i"
      binary: "D:/WaterSurfaceRendererScratch/vcpkg_installed/vcpkg/blds/fftw3/x64-windows-rel/CMakeFiles/CMakeScratch/TryCompile-ixmb8i"
    cmakeVariables:
      CMAKE_CXX_STDLIB_MODULES_JSON: ""
      CMAKE_C_FLAGS: " /nologo /DWIN32 /D_WINDOWS /utf-8 /MP "
      CMAKE_EXE_LINKER_FLAGS: "/machine:x64"
      CMAKE_MSVC_DEBUG_INFORMATION_FORMAT: ""
      CMAKE_MSVC_RUNTIME_LIBRARY: "MultiThreaded$<$<CONFIG:Debug>:Debug>$<$<STREQUAL:dynamic,dynamic>:DLL>"
      VCPKG_CHAINLOAD_TOOLCHAIN_FILE: "D:/Microsoft Visual Studio/18/Community/VC/vcpkg/scripts/toolchains/windows.cmake"
      VCPKG_CRT_LINKAGE: "dynamic"
      VCPKG_CXX_FLAGS: ""
      VCPKG_CXX_FLAGS_DEBUG: ""
      VCPKG_CXX_FLAGS_RELEASE: ""
      VCPKG_C_FLAGS: ""
      VCPKG_C_FLAGS_DEBUG: ""
      VCPKG_C_FLAGS_RELEASE: ""
      VCPKG_INSTALLED_DIR: "D:/WaterSurfaceRendererScratch/vcpkg_installed"
      VCPKG_LINKER_FLAGS: ""
      VCPKG_LINKER_FLAGS_DEBUG: ""
      VCPKG_LINKER_FLAGS_RELEASE: ""
      VCPKG_PLATFORM_TOOLSET: "v145"
      VCPKG_PREFER_SYSTEM_LIBS: "OFF"
      VCPKG_SET_CHARSET_FLAG: "ON"
      VCPKG_TARGET_ARCHITECTURE: "x64"
      VCPKG_TARGET_TRIPLET: "x64-windows"
      Z_VCPKG_ROOT_DIR: "D:/Microsoft Visual Studio/18/Community/VC/vcpkg"
    buildResult:
      variable: "HAVE_MEMALIGN"
      cached: true
      stdout: |
        Change Dir: 'D:/WaterSurfaceRendererScratch/vcpkg_installed/vcpkg/blds/fftw3/x64-windows-rel/CMakeFiles/CMakeScratch/TryCompile-ixmb8i'
        
        Run Build Command(s): "D:/Microsoft Visual Studio/18/Community/Common7/IDE/CommonExtensions/Microsoft/CMake/Ninja/ninja.exe" -v cmTC_57ff5
        [1/2] "D:\\Microsoft Visual Studio\\18\\Community\\VC\\Tools\\MSVC\\14.51.36231\\bin\\Hostx64\\x64\\cl.exe"  /nologo -D_MBCS  /nologo /DWIN32 /D_WINDOWS /utf-8 /MP   /MDd /Z7 /Ob0 /Od /RTC1 /showIncludes /FoCMakeFiles\\cmTC_57ff5.dir\\CheckSymbolExists.c.obj /FdCMakeFiles\\cmTC_57ff5.dir\\ /FS -c D:\\WaterSurfaceRendererScratch\\vcpkg_installed\\vcpkg\\blds\\fftw3\\x64-windows-rel\\CMakeFiles\\CMakeScratch\\TryCompile-ixmb8i\\CheckSymbolExists.c
        FAILED: [code=2] CMakeFiles/cmTC_57ff5.dir/CheckSymbolExists.c.obj 
        "D:\\Microsoft Visual Studio\\18\\Community\\VC\\Tools\\MSVC\\14.51.36231\\bin\\Hostx64\\x64\\cl.exe"  /nologo -D_MBCS  /nologo /DWIN32 /D_WINDOWS /utf-8 /MP   /MDd /Z7 /Ob0 /Od /RTC1 /showIncludes /FoCMakeFiles\\cmTC_57ff5.dir\\CheckSymbolExists.c.obj /FdCMakeFiles\\cmTC_57ff5.dir\\ /FS -c D:\\WaterSurfaceRendererScratch\\vcpkg_installed\\vcpkg\\blds\\fftw3\\x64-windows-rel\\CMakeFiles\\CMakeScratch\\TryCompile-ixmb8i\\CheckSymbolExists.c
        D:\\WaterSurfaceRendererScratch\\vcpkg_installed\\vcpkg\\blds\\fftw3\\x64-windows-rel\\CMakeFiles\\CMakeScratch\\TryCompile-ixmb8i\\CheckSymbolExists.c(8): error C2065: “memalign”: 未声明的标识符
        ninja: build stopped: subcommand failed.
        
      exitCode: 2
  -
    kind: "try_compile-v1"
    backtrace:
      - "D:/Microsoft Visual Studio/18/Community/Common7/IDE/CommonExtensions/Microsoft/CMake/CMake/share/cmake-4.3/Modules/CheckSymbolExists.cmake:193 (try_compile)"
      - "D:/Microsoft Visual Studio/18/Community/Common7/IDE/CommonExtensions/Microsoft/CMake/CMake/share/cmake-4.3/Modules/CheckSymbolExists.cmake:98 (__CHECK_SYMBOL_EXISTS_IMPL)"
      - "CMakeLists.txt:79 (check_symbol_exists)"
    checks:
      - "Looking for posix_memalign"
    directories:
      source: "D:/WaterSurfaceRendererScratch/vcpkg_installed/vcpkg/blds/fftw3/x64-windows-rel/CMakeFiles/CMakeScratch/TryCompile-i48rnn"
      binary: "D:/WaterSurfaceRendererScratch/vcpkg_installed/vcpkg/blds/fftw3/x64-windows-rel/CMakeFiles/CMakeScratch/TryCompile-i48rnn"
    cmakeVariables:
      CMAKE_CXX_STDLIB_MODULES_JSON: ""
      CMAKE_C_FLAGS: " /nologo /DWIN32 /D_WINDOWS /utf-8 /MP "
      CMAKE_EXE_LINKER_FLAGS: "/machine:x64"
      CMAKE_MSVC_DEBUG_INFORMATION_FORMAT: ""
      CMAKE_MSVC_RUNTIME_LIBRARY: "MultiThreaded$<$<CONFIG:Debug>:Debug>$<$<STREQUAL:dynamic,dynamic>:DLL>"
      VCPKG_CHAINLOAD_TOOLCHAIN_FILE: "D:/Microsoft Visual Studio/18/Community/VC/vcpkg/scripts/toolchains/windows.cmake"
      VCPKG_CRT_LINKAGE: "dynamic"
      VCPKG_CXX_FLAGS: ""
      VCPKG_CXX_FLAGS_DEBUG: ""
      VCPKG_CXX_FLAGS_RELEASE: ""
      VCPKG_C_FLAGS: ""
      VCPKG_C_FLAGS_DEBUG: ""
      VCPKG_C_FLAGS_RELEASE: ""
      VCPKG_INSTALLED_DIR: "D:/WaterSurfaceRendererScratch/vcpkg_installed"
      VCPKG_LINKER_FLAGS: ""
      VCPKG_LINKER_FLAGS_DEBUG: ""
      VCPKG_LINKER_FLAGS_RELEASE: ""
      VCPKG_PLATFORM_TOOLSET: "v145"
      VCPKG_PREFER_SYSTEM_LIBS: "OFF"
      VCPKG_SET_CHARSET_FLAG: "ON"
      VCPKG_TARGET_ARCHITECTURE: "x64"
      VCPKG_TARGET_TRIPLET: "x64-windows"
      Z_VCPKG_ROOT_DIR: "D:/Microsoft Visual Studio/18/Community/VC/vcpkg"
    buildResult:
      variable: "HAVE_POSIX_MEMALIGN"
      cached: true
      stdout: |
        Change Dir: 'D:/WaterSurfaceRendererScratch/vcpkg_installed/vcpkg/blds/fftw3/x64-windows-rel/CMakeFiles/CMakeScratch/TryCompile-i48rnn'
        
        Run Build Command(s): "D:/Microsoft Visual Studio/18/Community/Common7/IDE/CommonExtensions/Microsoft/CMake/Ninja/ninja.exe" -v cmTC_cce47
        [1/2] "D:\\Microsoft Visual Studio\\18\\Community\\VC\\Tools\\MSVC\\14.51.36231\\bin\\Hostx64\\x64\\cl.exe"  /nologo -D_MBCS  /nologo /DWIN32 /D_WINDOWS /utf-8 /MP   /MDd /Z7 /Ob0 /Od /RTC1 /showIncludes /FoCMakeFiles\\cmTC_cce47.dir\\CheckSymbolExists.c.obj /FdCMakeFiles\\cmTC_cce47.dir\\ /FS -c D:\\WaterSurfaceRendererScratch\\vcpkg_installed\\vcpkg\\blds\\fftw3\\x64-windows-rel\\CMakeFiles\\CMakeScratch\\TryCompile-i48rnn\\CheckSymbolExists.c
        FAILED: [code=2] CMakeFiles/cmTC_cce47.dir/CheckSymbolExists.c.obj 
        "D:\\Microsoft Visual Studio\\18\\Community\\VC\\Tools\\MSVC\\14.51.36231\\bin\\Hostx64\\x64\\cl.exe"  /nologo -D_MBCS  /nologo /DWIN32 /D_WINDOWS /utf-8 /MP   /MDd /Z7 /Ob0 /Od /RTC1 /showIncludes /FoCMakeFiles\\cmTC_cce47.dir\\CheckSymbolExists.c.obj /FdCMakeFiles\\cmTC_cce47.dir\\ /FS -c D:\\WaterSurfaceRendererScratch\\vcpkg_installed\\vcpkg\\blds\\fftw3\\x64-windows-rel\\CMakeFiles\\CMakeScratch\\TryCompile-i48rnn\\CheckSymbolExists.c
        D:\\WaterSurfaceRendererScratch\\vcpkg_installed\\vcpkg\\blds\\fftw3\\x64-windows-rel\\CMakeFiles\\CMakeScratch\\TryCompile-i48rnn\\CheckSymbolExists.c(8): error C2065: “posix_memalign”: 未声明的标识符
        ninja: build stopped: subcommand failed.
        
      exitCode: 2
  -
    kind: "try_compile-v1"
    backtrace:
      - "D:/Microsoft Visual Studio/18/Community/Common7/IDE/CommonExtensions/Microsoft/CMake/CMake/share/cmake-4.3/Modules/CheckSymbolExists.cmake:193 (try_compile)"
      - "D:/Microsoft Visual Studio/18/Community/Common7/IDE/CommonExtensions/Microsoft/CMake/CMake/share/cmake-4.3/Modules/CheckSymbolExists.cmake:98 (__CHECK_SYMBOL_EXISTS_IMPL)"
      - "CMakeLists.txt:80 (check_symbol_exists)"
    checks:
      - "Looking for _aligned_malloc"
    directories:
      source: "D:/WaterSurfaceRendererScratch/vcpkg_installed/vcpkg/blds/fftw3/x64-windows-rel/CMakeFiles/CMakeScratch/TryCompile-qdzsya"
      binary: "D:/WaterSurfaceRendererScratch/vcpkg_installed/vcpkg/blds/fftw3/x64-windows-rel/CMakeFiles/CMakeScratch/TryCompile-qdzsya"
    cmakeVariables:
      CMAKE_CXX_STDLIB_MODULES_JSON: ""
      CMAKE_C_FLAGS: " /nologo /DWIN32 /D_WINDOWS /utf-8 /MP "
      CMAKE_EXE_LINKER_FLAGS: "/machine:x64"
      CMAKE_MSVC_DEBUG_INFORMATION_FORMAT: ""
      CMAKE_MSVC_RUNTIME_LIBRARY: "MultiThreaded$<$<CONFIG:Debug>:Debug>$<$<STREQUAL:dynamic,dynamic>:DLL>"
      VCPKG_CHAINLOAD_TOOLCHAIN_FILE: "D:/Microsoft Visual Studio/18/Community/VC/vcpkg/scripts/toolchains/windows.cmake"
      VCPKG_CRT_LINKAGE: "dynamic"
      VCPKG_CXX_FLAGS: ""
      VCPKG_CXX_FLAGS_DEBUG: ""
      VCPKG_CXX_FLAGS_RELEASE: ""
      VCPKG_C_FLAGS: ""
      VCPKG_C_FLAGS_DEBUG: ""
      VCPKG_C_FLAGS_RELEASE: ""
      VCPKG_INSTALLED_DIR: "D:/WaterSurfaceRendererScratch/vcpkg_installed"
      VCPKG_LINKER_FLAGS: ""
      VCPKG_LINKER_FLAGS_DEBUG: ""
      VCPKG_LINKER_FLAGS_RELEASE: ""
      VCPKG_PLATFORM_TOOLSET: "v145"
      VCPKG_PREFER_SYSTEM_LIBS: "OFF"
      VCPKG_SET_CHARSET_FLAG: "ON"
      VCPKG_TARGET_ARCHITECTURE: "x64"
      VCPKG_TARGET_TRIPLET: "x64-windows"
      Z_VCPKG_ROOT_DIR: "D:/Microsoft Visual Studio/18/Community/VC/vcpkg"
    buildResult:
      variable: "HAVE_ALIGNED_MALLOC"
      cached: true
      stdout: |
        Change Dir: 'D:/WaterSurfaceRendererScratch/vcpkg_installed/vcpkg/blds/fftw3/x64-windows-rel/CMakeFiles/CMakeScratch/TryCompile-qdzsya'
        
        Run Build Command(s): "D:/Microsoft Visual Studio/18/Community/Common7/IDE/CommonExtensions/Microsoft/CMake/Ninja/ninja.exe" -v cmTC_c3fc5
        [1/2] "D:\\Microsoft Visual Studio\\18\\Community\\VC\\Tools\\MSVC\\14.51.36231\\bin\\Hostx64\\x64\\cl.exe"  /nologo -D_MBCS  /nologo /DWIN32 /D_WINDOWS /utf-8 /MP   /MDd /Z7 /Ob0 /Od /RTC1 /showIncludes /FoCMakeFiles\\cmTC_c3fc5.dir\\CheckSymbolExists.c.obj /FdCMakeFiles\\cmTC_c3fc5.dir\\ /FS -c D:\\WaterSurfaceRendererScratch\\vcpkg_installed\\vcpkg\\blds\\fftw3\\x64-windows-rel\\CMakeFiles\\CMakeScratch\\TryCompile-qdzsya\\CheckSymbolExists.c
        [2/2] C:\\windows\\system32\\cmd.exe /C "cd . && "D:\\Microsoft Visual Studio\\18\\Community\\Common7\\IDE\\CommonExtensions\\Microsoft\\CMake\\CMake\\bin\\cmake.exe" -E vs_link_exe --msvc-ver=1951 --intdir=CMakeFiles\\cmTC_c3fc5.dir --rc=C:\\PROGRA~2\\WI3CF2~1\\10\\bin\\100261~1.0\\x64\\rc.exe --mt=C:\\PROGRA~2\\WI3CF2~1\\10\\bin\\100261~1.0\\x64\\mt.exe --manifests  -- "D:\\Microsoft Visual Studio\\18\\Community\\VC\\Tools\\MSVC\\14.51.36231\\bin\\Hostx64\\x64\\link.exe" /nologo CMakeFiles\\cmTC_c3fc5.dir\\CheckSymbolExists.c.obj  /out:cmTC_c3fc5.exe /implib:cmTC_c3fc5.lib /pdb:cmTC_c3fc5.pdb /version:0.0 /machine:x64 /nologo /debug /INCREMENTAL /subsystem:console  kernel32.lib user32.lib gdi32.lib winspool.lib shell32.lib ole32.lib oleaut32.lib uuid.lib comdlg32.lib advapi32.lib && cd ."
        
      exitCode: 0
  -
    kind: "try_compile-v1"
    backtrace:
      - "D:/Microsoft Visual Studio/18/Community/Common7/IDE/CommonExtensions/Microsoft/CMake/CMake/share/cmake-4.3/Modules/CheckSymbolExists.cmake:193 (try_compile)"
      - "D:/Microsoft Visual Studio/18/Community/Common7/IDE/CommonExtensions/Microsoft/CMake/CMake/share/cmake-4.3/Modules/CheckSymbolExists.cmake:98 (__CHECK_SYMBOL_EXISTS_IMPL)"
      - "CMakeLists.txt:81 (check_symbol_exists)"
    checks:
      - "Looking for mach_absolute_time"
    directories:
      source: "D:/WaterSurfaceRendererScratch/vcpkg_installed/vcpkg/blds/fftw3/x64-windows-rel/CMakeFiles/CMakeScratch/TryCompile-7n81cu"
      binary: "D:/WaterSurfaceRendererScratch/vcpkg_installed/vcpkg/blds/fftw3/x64-windows-rel/CMakeFiles/CMakeScratch/TryCompile-7n81cu"
    cmakeVariables:
      CMAKE_CXX_STDLIB_MODULES_JSON: ""
      CMAKE_C_FLAGS: " /nologo /DWIN32 /D_WINDOWS /utf-8 /MP "
      CMAKE_EXE_LINKER_FLAGS: "/machine:x64"
      CMAKE_MSVC_DEBUG_INFORMATION_FORMAT: ""
      CMAKE_MSVC_RUNTIME_LIBRARY: "MultiThreaded$<$<CONFIG:Debug>:Debug>$<$<STREQUAL:dynamic,dynamic>:DLL>"
      VCPKG_CHAINLOAD_TOOLCHAIN_FILE: "D:/Microsoft Visual Studio/18/Community/VC/vcpkg/scripts/toolchains/windows.cmake"
      VCPKG_CRT_LINKAGE: "dynamic"
      VCPKG_CXX_FLAGS: ""
      VCPKG_CXX_FLAGS_DEBUG: ""
      VCPKG_CXX_FLAGS_RELEASE: ""
      VCPKG_C_FLAGS: ""
      VCPKG_C_FLAGS_DEBUG: ""
      VCPKG_C_FLAGS_RELEASE: ""
      VCPKG_INSTALLED_DIR: "D:/WaterSurfaceRendererScratch/vcpkg_installed"
      VCPKG_LINKER_FLAGS: ""
      VCPKG_LINKER_FLAGS_DEBUG: ""
      VCPKG_LINKER_FLAGS_RELEASE: ""
      VCPKG_PLATFORM_TOOLSET: "v145"
      VCPKG_PREFER_SYSTEM_LIBS: "OFF"
      VCPKG_SET_CHARSET_FLAG: "ON"
      VCPKG_TARGET_ARCHITECTURE: "x64"
      VCPKG_TARGET_TRIPLET: "x64-windows"
      Z_VCPKG_ROOT_DIR: "D:/Microsoft Visual Studio/18/Community/VC/vcpkg"
    buildResult:
      variable: "HAVE_MACH_ABSOLUTE_TIME"
      cached: true
      stdout: |
        Change Dir: 'D:/WaterSurfaceRendererScratch/vcpkg_installed/vcpkg/blds/fftw3/x64-windows-rel/CMakeFiles/CMakeScratch/TryCompile-7n81cu'
        
        Run Build Command(s): "D:/Microsoft Visual Studio/18/Community/Common7/IDE/CommonExtensions/Microsoft/CMake/Ninja/ninja.exe" -v cmTC_b7f86
        [1/2] "D:\\Microsoft Visual Studio\\18\\Community\\VC\\Tools\\MSVC\\14.51.36231\\bin\\Hostx64\\x64\\cl.exe"  /nologo -D_MBCS  /nologo /DWIN32 /D_WINDOWS /utf-8 /MP   /MDd /Z7 /Ob0 /Od /RTC1 /showIncludes /FoCMakeFiles\\cmTC_b7f86.dir\\CheckSymbolExists.c.obj /FdCMakeFiles\\cmTC_b7f86.dir\\ /FS -c D:\\WaterSurfaceRendererScratch\\vcpkg_installed\\vcpkg\\blds\\fftw3\\x64-windows-rel\\CMakeFiles\\CMakeScratch\\TryCompile-7n81cu\\CheckSymbolExists.c
        FAILED: [code=2] CMakeFiles/cmTC_b7f86.dir/CheckSymbolExists.c.obj 
        "D:\\Microsoft Visual Studio\\18\\Community\\VC\\Tools\\MSVC\\14.51.36231\\bin\\Hostx64\\x64\\cl.exe"  /nologo -D_MBCS  /nologo /DWIN32 /D_WINDOWS /utf-8 /MP   /MDd /Z7 /Ob0 /Od /RTC1 /showIncludes /FoCMakeFiles\\cmTC_b7f86.dir\\CheckSymbolExists.c.obj /FdCMakeFiles\\cmTC_b7f86.dir\\ /FS -c D:\\WaterSurfaceRendererScratch\\vcpkg_installed\\vcpkg\\blds\\fftw3\\x64-windows-rel\\CMakeFiles\\CMakeScratch\\TryCompile-7n81cu\\CheckSymbolExists.c
        D:\\WaterSurfaceRendererScratch\\vcpkg_installed\\vcpkg\\blds\\fftw3\\x64-windows-rel\\CMakeFiles\\CMakeScratch\\TryCompile-7n81cu\\CheckSymbolExists.c(2): fatal error C1083: 无法打开包括文件: “mach/mach_time.h”: No such file or directory
        ninja: build stopped: subcommand failed.
        
      exitCode: 2
  -
    kind: "try_compile-v1"
    backtrace:
      - "D:/Microsoft Visual Studio/18/Community/Common7/IDE/CommonExtensions/Microsoft/CMake/CMake/share/cmake-4.3/Modules/CheckSymbolExists.cmake:193 (try_compile)"
      - "D:/Microsoft Visual Studio/18/Community/Common7/IDE/CommonExtensions/Microsoft/CMake/CMake/share/cmake-4.3/Modules/CheckSymbolExists.cmake:98 (__CHECK_SYMBOL_EXISTS_IMPL)"
      - "CMakeLists.txt:82 (check_symbol_exists)"
    checks:
      - "Looking for alloca"
    directories:
      source: "D:/WaterSurfaceRendererScratch/vcpkg_installed/vcpkg/blds/fftw3/x64-windows-rel/CMakeFiles/CMakeScratch/TryCompile-9updc0"
      binary: "D:/WaterSurfaceRendererScratch/vcpkg_installed/vcpkg/blds/fftw3/x64-windows-rel/CMakeFiles/CMakeScratch/TryCompile-9updc0"
    cmakeVariables:
      CMAKE_CXX_STDLIB_MODULES_JSON: ""
      CMAKE_C_FLAGS: " /nologo /DWIN32 /D_WINDOWS /utf-8 /MP "
      CMAKE_EXE_LINKER_FLAGS: "/machine:x64"
      CMAKE_MSVC_DEBUG_INFORMATION_FORMAT: ""
      CMAKE_MSVC_RUNTIME_LIBRARY: "MultiThreaded$<$<CONFIG:Debug>:Debug>$<$<STREQUAL:dynamic,dynamic>:DLL>"
      VCPKG_CHAINLOAD_TOOLCHAIN_FILE: "D:/Microsoft Visual Studio/18/Community/VC/vcpkg/scripts/toolchains/windows.cmake"
      VCPKG_CRT_LINKAGE: "dynamic"
      VCPKG_CXX_FLAGS: ""
      VCPKG_CXX_FLAGS_DEBUG: ""
      VCPKG_CXX_FLAGS_RELEASE: ""
      VCPKG_C_FLAGS: ""
      VCPKG_C_FLAGS_DEBUG: ""
      VCPKG_C_FLAGS_RELEASE: ""
      VCPKG_INSTALLED_DIR: "D:/WaterSurfaceRendererScratch/vcpkg_installed"
      VCPKG_LINKER_FLAGS: ""
      VCPKG_LINKER_FLAGS_DEBUG: ""
      VCPKG_LINKER_FLAGS_RELEASE: ""
      VCPKG_PLATFORM_TOOLSET: "v145"
      VCPKG_PREFER_SYSTEM_LIBS: "OFF"
      VCPKG_SET_CHARSET_FLAG: "ON"
      VCPKG_TARGET_ARCHITECTURE: "x64"
      VCPKG_TARGET_TRIPLET: "x64-windows"
      Z_VCPKG_ROOT_DIR: "D:/Microsoft Visual Studio/18/Community/VC/vcpkg"
    buildResult:
      variable: "HAVE_ALLOCA"
      cached: true
      stdout: |
        Change Dir: 'D:/WaterSurfaceRendererScratch/vcpkg_installed/vcpkg/blds/fftw3/x64-windows-rel/CMakeFiles/CMakeScratch/TryCompile-9updc0'
        
        Run Build Command(s): "D:/Microsoft Visual Studio/18/Community/Common7/IDE/CommonExtensions/Microsoft/CMake/Ninja/ninja.exe" -v cmTC_ac794
        [1/2] "D:\\Microsoft Visual Studio\\18\\Community\\VC\\Tools\\MSVC\\14.51.36231\\bin\\Hostx64\\x64\\cl.exe"  /nologo -D_MBCS  /nologo /DWIN32 /D_WINDOWS /utf-8 /MP   /MDd /Z7 /Ob0 /Od /RTC1 /showIncludes /FoCMakeFiles\\cmTC_ac794.dir\\CheckSymbolExists.c.obj /FdCMakeFiles\\cmTC_ac794.dir\\ /FS -c D:\\WaterSurfaceRendererScratch\\vcpkg_installed\\vcpkg\\blds\\fftw3\\x64-windows-rel\\CMakeFiles\\CMakeScratch\\TryCompile-9updc0\\CheckSymbolExists.c
        FAILED: [code=2] CMakeFiles/cmTC_ac794.dir/CheckSymbolExists.c.obj 
        "D:\\Microsoft Visual Studio\\18\\Community\\VC\\Tools\\MSVC\\14.51.36231\\bin\\Hostx64\\x64\\cl.exe"  /nologo -D_MBCS  /nologo /DWIN32 /D_WINDOWS /utf-8 /MP   /MDd /Z7 /Ob0 /Od /RTC1 /showIncludes /FoCMakeFiles\\cmTC_ac794.dir\\CheckSymbolExists.c.obj /FdCMakeFiles\\cmTC_ac794.dir\\ /FS -c D:\\WaterSurfaceRendererScratch\\vcpkg_installed\\vcpkg\\blds\\fftw3\\x64-windows-rel\\CMakeFiles\\CMakeScratch\\TryCompile-9updc0\\CheckSymbolExists.c
        D:\\WaterSurfaceRendererScratch\\vcpkg_installed\\vcpkg\\blds\\fftw3\\x64-windows-rel\\CMakeFiles\\CMakeScratch\\TryCompile-9updc0\\CheckSymbolExists.c(2): fatal error C1083: 无法打开包括文件: “alloca.h”: No such file or directory
        ninja: build stopped: subcommand failed.
        
      exitCode: 2
  -
    kind: "try_compile-v1"
    backtrace:
      - "D:/Microsoft Visual Studio/18/Community/Common7/IDE/CommonExtensions/Microsoft/CMake/CMake/share/cmake-4.3/Modules/CheckSymbolExists.cmake:193 (try_compile)"
      - "D:/Microsoft Visual Studio/18/Community/Common7/IDE/CommonExtensions/Microsoft/CMake/CMake/share/cmake-4.3/Modules/CheckSymbolExists.cmake:98 (__CHECK_SYMBOL_EXISTS_IMPL)"
      - "CMakeLists.txt:85 (check_symbol_exists)"
    checks:
      - "Looking for alloca"
    directories:
      source: "D:/WaterSurfaceRendererScratch/vcpkg_installed/vcpkg/blds/fftw3/x64-windows-rel/CMakeFiles/CMakeScratch/TryCompile-w5ml20"
      binary: "D:/WaterSurfaceRendererScratch/vcpkg_installed/vcpkg/blds/fftw3/x64-windows-rel/CMakeFiles/CMakeScratch/TryCompile-w5ml20"
    cmakeVariables:
      CMAKE_CXX_STDLIB_MODULES_JSON: ""
      CMAKE_C_FLAGS: " /nologo /DWIN32 /D_WINDOWS /utf-8 /MP "
      CMAKE_EXE_LINKER_FLAGS: "/machine:x64"
      CMAKE_MSVC_DEBUG_INFORMATION_FORMAT: ""
      CMAKE_MSVC_RUNTIME_LIBRARY: "MultiThreaded$<$<CONFIG:Debug>:Debug>$<$<STREQUAL:dynamic,dynamic>:DLL>"
      VCPKG_CHAINLOAD_TOOLCHAIN_FILE: "D:/Microsoft Visual Studio/18/Community/VC/vcpkg/scripts/toolchains/windows.cmake"
      VCPKG_CRT_LINKAGE: "dynamic"
      VCPKG_CXX_FLAGS: ""
      VCPKG_CXX_FLAGS_DEBUG: ""
      VCPKG_CXX_FLAGS_RELEASE: ""
      VCPKG_C_FLAGS: ""
      VCPKG_C_FLAGS_DEBUG: ""
      VCPKG_C_FLAGS_RELEASE: ""
      VCPKG_INSTALLED_DIR: "D:/WaterSurfaceRendererScratch/vcpkg_installed"
      VCPKG_LINKER_FLAGS: ""
      VCPKG_LINKER_FLAGS_DEBUG: ""
      VCPKG_LINKER_FLAGS_RELEASE: ""
      VCPKG_PLATFORM_TOOLSET: "v145"
      VCPKG_PREFER_SYSTEM_LIBS: "OFF"
      VCPKG_SET_CHARSET_FLAG: "ON"
      VCPKG_TARGET_ARCHITECTURE: "x64"
      VCPKG_TARGET_TRIPLET: "x64-windows"
      Z_VCPKG_ROOT_DIR: "D:/Microsoft Visual Studio/18/Community/VC/vcpkg"
    buildResult:
      variable: "HAVE_ALLOCA"
      cached: true
      stdout: |
        Change Dir: 'D:/WaterSurfaceRendererScratch/vcpkg_installed/vcpkg/blds/fftw3/x64-windows-rel/CMakeFiles/CMakeScratch/TryCompile-w5ml20'
        
        Run Build Command(s): "D:/Microsoft Visual Studio/18/Community/Common7/IDE/CommonExtensions/Microsoft/CMake/Ninja/ninja.exe" -v cmTC_e4f0e
        [1/2] "D:\\Microsoft Visual Studio\\18\\Community\\VC\\Tools\\MSVC\\14.51.36231\\bin\\Hostx64\\x64\\cl.exe"  /nologo -D_MBCS  /nologo /DWIN32 /D_WINDOWS /utf-8 /MP   /MDd /Z7 /Ob0 /Od /RTC1 /showIncludes /FoCMakeFiles\\cmTC_e4f0e.dir\\CheckSymbolExists.c.obj /FdCMakeFiles\\cmTC_e4f0e.dir\\ /FS -c D:\\WaterSurfaceRendererScratch\\vcpkg_installed\\vcpkg\\blds\\fftw3\\x64-windows-rel\\CMakeFiles\\CMakeScratch\\TryCompile-w5ml20\\CheckSymbolExists.c
        [2/2] C:\\windows\\system32\\cmd.exe /C "cd . && "D:\\Microsoft Visual Studio\\18\\Community\\Common7\\IDE\\CommonExtensions\\Microsoft\\CMake\\CMake\\bin\\cmake.exe" -E vs_link_exe --msvc-ver=1951 --intdir=CMakeFiles\\cmTC_e4f0e.dir --rc=C:\\PROGRA~2\\WI3CF2~1\\10\\bin\\100261~1.0\\x64\\rc.exe --mt=C:\\PROGRA~2\\WI3CF2~1\\10\\bin\\100261~1.0\\x64\\mt.exe --manifests  -- "D:\\Microsoft Visual Studio\\18\\Community\\VC\\Tools\\MSVC\\14.51.36231\\bin\\Hostx64\\x64\\link.exe" /nologo CMakeFiles\\cmTC_e4f0e.dir\\CheckSymbolExists.c.obj  /out:cmTC_e4f0e.exe /implib:cmTC_e4f0e.lib /pdb:cmTC_e4f0e.pdb /version:0.0 /machine:x64 /nologo /debug /INCREMENTAL /subsystem:console  kernel32.lib user32.lib gdi32.lib winspool.lib shell32.lib ole32.lib oleaut32.lib uuid.lib comdlg32.lib advapi32.lib && cd ."
        
      exitCode: 0
  -
    kind: "try_compile-v1"
    backtrace:
      - "D:/Microsoft Visual Studio/18/Community/Common7/IDE/CommonExtensions/Microsoft/CMake/CMake/share/cmake-4.3/Modules/CheckSymbolExists.cmake:193 (try_compile)"
      - "D:/Microsoft Visual Studio/18/Community/Common7/IDE/CommonExtensions/Microsoft/CMake/CMake/share/cmake-4.3/Modules/CheckSymbolExists.cmake:98 (__CHECK_SYMBOL_EXISTS_IMPL)"
      - "CMakeLists.txt:87 (check_symbol_exists)"
    checks:
      - "Looking for isnan"
    directories:
      source: "D:/WaterSurfaceRendererScratch/vcpkg_installed/vcpkg/blds/fftw3/x64-windows-rel/CMakeFiles/CMakeScratch/TryCompile-v9yhbz"
      binary: "D:/WaterSurfaceRendererScratch/vcpkg_installed/vcpkg/blds/fftw3/x64-windows-rel/CMakeFiles/CMakeScratch/TryCompile-v9yhbz"
    cmakeVariables:
      CMAKE_CXX_STDLIB_MODULES_JSON: ""
      CMAKE_C_FLAGS: " /nologo /DWIN32 /D_WINDOWS /utf-8 /MP "
      CMAKE_EXE_LINKER_FLAGS: "/machine:x64"
      CMAKE_MSVC_DEBUG_INFORMATION_FORMAT: ""
      CMAKE_MSVC_RUNTIME_LIBRARY: "MultiThreaded$<$<CONFIG:Debug>:Debug>$<$<STREQUAL:dynamic,dynamic>:DLL>"
      VCPKG_CHAINLOAD_TOOLCHAIN_FILE: "D:/Microsoft Visual Studio/18/Community/VC/vcpkg/scripts/toolchains/windows.cmake"
      VCPKG_CRT_LINKAGE: "dynamic"
      VCPKG_CXX_FLAGS: ""
      VCPKG_CXX_FLAGS_DEBUG: ""
      VCPKG_CXX_FLAGS_RELEASE: ""
      VCPKG_C_FLAGS: ""
      VCPKG_C_FLAGS_DEBUG: ""
      VCPKG_C_FLAGS_RELEASE: ""
      VCPKG_INSTALLED_DIR: "D:/WaterSurfaceRendererScratch/vcpkg_installed"
      VCPKG_LINKER_FLAGS: ""
      VCPKG_LINKER_FLAGS_DEBUG: ""
      VCPKG_LINKER_FLAGS_RELEASE: ""
      VCPKG_PLATFORM_TOOLSET: "v145"
      VCPKG_PREFER_SYSTEM_LIBS: "OFF"
      VCPKG_SET_CHARSET_FLAG: "ON"
      VCPKG_TARGET_ARCHITECTURE: "x64"
      VCPKG_TARGET_TRIPLET: "x64-windows"
      Z_VCPKG_ROOT_DIR: "D:/Microsoft Visual Studio/18/Community/VC/vcpkg"
    buildResult:
      variable: "HAVE_ISNAN"
      cached: true
      stdout: |
        Change Dir: 'D:/WaterSurfaceRendererScratch/vcpkg_installed/vcpkg/blds/fftw3/x64-windows-rel/CMakeFiles/CMakeScratch/TryCompile-v9yhbz'
        
        Run Build Command(s): "D:/Microsoft Visual Studio/18/Community/Common7/IDE/CommonExtensions/Microsoft/CMake/Ninja/ninja.exe" -v cmTC_df70a
        [1/2] "D:\\Microsoft Visual Studio\\18\\Community\\VC\\Tools\\MSVC\\14.51.36231\\bin\\Hostx64\\x64\\cl.exe"  /nologo -D_MBCS  /nologo /DWIN32 /D_WINDOWS /utf-8 /MP   /MDd /Z7 /Ob0 /Od /RTC1 /showIncludes /FoCMakeFiles\\cmTC_df70a.dir\\CheckSymbolExists.c.obj /FdCMakeFiles\\cmTC_df70a.dir\\ /FS -c D:\\WaterSurfaceRendererScratch\\vcpkg_installed\\vcpkg\\blds\\fftw3\\x64-windows-rel\\CMakeFiles\\CMakeScratch\\TryCompile-v9yhbz\\CheckSymbolExists.c
        [2/2] C:\\windows\\system32\\cmd.exe /C "cd . && "D:\\Microsoft Visual Studio\\18\\Community\\Common7\\IDE\\CommonExtensions\\Microsoft\\CMake\\CMake\\bin\\cmake.exe" -E vs_link_exe --msvc-ver=1951 --intdir=CMakeFiles\\cmTC_df70a.dir --rc=C:\\PROGRA~2\\WI3CF2~1\\10\\bin\\100261~1.0\\x64\\rc.exe --mt=C:\\PROGRA~2\\WI3CF2~1\\10\\bin\\100261~1.0\\x64\\mt.exe --manifests  -- "D:\\Microsoft Visual Studio\\18\\Community\\VC\\Tools\\MSVC\\14.51.36231\\bin\\Hostx64\\x64\\link.exe" /nologo CMakeFiles\\cmTC_df70a.dir\\CheckSymbolExists.c.obj  /out:cmTC_df70a.exe /implib:cmTC_df70a.lib /pdb:cmTC_df70a.pdb /version:0.0 /machine:x64 /nologo /debug /INCREMENTAL /subsystem:console  kernel32.lib user32.lib gdi32.lib winspool.lib shell32.lib ole32.lib oleaut32.lib uuid.lib comdlg32.lib advapi32.lib && cd ."
        
      exitCode: 0
  -
    kind: "try_compile-v1"
    backtrace:
      - "D:/Microsoft Visual Studio/18/Community/Common7/IDE/CommonExtensions/Microsoft/CMake/CMake/share/cmake-4.3/Modules/CheckSymbolExists.cmake:193 (try_compile)"
      - "D:/Microsoft Visual Studio/18/Community/Common7/IDE/CommonExtensions/Microsoft/CMake/CMake/share/cmake-4.3/Modules/CheckSymbolExists.cmake:98 (__CHECK_SYMBOL_EXISTS_IMPL)"
      - "CMakeLists.txt:88 (check_symbol_exists)"
    checks:
      - "Looking for snprintf"
    directories:
      source: "D:/WaterSurfaceRendererScratch/vcpkg_installed/vcpkg/blds/fftw3/x64-windows-rel/CMakeFiles/CMakeScratch/TryCompile-vldubp"
      binary: "D:/WaterSurfaceRendererScratch/vcpkg_installed/vcpkg/blds/fftw3/x64-windows-rel/CMakeFiles/CMakeScratch/TryCompile-vldubp"
    cmakeVariables:
      CMAKE_CXX_STDLIB_MODULES_JSON: ""
      CMAKE_C_FLAGS: " /nologo /DWIN32 /D_WINDOWS /utf-8 /MP "
      CMAKE_EXE_LINKER_FLAGS: "/machine:x64"
      CMAKE_MSVC_DEBUG_INFORMATION_FORMAT: ""
      CMAKE_MSVC_RUNTIME_LIBRARY: "MultiThreaded$<$<CONFIG:Debug>:Debug>$<$<STREQUAL:dynamic,dynamic>:DLL>"
      VCPKG_CHAINLOAD_TOOLCHAIN_FILE: "D:/Microsoft Visual Studio/18/Community/VC/vcpkg/scripts/toolchains/windows.cmake"
      VCPKG_CRT_LINKAGE: "dynamic"
      VCPKG_CXX_FLAGS: ""
      VCPKG_CXX_FLAGS_DEBUG: ""
      VCPKG_CXX_FLAGS_RELEASE: ""
      VCPKG_C_FLAGS: ""
      VCPKG_C_FLAGS_DEBUG: ""
      VCPKG_C_FLAGS_RELEASE: ""
      VCPKG_INSTALLED_DIR: "D:/WaterSurfaceRendererScratch/vcpkg_installed"
      VCPKG_LINKER_FLAGS: ""
      VCPKG_LINKER_FLAGS_DEBUG: ""
      VCPKG_LINKER_FLAGS_RELEASE: ""
      VCPKG_PLATFORM_TOOLSET: "v145"
      VCPKG_PREFER_SYSTEM_LIBS: "OFF"
      VCPKG_SET_CHARSET_FLAG: "ON"
      VCPKG_TARGET_ARCHITECTURE: "x64"
      VCPKG_TARGET_TRIPLET: "x64-windows"
      Z_VCPKG_ROOT_DIR: "D:/Microsoft Visual Studio/18/Community/VC/vcpkg"
    buildResult:
      variable: "HAVE_SNPRINTF"
      cached: true
      stdout: |
        Change Dir: 'D:/WaterSurfaceRendererScratch/vcpkg_installed/vcpkg/blds/fftw3/x64-windows-rel/CMakeFiles/CMakeScratch/TryCompile-vldubp'
        
        Run Build Command(s): "D:/Microsoft Visual Studio/18/Community/Common7/IDE/CommonExtensions/Microsoft/CMake/Ninja/ninja.exe" -v cmTC_b1e56
        [1/2] "D:\\Microsoft Visual Studio\\18\\Community\\VC\\Tools\\MSVC\\14.51.36231\\bin\\Hostx64\\x64\\cl.exe"  /nologo -D_MBCS  /nologo /DWIN32 /D_WINDOWS /utf-8 /MP   /MDd /Z7 /Ob0 /Od /RTC1 /showIncludes /FoCMakeFiles\\cmTC_b1e56.dir\\CheckSymbolExists.c.obj /FdCMakeFiles\\cmTC_b1e56.dir\\ /FS -c D:\\WaterSurfaceRendererScratch\\vcpkg_installed\\vcpkg\\blds\\fftw3\\x64-windows-rel\\CMakeFiles\\CMakeScratch\\TryCompile-vldubp\\CheckSymbolExists.c
        [2/2] C:\\windows\\system32\\cmd.exe /C "cd . && "D:\\Microsoft Visual Studio\\18\\Community\\Common7\\IDE\\CommonExtensions\\Microsoft\\CMake\\CMake\\bin\\cmake.exe" -E vs_link_exe --msvc-ver=1951 --intdir=CMakeFiles\\cmTC_b1e56.dir --rc=C:\\PROGRA~2\\WI3CF2~1\\10\\bin\\100261~1.0\\x64\\rc.exe --mt=C:\\PROGRA~2\\WI3CF2~1\\10\\bin\\100261~1.0\\x64\\mt.exe --manifests  -- "D:\\Microsoft Visual Studio\\18\\Community\\VC\\Tools\\MSVC\\14.51.36231\\bin\\Hostx64\\x64\\link.exe" /nologo CMakeFiles\\cmTC_b1e56.dir\\CheckSymbolExists.c.obj  /out:cmTC_b1e56.exe /implib:cmTC_b1e56.lib /pdb:cmTC_b1e56.pdb /version:0.0 /machine:x64 /nologo /debug /INCREMENTAL /subsystem:console  kernel32.lib user32.lib gdi32.lib winspool.lib shell32.lib ole32.lib oleaut32.lib uuid.lib comdlg32.lib advapi32.lib && cd ."
        
      exitCode: 0
  -
    kind: "try_compile-v1"
    backtrace:
      - "D:/Microsoft Visual Studio/18/Community/Common7/IDE/CommonExtensions/Microsoft/CMake/CMake/share/cmake-4.3/Modules/CheckSymbolExists.cmake:193 (try_compile)"
      - "D:/Microsoft Visual Studio/18/Community/Common7/IDE/CommonExtensions/Microsoft/CMake/CMake/share/cmake-4.3/Modules/CheckSymbolExists.cmake:98 (__CHECK_SYMBOL_EXISTS_IMPL)"
      - "CMakeLists.txt:89 (check_symbol_exists)"
    checks:
      - "Looking for strchr"
    directories:
      source: "D:/WaterSurfaceRendererScratch/vcpkg_installed/vcpkg/blds/fftw3/x64-windows-rel/CMakeFiles/CMakeScratch/TryCompile-6nj01p"
      binary: "D:/WaterSurfaceRendererScratch/vcpkg_installed/vcpkg/blds/fftw3/x64-windows-rel/CMakeFiles/CMakeScratch/TryCompile-6nj01p"
    cmakeVariables:
      CMAKE_CXX_STDLIB_MODULES_JSON: ""
      CMAKE_C_FLAGS: " /nologo /DWIN32 /D_WINDOWS /utf-8 /MP "
      CMAKE_EXE_LINKER_FLAGS: "/machine:x64"
      CMAKE_MSVC_DEBUG_INFORMATION_FORMAT: ""
      CMAKE_MSVC_RUNTIME_LIBRARY: "MultiThreaded$<$<CONFIG:Debug>:Debug>$<$<STREQUAL:dynamic,dynamic>:DLL>"
      VCPKG_CHAINLOAD_TOOLCHAIN_FILE: "D:/Microsoft Visual Studio/18/Community/VC/vcpkg/scripts/toolchains/windows.cmake"
      VCPKG_CRT_LINKAGE: "dynamic"
      VCPKG_CXX_FLAGS: ""
      VCPKG_CXX_FLAGS_DEBUG: ""
      VCPKG_CXX_FLAGS_RELEASE: ""
      VCPKG_C_FLAGS: ""
      VCPKG_C_FLAGS_DEBUG: ""
      VCPKG_C_FLAGS_RELEASE: ""
      VCPKG_INSTALLED_DIR: "D:/WaterSurfaceRendererScratch/vcpkg_installed"
      VCPKG_LINKER_FLAGS: ""
      VCPKG_LINKER_FLAGS_DEBUG: ""
      VCPKG_LINKER_FLAGS_RELEASE: ""
      VCPKG_PLATFORM_TOOLSET: "v145"
      VCPKG_PREFER_SYSTEM_LIBS: "OFF"
      VCPKG_SET_CHARSET_FLAG: "ON"
      VCPKG_TARGET_ARCHITECTURE: "x64"
      VCPKG_TARGET_TRIPLET: "x64-windows"
      Z_VCPKG_ROOT_DIR: "D:/Microsoft Visual Studio/18/Community/VC/vcpkg"
    buildResult:
      variable: "HAVE_STRCHR"
      cached: true
      stdout: |
        Change Dir: 'D:/WaterSurfaceRendererScratch/vcpkg_installed/vcpkg/blds/fftw3/x64-windows-rel/CMakeFiles/CMakeScratch/TryCompile-6nj01p'
        
        Run Build Command(s): "D:/Microsoft Visual Studio/18/Community/Common7/IDE/CommonExtensions/Microsoft/CMake/Ninja/ninja.exe" -v cmTC_23371
        [1/2] "D:\\Microsoft Visual Studio\\18\\Community\\VC\\Tools\\MSVC\\14.51.36231\\bin\\Hostx64\\x64\\cl.exe"  /nologo -D_MBCS  /nologo /DWIN32 /D_WINDOWS /utf-8 /MP   /MDd /Z7 /Ob0 /Od /RTC1 /showIncludes /FoCMakeFiles\\cmTC_23371.dir\\CheckSymbolExists.c.obj /FdCMakeFiles\\cmTC_23371.dir\\ /FS -c D:\\WaterSurfaceRendererScratch\\vcpkg_installed\\vcpkg\\blds\\fftw3\\x64-windows-rel\\CMakeFiles\\CMakeScratch\\TryCompile-6nj01p\\CheckSymbolExists.c
        [2/2] C:\\windows\\system32\\cmd.exe /C "cd . && "D:\\Microsoft Visual Studio\\18\\Community\\Common7\\IDE\\CommonExtensions\\Microsoft\\CMake\\CMake\\bin\\cmake.exe" -E vs_link_exe --msvc-ver=1951 --intdir=CMakeFiles\\cmTC_23371.dir --rc=C:\\PROGRA~2\\WI3CF2~1\\10\\bin\\100261~1.0\\x64\\rc.exe --mt=C:\\PROGRA~2\\WI3CF2~1\\10\\bin\\100261~1.0\\x64\\mt.exe --manifests  -- "D:\\Microsoft Visual Studio\\18\\Community\\VC\\Tools\\MSVC\\14.51.36231\\bin\\Hostx64\\x64\\link.exe" /nologo CMakeFiles\\cmTC_23371.dir\\CheckSymbolExists.c.obj  /out:cmTC_23371.exe /implib:cmTC_23371.lib /pdb:cmTC_23371.pdb /version:0.0 /machine:x64 /nologo /debug /INCREMENTAL /subsystem:console  kernel32.lib user32.lib gdi32.lib winspool.lib shell32.lib ole32.lib oleaut32.lib uuid.lib comdlg32.lib advapi32.lib && cd ."
        
      exitCode: 0
  -
    kind: "try_compile-v1"
    backtrace:
      - "D:/Microsoft Visual Studio/18/Community/Common7/IDE/CommonExtensions/Microsoft/CMake/CMake/share/cmake-4.3/Modules/CheckSymbolExists.cmake:193 (try_compile)"
      - "D:/Microsoft Visual Studio/18/Community/Common7/IDE/CommonExtensions/Microsoft/CMake/CMake/share/cmake-4.3/Modules/CheckSymbolExists.cmake:98 (__CHECK_SYMBOL_EXISTS_IMPL)"
      - "CMakeLists.txt:90 (check_symbol_exists)"
    checks:
      - "Looking for sysctl"
    directories:
      source: "D:/WaterSurfaceRendererScratch/vcpkg_installed/vcpkg/blds/fftw3/x64-windows-rel/CMakeFiles/CMakeScratch/TryCompile-3pe1rw"
      binary: "D:/WaterSurfaceRendererScratch/vcpkg_installed/vcpkg/blds/fftw3/x64-windows-rel/CMakeFiles/CMakeScratch/TryCompile-3pe1rw"
    cmakeVariables:
      CMAKE_CXX_STDLIB_MODULES_JSON: ""
      CMAKE_C_FLAGS: " /nologo /DWIN32 /D_WINDOWS /utf-8 /MP "
      CMAKE_EXE_LINKER_FLAGS: "/machine:x64"
      CMAKE_MSVC_DEBUG_INFORMATION_FORMAT: ""
      CMAKE_MSVC_RUNTIME_LIBRARY: "MultiThreaded$<$<CONFIG:Debug>:Debug>$<$<STREQUAL:dynamic,dynamic>:DLL>"
      VCPKG_CHAINLOAD_TOOLCHAIN_FILE: "D:/Microsoft Visual Studio/18/Community/VC/vcpkg/scripts/toolchains/windows.cmake"
      VCPKG_CRT_LINKAGE: "dynamic"
      VCPKG_CXX_FLAGS: ""
      VCPKG_CXX_FLAGS_DEBUG: ""
      VCPKG_CXX_FLAGS_RELEASE: ""
      VCPKG_C_FLAGS: ""
      VCPKG_C_FLAGS_DEBUG: ""
      VCPKG_C_FLAGS_RELEASE: ""
      VCPKG_INSTALLED_DIR: "D:/WaterSurfaceRendererScratch/vcpkg_installed"
      VCPKG_LINKER_FLAGS: ""
      VCPKG_LINKER_FLAGS_DEBUG: ""
      VCPKG_LINKER_FLAGS_RELEASE: ""
      VCPKG_PLATFORM_TOOLSET: "v145"
      VCPKG_PREFER_SYSTEM_LIBS: "OFF"
      VCPKG_SET_CHARSET_FLAG: "ON"
      VCPKG_TARGET_ARCHITECTURE: "x64"
      VCPKG_TARGET_TRIPLET: "x64-windows"
      Z_VCPKG_ROOT_DIR: "D:/Microsoft Visual Studio/18/Community/VC/vcpkg"
    buildResult:
      variable: "HAVE_SYSCTL"
      cached: true
      stdout: |
        Change Dir: 'D:/WaterSurfaceRendererScratch/vcpkg_installed/vcpkg/blds/fftw3/x64-windows-rel/CMakeFiles/CMakeScratch/TryCompile-3pe1rw'
        
        Run Build Command(s): "D:/Microsoft Visual Studio/18/Community/Common7/IDE/CommonExtensions/Microsoft/CMake/Ninja/ninja.exe" -v cmTC_10c32
        [1/2] "D:\\Microsoft Visual Studio\\18\\Community\\VC\\Tools\\MSVC\\14.51.36231\\bin\\Hostx64\\x64\\cl.exe"  /nologo -D_MBCS  /nologo /DWIN32 /D_WINDOWS /utf-8 /MP   /MDd /Z7 /Ob0 /Od /RTC1 /showIncludes /FoCMakeFiles\\cmTC_10c32.dir\\CheckSymbolExists.c.obj /FdCMakeFiles\\cmTC_10c32.dir\\ /FS -c D:\\WaterSurfaceRendererScratch\\vcpkg_installed\\vcpkg\\blds\\fftw3\\x64-windows-rel\\CMakeFiles\\CMakeScratch\\TryCompile-3pe1rw\\CheckSymbolExists.c
        FAILED: [code=2] CMakeFiles/cmTC_10c32.dir/CheckSymbolExists.c.obj 
        "D:\\Microsoft Visual Studio\\18\\Community\\VC\\Tools\\MSVC\\14.51.36231\\bin\\Hostx64\\x64\\cl.exe"  /nologo -D_MBCS  /nologo /DWIN32 /D_WINDOWS /utf-8 /MP   /MDd /Z7 /Ob0 /Od /RTC1 /showIncludes /FoCMakeFiles\\cmTC_10c32.dir\\CheckSymbolExists.c.obj /FdCMakeFiles\\cmTC_10c32.dir\\ /FS -c D:\\WaterSurfaceRendererScratch\\vcpkg_installed\\vcpkg\\blds\\fftw3\\x64-windows-rel\\CMakeFiles\\CMakeScratch\\TryCompile-3pe1rw\\CheckSymbolExists.c
        D:\\WaterSurfaceRendererScratch\\vcpkg_installed\\vcpkg\\blds\\fftw3\\x64-windows-rel\\CMakeFiles\\CMakeScratch\\TryCompile-3pe1rw\\CheckSymbolExists.c(2): fatal error C1083: 无法打开包括文件: “unistd.h”: No such file or directory
        ninja: build stopped: subcommand failed.
        
      exitCode: 2
  -
    kind: "try_compile-v1"
    backtrace:
      - "D:/Microsoft Visual Studio/18/Community/Common7/IDE/CommonExtensions/Microsoft/CMake/CMake/share/cmake-4.3/Modules/CheckSymbolExists.cmake:193 (try_compile)"
      - "D:/Microsoft Visual Studio/18/Community/Common7/IDE/CommonExtensions/Microsoft/CMake/CMake/share/cmake-4.3/Modules/CheckSymbolExists.cmake:98 (__CHECK_SYMBOL_EXISTS_IMPL)"
      - "CMakeLists.txt:95 (check_symbol_exists)"
    checks:
      - "Looking for cosl"
    directories:
      source: "D:/WaterSurfaceRendererScratch/vcpkg_installed/vcpkg/blds/fftw3/x64-windows-rel/CMakeFiles/CMakeScratch/TryCompile-m8tu8m"
      binary: "D:/WaterSurfaceRendererScratch/vcpkg_installed/vcpkg/blds/fftw3/x64-windows-rel/CMakeFiles/CMakeScratch/TryCompile-m8tu8m"
    cmakeVariables:
      CMAKE_CXX_STDLIB_MODULES_JSON: ""
      CMAKE_C_FLAGS: " /nologo /DWIN32 /D_WINDOWS /utf-8 /MP "
      CMAKE_EXE_LINKER_FLAGS: "/machine:x64"
      CMAKE_MSVC_DEBUG_INFORMATION_FORMAT: ""
      CMAKE_MSVC_RUNTIME_LIBRARY: "MultiThreaded$<$<CONFIG:Debug>:Debug>$<$<STREQUAL:dynamic,dynamic>:DLL>"
      VCPKG_CHAINLOAD_TOOLCHAIN_FILE: "D:/Microsoft Visual Studio/18/Community/VC/vcpkg/scripts/toolchains/windows.cmake"
      VCPKG_CRT_LINKAGE: "dynamic"
      VCPKG_CXX_FLAGS: ""
      VCPKG_CXX_FLAGS_DEBUG: ""
      VCPKG_CXX_FLAGS_RELEASE: ""
      VCPKG_C_FLAGS: ""
      VCPKG_C_FLAGS_DEBUG: ""
      VCPKG_C_FLAGS_RELEASE: ""
      VCPKG_INSTALLED_DIR: "D:/WaterSurfaceRendererScratch/vcpkg_installed"
      VCPKG_LINKER_FLAGS: ""
      VCPKG_LINKER_FLAGS_DEBUG: ""
      VCPKG_LINKER_FLAGS_RELEASE: ""
      VCPKG_PLATFORM_TOOLSET: "v145"
      VCPKG_PREFER_SYSTEM_LIBS: "OFF"
      VCPKG_SET_CHARSET_FLAG: "ON"
      VCPKG_TARGET_ARCHITECTURE: "x64"
      VCPKG_TARGET_TRIPLET: "x64-windows"
      Z_VCPKG_ROOT_DIR: "D:/Microsoft Visual Studio/18/Community/VC/vcpkg"
    buildResult:
      variable: "HAVE_COSL"
      cached: true
      stdout: |
        Change Dir: 'D:/WaterSurfaceRendererScratch/vcpkg_installed/vcpkg/blds/fftw3/x64-windows-rel/CMakeFiles/CMakeScratch/TryCompile-m8tu8m'
        
        Run Build Command(s): "D:/Microsoft Visual Studio/18/Community/Common7/IDE/CommonExtensions/Microsoft/CMake/Ninja/ninja.exe" -v cmTC_89d42
        [1/2] "D:\\Microsoft Visual Studio\\18\\Community\\VC\\Tools\\MSVC\\14.51.36231\\bin\\Hostx64\\x64\\cl.exe"  /nologo -D_MBCS  /nologo /DWIN32 /D_WINDOWS /utf-8 /MP   /MDd /Z7 /Ob0 /Od /RTC1 /showIncludes /FoCMakeFiles\\cmTC_89d42.dir\\CheckSymbolExists.c.obj /FdCMakeFiles\\cmTC_89d42.dir\\ /FS -c D:\\WaterSurfaceRendererScratch\\vcpkg_installed\\vcpkg\\blds\\fftw3\\x64-windows-rel\\CMakeFiles\\CMakeScratch\\TryCompile-m8tu8m\\CheckSymbolExists.c
        [2/2] C:\\windows\\system32\\cmd.exe /C "cd . && "D:\\Microsoft Visual Studio\\18\\Community\\Common7\\IDE\\CommonExtensions\\Microsoft\\CMake\\CMake\\bin\\cmake.exe" -E vs_link_exe --msvc-ver=1951 --intdir=CMakeFiles\\cmTC_89d42.dir --rc=C:\\PROGRA~2\\WI3CF2~1\\10\\bin\\100261~1.0\\x64\\rc.exe --mt=C:\\PROGRA~2\\WI3CF2~1\\10\\bin\\100261~1.0\\x64\\mt.exe --manifests  -- "D:\\Microsoft Visual Studio\\18\\Community\\VC\\Tools\\MSVC\\14.51.36231\\bin\\Hostx64\\x64\\link.exe" /nologo CMakeFiles\\cmTC_89d42.dir\\CheckSymbolExists.c.obj  /out:cmTC_89d42.exe /implib:cmTC_89d42.lib /pdb:cmTC_89d42.pdb /version:0.0 /machine:x64 /nologo /debug /INCREMENTAL /subsystem:console  kernel32.lib user32.lib gdi32.lib winspool.lib shell32.lib ole32.lib oleaut32.lib uuid.lib comdlg32.lib advapi32.lib && cd ."
        
      exitCode: 0
  -
    kind: "try_compile-v1"
    backtrace:
      - "D:/Microsoft Visual Studio/18/Community/Common7/IDE/CommonExtensions/Microsoft/CMake/CMake/share/cmake-4.3/Modules/CheckSymbolExists.cmake:193 (try_compile)"
      - "D:/Microsoft Visual Studio/18/Community/Common7/IDE/CommonExtensions/Microsoft/CMake/CMake/share/cmake-4.3/Modules/CheckSymbolExists.cmake:98 (__CHECK_SYMBOL_EXISTS_IMPL)"
      - "CMakeLists.txt:96 (check_symbol_exists)"
    checks:
      - "Looking for sinl"
    directories:
      source: "D:/WaterSurfaceRendererScratch/vcpkg_installed/vcpkg/blds/fftw3/x64-windows-rel/CMakeFiles/CMakeScratch/TryCompile-7c9doy"
      binary: "D:/WaterSurfaceRendererScratch/vcpkg_installed/vcpkg/blds/fftw3/x64-windows-rel/CMakeFiles/CMakeScratch/TryCompile-7c9doy"
    cmakeVariables:
      CMAKE_CXX_STDLIB_MODULES_JSON: ""
      CMAKE_C_FLAGS: " /nologo /DWIN32 /D_WINDOWS /utf-8 /MP "
      CMAKE_EXE_LINKER_FLAGS: "/machine:x64"
      CMAKE_MSVC_DEBUG_INFORMATION_FORMAT: ""
      CMAKE_MSVC_RUNTIME_LIBRARY: "MultiThreaded$<$<CONFIG:Debug>:Debug>$<$<STREQUAL:dynamic,dynamic>:DLL>"
      VCPKG_CHAINLOAD_TOOLCHAIN_FILE: "D:/Microsoft Visual Studio/18/Community/VC/vcpkg/scripts/toolchains/windows.cmake"
      VCPKG_CRT_LINKAGE: "dynamic"
      VCPKG_CXX_FLAGS: ""
      VCPKG_CXX_FLAGS_DEBUG: ""
      VCPKG_CXX_FLAGS_RELEASE: ""
      VCPKG_C_FLAGS: ""
      VCPKG_C_FLAGS_DEBUG: ""
      VCPKG_C_FLAGS_RELEASE: ""
      VCPKG_INSTALLED_DIR: "D:/WaterSurfaceRendererScratch/vcpkg_installed"
      VCPKG_LINKER_FLAGS: ""
      VCPKG_LINKER_FLAGS_DEBUG: ""
      VCPKG_LINKER_FLAGS_RELEASE: ""
      VCPKG_PLATFORM_TOOLSET: "v145"
      VCPKG_PREFER_SYSTEM_LIBS: "OFF"
      VCPKG_SET_CHARSET_FLAG: "ON"
      VCPKG_TARGET_ARCHITECTURE: "x64"
      VCPKG_TARGET_TRIPLET: "x64-windows"
      Z_VCPKG_ROOT_DIR: "D:/Microsoft Visual Studio/18/Community/VC/vcpkg"
    buildResult:
      variable: "HAVE_SINL"
      cached: true
      stdout: |
        Change Dir: 'D:/WaterSurfaceRendererScratch/vcpkg_installed/vcpkg/blds/fftw3/x64-windows-rel/CMakeFiles/CMakeScratch/TryCompile-7c9doy'
        
        Run Build Command(s): "D:/Microsoft Visual Studio/18/Community/Common7/IDE/CommonExtensions/Microsoft/CMake/Ninja/ninja.exe" -v cmTC_7a62f
        [1/2] "D:\\Microsoft Visual Studio\\18\\Community\\VC\\Tools\\MSVC\\14.51.36231\\bin\\Hostx64\\x64\\cl.exe"  /nologo -D_MBCS  /nologo /DWIN32 /D_WINDOWS /utf-8 /MP   /MDd /Z7 /Ob0 /Od /RTC1 /showIncludes /FoCMakeFiles\\cmTC_7a62f.dir\\CheckSymbolExists.c.obj /FdCMakeFiles\\cmTC_7a62f.dir\\ /FS -c D:\\WaterSurfaceRendererScratch\\vcpkg_installed\\vcpkg\\blds\\fftw3\\x64-windows-rel\\CMakeFiles\\CMakeScratch\\TryCompile-7c9doy\\CheckSymbolExists.c
        [2/2] C:\\windows\\system32\\cmd.exe /C "cd . && "D:\\Microsoft Visual Studio\\18\\Community\\Common7\\IDE\\CommonExtensions\\Microsoft\\CMake\\CMake\\bin\\cmake.exe" -E vs_link_exe --msvc-ver=1951 --intdir=CMakeFiles\\cmTC_7a62f.dir --rc=C:\\PROGRA~2\\WI3CF2~1\\10\\bin\\100261~1.0\\x64\\rc.exe --mt=C:\\PROGRA~2\\WI3CF2~1\\10\\bin\\100261~1.0\\x64\\mt.exe --manifests  -- "D:\\Microsoft Visual Studio\\18\\Community\\VC\\Tools\\MSVC\\14.51.36231\\bin\\Hostx64\\x64\\link.exe" /nologo CMakeFiles\\cmTC_7a62f.dir\\CheckSymbolExists.c.obj  /out:cmTC_7a62f.exe /implib:cmTC_7a62f.lib /pdb:cmTC_7a62f.pdb /version:0.0 /machine:x64 /nologo /debug /INCREMENTAL /subsystem:console  kernel32.lib user32.lib gdi32.lib winspool.lib shell32.lib ole32.lib oleaut32.lib uuid.lib comdlg32.lib advapi32.lib && cd ."
        
      exitCode: 0
  -
    kind: "try_compile-v1"
    backtrace:
      - "D:/Microsoft Visual Studio/18/Community/Common7/IDE/CommonExtensions/Microsoft/CMake/CMake/share/cmake-4.3/Modules/CheckTypeSize.cmake:348 (try_compile)"
      - "D:/Microsoft Visual Studio/18/Community/Common7/IDE/CommonExtensions/Microsoft/CMake/CMake/share/cmake-4.3/Modules/CheckTypeSize.cmake:481 (__check_type_size_impl)"
      - "CMakeLists.txt:99 (check_type_size)"
    checks:
      - "Check size of float"
    directories:
      source: "D:/WaterSurfaceRendererScratch/vcpkg_installed/vcpkg/blds/fftw3/x64-windows-rel/CMakeFiles/CMakeScratch/TryCompile-ozk61k"
      binary: "D:/WaterSurfaceRendererScratch/vcpkg_installed/vcpkg/blds/fftw3/x64-windows-rel/CMakeFiles/CMakeScratch/TryCompile-ozk61k"
    cmakeVariables:
      CMAKE_CXX_STDLIB_MODULES_JSON: ""
      CMAKE_C_FLAGS: " /nologo /DWIN32 /D_WINDOWS /utf-8 /MP "
      CMAKE_EXE_LINKER_FLAGS: "/machine:x64"
      CMAKE_MSVC_DEBUG_INFORMATION_FORMAT: ""
      CMAKE_MSVC_RUNTIME_LIBRARY: "MultiThreaded$<$<CONFIG:Debug>:Debug>$<$<STREQUAL:dynamic,dynamic>:DLL>"
      VCPKG_CHAINLOAD_TOOLCHAIN_FILE: "D:/Microsoft Visual Studio/18/Community/VC/vcpkg/scripts/toolchains/windows.cmake"
      VCPKG_CRT_LINKAGE: "dynamic"
      VCPKG_CXX_FLAGS: ""
      VCPKG_CXX_FLAGS_DEBUG: ""
      VCPKG_CXX_FLAGS_RELEASE: ""
      VCPKG_C_FLAGS: ""
      VCPKG_C_FLAGS_DEBUG: ""
      VCPKG_C_FLAGS_RELEASE: ""
      VCPKG_INSTALLED_DIR: "D:/WaterSurfaceRendererScratch/vcpkg_installed"
      VCPKG_LINKER_FLAGS: ""
      VCPKG_LINKER_FLAGS_DEBUG: ""
      VCPKG_LINKER_FLAGS_RELEASE: ""
      VCPKG_PLATFORM_TOOLSET: "v145"
      VCPKG_PREFER_SYSTEM_LIBS: "OFF"
      VCPKG_SET_CHARSET_FLAG: "ON"
      VCPKG_TARGET_ARCHITECTURE: "x64"
      VCPKG_TARGET_TRIPLET: "x64-windows"
      Z_VCPKG_ROOT_DIR: "D:/Microsoft Visual Studio/18/Community/VC/vcpkg"
    buildResult:
      variable: "HAVE_SIZEOF_FLOAT"
      cached: true
      stdout: |
        Change Dir: 'D:/WaterSurfaceRendererScratch/vcpkg_installed/vcpkg/blds/fftw3/x64-windows-rel/CMakeFiles/CMakeScratch/TryCompile-ozk61k'
        
        Run Build Command(s): "D:/Microsoft Visual Studio/18/Community/Common7/IDE/CommonExtensions/Microsoft/CMake/Ninja/ninja.exe" -v cmTC_aba23
        [1/2] "D:\\Microsoft Visual Studio\\18\\Community\\VC\\Tools\\MSVC\\14.51.36231\\bin\\Hostx64\\x64\\cl.exe"  /nologo -D_MBCS  /nologo /DWIN32 /D_WINDOWS /utf-8 /MP   /MDd /Z7 /Ob0 /Od /RTC1 /showIncludes /FoCMakeFiles\\cmTC_aba23.dir\\SIZEOF_FLOAT.c.obj /FdCMakeFiles\\cmTC_aba23.dir\\ /FS -c D:\\WaterSurfaceRendererScratch\\vcpkg_installed\\vcpkg\\blds\\fftw3\\x64-windows-rel\\CMakeFiles\\CMakeScratch\\TryCompile-ozk61k\\SIZEOF_FLOAT.c
        [2/2] C:\\windows\\system32\\cmd.exe /C "cd . && "D:\\Microsoft Visual Studio\\18\\Community\\Common7\\IDE\\CommonExtensions\\Microsoft\\CMake\\CMake\\bin\\cmake.exe" -E vs_link_exe --msvc-ver=1951 --intdir=CMakeFiles\\cmTC_aba23.dir --rc=C:\\PROGRA~2\\WI3CF2~1\\10\\bin\\100261~1.0\\x64\\rc.exe --mt=C:\\PROGRA~2\\WI3CF2~1\\10\\bin\\100261~1.0\\x64\\mt.exe --manifests  -- "D:\\Microsoft Visual Studio\\18\\Community\\VC\\Tools\\MSVC\\14.51.36231\\bin\\Hostx64\\x64\\link.exe" /nologo CMakeFiles\\cmTC_aba23.dir\\SIZEOF_FLOAT.c.obj  /out:cmTC_aba23.exe /implib:cmTC_aba23.lib /pdb:cmTC_aba23.pdb /version:0.0 /machine:x64 /nologo /debug /INCREMENTAL /subsystem:console  kernel32.lib user32.lib gdi32.lib winspool.lib shell32.lib ole32.lib oleaut32.lib uuid.lib comdlg32.lib advapi32.lib && cd ."
        
      exitCode: 0
  -
    kind: "try_compile-v1"
    backtrace:
      - "D:/Microsoft Visual Studio/18/Community/Common7/IDE/CommonExtensions/Microsoft/CMake/CMake/share/cmake-4.3/Modules/CheckTypeSize.cmake:348 (try_compile)"
      - "D:/Microsoft Visual Studio/18/Community/Common7/IDE/CommonExtensions/Microsoft/CMake/CMake/share/cmake-4.3/Modules/CheckTypeSize.cmake:481 (__check_type_size_impl)"
      - "CMakeLists.txt:100 (check_type_size)"
    checks:
      - "Check size of double"
    directories:
      source: "D:/WaterSurfaceRendererScratch/vcpkg_installed/vcpkg/blds/fftw3/x64-windows-rel/CMakeFiles/CMakeScratch/TryCompile-gtkz91"
      binary: "D:/WaterSurfaceRendererScratch/vcpkg_installed/vcpkg/blds/fftw3/x64-windows-rel/CMakeFiles/CMakeScratch/TryCompile-gtkz91"
    cmakeVariables:
      CMAKE_CXX_STDLIB_MODULES_JSON: ""
      CMAKE_C_FLAGS: " /nologo /DWIN32 /D_WINDOWS /utf-8 /MP "
      CMAKE_EXE_LINKER_FLAGS: "/machine:x64"
      CMAKE_MSVC_DEBUG_INFORMATION_FORMAT: ""
      CMAKE_MSVC_RUNTIME_LIBRARY: "MultiThreaded$<$<CONFIG:Debug>:Debug>$<$<STREQUAL:dynamic,dynamic>:DLL>"
      VCPKG_CHAINLOAD_TOOLCHAIN_FILE: "D:/Microsoft Visual Studio/18/Community/VC/vcpkg/scripts/toolchains/windows.cmake"
      VCPKG_CRT_LINKAGE: "dynamic"
      VCPKG_CXX_FLAGS: ""
      VCPKG_CXX_FLAGS_DEBUG: ""
      VCPKG_CXX_FLAGS_RELEASE: ""
      VCPKG_C_FLAGS: ""
      VCPKG_C_FLAGS_DEBUG: ""
      VCPKG_C_FLAGS_RELEASE: ""
      VCPKG_INSTALLED_DIR: "D:/WaterSurfaceRendererScratch/vcpkg_installed"
      VCPKG_LINKER_FLAGS: ""
      VCPKG_LINKER_FLAGS_DEBUG: ""
      VCPKG_LINKER_FLAGS_RELEASE: ""
      VCPKG_PLATFORM_TOOLSET: "v145"
      VCPKG_PREFER_SYSTEM_LIBS: "OFF"
      VCPKG_SET_CHARSET_FLAG: "ON"
      VCPKG_TARGET_ARCHITECTURE: "x64"
      VCPKG_TARGET_TRIPLET: "x64-windows"
      Z_VCPKG_ROOT_DIR: "D:/Microsoft Visual Studio/18/Community/VC/vcpkg"
    buildResult:
      variable: "HAVE_SIZEOF_DOUBLE"
      cached: true
      stdout: |
        Change Dir: 'D:/WaterSurfaceRendererScratch/vcpkg_installed/vcpkg/blds/fftw3/x64-windows-rel/CMakeFiles/CMakeScratch/TryCompile-gtkz91'
        
        Run Build Command(s): "D:/Microsoft Visual Studio/18/Community/Common7/IDE/CommonExtensions/Microsoft/CMake/Ninja/ninja.exe" -v cmTC_96cbe
        [1/2] "D:\\Microsoft Visual Studio\\18\\Community\\VC\\Tools\\MSVC\\14.51.36231\\bin\\Hostx64\\x64\\cl.exe"  /nologo -D_MBCS  /nologo /DWIN32 /D_WINDOWS /utf-8 /MP   /MDd /Z7 /Ob0 /Od /RTC1 /showIncludes /FoCMakeFiles\\cmTC_96cbe.dir\\SIZEOF_DOUBLE.c.obj /FdCMakeFiles\\cmTC_96cbe.dir\\ /FS -c D:\\WaterSurfaceRendererScratch\\vcpkg_installed\\vcpkg\\blds\\fftw3\\x64-windows-rel\\CMakeFiles\\CMakeScratch\\TryCompile-gtkz91\\SIZEOF_DOUBLE.c
        [2/2] C:\\windows\\system32\\cmd.exe /C "cd . && "D:\\Microsoft Visual Studio\\18\\Community\\Common7\\IDE\\CommonExtensions\\Microsoft\\CMake\\CMake\\bin\\cmake.exe" -E vs_link_exe --msvc-ver=1951 --intdir=CMakeFiles\\cmTC_96cbe.dir --rc=C:\\PROGRA~2\\WI3CF2~1\\10\\bin\\100261~1.0\\x64\\rc.exe --mt=C:\\PROGRA~2\\WI3CF2~1\\10\\bin\\100261~1.0\\x64\\mt.exe --manifests  -- "D:\\Microsoft Visual Studio\\18\\Community\\VC\\Tools\\MSVC\\14.51.36231\\bin\\Hostx64\\x64\\link.exe" /nologo CMakeFiles\\cmTC_96cbe.dir\\SIZEOF_DOUBLE.c.obj  /out:cmTC_96cbe.exe /implib:cmTC_96cbe.lib /pdb:cmTC_96cbe.pdb /version:0.0 /machine:x64 /nologo /debug /INCREMENTAL /subsystem:console  kernel32.lib user32.lib gdi32.lib winspool.lib shell32.lib ole32.lib oleaut32.lib uuid.lib comdlg32.lib advapi32.lib && cd ."
        
      exitCode: 0
  -
    kind: "try_compile-v1"
    backtrace:
      - "D:/Microsoft Visual Studio/18/Community/Common7/IDE/CommonExtensions/Microsoft/CMake/CMake/share/cmake-4.3/Modules/CheckTypeSize.cmake:348 (try_compile)"
      - "D:/Microsoft Visual Studio/18/Community/Common7/IDE/CommonExtensions/Microsoft/CMake/CMake/share/cmake-4.3/Modules/CheckTypeSize.cmake:481 (__check_type_size_impl)"
      - "CMakeLists.txt:101 (check_type_size)"
    checks:
      - "Check size of int"
    directories:
      source: "D:/WaterSurfaceRendererScratch/vcpkg_installed/vcpkg/blds/fftw3/x64-windows-rel/CMakeFiles/CMakeScratch/TryCompile-nzycpp"
      binary: "D:/WaterSurfaceRendererScratch/vcpkg_installed/vcpkg/blds/fftw3/x64-windows-rel/CMakeFiles/CMakeScratch/TryCompile-nzycpp"
    cmakeVariables:
      CMAKE_CXX_STDLIB_MODULES_JSON: ""
      CMAKE_C_FLAGS: " /nologo /DWIN32 /D_WINDOWS /utf-8 /MP "
      CMAKE_EXE_LINKER_FLAGS: "/machine:x64"
      CMAKE_MSVC_DEBUG_INFORMATION_FORMAT: ""
      CMAKE_MSVC_RUNTIME_LIBRARY: "MultiThreaded$<$<CONFIG:Debug>:Debug>$<$<STREQUAL:dynamic,dynamic>:DLL>"
      VCPKG_CHAINLOAD_TOOLCHAIN_FILE: "D:/Microsoft Visual Studio/18/Community/VC/vcpkg/scripts/toolchains/windows.cmake"
      VCPKG_CRT_LINKAGE: "dynamic"
      VCPKG_CXX_FLAGS: ""
      VCPKG_CXX_FLAGS_DEBUG: ""
      VCPKG_CXX_FLAGS_RELEASE: ""
      VCPKG_C_FLAGS: ""
      VCPKG_C_FLAGS_DEBUG: ""
      VCPKG_C_FLAGS_RELEASE: ""
      VCPKG_INSTALLED_DIR: "D:/WaterSurfaceRendererScratch/vcpkg_installed"
      VCPKG_LINKER_FLAGS: ""
      VCPKG_LINKER_FLAGS_DEBUG: ""
      VCPKG_LINKER_FLAGS_RELEASE: ""
      VCPKG_PLATFORM_TOOLSET: "v145"
      VCPKG_PREFER_SYSTEM_LIBS: "OFF"
      VCPKG_SET_CHARSET_FLAG: "ON"
      VCPKG_TARGET_ARCHITECTURE: "x64"
      VCPKG_TARGET_TRIPLET: "x64-windows"
      Z_VCPKG_ROOT_DIR: "D:/Microsoft Visual Studio/18/Community/VC/vcpkg"
    buildResult:
      variable: "HAVE_SIZEOF_INT"
      cached: true
      stdout: |
        Change Dir: 'D:/WaterSurfaceRendererScratch/vcpkg_installed/vcpkg/blds/fftw3/x64-windows-rel/CMakeFiles/CMakeScratch/TryCompile-nzycpp'
        
        Run Build Command(s): "D:/Microsoft Visual Studio/18/Community/Common7/IDE/CommonExtensions/Microsoft/CMake/Ninja/ninja.exe" -v cmTC_2959c
        [1/2] "D:\\Microsoft Visual Studio\\18\\Community\\VC\\Tools\\MSVC\\14.51.36231\\bin\\Hostx64\\x64\\cl.exe"  /nologo -D_MBCS  /nologo /DWIN32 /D_WINDOWS /utf-8 /MP   /MDd /Z7 /Ob0 /Od /RTC1 /showIncludes /FoCMakeFiles\\cmTC_2959c.dir\\SIZEOF_INT.c.obj /FdCMakeFiles\\cmTC_2959c.dir\\ /FS -c D:\\WaterSurfaceRendererScratch\\vcpkg_installed\\vcpkg\\blds\\fftw3\\x64-windows-rel\\CMakeFiles\\CMakeScratch\\TryCompile-nzycpp\\SIZEOF_INT.c
        [2/2] C:\\windows\\system32\\cmd.exe /C "cd . && "D:\\Microsoft Visual Studio\\18\\Community\\Common7\\IDE\\CommonExtensions\\Microsoft\\CMake\\CMake\\bin\\cmake.exe" -E vs_link_exe --msvc-ver=1951 --intdir=CMakeFiles\\cmTC_2959c.dir --rc=C:\\PROGRA~2\\WI3CF2~1\\10\\bin\\100261~1.0\\x64\\rc.exe --mt=C:\\PROGRA~2\\WI3CF2~1\\10\\bin\\100261~1.0\\x64\\mt.exe --manifests  -- "D:\\Microsoft Visual Studio\\18\\Community\\VC\\Tools\\MSVC\\14.51.36231\\bin\\Hostx64\\x64\\link.exe" /nologo CMakeFiles\\cmTC_2959c.dir\\SIZEOF_INT.c.obj  /out:cmTC_2959c.exe /implib:cmTC_2959c.lib /pdb:cmTC_2959c.pdb /version:0.0 /machine:x64 /nologo /debug /INCREMENTAL /subsystem:console  kernel32.lib user32.lib gdi32.lib winspool.lib shell32.lib ole32.lib oleaut32.lib uuid.lib comdlg32.lib advapi32.lib && cd ."
        
      exitCode: 0
  -
    kind: "try_compile-v1"
    backtrace:
      - "D:/Microsoft Visual Studio/18/Community/Common7/IDE/CommonExtensions/Microsoft/CMake/CMake/share/cmake-4.3/Modules/CheckTypeSize.cmake:348 (try_compile)"
      - "D:/Microsoft Visual Studio/18/Community/Common7/IDE/CommonExtensions/Microsoft/CMake/CMake/share/cmake-4.3/Modules/CheckTypeSize.cmake:481 (__check_type_size_impl)"
      - "CMakeLists.txt:102 (check_type_size)"
    checks:
      - "Check size of long"
    directories:
      source: "D:/WaterSurfaceRendererScratch/vcpkg_installed/vcpkg/blds/fftw3/x64-windows-rel/CMakeFiles/CMakeScratch/TryCompile-mgacq0"
      binary: "D:/WaterSurfaceRendererScratch/vcpkg_installed/vcpkg/blds/fftw3/x64-windows-rel/CMakeFiles/CMakeScratch/TryCompile-mgacq0"
    cmakeVariables:
      CMAKE_CXX_STDLIB_MODULES_JSON: ""
      CMAKE_C_FLAGS: " /nologo /DWIN32 /D_WINDOWS /utf-8 /MP "
      CMAKE_EXE_LINKER_FLAGS: "/machine:x64"
      CMAKE_MSVC_DEBUG_INFORMATION_FORMAT: ""
      CMAKE_MSVC_RUNTIME_LIBRARY: "MultiThreaded$<$<CONFIG:Debug>:Debug>$<$<STREQUAL:dynamic,dynamic>:DLL>"
      VCPKG_CHAINLOAD_TOOLCHAIN_FILE: "D:/Microsoft Visual Studio/18/Community/VC/vcpkg/scripts/toolchains/windows.cmake"
      VCPKG_CRT_LINKAGE: "dynamic"
      VCPKG_CXX_FLAGS: ""
      VCPKG_CXX_FLAGS_DEBUG: ""
      VCPKG_CXX_FLAGS_RELEASE: ""
      VCPKG_C_FLAGS: ""
      VCPKG_C_FLAGS_DEBUG: ""
      VCPKG_C_FLAGS_RELEASE: ""
      VCPKG_INSTALLED_DIR: "D:/WaterSurfaceRendererScratch/vcpkg_installed"
      VCPKG_LINKER_FLAGS: ""
      VCPKG_LINKER_FLAGS_DEBUG: ""
      VCPKG_LINKER_FLAGS_RELEASE: ""
      VCPKG_PLATFORM_TOOLSET: "v145"
      VCPKG_PREFER_SYSTEM_LIBS: "OFF"
      VCPKG_SET_CHARSET_FLAG: "ON"
      VCPKG_TARGET_ARCHITECTURE: "x64"
      VCPKG_TARGET_TRIPLET: "x64-windows"
      Z_VCPKG_ROOT_DIR: "D:/Microsoft Visual Studio/18/Community/VC/vcpkg"
    buildResult:
      variable: "HAVE_SIZEOF_LONG"
      cached: true
      stdout: |
        Change Dir: 'D:/WaterSurfaceRendererScratch/vcpkg_installed/vcpkg/blds/fftw3/x64-windows-rel/CMakeFiles/CMakeScratch/TryCompile-mgacq0'
        
        Run Build Command(s): "D:/Microsoft Visual Studio/18/Community/Common7/IDE/CommonExtensions/Microsoft/CMake/Ninja/ninja.exe" -v cmTC_b2462
        [1/2] "D:\\Microsoft Visual Studio\\18\\Community\\VC\\Tools\\MSVC\\14.51.36231\\bin\\Hostx64\\x64\\cl.exe"  /nologo -D_MBCS  /nologo /DWIN32 /D_WINDOWS /utf-8 /MP   /MDd /Z7 /Ob0 /Od /RTC1 /showIncludes /FoCMakeFiles\\cmTC_b2462.dir\\SIZEOF_LONG.c.obj /FdCMakeFiles\\cmTC_b2462.dir\\ /FS -c D:\\WaterSurfaceRendererScratch\\vcpkg_installed\\vcpkg\\blds\\fftw3\\x64-windows-rel\\CMakeFiles\\CMakeScratch\\TryCompile-mgacq0\\SIZEOF_LONG.c
        [2/2] C:\\windows\\system32\\cmd.exe /C "cd . && "D:\\Microsoft Visual Studio\\18\\Community\\Common7\\IDE\\CommonExtensions\\Microsoft\\CMake\\CMake\\bin\\cmake.exe" -E vs_link_exe --msvc-ver=1951 --intdir=CMakeFiles\\cmTC_b2462.dir --rc=C:\\PROGRA~2\\WI3CF2~1\\10\\bin\\100261~1.0\\x64\\rc.exe --mt=C:\\PROGRA~2\\WI3CF2~1\\10\\bin\\100261~1.0\\x64\\mt.exe --manifests  -- "D:\\Microsoft Visual Studio\\18\\Community\\VC\\Tools\\MSVC\\14.51.36231\\bin\\Hostx64\\x64\\link.exe" /nologo CMakeFiles\\cmTC_b2462.dir\\SIZEOF_LONG.c.obj  /out:cmTC_b2462.exe /implib:cmTC_b2462.lib /pdb:cmTC_b2462.pdb /version:0.0 /machine:x64 /nologo /debug /INCREMENTAL /subsystem:console  kernel32.lib user32.lib gdi32.lib winspool.lib shell32.lib ole32.lib oleaut32.lib uuid.lib comdlg32.lib advapi32.lib && cd ."
        
      exitCode: 0
  -
    kind: "try_compile-v1"
    backtrace:
      - "D:/Microsoft Visual Studio/18/Community/Common7/IDE/CommonExtensions/Microsoft/CMake/CMake/share/cmake-4.3/Modules/CheckTypeSize.cmake:348 (try_compile)"
      - "D:/Microsoft Visual Studio/18/Community/Common7/IDE/CommonExtensions/Microsoft/CMake/CMake/share/cmake-4.3/Modules/CheckTypeSize.cmake:481 (__check_type_size_impl)"
      - "CMakeLists.txt:103 (check_type_size)"
    checks:
      - "Check size of long long"
    directories:
      source: "D:/WaterSurfaceRendererScratch/vcpkg_installed/vcpkg/blds/fftw3/x64-windows-rel/CMakeFiles/CMakeScratch/TryCompile-ncdapw"
      binary: "D:/WaterSurfaceRendererScratch/vcpkg_installed/vcpkg/blds/fftw3/x64-windows-rel/CMakeFiles/CMakeScratch/TryCompile-ncdapw"
    cmakeVariables:
      CMAKE_CXX_STDLIB_MODULES_JSON: ""
      CMAKE_C_FLAGS: " /nologo /DWIN32 /D_WINDOWS /utf-8 /MP "
      CMAKE_EXE_LINKER_FLAGS: "/machine:x64"
      CMAKE_MSVC_DEBUG_INFORMATION_FORMAT: ""
      CMAKE_MSVC_RUNTIME_LIBRARY: "MultiThreaded$<$<CONFIG:Debug>:Debug>$<$<STREQUAL:dynamic,dynamic>:DLL>"
      VCPKG_CHAINLOAD_TOOLCHAIN_FILE: "D:/Microsoft Visual Studio/18/Community/VC/vcpkg/scripts/toolchains/windows.cmake"
      VCPKG_CRT_LINKAGE: "dynamic"
      VCPKG_CXX_FLAGS: ""
      VCPKG_CXX_FLAGS_DEBUG: ""
      VCPKG_CXX_FLAGS_RELEASE: ""
      VCPKG_C_FLAGS: ""
      VCPKG_C_FLAGS_DEBUG: ""
      VCPKG_C_FLAGS_RELEASE: ""
      VCPKG_INSTALLED_DIR: "D:/WaterSurfaceRendererScratch/vcpkg_installed"
      VCPKG_LINKER_FLAGS: ""
      VCPKG_LINKER_FLAGS_DEBUG: ""
      VCPKG_LINKER_FLAGS_RELEASE: ""
      VCPKG_PLATFORM_TOOLSET: "v145"
      VCPKG_PREFER_SYSTEM_LIBS: "OFF"
      VCPKG_SET_CHARSET_FLAG: "ON"
      VCPKG_TARGET_ARCHITECTURE: "x64"
      VCPKG_TARGET_TRIPLET: "x64-windows"
      Z_VCPKG_ROOT_DIR: "D:/Microsoft Visual Studio/18/Community/VC/vcpkg"
    buildResult:
      variable: "HAVE_SIZEOF_LONG_LONG"
      cached: true
      stdout: |
        Change Dir: 'D:/WaterSurfaceRendererScratch/vcpkg_installed/vcpkg/blds/fftw3/x64-windows-rel/CMakeFiles/CMakeScratch/TryCompile-ncdapw'
        
        Run Build Command(s): "D:/Microsoft Visual Studio/18/Community/Common7/IDE/CommonExtensions/Microsoft/CMake/Ninja/ninja.exe" -v cmTC_ffb00
        [1/2] "D:\\Microsoft Visual Studio\\18\\Community\\VC\\Tools\\MSVC\\14.51.36231\\bin\\Hostx64\\x64\\cl.exe"  /nologo -D_MBCS  /nologo /DWIN32 /D_WINDOWS /utf-8 /MP   /MDd /Z7 /Ob0 /Od /RTC1 /showIncludes /FoCMakeFiles\\cmTC_ffb00.dir\\SIZEOF_LONG_LONG.c.obj /FdCMakeFiles\\cmTC_ffb00.dir\\ /FS -c D:\\WaterSurfaceRendererScratch\\vcpkg_installed\\vcpkg\\blds\\fftw3\\x64-windows-rel\\CMakeFiles\\CMakeScratch\\TryCompile-ncdapw\\SIZEOF_LONG_LONG.c
        [2/2] C:\\windows\\system32\\cmd.exe /C "cd . && "D:\\Microsoft Visual Studio\\18\\Community\\Common7\\IDE\\CommonExtensions\\Microsoft\\CMake\\CMake\\bin\\cmake.exe" -E vs_link_exe --msvc-ver=1951 --intdir=CMakeFiles\\cmTC_ffb00.dir --rc=C:\\PROGRA~2\\WI3CF2~1\\10\\bin\\100261~1.0\\x64\\rc.exe --mt=C:\\PROGRA~2\\WI3CF2~1\\10\\bin\\100261~1.0\\x64\\mt.exe --manifests  -- "D:\\Microsoft Visual Studio\\18\\Community\\VC\\Tools\\MSVC\\14.51.36231\\bin\\Hostx64\\x64\\link.exe" /nologo CMakeFiles\\cmTC_ffb00.dir\\SIZEOF_LONG_LONG.c.obj  /out:cmTC_ffb00.exe /implib:cmTC_ffb00.lib /pdb:cmTC_ffb00.pdb /version:0.0 /machine:x64 /nologo /debug /INCREMENTAL /subsystem:console  kernel32.lib user32.lib gdi32.lib winspool.lib shell32.lib ole32.lib oleaut32.lib uuid.lib comdlg32.lib advapi32.lib && cd ."
        
      exitCode: 0
  -
    kind: "try_compile-v1"
    backtrace:
      - "D:/Microsoft Visual Studio/18/Community/Common7/IDE/CommonExtensions/Microsoft/CMake/CMake/share/cmake-4.3/Modules/CheckTypeSize.cmake:348 (try_compile)"
      - "D:/Microsoft Visual Studio/18/Community/Common7/IDE/CommonExtensions/Microsoft/CMake/CMake/share/cmake-4.3/Modules/CheckTypeSize.cmake:481 (__check_type_size_impl)"
      - "CMakeLists.txt:104 (check_type_size)"
    checks:
      - "Check size of unsigned int"
    directories:
      source: "D:/WaterSurfaceRendererScratch/vcpkg_installed/vcpkg/blds/fftw3/x64-windows-rel/CMakeFiles/CMakeScratch/TryCompile-cvmkht"
      binary: "D:/WaterSurfaceRendererScratch/vcpkg_installed/vcpkg/blds/fftw3/x64-windows-rel/CMakeFiles/CMakeScratch/TryCompile-cvmkht"
    cmakeVariables:
      CMAKE_CXX_STDLIB_MODULES_JSON: ""
      CMAKE_C_FLAGS: " /nologo /DWIN32 /D_WINDOWS /utf-8 /MP "
      CMAKE_EXE_LINKER_FLAGS: "/machine:x64"
      CMAKE_MSVC_DEBUG_INFORMATION_FORMAT: ""
      CMAKE_MSVC_RUNTIME_LIBRARY: "MultiThreaded$<$<CONFIG:Debug>:Debug>$<$<STREQUAL:dynamic,dynamic>:DLL>"
      VCPKG_CHAINLOAD_TOOLCHAIN_FILE: "D:/Microsoft Visual Studio/18/Community/VC/vcpkg/scripts/toolchains/windows.cmake"
      VCPKG_CRT_LINKAGE: "dynamic"
      VCPKG_CXX_FLAGS: ""
      VCPKG_CXX_FLAGS_DEBUG: ""
      VCPKG_CXX_FLAGS_RELEASE: ""
      VCPKG_C_FLAGS: ""
      VCPKG_C_FLAGS_DEBUG: ""
      VCPKG_C_FLAGS_RELEASE: ""
      VCPKG_INSTALLED_DIR: "D:/WaterSurfaceRendererScratch/vcpkg_installed"
      VCPKG_LINKER_FLAGS: ""
      VCPKG_LINKER_FLAGS_DEBUG: ""
      VCPKG_LINKER_FLAGS_RELEASE: ""
      VCPKG_PLATFORM_TOOLSET: "v145"
      VCPKG_PREFER_SYSTEM_LIBS: "OFF"
      VCPKG_SET_CHARSET_FLAG: "ON"
      VCPKG_TARGET_ARCHITECTURE: "x64"
      VCPKG_TARGET_TRIPLET: "x64-windows"
      Z_VCPKG_ROOT_DIR: "D:/Microsoft Visual Studio/18/Community/VC/vcpkg"
    buildResult:
      variable: "HAVE_SIZEOF_UNSIGNED_INT"
      cached: true
      stdout: |
        Change Dir: 'D:/WaterSurfaceRendererScratch/vcpkg_installed/vcpkg/blds/fftw3/x64-windows-rel/CMakeFiles/CMakeScratch/TryCompile-cvmkht'
        
        Run Build Command(s): "D:/Microsoft Visual Studio/18/Community/Common7/IDE/CommonExtensions/Microsoft/CMake/Ninja/ninja.exe" -v cmTC_9615b
        [1/2] "D:\\Microsoft Visual Studio\\18\\Community\\VC\\Tools\\MSVC\\14.51.36231\\bin\\Hostx64\\x64\\cl.exe"  /nologo -D_MBCS  /nologo /DWIN32 /D_WINDOWS /utf-8 /MP   /MDd /Z7 /Ob0 /Od /RTC1 /showIncludes /FoCMakeFiles\\cmTC_9615b.dir\\SIZEOF_UNSIGNED_INT.c.obj /FdCMakeFiles\\cmTC_9615b.dir\\ /FS -c D:\\WaterSurfaceRendererScratch\\vcpkg_installed\\vcpkg\\blds\\fftw3\\x64-windows-rel\\CMakeFiles\\CMakeScratch\\TryCompile-cvmkht\\SIZEOF_UNSIGNED_INT.c
        [2/2] C:\\windows\\system32\\cmd.exe /C "cd . && "D:\\Microsoft Visual Studio\\18\\Community\\Common7\\IDE\\CommonExtensions\\Microsoft\\CMake\\CMake\\bin\\cmake.exe" -E vs_link_exe --msvc-ver=1951 --intdir=CMakeFiles\\cmTC_9615b.dir --rc=C:\\PROGRA~2\\WI3CF2~1\\10\\bin\\100261~1.0\\x64\\rc.exe --mt=C:\\PROGRA~2\\WI3CF2~1\\10\\bin\\100261~1.0\\x64\\mt.exe --manifests  -- "D:\\Microsoft Visual Studio\\18\\Community\\VC\\Tools\\MSVC\\14.51.36231\\bin\\Hostx64\\x64\\link.exe" /nologo CMakeFiles\\cmTC_9615b.dir\\SIZEOF_UNSIGNED_INT.c.obj  /out:cmTC_9615b.exe /implib:cmTC_9615b.lib /pdb:cmTC_9615b.pdb /version:0.0 /machine:x64 /nologo /debug /INCREMENTAL /subsystem:console  kernel32.lib user32.lib gdi32.lib winspool.lib shell32.lib ole32.lib oleaut32.lib uuid.lib comdlg32.lib advapi32.lib && cd ."
        
      exitCode: 0
  -
    kind: "try_compile-v1"
    backtrace:
      - "D:/Microsoft Visual Studio/18/Community/Common7/IDE/CommonExtensions/Microsoft/CMake/CMake/share/cmake-4.3/Modules/CheckTypeSize.cmake:348 (try_compile)"
      - "D:/Microsoft Visual Studio/18/Community/Common7/IDE/CommonExtensions/Microsoft/CMake/CMake/share/cmake-4.3/Modules/CheckTypeSize.cmake:481 (__check_type_size_impl)"
      - "CMakeLists.txt:105 (check_type_size)"
    checks:
      - "Check size of unsigned long"
    directories:
      source: "D:/WaterSurfaceRendererScratch/vcpkg_installed/vcpkg/blds/fftw3/x64-windows-rel/CMakeFiles/CMakeScratch/TryCompile-yz86g1"
      binary: "D:/WaterSurfaceRendererScratch/vcpkg_installed/vcpkg/blds/fftw3/x64-windows-rel/CMakeFiles/CMakeScratch/TryCompile-yz86g1"
    cmakeVariables:
      CMAKE_CXX_STDLIB_MODULES_JSON: ""
      CMAKE_C_FLAGS: " /nologo /DWIN32 /D_WINDOWS /utf-8 /MP "
      CMAKE_EXE_LINKER_FLAGS: "/machine:x64"
      CMAKE_MSVC_DEBUG_INFORMATION_FORMAT: ""
      CMAKE_MSVC_RUNTIME_LIBRARY: "MultiThreaded$<$<CONFIG:Debug>:Debug>$<$<STREQUAL:dynamic,dynamic>:DLL>"
      VCPKG_CHAINLOAD_TOOLCHAIN_FILE: "D:/Microsoft Visual Studio/18/Community/VC/vcpkg/scripts/toolchains/windows.cmake"
      VCPKG_CRT_LINKAGE: "dynamic"
      VCPKG_CXX_FLAGS: ""
      VCPKG_CXX_FLAGS_DEBUG: ""
      VCPKG_CXX_FLAGS_RELEASE: ""
      VCPKG_C_FLAGS: ""
      VCPKG_C_FLAGS_DEBUG: ""
      VCPKG_C_FLAGS_RELEASE: ""
      VCPKG_INSTALLED_DIR: "D:/WaterSurfaceRendererScratch/vcpkg_installed"
      VCPKG_LINKER_FLAGS: ""
      VCPKG_LINKER_FLAGS_DEBUG: ""
      VCPKG_LINKER_FLAGS_RELEASE: ""
      VCPKG_PLATFORM_TOOLSET: "v145"
      VCPKG_PREFER_SYSTEM_LIBS: "OFF"
      VCPKG_SET_CHARSET_FLAG: "ON"
      VCPKG_TARGET_ARCHITECTURE: "x64"
      VCPKG_TARGET_TRIPLET: "x64-windows"
      Z_VCPKG_ROOT_DIR: "D:/Microsoft Visual Studio/18/Community/VC/vcpkg"
    buildResult:
      variable: "HAVE_SIZEOF_UNSIGNED_LONG"
      cached: true
      stdout: |
        Change Dir: 'D:/WaterSurfaceRendererScratch/vcpkg_installed/vcpkg/blds/fftw3/x64-windows-rel/CMakeFiles/CMakeScratch/TryCompile-yz86g1'
        
        Run Build Command(s): "D:/Microsoft Visual Studio/18/Community/Common7/IDE/CommonExtensions/Microsoft/CMake/Ninja/ninja.exe" -v cmTC_037a8
        [1/2] "D:\\Microsoft Visual Studio\\18\\Community\\VC\\Tools\\MSVC\\14.51.36231\\bin\\Hostx64\\x64\\cl.exe"  /nologo -D_MBCS  /nologo /DWIN32 /D_WINDOWS /utf-8 /MP   /MDd /Z7 /Ob0 /Od /RTC1 /showIncludes /FoCMakeFiles\\cmTC_037a8.dir\\SIZEOF_UNSIGNED_LONG.c.obj /FdCMakeFiles\\cmTC_037a8.dir\\ /FS -c D:\\WaterSurfaceRendererScratch\\vcpkg_installed\\vcpkg\\blds\\fftw3\\x64-windows-rel\\CMakeFiles\\CMakeScratch\\TryCompile-yz86g1\\SIZEOF_UNSIGNED_LONG.c
        [2/2] C:\\windows\\system32\\cmd.exe /C "cd . && "D:\\Microsoft Visual Studio\\18\\Community\\Common7\\IDE\\CommonExtensions\\Microsoft\\CMake\\CMake\\bin\\cmake.exe" -E vs_link_exe --msvc-ver=1951 --intdir=CMakeFiles\\cmTC_037a8.dir --rc=C:\\PROGRA~2\\WI3CF2~1\\10\\bin\\100261~1.0\\x64\\rc.exe --mt=C:\\PROGRA~2\\WI3CF2~1\\10\\bin\\100261~1.0\\x64\\mt.exe --manifests  -- "D:\\Microsoft Visual Studio\\18\\Community\\VC\\Tools\\MSVC\\14.51.36231\\bin\\Hostx64\\x64\\link.exe" /nologo CMakeFiles\\cmTC_037a8.dir\\SIZEOF_UNSIGNED_LONG.c.obj  /out:cmTC_037a8.exe /implib:cmTC_037a8.lib /pdb:cmTC_037a8.pdb /version:0.0 /machine:x64 /nologo /debug /INCREMENTAL /subsystem:console  kernel32.lib user32.lib gdi32.lib winspool.lib shell32.lib ole32.lib oleaut32.lib uuid.lib comdlg32.lib advapi32.lib && cd ."
        
      exitCode: 0
  -
    kind: "try_compile-v1"
    backtrace:
      - "D:/Microsoft Visual Studio/18/Community/Common7/IDE/CommonExtensions/Microsoft/CMake/CMake/share/cmake-4.3/Modules/CheckTypeSize.cmake:348 (try_compile)"
      - "D:/Microsoft Visual Studio/18/Community/Common7/IDE/CommonExtensions/Microsoft/CMake/CMake/share/cmake-4.3/Modules/CheckTypeSize.cmake:481 (__check_type_size_impl)"
      - "CMakeLists.txt:106 (check_type_size)"
    checks:
      - "Check size of unsigned long long"
    directories:
      source: "D:/WaterSurfaceRendererScratch/vcpkg_installed/vcpkg/blds/fftw3/x64-windows-rel/CMakeFiles/CMakeScratch/TryCompile-nxxrk9"
      binary: "D:/WaterSurfaceRendererScratch/vcpkg_installed/vcpkg/blds/fftw3/x64-windows-rel/CMakeFiles/CMakeScratch/TryCompile-nxxrk9"
    cmakeVariables:
      CMAKE_CXX_STDLIB_MODULES_JSON: ""
      CMAKE_C_FLAGS: " /nologo /DWIN32 /D_WINDOWS /utf-8 /MP "
      CMAKE_EXE_LINKER_FLAGS: "/machine:x64"
      CMAKE_MSVC_DEBUG_INFORMATION_FORMAT: ""
      CMAKE_MSVC_RUNTIME_LIBRARY: "MultiThreaded$<$<CONFIG:Debug>:Debug>$<$<STREQUAL:dynamic,dynamic>:DLL>"
      VCPKG_CHAINLOAD_TOOLCHAIN_FILE: "D:/Microsoft Visual Studio/18/Community/VC/vcpkg/scripts/toolchains/windows.cmake"
      VCPKG_CRT_LINKAGE: "dynamic"
      VCPKG_CXX_FLAGS: ""
      VCPKG_CXX_FLAGS_DEBUG: ""
      VCPKG_CXX_FLAGS_RELEASE: ""
      VCPKG_C_FLAGS: ""
      VCPKG_C_FLAGS_DEBUG: ""
      VCPKG_C_FLAGS_RELEASE: ""
      VCPKG_INSTALLED_DIR: "D:/WaterSurfaceRendererScratch/vcpkg_installed"
      VCPKG_LINKER_FLAGS: ""
      VCPKG_LINKER_FLAGS_DEBUG: ""
      VCPKG_LINKER_FLAGS_RELEASE: ""
      VCPKG_PLATFORM_TOOLSET: "v145"
      VCPKG_PREFER_SYSTEM_LIBS: "OFF"
      VCPKG_SET_CHARSET_FLAG: "ON"
      VCPKG_TARGET_ARCHITECTURE: "x64"
      VCPKG_TARGET_TRIPLET: "x64-windows"
      Z_VCPKG_ROOT_DIR: "D:/Microsoft Visual Studio/18/Community/VC/vcpkg"
    buildResult:
      variable: "HAVE_SIZEOF_UNSIGNED_LONG_LONG"
      cached: true
      stdout: |
        Change Dir: 'D:/WaterSurfaceRendererScratch/vcpkg_installed/vcpkg/blds/fftw3/x64-windows-rel/CMakeFiles/CMakeScratch/TryCompile-nxxrk9'
        
        Run Build Command(s): "D:/Microsoft Visual Studio/18/Community/Common7/IDE/CommonExtensions/Microsoft/CMake/Ninja/ninja.exe" -v cmTC_86ecd
        [1/2] "D:\\Microsoft Visual Studio\\18\\Community\\VC\\Tools\\MSVC\\14.51.36231\\bin\\Hostx64\\x64\\cl.exe"  /nologo -D_MBCS  /nologo /DWIN32 /D_WINDOWS /utf-8 /MP   /MDd /Z7 /Ob0 /Od /RTC1 /showIncludes /FoCMakeFiles\\cmTC_86ecd.dir\\SIZEOF_UNSIGNED_LONG_LONG.c.obj /FdCMakeFiles\\cmTC_86ecd.dir\\ /FS -c D:\\WaterSurfaceRendererScratch\\vcpkg_installed\\vcpkg\\blds\\fftw3\\x64-windows-rel\\CMakeFiles\\CMakeScratch\\TryCompile-nxxrk9\\SIZEOF_UNSIGNED_LONG_LONG.c
        [2/2] C:\\windows\\system32\\cmd.exe /C "cd . && "D:\\Microsoft Visual Studio\\18\\Community\\Common7\\IDE\\CommonExtensions\\Microsoft\\CMake\\CMake\\bin\\cmake.exe" -E vs_link_exe --msvc-ver=1951 --intdir=CMakeFiles\\cmTC_86ecd.dir --rc=C:\\PROGRA~2\\WI3CF2~1\\10\\bin\\100261~1.0\\x64\\rc.exe --mt=C:\\PROGRA~2\\WI3CF2~1\\10\\bin\\100261~1.0\\x64\\mt.exe --manifests  -- "D:\\Microsoft Visual Studio\\18\\Community\\VC\\Tools\\MSVC\\14.51.36231\\bin\\Hostx64\\x64\\link.exe" /nologo CMakeFiles\\cmTC_86ecd.dir\\SIZEOF_UNSIGNED_LONG_LONG.c.obj  /out:cmTC_86ecd.exe /implib:cmTC_86ecd.lib /pdb:cmTC_86ecd.pdb /version:0.0 /machine:x64 /nologo /debug /INCREMENTAL /subsystem:console  kernel32.lib user32.lib gdi32.lib winspool.lib shell32.lib ole32.lib oleaut32.lib uuid.lib comdlg32.lib advapi32.lib && cd ."
        
      exitCode: 0
  -
    kind: "try_compile-v1"
    backtrace:
      - "D:/Microsoft Visual Studio/18/Community/Common7/IDE/CommonExtensions/Microsoft/CMake/CMake/share/cmake-4.3/Modules/CheckTypeSize.cmake:348 (try_compile)"
      - "D:/Microsoft Visual Studio/18/Community/Common7/IDE/CommonExtensions/Microsoft/CMake/CMake/share/cmake-4.3/Modules/CheckTypeSize.cmake:481 (__check_type_size_impl)"
      - "CMakeLists.txt:107 (check_type_size)"
    checks:
      - "Check size of size_t"
    directories:
      source: "D:/WaterSurfaceRendererScratch/vcpkg_installed/vcpkg/blds/fftw3/x64-windows-rel/CMakeFiles/CMakeScratch/TryCompile-dz0h14"
      binary: "D:/WaterSurfaceRendererScratch/vcpkg_installed/vcpkg/blds/fftw3/x64-windows-rel/CMakeFiles/CMakeScratch/TryCompile-dz0h14"
    cmakeVariables:
      CMAKE_CXX_STDLIB_MODULES_JSON: ""
      CMAKE_C_FLAGS: " /nologo /DWIN32 /D_WINDOWS /utf-8 /MP "
      CMAKE_EXE_LINKER_FLAGS: "/machine:x64"
      CMAKE_MSVC_DEBUG_INFORMATION_FORMAT: ""
      CMAKE_MSVC_RUNTIME_LIBRARY: "MultiThreaded$<$<CONFIG:Debug>:Debug>$<$<STREQUAL:dynamic,dynamic>:DLL>"
      VCPKG_CHAINLOAD_TOOLCHAIN_FILE: "D:/Microsoft Visual Studio/18/Community/VC/vcpkg/scripts/toolchains/windows.cmake"
      VCPKG_CRT_LINKAGE: "dynamic"
      VCPKG_CXX_FLAGS: ""
      VCPKG_CXX_FLAGS_DEBUG: ""
      VCPKG_CXX_FLAGS_RELEASE: ""
      VCPKG_C_FLAGS: ""
      VCPKG_C_FLAGS_DEBUG: ""
      VCPKG_C_FLAGS_RELEASE: ""
      VCPKG_INSTALLED_DIR: "D:/WaterSurfaceRendererScratch/vcpkg_installed"
      VCPKG_LINKER_FLAGS: ""
      VCPKG_LINKER_FLAGS_DEBUG: ""
      VCPKG_LINKER_FLAGS_RELEASE: ""
      VCPKG_PLATFORM_TOOLSET: "v145"
      VCPKG_PREFER_SYSTEM_LIBS: "OFF"
      VCPKG_SET_CHARSET_FLAG: "ON"
      VCPKG_TARGET_ARCHITECTURE: "x64"
      VCPKG_TARGET_TRIPLET: "x64-windows"
      Z_VCPKG_ROOT_DIR: "D:/Microsoft Visual Studio/18/Community/VC/vcpkg"
    buildResult:
      variable: "HAVE_SIZEOF_SIZE_T"
      cached: true
      stdout: |
        Change Dir: 'D:/WaterSurfaceRendererScratch/vcpkg_installed/vcpkg/blds/fftw3/x64-windows-rel/CMakeFiles/CMakeScratch/TryCompile-dz0h14'
        
        Run Build Command(s): "D:/Microsoft Visual Studio/18/Community/Common7/IDE/CommonExtensions/Microsoft/CMake/Ninja/ninja.exe" -v cmTC_c3db6
        [1/2] "D:\\Microsoft Visual Studio\\18\\Community\\VC\\Tools\\MSVC\\14.51.36231\\bin\\Hostx64\\x64\\cl.exe"  /nologo -D_MBCS  /nologo /DWIN32 /D_WINDOWS /utf-8 /MP   /MDd /Z7 /Ob0 /Od /RTC1 /showIncludes /FoCMakeFiles\\cmTC_c3db6.dir\\SIZEOF_SIZE_T.c.obj /FdCMakeFiles\\cmTC_c3db6.dir\\ /FS -c D:\\WaterSurfaceRendererScratch\\vcpkg_installed\\vcpkg\\blds\\fftw3\\x64-windows-rel\\CMakeFiles\\CMakeScratch\\TryCompile-dz0h14\\SIZEOF_SIZE_T.c
        [2/2] C:\\windows\\system32\\cmd.exe /C "cd . && "D:\\Microsoft Visual Studio\\18\\Community\\Common7\\IDE\\CommonExtensions\\Microsoft\\CMake\\CMake\\bin\\cmake.exe" -E vs_link_exe --msvc-ver=1951 --intdir=CMakeFiles\\cmTC_c3db6.dir --rc=C:\\PROGRA~2\\WI3CF2~1\\10\\bin\\100261~1.0\\x64\\rc.exe --mt=C:\\PROGRA~2\\WI3CF2~1\\10\\bin\\100261~1.0\\x64\\mt.exe --manifests  -- "D:\\Microsoft Visual Studio\\18\\Community\\VC\\Tools\\MSVC\\14.51.36231\\bin\\Hostx64\\x64\\link.exe" /nologo CMakeFiles\\cmTC_c3db6.dir\\SIZEOF_SIZE_T.c.obj  /out:cmTC_c3db6.exe /implib:cmTC_c3db6.lib /pdb:cmTC_c3db6.pdb /version:0.0 /machine:x64 /nologo /debug /INCREMENTAL /subsystem:console  kernel32.lib user32.lib gdi32.lib winspool.lib shell32.lib ole32.lib oleaut32.lib uuid.lib comdlg32.lib advapi32.lib && cd ."
        
      exitCode: 0
  -
    kind: "try_compile-v1"
    backtrace:
      - "D:/Microsoft Visual Studio/18/Community/Common7/IDE/CommonExtensions/Microsoft/CMake/CMake/share/cmake-4.3/Modules/CheckTypeSize.cmake:348 (try_compile)"
      - "D:/Microsoft Visual Studio/18/Community/Common7/IDE/CommonExtensions/Microsoft/CMake/CMake/share/cmake-4.3/Modules/CheckTypeSize.cmake:481 (__check_type_size_impl)"
      - "CMakeLists.txt:108 (check_type_size)"
    checks:
      - "Check size of ptrdiff_t"
    directories:
      source: "D:/WaterSurfaceRendererScratch/vcpkg_installed/vcpkg/blds/fftw3/x64-windows-rel/CMakeFiles/CMakeScratch/TryCompile-ar7z61"
      binary: "D:/WaterSurfaceRendererScratch/vcpkg_installed/vcpkg/blds/fftw3/x64-windows-rel/CMakeFiles/CMakeScratch/TryCompile-ar7z61"
    cmakeVariables:
      CMAKE_CXX_STDLIB_MODULES_JSON: ""
      CMAKE_C_FLAGS: " /nologo /DWIN32 /D_WINDOWS /utf-8 /MP "
      CMAKE_EXE_LINKER_FLAGS: "/machine:x64"
      CMAKE_MSVC_DEBUG_INFORMATION_FORMAT: ""
      CMAKE_MSVC_RUNTIME_LIBRARY: "MultiThreaded$<$<CONFIG:Debug>:Debug>$<$<STREQUAL:dynamic,dynamic>:DLL>"
      VCPKG_CHAINLOAD_TOOLCHAIN_FILE: "D:/Microsoft Visual Studio/18/Community/VC/vcpkg/scripts/toolchains/windows.cmake"
      VCPKG_CRT_LINKAGE: "dynamic"
      VCPKG_CXX_FLAGS: ""
      VCPKG_CXX_FLAGS_DEBUG: ""
      VCPKG_CXX_FLAGS_RELEASE: ""
      VCPKG_C_FLAGS: ""
      VCPKG_C_FLAGS_DEBUG: ""
      VCPKG_C_FLAGS_RELEASE: ""
      VCPKG_INSTALLED_DIR: "D:/WaterSurfaceRendererScratch/vcpkg_installed"
      VCPKG_LINKER_FLAGS: ""
      VCPKG_LINKER_FLAGS_DEBUG: ""
      VCPKG_LINKER_FLAGS_RELEASE: ""
      VCPKG_PLATFORM_TOOLSET: "v145"
      VCPKG_PREFER_SYSTEM_LIBS: "OFF"
      VCPKG_SET_CHARSET_FLAG: "ON"
      VCPKG_TARGET_ARCHITECTURE: "x64"
      VCPKG_TARGET_TRIPLET: "x64-windows"
      Z_VCPKG_ROOT_DIR: "D:/Microsoft Visual Studio/18/Community/VC/vcpkg"
    buildResult:
      variable: "HAVE_SIZEOF_PTRDIFF_T"
      cached: true
      stdout: |
        Change Dir: 'D:/WaterSurfaceRendererScratch/vcpkg_installed/vcpkg/blds/fftw3/x64-windows-rel/CMakeFiles/CMakeScratch/TryCompile-ar7z61'
        
        Run Build Command(s): "D:/Microsoft Visual Studio/18/Community/Common7/IDE/CommonExtensions/Microsoft/CMake/Ninja/ninja.exe" -v cmTC_361ff
        [1/2] "D:\\Microsoft Visual Studio\\18\\Community\\VC\\Tools\\MSVC\\14.51.36231\\bin\\Hostx64\\x64\\cl.exe"  /nologo -D_MBCS  /nologo /DWIN32 /D_WINDOWS /utf-8 /MP   /MDd /Z7 /Ob0 /Od /RTC1 /showIncludes /FoCMakeFiles\\cmTC_361ff.dir\\SIZEOF_PTRDIFF_T.c.obj /FdCMakeFiles\\cmTC_361ff.dir\\ /FS -c D:\\WaterSurfaceRendererScratch\\vcpkg_installed\\vcpkg\\blds\\fftw3\\x64-windows-rel\\CMakeFiles\\CMakeScratch\\TryCompile-ar7z61\\SIZEOF_PTRDIFF_T.c
        [2/2] C:\\windows\\system32\\cmd.exe /C "cd . && "D:\\Microsoft Visual Studio\\18\\Community\\Common7\\IDE\\CommonExtensions\\Microsoft\\CMake\\CMake\\bin\\cmake.exe" -E vs_link_exe --msvc-ver=1951 --intdir=CMakeFiles\\cmTC_361ff.dir --rc=C:\\PROGRA~2\\WI3CF2~1\\10\\bin\\100261~1.0\\x64\\rc.exe --mt=C:\\PROGRA~2\\WI3CF2~1\\10\\bin\\100261~1.0\\x64\\mt.exe --manifests  -- "D:\\Microsoft Visual Studio\\18\\Community\\VC\\Tools\\MSVC\\14.51.36231\\bin\\Hostx64\\x64\\link.exe" /nologo CMakeFiles\\cmTC_361ff.dir\\SIZEOF_PTRDIFF_T.c.obj  /out:cmTC_361ff.exe /implib:cmTC_361ff.lib /pdb:cmTC_361ff.pdb /version:0.0 /machine:x64 /nologo /debug /INCREMENTAL /subsystem:console  kernel32.lib user32.lib gdi32.lib winspool.lib shell32.lib ole32.lib oleaut32.lib uuid.lib comdlg32.lib advapi32.lib && cd ."
        
      exitCode: 0
  -
    kind: "find-v1"
    backtrace:
      - "CMakeLists.txt:112 (find_library)"
    mode: "library"
    variable: "LIBM_LIBRARY"
    description: "Path to a library."
    settings:
      SearchFramework: "LAST"
      SearchAppBundle: "LAST"
      CMAKE_FIND_USE_CMAKE_PATH: true
      CMAKE_FIND_USE_CMAKE_ENVIRONMENT_PATH: true
      CMAKE_FIND_USE_SYSTEM_ENVIRONMENT_PATH: true
      CMAKE_FIND_USE_CMAKE_SYSTEM_PATH: true
      CMAKE_FIND_USE_INSTALL_PREFIX: true
    names:
      - "m"
    candidate_directories:
      - "D:/WaterSurfaceRendererScratch/vcpkg_installed/x64-windows/lib/"
      - "D:/WaterSurfaceRendererScratch/vcpkg_installed/x64-windows/"
      - "D:/WaterSurfaceRendererScratch/vcpkg_installed/x64-windows/debug/lib/"
      - "D:/WaterSurfaceRendererScratch/vcpkg_installed/x64-windows/debug/"
      - "D:/WaterSurfaceRendererScratch/vcpkg_installed/x64-windows/lib/manual-link/"
      - "D:/WaterSurfaceRendererScratch/vcpkg_installed/x64-windows/debug/lib/manual-link/"
      - "D:/WaterSurfaceRendererScratch/vcpkg_installed/x64-windows/Microsoft Visual Studio/18/Community/VC/Tools/MSVC/14.51.36231/atlmfc/lib/x64/"
      - "D:/WaterSurfaceRendererScratch/vcpkg_installed/x64-windows/Microsoft Visual Studio/18/Community/VC/Tools/MSVC/14.51.36231/lib/x64/"
      - "D:/WaterSurfaceRendererScratch/vcpkg_installed/x64-windows/Program Files (x86)/Windows Kits/NETFXSDK/4.8/Lib/um/x64/"
      - "D:/WaterSurfaceRendererScratch/vcpkg_installed/x64-windows/Program Files (x86)/Windows Kits/10/Lib/10.0.26100.0/ucrt/x64/"
      - "D:/WaterSurfaceRendererScratch/vcpkg_installed/x64-windows/Program Files (x86)/Windows Kits/10/Lib/10.0.26100.0/um/x64/"
      - "D:/WaterSurfaceRendererScratch/vcpkg_installed/x64-windows/Microsoft Visual Studio/18/Community/VC/Tools/MSVC/14.51.36231/bin/Hostx64/x64/"
      - "D:/WaterSurfaceRendererScratch/vcpkg_installed/x64-windows/Microsoft Visual Studio/18/Community/Common7/IDE/VC/vcpackages/"
      - "D:/WaterSurfaceRendererScratch/vcpkg_installed/x64-windows/Microsoft Visual Studio/18/Community/Common7/IDE/CommonExtensions/Microsoft/TestWindow/"
      - "D:/WaterSurfaceRendererScratch/vcpkg_installed/x64-windows/Microsoft Visual Studio/18/Community/Common7/IDE/CommonExtensions/Microsoft/TeamFoundation/Team Explorer/"
      - "D:/WaterSurfaceRendererScratch/vcpkg_installed/x64-windows/Microsoft Visual Studio/18/Community/MSBuild/Current/Bin/Roslyn/"
      - "D:/WaterSurfaceRendererScratch/vcpkg_installed/x64-windows/Program Files (x86)/Microsoft SDKs/Windows/v10.0A/bin/NETFX 4.8 Tools/x64/"
      - "D:/WaterSurfaceRendererScratch/vcpkg_installed/x64-windows/Microsoft Visual Studio/18/Community/Team Tools/DiagnosticsHub/Collector/"
      - "D:/WaterSurfaceRendererScratch/vcpkg_installed/x64-windows/Microsoft Visual Studio/18/Community/Common7/IDE/Extensions/Microsoft/CodeCoverage.Console/"
      - "D:/WaterSurfaceRendererScratch/vcpkg_installed/x64-windows/Program Files (x86)/Windows Kits/10/bin/10.0.26100.0/x64/"
      - "D:/WaterSurfaceRendererScratch/vcpkg_installed/x64-windows/Program Files (x86)/Windows Kits/10/bin/x64/"
      - "D:/WaterSurfaceRendererScratch/vcpkg_installed/x64-windows/Microsoft Visual Studio/18/Community/MSBuild/Current/Bin/amd64/"
      - "D:/WaterSurfaceRendererScratch/vcpkg_installed/x64-windows/Windows/Microsoft.NET/Framework64/v4.0.30319/"
      - "D:/WaterSurfaceRendererScratch/vcpkg_installed/x64-windows/Microsoft Visual Studio/18/Community/Common7/IDE/"
      - "D:/WaterSurfaceRendererScratch/vcpkg_installed/x64-windows/Microsoft Visual Studio/18/Community/Common7/Tools/"
      - "D:/WaterSurfaceRendererScratch/vcpkg_installed/x64-windows/Users/xukeheng/AppData/Local/vcpkg/downloads/tools/powershell-core-7.5.4-windows/"
      - "D:/WaterSurfaceRendererScratch/vcpkg_installed/x64-windows/Windows/System32/"
      - "D:/WaterSurfaceRendererScratch/vcpkg_installed/x64-windows/Windows/"
      - "D:/WaterSurfaceRendererScratch/vcpkg_installed/x64-windows/Windows/System32/wbem/"
      - "D:/WaterSurfaceRendererScratch/vcpkg_installed/x64-windows/Windows/System32/WindowsPowerShell/v1.0/"
      - "D:/WaterSurfaceRendererScratch/vcpkg_installed/x64-windows/Windows/System32/OpenSSH/"
      - "D:/WaterSurfaceRendererScratch/vcpkg_installed/x64-windows/Microsoft Visual Studio/18/Community/Common7/IDE/CommonExtensions/Microsoft/CMake/CMake/bin/"
      - "D:/WaterSurfaceRendererScratch/vcpkg_installed/x64-windows/Microsoft Visual Studio/18/Community/Common7/IDE/CommonExtensions/Microsoft/CMake/Ninja/"
      - "D:/WaterSurfaceRendererScratch/vcpkg_installed/x64-windows/Microsoft Visual Studio/18/Community/Common7/IDE/VC/Linux/bin/ConnectionManagerExe/"
      - "D:/WaterSurfaceRendererScratch/vcpkg_installed/x64-windows/Microsoft Visual Studio/18/Community/VC/vcpkg/"
      - "D:/WaterSurfaceRendererScratch/vcpkg_installed/x64-windows/Program Files/lib/"
      - "D:/WaterSurfaceRendererScratch/vcpkg_installed/x64-windows/Program Files/"
      - "D:/WaterSurfaceRendererScratch/vcpkg_installed/x64-windows/Program Files (x86)/lib/"
      - "D:/WaterSurfaceRendererScratch/vcpkg_installed/x64-windows/Program Files (x86)/"
      - "D:/WaterSurfaceRendererScratch/vcpkg_installed/x64-windows/Microsoft Visual Studio/18/Community/Common7/IDE/CommonExtensions/Microsoft/CMake/CMake/lib/"
      - "D:/WaterSurfaceRendererScratch/vcpkg_installed/x64-windows/Microsoft Visual Studio/18/Community/Common7/IDE/CommonExtensions/Microsoft/CMake/CMake/"
      - "D:/WaterSurfaceRendererScratch/vcpkg_installed/x64-windows/WaterSurfaceRendererScratch/vcpkg_installed/vcpkg/pkgs/fftw3_x64-windows/lib/"
      - "D:/WaterSurfaceRendererScratch/vcpkg_installed/x64-windows/WaterSurfaceRendererScratch/vcpkg_installed/vcpkg/pkgs/fftw3_x64-windows/"
      - "D:/WaterSurfaceRendererScratch/vcpkg_installed/x64-windows/WaterSurfaceRendererScratch/vcpkg_installed/vcpkg/pkgs/fftw3_x64-windows/bin/"
      - "D:/WaterSurfaceRendererScratch/vcpkg_installed/x64-windows/bin/"
      - "D:/WaterSurfaceRendererScratch/vcpkg_installed/x64-windows/debug/WaterSurfaceRendererScratch/vcpkg_installed/x64-windows/lib/"
      - "D:/WaterSurfaceRendererScratch/vcpkg_installed/x64-windows/debug/WaterSurfaceRendererScratch/vcpkg_installed/x64-windows/"
      - "D:/WaterSurfaceRendererScratch/vcpkg_installed/x64-windows/debug/lib/"
      - "D:/WaterSurfaceRendererScratch/vcpkg_installed/x64-windows/debug/"
      - "D:/WaterSurfaceRendererScratch/vcpkg_installed/x64-windows/debug/WaterSurfaceRendererScratch/vcpkg_installed/x64-windows/lib/manual-link/"
      - "D:/WaterSurfaceRendererScratch/vcpkg_installed/x64-windows/debug/lib/manual-link/"
      - "D:/WaterSurfaceRendererScratch/vcpkg_installed/x64-windows/debug/Microsoft Visual Studio/18/Community/VC/Tools/MSVC/14.51.36231/atlmfc/lib/x64/"
      - "D:/WaterSurfaceRendererScratch/vcpkg_installed/x64-windows/debug/Microsoft Visual Studio/18/Community/VC/Tools/MSVC/14.51.36231/lib/x64/"
      - "D:/WaterSurfaceRendererScratch/vcpkg_installed/x64-windows/debug/Program Files (x86)/Windows Kits/NETFXSDK/4.8/Lib/um/x64/"
      - "D:/WaterSurfaceRendererScratch/vcpkg_installed/x64-windows/debug/Program Files (x86)/Windows Kits/10/Lib/10.0.26100.0/ucrt/x64/"
      - "D:/WaterSurfaceRendererScratch/vcpkg_installed/x64-windows/debug/Program Files (x86)/Windows Kits/10/Lib/10.0.26100.0/um/x64/"
      - "D:/WaterSurfaceRendererScratch/vcpkg_installed/x64-windows/debug/Microsoft Visual Studio/18/Community/VC/Tools/MSVC/14.51.36231/bin/Hostx64/x64/"
      - "D:/WaterSurfaceRendererScratch/vcpkg_installed/x64-windows/debug/Microsoft Visual Studio/18/Community/Common7/IDE/VC/vcpackages/"
      - "D:/WaterSurfaceRendererScratch/vcpkg_installed/x64-windows/debug/Microsoft Visual Studio/18/Community/Common7/IDE/CommonExtensions/Microsoft/TestWindow/"
      - "D:/WaterSurfaceRendererScratch/vcpkg_installed/x64-windows/debug/Microsoft Visual Studio/18/Community/Common7/IDE/CommonExtensions/Microsoft/TeamFoundation/Team Explorer/"
      - "D:/WaterSurfaceRendererScratch/vcpkg_installed/x64-windows/debug/Microsoft Visual Studio/18/Community/MSBuild/Current/Bin/Roslyn/"
      - "D:/WaterSurfaceRendererScratch/vcpkg_installed/x64-windows/debug/Program Files (x86)/Microsoft SDKs/Windows/v10.0A/bin/NETFX 4.8 Tools/x64/"
      - "D:/WaterSurfaceRendererScratch/vcpkg_installed/x64-windows/debug/Microsoft Visual Studio/18/Community/Team Tools/DiagnosticsHub/Collector/"
      - "D:/WaterSurfaceRendererScratch/vcpkg_installed/x64-windows/debug/Microsoft Visual Studio/18/Community/Common7/IDE/Extensions/Microsoft/CodeCoverage.Console/"
      - "D:/WaterSurfaceRendererScratch/vcpkg_installed/x64-windows/debug/Program Files (x86)/Windows Kits/10/bin/10.0.26100.0/x64/"
      - "D:/WaterSurfaceRendererScratch/vcpkg_installed/x64-windows/debug/Program Files (x86)/Windows Kits/10/bin/x64/"
      - "D:/WaterSurfaceRendererScratch/vcpkg_installed/x64-windows/debug/Microsoft Visual Studio/18/Community/MSBuild/Current/Bin/amd64/"
      - "D:/WaterSurfaceRendererScratch/vcpkg_installed/x64-windows/debug/Windows/Microsoft.NET/Framework64/v4.0.30319/"
      - "D:/WaterSurfaceRendererScratch/vcpkg_installed/x64-windows/debug/Microsoft Visual Studio/18/Community/Common7/IDE/"
      - "D:/WaterSurfaceRendererScratch/vcpkg_installed/x64-windows/debug/Microsoft Visual Studio/18/Community/Common7/Tools/"
      - "D:/WaterSurfaceRendererScratch/vcpkg_installed/x64-windows/debug/Users/xukeheng/AppData/Local/vcpkg/downloads/tools/powershell-core-7.5.4-windows/"
      - "D:/WaterSurfaceRendererScratch/vcpkg_installed/x64-windows/debug/Windows/System32/"
      - "D:/WaterSurfaceRendererScratch/vcpkg_installed/x64-windows/debug/Windows/"
      - "D:/WaterSurfaceRendererScratch/vcpkg_installed/x64-windows/debug/Windows/System32/wbem/"
      - "D:/WaterSurfaceRendererScratch/vcpkg_installed/x64-windows/debug/Windows/System32/WindowsPowerShell/v1.0/"
      - "D:/WaterSurfaceRendererScratch/vcpkg_installed/x64-windows/debug/Windows/System32/OpenSSH/"
      - "D:/WaterSurfaceRendererScratch/vcpkg_installed/x64-windows/debug/Microsoft Visual Studio/18/Community/Common7/IDE/CommonExtensions/Microsoft/CMake/CMake/bin/"
      - "D:/WaterSurfaceRendererScratch/vcpkg_installed/x64-windows/debug/Microsoft Visual Studio/18/Community/Common7/IDE/CommonExtensions/Microsoft/CMake/Ninja/"
      - "D:/WaterSurfaceRendererScratch/vcpkg_installed/x64-windows/debug/Microsoft Visual Studio/18/Community/Common7/IDE/VC/Linux/bin/ConnectionManagerExe/"
      - "D:/WaterSurfaceRendererScratch/vcpkg_installed/x64-windows/debug/Microsoft Visual Studio/18/Community/VC/vcpkg/"
      - "D:/WaterSurfaceRendererScratch/vcpkg_installed/x64-windows/debug/Program Files/lib/"
      - "D:/WaterSurfaceRendererScratch/vcpkg_installed/x64-windows/debug/Program Files/"
      - "D:/WaterSurfaceRendererScratch/vcpkg_installed/x64-windows/debug/Program Files (x86)/lib/"
      - "D:/WaterSurfaceRendererScratch/vcpkg_installed/x64-windows/debug/Program Files (x86)/"
      - "D:/WaterSurfaceRendererScratch/vcpkg_installed/x64-windows/debug/Microsoft Visual Studio/18/Community/Common7/IDE/CommonExtensions/Microsoft/CMake/CMake/lib/"
      - "D:/WaterSurfaceRendererScratch/vcpkg_installed/x64-windows/debug/Microsoft Visual Studio/18/Community/Common7/IDE/CommonExtensions/Microsoft/CMake/CMake/"
      - "D:/WaterSurfaceRendererScratch/vcpkg_installed/x64-windows/debug/WaterSurfaceRendererScratch/vcpkg_installed/vcpkg/pkgs/fftw3_x64-windows/lib/"
      - "D:/WaterSurfaceRendererScratch/vcpkg_installed/x64-windows/debug/WaterSurfaceRendererScratch/vcpkg_installed/vcpkg/pkgs/fftw3_x64-windows/"
      - "D:/WaterSurfaceRendererScratch/vcpkg_installed/x64-windows/debug/WaterSurfaceRendererScratch/vcpkg_installed/vcpkg/pkgs/fftw3_x64-windows/bin/"
      - "D:/WaterSurfaceRendererScratch/vcpkg_installed/x64-windows/debug/bin/"
      - "D:/WaterSurfaceRendererScratch/vcpkg_installed/x64-windows/lib/"
      - "D:/WaterSurfaceRendererScratch/vcpkg_installed/x64-windows/"
      - "D:/WaterSurfaceRendererScratch/vcpkg_installed/x64-windows/debug/lib/"
      - "D:/WaterSurfaceRendererScratch/vcpkg_installed/x64-windows/debug/"
      - "D:/WaterSurfaceRendererScratch/vcpkg_installed/x64-windows/lib/manual-link/"
      - "D:/WaterSurfaceRendererScratch/vcpkg_installed/x64-windows/debug/lib/manual-link/"
      - "D:/Microsoft Visual Studio/18/Community/VC/Tools/MSVC/14.51.36231/atlmfc/lib/x64/"
      - "D:/Microsoft Visual Studio/18/Community/VC/Tools/MSVC/14.51.36231/lib/x64/"
      - "C:/Program Files (x86)/Windows Kits/NETFXSDK/4.8/Lib/um/x64/"
      - "C:/Program Files (x86)/Windows Kits/10/Lib/10.0.26100.0/ucrt/x64/"
      - "C:/Program Files (x86)/Windows Kits/10/Lib/10.0.26100.0/um/x64/"
      - "D:/Microsoft Visual Studio/18/Community/VC/Tools/MSVC/14.51.36231/bin/Hostx64/x64/"
      - "D:/Microsoft Visual Studio/18/Community/Common7/IDE/VC/vcpackages/"
      - "D:/Microsoft Visual Studio/18/Community/Common7/IDE/CommonExtensions/Microsoft/TestWindow/"
      - "D:/Microsoft Visual Studio/18/Community/Common7/IDE/CommonExtensions/Microsoft/TeamFoundation/Team Explorer/"
      - "D:/Microsoft Visual Studio/18/Community/MSBuild/Current/Bin/Roslyn/"
      - "C:/Program Files (x86)/Microsoft SDKs/Windows/v10.0A/bin/NETFX 4.8 Tools/x64/"
      - "D:/Microsoft Visual Studio/18/Community/Team Tools/DiagnosticsHub/Collector/"
      - "D:/Microsoft Visual Studio/18/Community/Common7/IDE/Extensions/Microsoft/CodeCoverage.Console/"
      - "C:/Program Files (x86)/Windows Kits/10/bin/10.0.26100.0/x64/"
      - "C:/Program Files (x86)/Windows Kits/10/bin/x64/"
      - "D:/Microsoft Visual Studio/18/Community/MSBuild/Current/Bin/amd64/"
      - "C:/Windows/Microsoft.NET/Framework64/v4.0.30319/"
      - "D:/Microsoft Visual Studio/18/Community/Common7/IDE/"
      - "D:/Microsoft Visual Studio/18/Community/Common7/Tools/"
      - "C:/Users/xukeheng/AppData/Local/vcpkg/downloads/tools/powershell-core-7.5.4-windows/"
      - "C:/Windows/System32/"
      - "C:/Windows/"
      - "C:/Windows/System32/wbem/"
      - "C:/Windows/System32/WindowsPowerShell/v1.0/"
      - "C:/Windows/System32/OpenSSH/"
      - "D:/Microsoft Visual Studio/18/Community/Common7/IDE/CommonExtensions/Microsoft/CMake/CMake/bin/"
      - "D:/Microsoft Visual Studio/18/Community/Common7/IDE/CommonExtensions/Microsoft/CMake/Ninja/"
      - "D:/Microsoft Visual Studio/18/Community/Common7/IDE/VC/Linux/bin/ConnectionManagerExe/"
      - "D:/Microsoft Visual Studio/18/Community/VC/vcpkg/"
      - "C:/Program Files/lib/"
      - "C:/Program Files/"
      - "C:/Program Files (x86)/lib/"
      - "C:/Program Files (x86)/"
      - "D:/Microsoft Visual Studio/18/Community/Common7/IDE/CommonExtensions/Microsoft/CMake/CMake/lib/"
      - "D:/Microsoft Visual Studio/18/Community/Common7/IDE/CommonExtensions/Microsoft/CMake/CMake/"
      - "D:/WaterSurfaceRendererScratch/vcpkg_installed/vcpkg/pkgs/fftw3_x64-windows/lib/"
      - "D:/WaterSurfaceRendererScratch/vcpkg_installed/vcpkg/pkgs/fftw3_x64-windows/"
      - "D:/WaterSurfaceRendererScratch/vcpkg_installed/vcpkg/pkgs/fftw3_x64-windows/bin/"
      - "/bin/"
    searched_directories:
      - "D:/WaterSurfaceRendererScratch/vcpkg_installed/x64-windows/lib/"
      - "D:/WaterSurfaceRendererScratch/vcpkg_installed/x64-windows/"
      - "D:/WaterSurfaceRendererScratch/vcpkg_installed/x64-windows/debug/lib/"
      - "D:/WaterSurfaceRendererScratch/vcpkg_installed/x64-windows/debug/"
      - "D:/WaterSurfaceRendererScratch/vcpkg_installed/x64-windows/lib/manual-link/"
      - "D:/WaterSurfaceRendererScratch/vcpkg_installed/x64-windows/debug/lib/manual-link/"
      - "D:/WaterSurfaceRendererScratch/vcpkg_installed/x64-windows/Microsoft Visual Studio/18/Community/VC/Tools/MSVC/14.51.36231/atlmfc/lib/x64/"
      - "D:/WaterSurfaceRendererScratch/vcpkg_installed/x64-windows/Microsoft Visual Studio/18/Community/VC/Tools/MSVC/14.51.36231/lib/x64/"
      - "D:/WaterSurfaceRendererScratch/vcpkg_installed/x64-windows/Program Files (x86)/Windows Kits/NETFXSDK/4.8/Lib/um/x64/"
      - "D:/WaterSurfaceRendererScratch/vcpkg_installed/x64-windows/Program Files (x86)/Windows Kits/10/Lib/10.0.26100.0/ucrt/x64/"
      - "D:/WaterSurfaceRendererScratch/vcpkg_installed/x64-windows/Program Files (x86)/Windows Kits/10/Lib/10.0.26100.0/um/x64/"
      - "D:/WaterSurfaceRendererScratch/vcpkg_installed/x64-windows/Microsoft Visual Studio/18/Community/VC/Tools/MSVC/14.51.36231/bin/Hostx64/x64/"
      - "D:/WaterSurfaceRendererScratch/vcpkg_installed/x64-windows/Microsoft Visual Studio/18/Community/Common7/IDE/VC/vcpackages/"
      - "D:/WaterSurfaceRendererScratch/vcpkg_installed/x64-windows/Microsoft Visual Studio/18/Community/Common7/IDE/CommonExtensions/Microsoft/TestWindow/"
      - "D:/WaterSurfaceRendererScratch/vcpkg_installed/x64-windows/Microsoft Visual Studio/18/Community/Common7/IDE/CommonExtensions/Microsoft/TeamFoundation/Team Explorer/"
      - "D:/WaterSurfaceRendererScratch/vcpkg_installed/x64-windows/Microsoft Visual Studio/18/Community/MSBuild/Current/Bin/Roslyn/"
      - "D:/WaterSurfaceRendererScratch/vcpkg_installed/x64-windows/Program Files (x86)/Microsoft SDKs/Windows/v10.0A/bin/NETFX 4.8 Tools/x64/"
      - "D:/WaterSurfaceRendererScratch/vcpkg_installed/x64-windows/Microsoft Visual Studio/18/Community/Team Tools/DiagnosticsHub/Collector/"
      - "D:/WaterSurfaceRendererScratch/vcpkg_installed/x64-windows/Microsoft Visual Studio/18/Community/Common7/IDE/Extensions/Microsoft/CodeCoverage.Console/"
      - "D:/WaterSurfaceRendererScratch/vcpkg_installed/x64-windows/Program Files (x86)/Windows Kits/10/bin/10.0.26100.0/x64/"
      - "D:/WaterSurfaceRendererScratch/vcpkg_installed/x64-windows/Program Files (x86)/Windows Kits/10/bin/x64/"
      - "D:/WaterSurfaceRendererScratch/vcpkg_installed/x64-windows/Microsoft Visual Studio/18/Community/MSBuild/Current/Bin/amd64/"
      - "D:/WaterSurfaceRendererScratch/vcpkg_installed/x64-windows/Windows/Microsoft.NET/Framework64/v4.0.30319/"
      - "D:/WaterSurfaceRendererScratch/vcpkg_installed/x64-windows/Microsoft Visual Studio/18/Community/Common7/IDE/"
      - "D:/WaterSurfaceRendererScratch/vcpkg_installed/x64-windows/Microsoft Visual Studio/18/Community/Common7/Tools/"
      - "D:/WaterSurfaceRendererScratch/vcpkg_installed/x64-windows/Users/xukeheng/AppData/Local/vcpkg/downloads/tools/powershell-core-7.5.4-windows/"
      - "D:/WaterSurfaceRendererScratch/vcpkg_installed/x64-windows/Windows/System32/"
      - "D:/WaterSurfaceRendererScratch/vcpkg_installed/x64-windows/Windows/"
      - "D:/WaterSurfaceRendererScratch/vcpkg_installed/x64-windows/Windows/System32/wbem/"
      - "D:/WaterSurfaceRendererScratch/vcpkg_installed/x64-windows/Windows/System32/WindowsPowerShell/v1.0/"
      - "D:/WaterSurfaceRendererScratch/vcpkg_installed/x64-windows/Windows/System32/OpenSSH/"
      - "D:/WaterSurfaceRendererScratch/vcpkg_installed/x64-windows/Microsoft Visual Studio/18/Community/Common7/IDE/CommonExtensions/Microsoft/CMake/CMake/bin/"
      - "D:/WaterSurfaceRendererScratch/vcpkg_installed/x64-windows/Microsoft Visual Studio/18/Community/Common7/IDE/CommonExtensions/Microsoft/CMake/Ninja/"
      - "D:/WaterSurfaceRendererScratch/vcpkg_installed/x64-windows/Microsoft Visual Studio/18/Community/Common7/IDE/VC/Linux/bin/ConnectionManagerExe/"
      - "D:/WaterSurfaceRendererScratch/vcpkg_installed/x64-windows/Microsoft Visual Studio/18/Community/VC/vcpkg/"
      - "D:/WaterSurfaceRendererScratch/vcpkg_installed/x64-windows/Program Files/lib/"
      - "D:/WaterSurfaceRendererScratch/vcpkg_installed/x64-windows/Program Files/"
      - "D:/WaterSurfaceRendererScratch/vcpkg_installed/x64-windows/Program Files (x86)/lib/"
      - "D:/WaterSurfaceRendererScratch/vcpkg_installed/x64-windows/Program Files (x86)/"
      - "D:/WaterSurfaceRendererScratch/vcpkg_installed/x64-windows/Microsoft Visual Studio/18/Community/Common7/IDE/CommonExtensions/Microsoft/CMake/CMake/lib/"
      - "D:/WaterSurfaceRendererScratch/vcpkg_installed/x64-windows/Microsoft Visual Studio/18/Community/Common7/IDE/CommonExtensions/Microsoft/CMake/CMake/"
      - "D:/WaterSurfaceRendererScratch/vcpkg_installed/x64-windows/WaterSurfaceRendererScratch/vcpkg_installed/vcpkg/pkgs/fftw3_x64-windows/lib/"
      - "D:/WaterSurfaceRendererScratch/vcpkg_installed/x64-windows/WaterSurfaceRendererScratch/vcpkg_installed/vcpkg/pkgs/fftw3_x64-windows/"
      - "D:/WaterSurfaceRendererScratch/vcpkg_installed/x64-windows/WaterSurfaceRendererScratch/vcpkg_installed/vcpkg/pkgs/fftw3_x64-windows/bin/"
      - "D:/WaterSurfaceRendererScratch/vcpkg_installed/x64-windows/bin/"
      - "D:/WaterSurfaceRendererScratch/vcpkg_installed/x64-windows/debug/WaterSurfaceRendererScratch/vcpkg_installed/x64-windows/lib/"
      - "D:/WaterSurfaceRendererScratch/vcpkg_installed/x64-windows/debug/WaterSurfaceRendererScratch/vcpkg_installed/x64-windows/"
      - "D:/WaterSurfaceRendererScratch/vcpkg_installed/x64-windows/debug/lib/"
      - "D:/WaterSurfaceRendererScratch/vcpkg_installed/x64-windows/debug/"
      - "D:/WaterSurfaceRendererScratch/vcpkg_installed/x64-windows/debug/WaterSurfaceRendererScratch/vcpkg_installed/x64-windows/lib/manual-link/"
      - "D:/WaterSurfaceRendererScratch/vcpkg_installed/x64-windows/debug/lib/manual-link/"
      - "D:/WaterSurfaceRendererScratch/vcpkg_installed/x64-windows/debug/Microsoft Visual Studio/18/Community/VC/Tools/MSVC/14.51.36231/atlmfc/lib/x64/"
      - "D:/WaterSurfaceRendererScratch/vcpkg_installed/x64-windows/debug/Microsoft Visual Studio/18/Community/VC/Tools/MSVC/14.51.36231/lib/x64/"
      - "D:/WaterSurfaceRendererScratch/vcpkg_installed/x64-windows/debug/Program Files (x86)/Windows Kits/NETFXSDK/4.8/Lib/um/x64/"
      - "D:/WaterSurfaceRendererScratch/vcpkg_installed/x64-windows/debug/Program Files (x86)/Windows Kits/10/Lib/10.0.26100.0/ucrt/x64/"
      - "D:/WaterSurfaceRendererScratch/vcpkg_installed/x64-windows/debug/Program Files (x86)/Windows Kits/10/Lib/10.0.26100.0/um/x64/"
      - "D:/WaterSurfaceRendererScratch/vcpkg_installed/x64-windows/debug/Microsoft Visual Studio/18/Community/VC/Tools/MSVC/14.51.36231/bin/Hostx64/x64/"
      - "D:/WaterSurfaceRendererScratch/vcpkg_installed/x64-windows/debug/Microsoft Visual Studio/18/Community/Common7/IDE/VC/vcpackages/"
      - "D:/WaterSurfaceRendererScratch/vcpkg_installed/x64-windows/debug/Microsoft Visual Studio/18/Community/Common7/IDE/CommonExtensions/Microsoft/TestWindow/"
      - "D:/WaterSurfaceRendererScratch/vcpkg_installed/x64-windows/debug/Microsoft Visual Studio/18/Community/Common7/IDE/CommonExtensions/Microsoft/TeamFoundation/Team Explorer/"
      - "D:/WaterSurfaceRendererScratch/vcpkg_installed/x64-windows/debug/Microsoft Visual Studio/18/Community/MSBuild/Current/Bin/Roslyn/"
      - "D:/WaterSurfaceRendererScratch/vcpkg_installed/x64-windows/debug/Program Files (x86)/Microsoft SDKs/Windows/v10.0A/bin/NETFX 4.8 Tools/x64/"
      - "D:/WaterSurfaceRendererScratch/vcpkg_installed/x64-windows/debug/Microsoft Visual Studio/18/Community/Team Tools/DiagnosticsHub/Collector/"
      - "D:/WaterSurfaceRendererScratch/vcpkg_installed/x64-windows/debug/Microsoft Visual Studio/18/Community/Common7/IDE/Extensions/Microsoft/CodeCoverage.Console/"
      - "D:/WaterSurfaceRendererScratch/vcpkg_installed/x64-windows/debug/Program Files (x86)/Windows Kits/10/bin/10.0.26100.0/x64/"
      - "D:/WaterSurfaceRendererScratch/vcpkg_installed/x64-windows/debug/Program Files (x86)/Windows Kits/10/bin/x64/"
      - "D:/WaterSurfaceRendererScratch/vcpkg_installed/x64-windows/debug/Microsoft Visual Studio/18/Community/MSBuild/Current/Bin/amd64/"
      - "D:/WaterSurfaceRendererScratch/vcpkg_installed/x64-windows/debug/Windows/Microsoft.NET/Framework64/v4.0.30319/"
      - "D:/WaterSurfaceRendererScratch/vcpkg_installed/x64-windows/debug/Microsoft Visual Studio/18/Community/Common7/IDE/"
      - "D:/WaterSurfaceRendererScratch/vcpkg_installed/x64-windows/debug/Microsoft Visual Studio/18/Community/Common7/Tools/"
      - "D:/WaterSurfaceRendererScratch/vcpkg_installed/x64-windows/debug/Users/xukeheng/AppData/Local/vcpkg/downloads/tools/powershell-core-7.5.4-windows/"
      - "D:/WaterSurfaceRendererScratch/vcpkg_installed/x64-windows/debug/Windows/System32/"
      - "D:/WaterSurfaceRendererScratch/vcpkg_installed/x64-windows/debug/Windows/"
      - "D:/WaterSurfaceRendererScratch/vcpkg_installed/x64-windows/debug/Windows/System32/wbem/"
      - "D:/WaterSurfaceRendererScratch/vcpkg_installed/x64-windows/debug/Windows/System32/WindowsPowerShell/v1.0/"
      - "D:/WaterSurfaceRendererScratch/vcpkg_installed/x64-windows/debug/Windows/System32/OpenSSH/"
      - "D:/WaterSurfaceRendererScratch/vcpkg_installed/x64-windows/debug/Microsoft Visual Studio/18/Community/Common7/IDE/CommonExtensions/Microsoft/CMake/CMake/bin/"
      - "D:/WaterSurfaceRendererScratch/vcpkg_installed/x64-windows/debug/Microsoft Visual Studio/18/Community/Common7/IDE/CommonExtensions/Microsoft/CMake/Ninja/"
      - "D:/WaterSurfaceRendererScratch/vcpkg_installed/x64-windows/debug/Microsoft Visual Studio/18/Community/Common7/IDE/VC/Linux/bin/ConnectionManagerExe/"
      - "D:/WaterSurfaceRendererScratch/vcpkg_installed/x64-windows/debug/Microsoft Visual Studio/18/Community/VC/vcpkg/"
      - "D:/WaterSurfaceRendererScratch/vcpkg_installed/x64-windows/debug/Program Files/lib/"
      - "D:/WaterSurfaceRendererScratch/vcpkg_installed/x64-windows/debug/Program Files/"
      - "D:/WaterSurfaceRendererScratch/vcpkg_installed/x64-windows/debug/Program Files (x86)/lib/"
      - "D:/WaterSurfaceRendererScratch/vcpkg_installed/x64-windows/debug/Program Files (x86)/"
      - "D:/WaterSurfaceRendererScratch/vcpkg_installed/x64-windows/debug/Microsoft Visual Studio/18/Community/Common7/IDE/CommonExtensions/Microsoft/CMake/CMake/lib/"
      - "D:/WaterSurfaceRendererScratch/vcpkg_installed/x64-windows/debug/Microsoft Visual Studio/18/Community/Common7/IDE/CommonExtensions/Microsoft/CMake/CMake/"
      - "D:/WaterSurfaceRendererScratch/vcpkg_installed/x64-windows/debug/WaterSurfaceRendererScratch/vcpkg_installed/vcpkg/pkgs/fftw3_x64-windows/lib/"
      - "D:/WaterSurfaceRendererScratch/vcpkg_installed/x64-windows/debug/WaterSurfaceRendererScratch/vcpkg_installed/vcpkg/pkgs/fftw3_x64-windows/"
      - "D:/WaterSurfaceRendererScratch/vcpkg_installed/x64-windows/debug/WaterSurfaceRendererScratch/vcpkg_installed/vcpkg/pkgs/fftw3_x64-windows/bin/"
      - "D:/WaterSurfaceRendererScratch/vcpkg_installed/x64-windows/debug/bin/"
      - "D:/WaterSurfaceRendererScratch/vcpkg_installed/x64-windows/lib/"
      - "D:/WaterSurfaceRendererScratch/vcpkg_installed/x64-windows/"
      - "D:/WaterSurfaceRendererScratch/vcpkg_installed/x64-windows/debug/lib/"
      - "D:/WaterSurfaceRendererScratch/vcpkg_installed/x64-windows/debug/"
      - "D:/WaterSurfaceRendererScratch/vcpkg_installed/x64-windows/lib/manual-link/"
      - "D:/WaterSurfaceRendererScratch/vcpkg_installed/x64-windows/debug/lib/manual-link/"
      - "D:/Microsoft Visual Studio/18/Community/VC/Tools/MSVC/14.51.36231/atlmfc/lib/x64/"
      - "D:/Microsoft Visual Studio/18/Community/VC/Tools/MSVC/14.51.36231/lib/x64/"
      - "C:/Program Files (x86)/Windows Kits/NETFXSDK/4.8/Lib/um/x64/"
      - "C:/Program Files (x86)/Windows Kits/10/Lib/10.0.26100.0/ucrt/x64/"
      - "C:/Program Files (x86)/Windows Kits/10/Lib/10.0.26100.0/um/x64/"
      - "D:/Microsoft Visual Studio/18/Community/VC/Tools/MSVC/14.51.36231/bin/Hostx64/x64/"
      - "D:/Microsoft Visual Studio/18/Community/Common7/IDE/VC/vcpackages/"
      - "D:/Microsoft Visual Studio/18/Community/Common7/IDE/CommonExtensions/Microsoft/TestWindow/"
      - "D:/Microsoft Visual Studio/18/Community/Common7/IDE/CommonExtensions/Microsoft/TeamFoundation/Team Explorer/"
      - "D:/Microsoft Visual Studio/18/Community/MSBuild/Current/Bin/Roslyn/"
      - "C:/Program Files (x86)/Microsoft SDKs/Windows/v10.0A/bin/NETFX 4.8 Tools/x64/"
      - "D:/Microsoft Visual Studio/18/Community/Team Tools/DiagnosticsHub/Collector/"
      - "D:/Microsoft Visual Studio/18/Community/Common7/IDE/Extensions/Microsoft/CodeCoverage.Console/"
      - "C:/Program Files (x86)/Windows Kits/10/bin/10.0.26100.0/x64/"
      - "C:/Program Files (x86)/Windows Kits/10/bin/x64/"
      - "D:/Microsoft Visual Studio/18/Community/MSBuild/Current/Bin/amd64/"
      - "C:/Windows/Microsoft.NET/Framework64/v4.0.30319/"
      - "D:/Microsoft Visual Studio/18/Community/Common7/IDE/"
      - "D:/Microsoft Visual Studio/18/Community/Common7/Tools/"
      - "C:/Users/xukeheng/AppData/Local/vcpkg/downloads/tools/powershell-core-7.5.4-windows/"
      - "C:/Windows/System32/"
      - "C:/Windows/"
      - "C:/Windows/System32/wbem/"
      - "C:/Windows/System32/WindowsPowerShell/v1.0/"
      - "C:/Windows/System32/OpenSSH/"
      - "D:/Microsoft Visual Studio/18/Community/Common7/IDE/CommonExtensions/Microsoft/CMake/CMake/bin/"
      - "D:/Microsoft Visual Studio/18/Community/Common7/IDE/CommonExtensions/Microsoft/CMake/Ninja/"
      - "D:/Microsoft Visual Studio/18/Community/Common7/IDE/VC/Linux/bin/ConnectionManagerExe/"
      - "D:/Microsoft Visual Studio/18/Community/VC/vcpkg/"
      - "C:/Program Files/lib/"
      - "C:/Program Files/"
      - "C:/Program Files (x86)/lib/"
      - "C:/Program Files (x86)/"
      - "D:/Microsoft Visual Studio/18/Community/Common7/IDE/CommonExtensions/Microsoft/CMake/CMake/lib/"
      - "D:/Microsoft Visual Studio/18/Community/Common7/IDE/CommonExtensions/Microsoft/CMake/CMake/"
      - "D:/WaterSurfaceRendererScratch/vcpkg_installed/vcpkg/pkgs/fftw3_x64-windows/lib/"
      - "D:/WaterSurfaceRendererScratch/vcpkg_installed/vcpkg/pkgs/fftw3_x64-windows/"
      - "D:/WaterSurfaceRendererScratch/vcpkg_installed/vcpkg/pkgs/fftw3_x64-windows/bin/"
      - "/bin/"
    found: false
    search_context:
      CMAKE_LIBRARY_PATH:
        - "D:/WaterSurfaceRendererScratch/vcpkg_installed/x64-windows/lib/manual-link"
        - "D:/WaterSurfaceRendererScratch/vcpkg_installed/x64-windows/debug/lib/manual-link"
      CMAKE_PREFIX_PATH:
        - "D:/WaterSurfaceRendererScratch/vcpkg_installed/x64-windows"
        - "D:/WaterSurfaceRendererScratch/vcpkg_installed/x64-windows/debug"
      ENV{PATH}:
        - "D:\\Microsoft Visual Studio\\18\\Community\\VC\\Tools\\MSVC\\14.51.36231\\bin\\HostX64\\x64"
        - "D:\\Microsoft Visual Studio\\18\\Community\\Common7\\IDE\\VC\\VCPackages"
        - "D:\\Microsoft Visual Studio\\18\\Community\\Common7\\IDE\\CommonExtensions\\Microsoft\\TestWindow"
        - "D:\\Microsoft Visual Studio\\18\\Community\\Common7\\IDE\\CommonExtensions\\Microsoft\\TeamFoundation\\Team Explorer"
        - "D:\\Microsoft Visual Studio\\18\\Community\\MSBuild\\Current\\bin\\Roslyn"
        - "C:\\Program Files (x86)\\Microsoft SDKs\\Windows\\v10.0A\\bin\\NETFX 4.8 Tools\\x64\\"
        - "D:\\Microsoft Visual Studio\\18\\Community\\Team Tools\\DiagnosticsHub\\Collector"
        - "D:\\Microsoft Visual Studio\\18\\Community\\Common7\\IDE\\Extensions\\Microsoft\\CodeCoverage.Console"
        - "C:\\Program Files (x86)\\Windows Kits\\10\\bin\\10.0.26100.0\\\\x64"
        - "C:\\Program Files (x86)\\Windows Kits\\10\\bin\\\\x64"
        - "D:\\Microsoft Visual Studio\\18\\Community\\\\MSBuild\\Current\\Bin\\amd64"
        - "C:\\Windows\\Microsoft.NET\\Framework64\\v4.0.30319"
        - "D:\\Microsoft Visual Studio\\18\\Community\\Common7\\IDE\\"
        - "D:\\Microsoft Visual Studio\\18\\Community\\Common7\\Tools\\"
        - "C:\\Users\\xukeheng\\AppData\\Local\\vcpkg\\downloads\\tools\\powershell-core-7.5.4-windows"
        - "C:\\windows\\system32"
        - "C:\\windows"
        - "C:\\windows\\system32\\Wbem"
        - "C:\\windows\\system32\\WindowsPowerShell\\v1.0\\"
        - "C:\\windows\\system32\\OpenSSH\\"
        - "D:\\Microsoft Visual Studio\\18\\Community\\Common7\\IDE\\CommonExtensions\\Microsoft\\CMake\\CMake\\bin"
        - "D:\\Microsoft Visual Studio\\18\\Community\\Common7\\IDE\\CommonExtensions\\Microsoft\\CMake\\Ninja"
        - "D:\\Microsoft Visual Studio\\18\\Community\\Common7\\IDE\\VC\\Linux\\bin\\ConnectionManagerExe"
        - "D:\\Microsoft Visual Studio\\18\\Community\\VC\\vcpkg"
        - "D:\\Microsoft Visual Studio\\18\\Community\\Common7\\IDE\\CommonExtensions\\Microsoft\\CMake\\Ninja"
        - "D:\\Microsoft Visual Studio\\18\\Community\\Common7\\IDE\\CommonExtensions\\Microsoft\\CMake\\Ninja"
        - "D:\\Microsoft Visual Studio\\18\\Community\\Common7\\IDE\\CommonExtensions\\Microsoft\\CMake\\Ninja"
      CMAKE_INSTALL_PREFIX: "D:/WaterSurfaceRendererScratch/vcpkg_installed/vcpkg/pkgs/fftw3_x64-windows"
      CMAKE_SYSTEM_PREFIX_PATH:
        - "C:/Program Files"
        - "C:/Program Files (x86)"
        - "D:/Microsoft Visual Studio/18/Community/Common7/IDE/CommonExtensions/Microsoft/CMake/CMake"
        - "D:/WaterSurfaceRendererScratch/vcpkg_installed/vcpkg/pkgs/fftw3_x64-windows"
      CMAKE_SYSTEM_LIBRARY_PATH:
        - "D:/WaterSurfaceRendererScratch/vcpkg_installed/vcpkg/pkgs/fftw3_x64-windows/bin"
        - "D:/Microsoft Visual Studio/18/Community/Common7/IDE/CommonExtensions/Microsoft/CMake/CMake/bin"
        - "/bin"
      CMAKE_FIND_ROOT_PATH: "D:/WaterSurfaceRendererScratch/vcpkg_installed/x64-windows;D:/WaterSurfaceRendererScratch/vcpkg_installed/x64-windows/debug"
      ENV{LIB}:
        - "D:\\Microsoft Visual Studio\\18\\Community\\VC\\Tools\\MSVC\\14.51.36231\\ATLMFC\\lib\\x64"
        - "D:\\Microsoft Visual Studio\\18\\Community\\VC\\Tools\\MSVC\\14.51.36231\\lib\\x64"
        - "C:\\Program Files (x86)\\Windows Kits\\NETFXSDK\\4.8\\lib\\um\\x64"
        - "C:\\Program Files (x86)\\Windows Kits\\10\\lib\\10.0.26100.0\\ucrt\\x64"
        - "C:\\Program Files (x86)\\Windows Kits\\10\\\\lib\\10.0.26100.0\\\\um\\x64"
...
