
---
events:
  -
    kind: "message-v1"
    backtrace:
      - "D:/Microsoft Visual Studio/18/Community/Common7/IDE/CommonExtensions/Microsoft/CMake/CMake/share/cmake-4.3/Modules/CMakeDetermineSystem.cmake:212 (message)"
      - "CMakeLists.txt:7 (project)"
    message: |
      The system is: Windows - 10.0.26200 - AMD64
  -
    kind: "find-v1"
    backtrace:
      - "D:/Microsoft Visual Studio/18/Community/Common7/IDE/CommonExtensions/Microsoft/CMake/CMake/share/cmake-4.3/Modules/CMakeDetermineCompiler.cmake:63 (find_program)"
      - "D:/Microsoft Visual Studio/18/Community/Common7/IDE/CommonExtensions/Microsoft/CMake/CMake/share/cmake-4.3/Modules/CMakeDetermineCCompiler.cmake:64 (_cmake_find_compiler)"
      - "CMakeLists.txt:7 (project)"
    mode: "program"
    variable: "CMAKE_C_COMPILER"
    description: "C compiler"
    settings:
      SearchFramework: "LAST"
      SearchAppBundle: "LAST"
      CMAKE_FIND_USE_CMAKE_PATH: false
      CMAKE_FIND_USE_CMAKE_ENVIRONMENT_PATH: false
      CMAKE_FIND_USE_SYSTEM_ENVIRONMENT_PATH: true
      CMAKE_FIND_USE_CMAKE_SYSTEM_PATH: false
      CMAKE_FIND_USE_INSTALL_PREFIX: true
    names:
      - "cc"
      - "gcc"
      - "cl"
      - "bcc"
      - "xlc"
      - "icx"
      - "clang"
    candidate_directories:
      - "D:/WaterSurfaceRendererScratch/vcpkg_installed/x64-windows/debug/Microsoft Visual Studio/18/Community/VC/Tools/MSVC/14.51.36231/bin/Hostx64/x64/"
      - "D:/WaterSurfaceRendererScratch/vcpkg_installed/x64-windows/debug/Microsoft Visual Studio/18/Community/Common7/IDE/VC/vcpackages/"
      - "D:/WaterSurfaceRendererScratch/vcpkg_installed/x64-windows/debug/Microsoft Visual Studio/18/Community/Common7/IDE/CommonExtensions/Microsoft/TestWindow/"
      - "D:/WaterSurfaceRendererScratch/vcpkg_installed/x64-windows/debug/Microsoft Visual Studio/18/Community/Common7/IDE/CommonExtensions/Microsoft/TeamFoundation/Team Explorer/"
      - "D:/WaterSurfaceRendererScratch/vcpkg_installed/x64-windows/debug/Microsoft Visual Studio/18/Community/MSBuild/Current/Bin/Roslyn/"
      - "D:/WaterSurfaceRendererScratch/vcpkg_installed/x64-windows/debug/Program Files (x86)/Microsoft SDKs/Windows/v10.0A/bin/NETFX 4.8 Tools/x64/"
      - "D:/WaterSurfaceRendererScratch/vcpkg_installed/x64-windows/debug/Microsoft Visual Studio/18/Community/Team Tools/DiagnosticsHub/Collector/"
      - "D:/WaterSurfaceRendererScratch/vcpkg_installed/x64-windows/debug/Microsoft Visual Studio/18/Community/Common7/IDE/Extensions/Microsoft/CodeCoverage.Console/"
      - "D:/WaterSurfaceRendererScratch/vcpkg_installed/x64-windows/debug/Program Files (x86)/Windows Kits/10/bin/10.0.26100.0/x64/"
      - "D:/WaterSurfaceRendererScratch/vcpkg_installed/x64-windows/debug/Program Files (x86)/Windows Kits/10/bin/x64/"
      - "D:/WaterSurfaceRendererScratch/vcpkg_installed/x64-windows/debug/Microsoft Visual Studio/18/Community/MSBuild/Current/Bin/amd64/"
      - "D:/WaterSurfaceRendererScratch/vcpkg_installed/x64-windows/debug/Windows/Microsoft.NET/Framework64/v4.0.30319/"
      - "D:/WaterSurfaceRendererScratch/vcpkg_installed/x64-windows/debug/Microsoft Visual Studio/18/Community/Common7/IDE/"
      - "D:/WaterSurfaceRendererScratch/vcpkg_installed/x64-windows/debug/Microsoft Visual Studio/18/Community/Common7/Tools/"
      - "D:/WaterSurfaceRendererScratch/vcpkg_installed/x64-windows/debug/Users/xukeheng/AppData/Local/vcpkg/downloads/tools/powershell-core-7.5.4-windows/"
      - "D:/WaterSurfaceRendererScratch/vcpkg_installed/x64-windows/debug/Windows/System32/"
      - "D:/WaterSurfaceRendererScratch/vcpkg_installed/x64-windows/debug/Windows/"
      - "D:/WaterSurfaceRendererScratch/vcpkg_installed/x64-windows/debug/Windows/System32/wbem/"
      - "D:/WaterSurfaceRendererScratch/vcpkg_installed/x64-windows/debug/Windows/System32/WindowsPowerShell/v1.0/"
      - "D:/WaterSurfaceRendererScratch/vcpkg_installed/x64-windows/debug/Windows/System32/OpenSSH/"
      - "D:/WaterSurfaceRendererScratch/vcpkg_installed/x64-windows/debug/Microsoft Visual Studio/18/Community/Common7/IDE/CommonExtensions/Microsoft/CMake/CMake/bin/"
      - "D:/WaterSurfaceRendererScratch/vcpkg_installed/x64-windows/debug/Microsoft Visual Studio/18/Community/Common7/IDE/CommonExtensions/Microsoft/CMake/Ninja/"
      - "D:/WaterSurfaceRendererScratch/vcpkg_installed/x64-windows/debug/Microsoft Visual Studio/18/Community/Common7/IDE/VC/Linux/bin/ConnectionManagerExe/"
      - "D:/WaterSurfaceRendererScratch/vcpkg_installed/x64-windows/debug/Microsoft Visual Studio/18/Community/VC/vcpkg/"
      - "D:/WaterSurfaceRendererScratch/vcpkg_installed/x64-windows/Microsoft Visual Studio/18/Community/VC/Tools/MSVC/14.51.36231/bin/Hostx64/x64/"
      - "D:/WaterSurfaceRendererScratch/vcpkg_installed/x64-windows/Microsoft Visual Studio/18/Community/Common7/IDE/VC/vcpackages/"
      - "D:/WaterSurfaceRendererScratch/vcpkg_installed/x64-windows/Microsoft Visual Studio/18/Community/Common7/IDE/CommonExtensions/Microsoft/TestWindow/"
      - "D:/WaterSurfaceRendererScratch/vcpkg_installed/x64-windows/Microsoft Visual Studio/18/Community/Common7/IDE/CommonExtensions/Microsoft/TeamFoundation/Team Explorer/"
      - "D:/WaterSurfaceRendererScratch/vcpkg_installed/x64-windows/Microsoft Visual Studio/18/Community/MSBuild/Current/Bin/Roslyn/"
      - "D:/WaterSurfaceRendererScratch/vcpkg_installed/x64-windows/Program Files (x86)/Microsoft SDKs/Windows/v10.0A/bin/NETFX 4.8 Tools/x64/"
      - "D:/WaterSurfaceRendererScratch/vcpkg_installed/x64-windows/Microsoft Visual Studio/18/Community/Team Tools/DiagnosticsHub/Collector/"
      - "D:/WaterSurfaceRendererScratch/vcpkg_installed/x64-windows/Microsoft Visual Studio/18/Community/Common7/IDE/Extensions/Microsoft/CodeCoverage.Console/"
      - "D:/WaterSurfaceRendererScratch/vcpkg_installed/x64-windows/Program Files (x86)/Windows Kits/10/bin/10.0.26100.0/x64/"
      - "D:/WaterSurfaceRendererScratch/vcpkg_installed/x64-windows/Program Files (x86)/Windows Kits/10/bin/x64/"
      - "D:/WaterSurfaceRendererScratch/vcpkg_installed/x64-windows/Microsoft Visual Studio/18/Community/MSBuild/Current/Bin/amd64/"
      - "D:/WaterSurfaceRendererScratch/vcpkg_installed/x64-windows/Windows/Microsoft.NET/Framework64/v4.0.30319/"
      - "D:/WaterSurfaceRendererScratch/vcpkg_installed/x64-windows/Microsoft Visual Studio/18/Community/Common7/IDE/"
      - "D:/WaterSurfaceRendererScratch/vcpkg_installed/x64-windows/Microsoft Visual Studio/18/Community/Common7/Tools/"
      - "D:/WaterSurfaceRendererScratch/vcpkg_installed/x64-windows/Users/xukeheng/AppData/Local/vcpkg/downloads/tools/powershell-core-7.5.4-windows/"
      - "D:/WaterSurfaceRendererScratch/vcpkg_installed/x64-windows/Windows/System32/"
      - "D:/WaterSurfaceRendererScratch/vcpkg_installed/x64-windows/Windows/"
      - "D:/WaterSurfaceRendererScratch/vcpkg_installed/x64-windows/Windows/System32/wbem/"
      - "D:/WaterSurfaceRendererScratch/vcpkg_installed/x64-windows/Windows/System32/WindowsPowerShell/v1.0/"
      - "D:/WaterSurfaceRendererScratch/vcpkg_installed/x64-windows/Windows/System32/OpenSSH/"
      - "D:/WaterSurfaceRendererScratch/vcpkg_installed/x64-windows/Microsoft Visual Studio/18/Community/Common7/IDE/CommonExtensions/Microsoft/CMake/CMake/bin/"
      - "D:/WaterSurfaceRendererScratch/vcpkg_installed/x64-windows/Microsoft Visual Studio/18/Community/Common7/IDE/CommonExtensions/Microsoft/CMake/Ninja/"
      - "D:/WaterSurfaceRendererScratch/vcpkg_installed/x64-windows/Microsoft Visual Studio/18/Community/Common7/IDE/VC/Linux/bin/ConnectionManagerExe/"
      - "D:/WaterSurfaceRendererScratch/vcpkg_installed/x64-windows/Microsoft Visual Studio/18/Community/VC/vcpkg/"
      - "D:/Microsoft Visual Studio/18/Community/VC/Tools/MSVC/14.51.36231/bin/Hostx64/x64/"
      - "D:/Microsoft Visual Studio/18/Community/Common7/IDE/VC/vcpackages/"
      - "D:/Microsoft Visual Studio/18/Community/Common7/IDE/CommonExtensions/Microsoft/TestWindow/"
      - "D:/Microsoft Visual Studio/18/Community/Common7/IDE/CommonExtensions/Microsoft/TeamFoundation/Team Explorer/"
      - "D:/Microsoft Visual Studio/18/Community/MSBuild/Current/Bin/Roslyn/"
      - "C:/Program Files (x86)/Microsoft SDKs/Windows/v10.0A/bin/NETFX 4.8 Tools/x64/"
      - "D:/Microsoft Visual Studio/18/Community/Team Tools/DiagnosticsHub/Collector/"
      - "D:/Microsoft Visual Studio/18/Community/Common7/IDE/Extensions/Microsoft/CodeCoverage.Console/"
      - "C:/Program Files (x86)/Windows Kits/10/bin/10.0.26100.0/x64/"
      - "C:/Program Files (x86)/Windows Kits/10/bin/x64/"
      - "D:/Microsoft Visual Studio/18/Community/MSBuild/Current/Bin/amd64/"
      - "C:/Windows/Microsoft.NET/Framework64/v4.0.30319/"
      - "D:/Microsoft Visual Studio/18/Community/Common7/IDE/"
      - "D:/Microsoft Visual Studio/18/Community/Common7/Tools/"
      - "C:/Users/xukeheng/AppData/Local/vcpkg/downloads/tools/powershell-core-7.5.4-windows/"
      - "C:/Windows/System32/"
      - "C:/Windows/"
      - "C:/Windows/System32/wbem/"
      - "C:/Windows/System32/WindowsPowerShell/v1.0/"
      - "C:/Windows/System32/OpenSSH/"
      - "D:/Microsoft Visual Studio/18/Community/Common7/IDE/CommonExtensions/Microsoft/CMake/CMake/bin/"
      - "D:/Microsoft Visual Studio/18/Community/Common7/IDE/CommonExtensions/Microsoft/CMake/Ninja/"
      - "D:/Microsoft Visual Studio/18/Community/Common7/IDE/VC/Linux/bin/ConnectionManagerExe/"
      - "D:/Microsoft Visual Studio/18/Community/VC/vcpkg/"
    searched_directories:
      - "D:/WaterSurfaceRendererScratch/vcpkg_installed/x64-windows/debug/Microsoft Visual Studio/18/Community/VC/Tools/MSVC/14.51.36231/bin/Hostx64/x64/cc.com"
      - "D:/WaterSurfaceRendererScratch/vcpkg_installed/x64-windows/debug/Microsoft Visual Studio/18/Community/VC/Tools/MSVC/14.51.36231/bin/Hostx64/x64/cc.exe"
      - "D:/WaterSurfaceRendererScratch/vcpkg_installed/x64-windows/debug/Microsoft Visual Studio/18/Community/VC/Tools/MSVC/14.51.36231/bin/Hostx64/x64/cc"
      - "D:/WaterSurfaceRendererScratch/vcpkg_installed/x64-windows/debug/Microsoft Visual Studio/18/Community/VC/Tools/MSVC/14.51.36231/bin/Hostx64/x64/gcc.com"
      - "D:/WaterSurfaceRendererScratch/vcpkg_installed/x64-windows/debug/Microsoft Visual Studio/18/Community/VC/Tools/MSVC/14.51.36231/bin/Hostx64/x64/gcc.exe"
      - "D:/WaterSurfaceRendererScratch/vcpkg_installed/x64-windows/debug/Microsoft Visual Studio/18/Community/VC/Tools/MSVC/14.51.36231/bin/Hostx64/x64/gcc"
      - "D:/WaterSurfaceRendererScratch/vcpkg_installed/x64-windows/debug/Microsoft Visual Studio/18/Community/VC/Tools/MSVC/14.51.36231/bin/Hostx64/x64/cl.com"
      - "D:/WaterSurfaceRendererScratch/vcpkg_installed/x64-windows/debug/Microsoft Visual Studio/18/Community/VC/Tools/MSVC/14.51.36231/bin/Hostx64/x64/cl.exe"
      - "D:/WaterSurfaceRendererScratch/vcpkg_installed/x64-windows/debug/Microsoft Visual Studio/18/Community/VC/Tools/MSVC/14.51.36231/bin/Hostx64/x64/cl"
      - "D:/WaterSurfaceRendererScratch/vcpkg_installed/x64-windows/debug/Microsoft Visual Studio/18/Community/VC/Tools/MSVC/14.51.36231/bin/Hostx64/x64/bcc.com"
      - "D:/WaterSurfaceRendererScratch/vcpkg_installed/x64-windows/debug/Microsoft Visual Studio/18/Community/VC/Tools/MSVC/14.51.36231/bin/Hostx64/x64/bcc.exe"
      - "D:/WaterSurfaceRendererScratch/vcpkg_installed/x64-windows/debug/Microsoft Visual Studio/18/Community/VC/Tools/MSVC/14.51.36231/bin/Hostx64/x64/bcc"
      - "D:/WaterSurfaceRendererScratch/vcpkg_installed/x64-windows/debug/Microsoft Visual Studio/18/Community/VC/Tools/MSVC/14.51.36231/bin/Hostx64/x64/xlc.com"
      - "D:/WaterSurfaceRendererScratch/vcpkg_installed/x64-windows/debug/Microsoft Visual Studio/18/Community/VC/Tools/MSVC/14.51.36231/bin/Hostx64/x64/xlc.exe"
      - "D:/WaterSurfaceRendererScratch/vcpkg_installed/x64-windows/debug/Microsoft Visual Studio/18/Community/VC/Tools/MSVC/14.51.36231/bin/Hostx64/x64/xlc"
      - "D:/WaterSurfaceRendererScratch/vcpkg_installed/x64-windows/debug/Microsoft Visual Studio/18/Community/VC/Tools/MSVC/14.51.36231/bin/Hostx64/x64/icx.com"
      - "D:/WaterSurfaceRendererScratch/vcpkg_installed/x64-windows/debug/Microsoft Visual Studio/18/Community/VC/Tools/MSVC/14.51.36231/bin/Hostx64/x64/icx.exe"
      - "D:/WaterSurfaceRendererScratch/vcpkg_installed/x64-windows/debug/Microsoft Visual Studio/18/Community/VC/Tools/MSVC/14.51.36231/bin/Hostx64/x64/icx"
      - "D:/WaterSurfaceRendererScratch/vcpkg_installed/x64-windows/debug/Microsoft Visual Studio/18/Community/VC/Tools/MSVC/14.51.36231/bin/Hostx64/x64/clang.com"
      - "D:/WaterSurfaceRendererScratch/vcpkg_installed/x64-windows/debug/Microsoft Visual Studio/18/Community/VC/Tools/MSVC/14.51.36231/bin/Hostx64/x64/clang.exe"
      - "D:/WaterSurfaceRendererScratch/vcpkg_installed/x64-windows/debug/Microsoft Visual Studio/18/Community/VC/Tools/MSVC/14.51.36231/bin/Hostx64/x64/clang"
      - "D:/WaterSurfaceRendererScratch/vcpkg_installed/x64-windows/debug/Microsoft Visual Studio/18/Community/Common7/IDE/VC/vcpackages/cc.com"
      - "D:/WaterSurfaceRendererScratch/vcpkg_installed/x64-windows/debug/Microsoft Visual Studio/18/Community/Common7/IDE/VC/vcpackages/cc.exe"
      - "D:/WaterSurfaceRendererScratch/vcpkg_installed/x64-windows/debug/Microsoft Visual Studio/18/Community/Common7/IDE/VC/vcpackages/cc"
      - "D:/WaterSurfaceRendererScratch/vcpkg_installed/x64-windows/debug/Microsoft Visual Studio/18/Community/Common7/IDE/VC/vcpackages/gcc.com"
      - "D:/WaterSurfaceRendererScratch/vcpkg_installed/x64-windows/debug/Microsoft Visual Studio/18/Community/Common7/IDE/VC/vcpackages/gcc.exe"
      - "D:/WaterSurfaceRendererScratch/vcpkg_installed/x64-windows/debug/Microsoft Visual Studio/18/Community/Common7/IDE/VC/vcpackages/gcc"
      - "D:/WaterSurfaceRendererScratch/vcpkg_installed/x64-windows/debug/Microsoft Visual Studio/18/Community/Common7/IDE/VC/vcpackages/cl.com"
      - "D:/WaterSurfaceRendererScratch/vcpkg_installed/x64-windows/debug/Microsoft Visual Studio/18/Community/Common7/IDE/VC/vcpackages/cl.exe"
      - "D:/WaterSurfaceRendererScratch/vcpkg_installed/x64-windows/debug/Microsoft Visual Studio/18/Community/Common7/IDE/VC/vcpackages/cl"
      - "D:/WaterSurfaceRendererScratch/vcpkg_installed/x64-windows/debug/Microsoft Visual Studio/18/Community/Common7/IDE/VC/vcpackages/bcc.com"
      - "D:/WaterSurfaceRendererScratch/vcpkg_installed/x64-windows/debug/Microsoft Visual Studio/18/Community/Common7/IDE/VC/vcpackages/bcc.exe"
      - "D:/WaterSurfaceRendererScratch/vcpkg_installed/x64-windows/debug/Microsoft Visual Studio/18/Community/Common7/IDE/VC/vcpackages/bcc"
      - "D:/WaterSurfaceRendererScratch/vcpkg_installed/x64-windows/debug/Microsoft Visual Studio/18/Community/Common7/IDE/VC/vcpackages/xlc.com"
      - "D:/WaterSurfaceRendererScratch/vcpkg_installed/x64-windows/debug/Microsoft Visual Studio/18/Community/Common7/IDE/VC/vcpackages/xlc.exe"
      - "D:/WaterSurfaceRendererScratch/vcpkg_installed/x64-windows/debug/Microsoft Visual Studio/18/Community/Common7/IDE/VC/vcpackages/xlc"
      - "D:/WaterSurfaceRendererScratch/vcpkg_installed/x64-windows/debug/Microsoft Visual Studio/18/Community/Common7/IDE/VC/vcpackages/icx.com"
      - "D:/WaterSurfaceRendererScratch/vcpkg_installed/x64-windows/debug/Microsoft Visual Studio/18/Community/Common7/IDE/VC/vcpackages/icx.exe"
      - "D:/WaterSurfaceRendererScratch/vcpkg_installed/x64-windows/debug/Microsoft Visual Studio/18/Community/Common7/IDE/VC/vcpackages/icx"
      - "D:/WaterSurfaceRendererScratch/vcpkg_installed/x64-windows/debug/Microsoft Visual Studio/18/Community/Common7/IDE/VC/vcpackages/clang.com"
      - "D:/WaterSurfaceRendererScratch/vcpkg_installed/x64-windows/debug/Microsoft Visual Studio/18/Community/Common7/IDE/VC/vcpackages/clang.exe"
      - "D:/WaterSurfaceRendererScratch/vcpkg_installed/x64-windows/debug/Microsoft Visual Studio/18/Community/Common7/IDE/VC/vcpackages/clang"
      - "D:/WaterSurfaceRendererScratch/vcpkg_installed/x64-windows/debug/Microsoft Visual Studio/18/Community/Common7/IDE/CommonExtensions/Microsoft/TestWindow/cc.com"
      - "D:/WaterSurfaceRendererScratch/vcpkg_installed/x64-windows/debug/Microsoft Visual Studio/18/Community/Common7/IDE/CommonExtensions/Microsoft/TestWindow/cc.exe"
      - "D:/WaterSurfaceRendererScratch/vcpkg_installed/x64-windows/debug/Microsoft Visual Studio/18/Community/Common7/IDE/CommonExtensions/Microsoft/TestWindow/cc"
      - "D:/WaterSurfaceRendererScratch/vcpkg_installed/x64-windows/debug/Microsoft Visual Studio/18/Community/Common7/IDE/CommonExtensions/Microsoft/TestWindow/gcc.com"
      - "D:/WaterSurfaceRendererScratch/vcpkg_installed/x64-windows/debug/Microsoft Visual Studio/18/Community/Common7/IDE/CommonExtensions/Microsoft/TestWindow/gcc.exe"
      - "D:/WaterSurfaceRendererScratch/vcpkg_installed/x64-windows/debug/Microsoft Visual Studio/18/Community/Common7/IDE/CommonExtensions/Microsoft/TestWindow/gcc"
      - "D:/WaterSurfaceRendererScratch/vcpkg_installed/x64-windows/debug/Microsoft Visual Studio/18/Community/Common7/IDE/CommonExtensions/Microsoft/TestWindow/cl.com"
      - "D:/WaterSurfaceRendererScratch/vcpkg_installed/x64-windows/debug/Microsoft Visual Studio/18/Community/Common7/IDE/CommonExtensions/Microsoft/TestWindow/cl.exe"
      - "D:/WaterSurfaceRendererScratch/vcpkg_installed/x64-windows/debug/Microsoft Visual Studio/18/Community/Common7/IDE/CommonExtensions/Microsoft/TestWindow/cl"
      - "D:/WaterSurfaceRendererScratch/vcpkg_installed/x64-windows/debug/Microsoft Visual Studio/18/Community/Common7/IDE/CommonExtensions/Microsoft/TestWindow/bcc.com"
      - "D:/WaterSurfaceRendererScratch/vcpkg_installed/x64-windows/debug/Microsoft Visual Studio/18/Community/Common7/IDE/CommonExtensions/Microsoft/TestWindow/bcc.exe"
      - "D:/WaterSurfaceRendererScratch/vcpkg_installed/x64-windows/debug/Microsoft Visual Studio/18/Community/Common7/IDE/CommonExtensions/Microsoft/TestWindow/bcc"
      - "D:/WaterSurfaceRendererScratch/vcpkg_installed/x64-windows/debug/Microsoft Visual Studio/18/Community/Common7/IDE/CommonExtensions/Microsoft/TestWindow/xlc.com"
      - "D:/WaterSurfaceRendererScratch/vcpkg_installed/x64-windows/debug/Microsoft Visual Studio/18/Community/Common7/IDE/CommonExtensions/Microsoft/TestWindow/xlc.exe"
      - "D:/WaterSurfaceRendererScratch/vcpkg_installed/x64-windows/debug/Microsoft Visual Studio/18/Community/Common7/IDE/CommonExtensions/Microsoft/TestWindow/xlc"
      - "D:/WaterSurfaceRendererScratch/vcpkg_installed/x64-windows/debug/Microsoft Visual Studio/18/Community/Common7/IDE/CommonExtensions/Microsoft/TestWindow/icx.com"
      - "D:/WaterSurfaceRendererScratch/vcpkg_installed/x64-windows/debug/Microsoft Visual Studio/18/Community/Common7/IDE/CommonExtensions/Microsoft/TestWindow/icx.exe"
      - "D:/WaterSurfaceRendererScratch/vcpkg_installed/x64-windows/debug/Microsoft Visual Studio/18/Community/Common7/IDE/CommonExtensions/Microsoft/TestWindow/icx"
      - "D:/WaterSurfaceRendererScratch/vcpkg_installed/x64-windows/debug/Microsoft Visual Studio/18/Community/Common7/IDE/CommonExtensions/Microsoft/TestWindow/clang.com"
      - "D:/WaterSurfaceRendererScratch/vcpkg_installed/x64-windows/debug/Microsoft Visual Studio/18/Community/Common7/IDE/CommonExtensions/Microsoft/TestWindow/clang.exe"
      - "D:/WaterSurfaceRendererScratch/vcpkg_installed/x64-windows/debug/Microsoft Visual Studio/18/Community/Common7/IDE/CommonExtensions/Microsoft/TestWindow/clang"
      - "D:/WaterSurfaceRendererScratch/vcpkg_installed/x64-windows/debug/Microsoft Visual Studio/18/Community/Common7/IDE/CommonExtensions/Microsoft/TeamFoundation/Team Explorer/cc.com"
      - "D:/WaterSurfaceRendererScratch/vcpkg_installed/x64-windows/debug/Microsoft Visual Studio/18/Community/Common7/IDE/CommonExtensions/Microsoft/TeamFoundation/Team Explorer/cc.exe"
      - "D:/WaterSurfaceRendererScratch/vcpkg_installed/x64-windows/debug/Microsoft Visual Studio/18/Community/Common7/IDE/CommonExtensions/Microsoft/TeamFoundation/Team Explorer/cc"
      - "D:/WaterSurfaceRendererScratch/vcpkg_installed/x64-windows/debug/Microsoft Visual Studio/18/Community/Common7/IDE/CommonExtensions/Microsoft/TeamFoundation/Team Explorer/gcc.com"
      - "D:/WaterSurfaceRendererScratch/vcpkg_installed/x64-windows/debug/Microsoft Visual Studio/18/Community/Common7/IDE/CommonExtensions/Microsoft/TeamFoundation/Team Explorer/gcc.exe"
      - "D:/WaterSurfaceRendererScratch/vcpkg_installed/x64-windows/debug/Microsoft Visual Studio/18/Community/Common7/IDE/CommonExtensions/Microsoft/TeamFoundation/Team Explorer/gcc"
      - "D:/WaterSurfaceRendererScratch/vcpkg_installed/x64-windows/debug/Microsoft Visual Studio/18/Community/Common7/IDE/CommonExtensions/Microsoft/TeamFoundation/Team Explorer/cl.com"
      - "D:/WaterSurfaceRendererScratch/vcpkg_installed/x64-windows/debug/Microsoft Visual Studio/18/Community/Common7/IDE/CommonExtensions/Microsoft/TeamFoundation/Team Explorer/cl.exe"
      - "D:/WaterSurfaceRendererScratch/vcpkg_installed/x64-windows/debug/Microsoft Visual Studio/18/Community/Common7/IDE/CommonExtensions/Microsoft/TeamFoundation/Team Explorer/cl"
      - "D:/WaterSurfaceRendererScratch/vcpkg_installed/x64-windows/debug/Microsoft Visual Studio/18/Community/Common7/IDE/CommonExtensions/Microsoft/TeamFoundation/Team Explorer/bcc.com"
      - "D:/WaterSurfaceRendererScratch/vcpkg_installed/x64-windows/debug/Microsoft Visual Studio/18/Community/Common7/IDE/CommonExtensions/Microsoft/TeamFoundation/Team Explorer/bcc.exe"
      - "D:/WaterSurfaceRendererScratch/vcpkg_installed/x64-windows/debug/Microsoft Visual Studio/18/Community/Common7/IDE/CommonExtensions/Microsoft/TeamFoundation/Team Explorer/bcc"
      - "D:/WaterSurfaceRendererScratch/vcpkg_installed/x64-windows/debug/Microsoft Visual Studio/18/Community/Common7/IDE/CommonExtensions/Microsoft/TeamFoundation/Team Explorer/xlc.com"
      - "D:/WaterSurfaceRendererScratch/vcpkg_installed/x64-windows/debug/Microsoft Visual Studio/18/Community/Common7/IDE/CommonExtensions/Microsoft/TeamFoundation/Team Explorer/xlc.exe"
      - "D:/WaterSurfaceRendererScratch/vcpkg_installed/x64-windows/debug/Microsoft Visual Studio/18/Community/Common7/IDE/CommonExtensions/Microsoft/TeamFoundation/Team Explorer/xlc"
      - "D:/WaterSurfaceRendererScratch/vcpkg_installed/x64-windows/debug/Microsoft Visual Studio/18/Community/Common7/IDE/CommonExtensions/Microsoft/TeamFoundation/Team Explorer/icx.com"
      - "D:/WaterSurfaceRendererScratch/vcpkg_installed/x64-windows/debug/Microsoft Visual Studio/18/Community/Common7/IDE/CommonExtensions/Microsoft/TeamFoundation/Team Explorer/icx.exe"
      - "D:/WaterSurfaceRendererScratch/vcpkg_installed/x64-windows/debug/Microsoft Visual Studio/18/Community/Common7/IDE/CommonExtensions/Microsoft/TeamFoundation/Team Explorer/icx"
      - "D:/WaterSurfaceRendererScratch/vcpkg_installed/x64-windows/debug/Microsoft Visual Studio/18/Community/Common7/IDE/CommonExtensions/Microsoft/TeamFoundation/Team Explorer/clang.com"
      - "D:/WaterSurfaceRendererScratch/vcpkg_installed/x64-windows/debug/Microsoft Visual Studio/18/Community/Common7/IDE/CommonExtensions/Microsoft/TeamFoundation/Team Explorer/clang.exe"
      - "D:/WaterSurfaceRendererScratch/vcpkg_installed/x64-windows/debug/Microsoft Visual Studio/18/Community/Common7/IDE/CommonExtensions/Microsoft/TeamFoundation/Team Explorer/clang"
      - "D:/WaterSurfaceRendererScratch/vcpkg_installed/x64-windows/debug/Microsoft Visual Studio/18/Community/MSBuild/Current/Bin/Roslyn/cc.com"
      - "D:/WaterSurfaceRendererScratch/vcpkg_installed/x64-windows/debug/Microsoft Visual Studio/18/Community/MSBuild/Current/Bin/Roslyn/cc.exe"
      - "D:/WaterSurfaceRendererScratch/vcpkg_installed/x64-windows/debug/Microsoft Visual Studio/18/Community/MSBuild/Current/Bin/Roslyn/cc"
      - "D:/WaterSurfaceRendererScratch/vcpkg_installed/x64-windows/debug/Microsoft Visual Studio/18/Community/MSBuild/Current/Bin/Roslyn/gcc.com"
      - "D:/WaterSurfaceRendererScratch/vcpkg_installed/x64-windows/debug/Microsoft Visual Studio/18/Community/MSBuild/Current/Bin/Roslyn/gcc.exe"
      - "D:/WaterSurfaceRendererScratch/vcpkg_installed/x64-windows/debug/Microsoft Visual Studio/18/Community/MSBuild/Current/Bin/Roslyn/gcc"
      - "D:/WaterSurfaceRendererScratch/vcpkg_installed/x64-windows/debug/Microsoft Visual Studio/18/Community/MSBuild/Current/Bin/Roslyn/cl.com"
      - "D:/WaterSurfaceRendererScratch/vcpkg_installed/x64-windows/debug/Microsoft Visual Studio/18/Community/MSBuild/Current/Bin/Roslyn/cl.exe"
      - "D:/WaterSurfaceRendererScratch/vcpkg_installed/x64-windows/debug/Microsoft Visual Studio/18/Community/MSBuild/Current/Bin/Roslyn/cl"
      - "D:/WaterSurfaceRendererScratch/vcpkg_installed/x64-windows/debug/Microsoft Visual Studio/18/Community/MSBuild/Current/Bin/Roslyn/bcc.com"
      - "D:/WaterSurfaceRendererScratch/vcpkg_installed/x64-windows/debug/Microsoft Visual Studio/18/Community/MSBuild/Current/Bin/Roslyn/bcc.exe"
      - "D:/WaterSurfaceRendererScratch/vcpkg_installed/x64-windows/debug/Microsoft Visual Studio/18/Community/MSBuild/Current/Bin/Roslyn/bcc"
      - "D:/WaterSurfaceRendererScratch/vcpkg_installed/x64-windows/debug/Microsoft Visual Studio/18/Community/MSBuild/Current/Bin/Roslyn/xlc.com"
      - "D:/WaterSurfaceRendererScratch/vcpkg_installed/x64-windows/debug/Microsoft Visual Studio/18/Community/MSBuild/Current/Bin/Roslyn/xlc.exe"
      - "D:/WaterSurfaceRendererScratch/vcpkg_installed/x64-windows/debug/Microsoft Visual Studio/18/Community/MSBuild/Current/Bin/Roslyn/xlc"
      - "D:/WaterSurfaceRendererScratch/vcpkg_installed/x64-windows/debug/Microsoft Visual Studio/18/Community/MSBuild/Current/Bin/Roslyn/icx.com"
      - "D:/WaterSurfaceRendererScratch/vcpkg_installed/x64-windows/debug/Microsoft Visual Studio/18/Community/MSBuild/Current/Bin/Roslyn/icx.exe"
      - "D:/WaterSurfaceRendererScratch/vcpkg_installed/x64-windows/debug/Microsoft Visual Studio/18/Community/MSBuild/Current/Bin/Roslyn/icx"
      - "D:/WaterSurfaceRendererScratch/vcpkg_installed/x64-windows/debug/Microsoft Visual Studio/18/Community/MSBuild/Current/Bin/Roslyn/clang.com"
      - "D:/WaterSurfaceRendererScratch/vcpkg_installed/x64-windows/debug/Microsoft Visual Studio/18/Community/MSBuild/Current/Bin/Roslyn/clang.exe"
      - "D:/WaterSurfaceRendererScratch/vcpkg_installed/x64-windows/debug/Microsoft Visual Studio/18/Community/MSBuild/Current/Bin/Roslyn/clang"
      - "D:/WaterSurfaceRendererScratch/vcpkg_installed/x64-windows/debug/Program Files (x86)/Microsoft SDKs/Windows/v10.0A/bin/NETFX 4.8 Tools/x64/cc.com"
      - "D:/WaterSurfaceRendererScratch/vcpkg_installed/x64-windows/debug/Program Files (x86)/Microsoft SDKs/Windows/v10.0A/bin/NETFX 4.8 Tools/x64/cc.exe"
      - "D:/WaterSurfaceRendererScratch/vcpkg_installed/x64-windows/debug/Program Files (x86)/Microsoft SDKs/Windows/v10.0A/bin/NETFX 4.8 Tools/x64/cc"
      - "D:/WaterSurfaceRendererScratch/vcpkg_installed/x64-windows/debug/Program Files (x86)/Microsoft SDKs/Windows/v10.0A/bin/NETFX 4.8 Tools/x64/gcc.com"
      - "D:/WaterSurfaceRendererScratch/vcpkg_installed/x64-windows/debug/Program Files (x86)/Microsoft SDKs/Windows/v10.0A/bin/NETFX 4.8 Tools/x64/gcc.exe"
      - "D:/WaterSurfaceRendererScratch/vcpkg_installed/x64-windows/debug/Program Files (x86)/Microsoft SDKs/Windows/v10.0A/bin/NETFX 4.8 Tools/x64/gcc"
      - "D:/WaterSurfaceRendererScratch/vcpkg_installed/x64-windows/debug/Program Files (x86)/Microsoft SDKs/Windows/v10.0A/bin/NETFX 4.8 Tools/x64/cl.com"
      - "D:/WaterSurfaceRendererScratch/vcpkg_installed/x64-windows/debug/Program Files (x86)/Microsoft SDKs/Windows/v10.0A/bin/NETFX 4.8 Tools/x64/cl.exe"
      - "D:/WaterSurfaceRendererScratch/vcpkg_installed/x64-windows/debug/Program Files (x86)/Microsoft SDKs/Windows/v10.0A/bin/NETFX 4.8 Tools/x64/cl"
      - "D:/WaterSurfaceRendererScratch/vcpkg_installed/x64-windows/debug/Program Files (x86)/Microsoft SDKs/Windows/v10.0A/bin/NETFX 4.8 Tools/x64/bcc.com"
      - "D:/WaterSurfaceRendererScratch/vcpkg_installed/x64-windows/debug/Program Files (x86)/Microsoft SDKs/Windows/v10.0A/bin/NETFX 4.8 Tools/x64/bcc.exe"
      - "D:/WaterSurfaceRendererScratch/vcpkg_installed/x64-windows/debug/Program Files (x86)/Microsoft SDKs/Windows/v10.0A/bin/NETFX 4.8 Tools/x64/bcc"
      - "D:/WaterSurfaceRendererScratch/vcpkg_installed/x64-windows/debug/Program Files (x86)/Microsoft SDKs/Windows/v10.0A/bin/NETFX 4.8 Tools/x64/xlc.com"
      - "D:/WaterSurfaceRendererScratch/vcpkg_installed/x64-windows/debug/Program Files (x86)/Microsoft SDKs/Windows/v10.0A/bin/NETFX 4.8 Tools/x64/xlc.exe"
      - "D:/WaterSurfaceRendererScratch/vcpkg_installed/x64-windows/debug/Program Files (x86)/Microsoft SDKs/Windows/v10.0A/bin/NETFX 4.8 Tools/x64/xlc"
      - "D:/WaterSurfaceRendererScratch/vcpkg_installed/x64-windows/debug/Program Files (x86)/Microsoft SDKs/Windows/v10.0A/bin/NETFX 4.8 Tools/x64/icx.com"
      - "D:/WaterSurfaceRendererScratch/vcpkg_installed/x64-windows/debug/Program Files (x86)/Microsoft SDKs/Windows/v10.0A/bin/NETFX 4.8 Tools/x64/icx.exe"
      - "D:/WaterSurfaceRendererScratch/vcpkg_installed/x64-windows/debug/Program Files (x86)/Microsoft SDKs/Windows/v10.0A/bin/NETFX 4.8 Tools/x64/icx"
      - "D:/WaterSurfaceRendererScratch/vcpkg_installed/x64-windows/debug/Program Files (x86)/Microsoft SDKs/Windows/v10.0A/bin/NETFX 4.8 Tools/x64/clang.com"
      - "D:/WaterSurfaceRendererScratch/vcpkg_installed/x64-windows/debug/Program Files (x86)/Microsoft SDKs/Windows/v10.0A/bin/NETFX 4.8 Tools/x64/clang.exe"
      - "D:/WaterSurfaceRendererScratch/vcpkg_installed/x64-windows/debug/Program Files (x86)/Microsoft SDKs/Windows/v10.0A/bin/NETFX 4.8 Tools/x64/clang"
      - "D:/WaterSurfaceRendererScratch/vcpkg_installed/x64-windows/debug/Microsoft Visual Studio/18/Community/Team Tools/DiagnosticsHub/Collector/cc.com"
      - "D:/WaterSurfaceRendererScratch/vcpkg_installed/x64-windows/debug/Microsoft Visual Studio/18/Community/Team Tools/DiagnosticsHub/Collector/cc.exe"
      - "D:/WaterSurfaceRendererScratch/vcpkg_installed/x64-windows/debug/Microsoft Visual Studio/18/Community/Team Tools/DiagnosticsHub/Collector/cc"
      - "D:/WaterSurfaceRendererScratch/vcpkg_installed/x64-windows/debug/Microsoft Visual Studio/18/Community/Team Tools/DiagnosticsHub/Collector/gcc.com"
      - "D:/WaterSurfaceRendererScratch/vcpkg_installed/x64-windows/debug/Microsoft Visual Studio/18/Community/Team Tools/DiagnosticsHub/Collector/gcc.exe"
      - "D:/WaterSurfaceRendererScratch/vcpkg_installed/x64-windows/debug/Microsoft Visual Studio/18/Community/Team Tools/DiagnosticsHub/Collector/gcc"
      - "D:/WaterSurfaceRendererScratch/vcpkg_installed/x64-windows/debug/Microsoft Visual Studio/18/Community/Team Tools/DiagnosticsHub/Collector/cl.com"
      - "D:/WaterSurfaceRendererScratch/vcpkg_installed/x64-windows/debug/Microsoft Visual Studio/18/Community/Team Tools/DiagnosticsHub/Collector/cl.exe"
      - "D:/WaterSurfaceRendererScratch/vcpkg_installed/x64-windows/debug/Microsoft Visual Studio/18/Community/Team Tools/DiagnosticsHub/Collector/cl"
      - "D:/WaterSurfaceRendererScratch/vcpkg_installed/x64-windows/debug/Microsoft Visual Studio/18/Community/Team Tools/DiagnosticsHub/Collector/bcc.com"
      - "D:/WaterSurfaceRendererScratch/vcpkg_installed/x64-windows/debug/Microsoft Visual Studio/18/Community/Team Tools/DiagnosticsHub/Collector/bcc.exe"
      - "D:/WaterSurfaceRendererScratch/vcpkg_installed/x64-windows/debug/Microsoft Visual Studio/18/Community/Team Tools/DiagnosticsHub/Collector/bcc"
      - "D:/WaterSurfaceRendererScratch/vcpkg_installed/x64-windows/debug/Microsoft Visual Studio/18/Community/Team Tools/DiagnosticsHub/Collector/xlc.com"
      - "D:/WaterSurfaceRendererScratch/vcpkg_installed/x64-windows/debug/Microsoft Visual Studio/18/Community/Team Tools/DiagnosticsHub/Collector/xlc.exe"
      - "D:/WaterSurfaceRendererScratch/vcpkg_installed/x64-windows/debug/Microsoft Visual Studio/18/Community/Team Tools/DiagnosticsHub/Collector/xlc"
      - "D:/WaterSurfaceRendererScratch/vcpkg_installed/x64-windows/debug/Microsoft Visual Studio/18/Community/Team Tools/DiagnosticsHub/Collector/icx.com"
      - "D:/WaterSurfaceRendererScratch/vcpkg_installed/x64-windows/debug/Microsoft Visual Studio/18/Community/Team Tools/DiagnosticsHub/Collector/icx.exe"
      - "D:/WaterSurfaceRendererScratch/vcpkg_installed/x64-windows/debug/Microsoft Visual Studio/18/Community/Team Tools/DiagnosticsHub/Collector/icx"
      - "D:/WaterSurfaceRendererScratch/vcpkg_installed/x64-windows/debug/Microsoft Visual Studio/18/Community/Team Tools/DiagnosticsHub/Collector/clang.com"
      - "D:/WaterSurfaceRendererScratch/vcpkg_installed/x64-windows/debug/Microsoft Visual Studio/18/Community/Team Tools/DiagnosticsHub/Collector/clang.exe"
      - "D:/WaterSurfaceRendererScratch/vcpkg_installed/x64-windows/debug/Microsoft Visual Studio/18/Community/Team Tools/DiagnosticsHub/Collector/clang"
      - "D:/WaterSurfaceRendererScratch/vcpkg_installed/x64-windows/debug/Microsoft Visual Studio/18/Community/Common7/IDE/Extensions/Microsoft/CodeCoverage.Console/cc.com"
      - "D:/WaterSurfaceRendererScratch/vcpkg_installed/x64-windows/debug/Microsoft Visual Studio/18/Community/Common7/IDE/Extensions/Microsoft/CodeCoverage.Console/cc.exe"
      - "D:/WaterSurfaceRendererScratch/vcpkg_installed/x64-windows/debug/Microsoft Visual Studio/18/Community/Common7/IDE/Extensions/Microsoft/CodeCoverage.Console/cc"
      - "D:/WaterSurfaceRendererScratch/vcpkg_installed/x64-windows/debug/Microsoft Visual Studio/18/Community/Common7/IDE/Extensions/Microsoft/CodeCoverage.Console/gcc.com"
      - "D:/WaterSurfaceRendererScratch/vcpkg_installed/x64-windows/debug/Microsoft Visual Studio/18/Community/Common7/IDE/Extensions/Microsoft/CodeCoverage.Console/gcc.exe"
      - "D:/WaterSurfaceRendererScratch/vcpkg_installed/x64-windows/debug/Microsoft Visual Studio/18/Community/Common7/IDE/Extensions/Microsoft/CodeCoverage.Console/gcc"
      - "D:/WaterSurfaceRendererScratch/vcpkg_installed/x64-windows/debug/Microsoft Visual Studio/18/Community/Common7/IDE/Extensions/Microsoft/CodeCoverage.Console/cl.com"
      - "D:/WaterSurfaceRendererScratch/vcpkg_installed/x64-windows/debug/Microsoft Visual Studio/18/Community/Common7/IDE/Extensions/Microsoft/CodeCoverage.Console/cl.exe"
      - "D:/WaterSurfaceRendererScratch/vcpkg_installed/x64-windows/debug/Microsoft Visual Studio/18/Community/Common7/IDE/Extensions/Microsoft/CodeCoverage.Console/cl"
      - "D:/WaterSurfaceRendererScratch/vcpkg_installed/x64-windows/debug/Microsoft Visual Studio/18/Community/Common7/IDE/Extensions/Microsoft/CodeCoverage.Console/bcc.com"
      - "D:/WaterSurfaceRendererScratch/vcpkg_installed/x64-windows/debug/Microsoft Visual Studio/18/Community/Common7/IDE/Extensions/Microsoft/CodeCoverage.Console/bcc.exe"
      - "D:/WaterSurfaceRendererScratch/vcpkg_installed/x64-windows/debug/Microsoft Visual Studio/18/Community/Common7/IDE/Extensions/Microsoft/CodeCoverage.Console/bcc"
      - "D:/WaterSurfaceRendererScratch/vcpkg_installed/x64-windows/debug/Microsoft Visual Studio/18/Community/Common7/IDE/Extensions/Microsoft/CodeCoverage.Console/xlc.com"
      - "D:/WaterSurfaceRendererScratch/vcpkg_installed/x64-windows/debug/Microsoft Visual Studio/18/Community/Common7/IDE/Extensions/Microsoft/CodeCoverage.Console/xlc.exe"
      - "D:/WaterSurfaceRendererScratch/vcpkg_installed/x64-windows/debug/Microsoft Visual Studio/18/Community/Common7/IDE/Extensions/Microsoft/CodeCoverage.Console/xlc"
      - "D:/WaterSurfaceRendererScratch/vcpkg_installed/x64-windows/debug/Microsoft Visual Studio/18/Community/Common7/IDE/Extensions/Microsoft/CodeCoverage.Console/icx.com"
      - "D:/WaterSurfaceRendererScratch/vcpkg_installed/x64-windows/debug/Microsoft Visual Studio/18/Community/Common7/IDE/Extensions/Microsoft/CodeCoverage.Console/icx.exe"
      - "D:/WaterSurfaceRendererScratch/vcpkg_installed/x64-windows/debug/Microsoft Visual Studio/18/Community/Common7/IDE/Extensions/Microsoft/CodeCoverage.Console/icx"
      - "D:/WaterSurfaceRendererScratch/vcpkg_installed/x64-windows/debug/Microsoft Visual Studio/18/Community/Common7/IDE/Extensions/Microsoft/CodeCoverage.Console/clang.com"
      - "D:/WaterSurfaceRendererScratch/vcpkg_installed/x64-windows/debug/Microsoft Visual Studio/18/Community/Common7/IDE/Extensions/Microsoft/CodeCoverage.Console/clang.exe"
      - "D:/WaterSurfaceRendererScratch/vcpkg_installed/x64-windows/debug/Microsoft Visual Studio/18/Community/Common7/IDE/Extensions/Microsoft/CodeCoverage.Console/clang"
      - "D:/WaterSurfaceRendererScratch/vcpkg_installed/x64-windows/debug/Program Files (x86)/Windows Kits/10/bin/10.0.26100.0/x64/cc.com"
      - "D:/WaterSurfaceRendererScratch/vcpkg_installed/x64-windows/debug/Program Files (x86)/Windows Kits/10/bin/10.0.26100.0/x64/cc.exe"
      - "D:/WaterSurfaceRendererScratch/vcpkg_installed/x64-windows/debug/Program Files (x86)/Windows Kits/10/bin/10.0.26100.0/x64/cc"
      - "D:/WaterSurfaceRendererScratch/vcpkg_installed/x64-windows/debug/Program Files (x86)/Windows Kits/10/bin/10.0.26100.0/x64/gcc.com"
      - "D:/WaterSurfaceRendererScratch/vcpkg_installed/x64-windows/debug/Program Files (x86)/Windows Kits/10/bin/10.0.26100.0/x64/gcc.exe"
      - "D:/WaterSurfaceRendererScratch/vcpkg_installed/x64-windows/debug/Program Files (x86)/Windows Kits/10/bin/10.0.26100.0/x64/gcc"
      - "D:/WaterSurfaceRendererScratch/vcpkg_installed/x64-windows/debug/Program Files (x86)/Windows Kits/10/bin/10.0.26100.0/x64/cl.com"
      - "D:/WaterSurfaceRendererScratch/vcpkg_installed/x64-windows/debug/Program Files (x86)/Windows Kits/10/bin/10.0.26100.0/x64/cl.exe"
      - "D:/WaterSurfaceRendererScratch/vcpkg_installed/x64-windows/debug/Program Files (x86)/Windows Kits/10/bin/10.0.26100.0/x64/cl"
      - "D:/WaterSurfaceRendererScratch/vcpkg_installed/x64-windows/debug/Program Files (x86)/Windows Kits/10/bin/10.0.26100.0/x64/bcc.com"
      - "D:/WaterSurfaceRendererScratch/vcpkg_installed/x64-windows/debug/Program Files (x86)/Windows Kits/10/bin/10.0.26100.0/x64/bcc.exe"
      - "D:/WaterSurfaceRendererScratch/vcpkg_installed/x64-windows/debug/Program Files (x86)/Windows Kits/10/bin/10.0.26100.0/x64/bcc"
      - "D:/WaterSurfaceRendererScratch/vcpkg_installed/x64-windows/debug/Program Files (x86)/Windows Kits/10/bin/10.0.26100.0/x64/xlc.com"
      - "D:/WaterSurfaceRendererScratch/vcpkg_installed/x64-windows/debug/Program Files (x86)/Windows Kits/10/bin/10.0.26100.0/x64/xlc.exe"
      - "D:/WaterSurfaceRendererScratch/vcpkg_installed/x64-windows/debug/Program Files (x86)/Windows Kits/10/bin/10.0.26100.0/x64/xlc"
      - "D:/WaterSurfaceRendererScratch/vcpkg_installed/x64-windows/debug/Program Files (x86)/Windows Kits/10/bin/10.0.26100.0/x64/icx.com"
      - "D:/WaterSurfaceRendererScratch/vcpkg_installed/x64-windows/debug/Program Files (x86)/Windows Kits/10/bin/10.0.26100.0/x64/icx.exe"
      - "D:/WaterSurfaceRendererScratch/vcpkg_installed/x64-windows/debug/Program Files (x86)/Windows Kits/10/bin/10.0.26100.0/x64/icx"
      - "D:/WaterSurfaceRendererScratch/vcpkg_installed/x64-windows/debug/Program Files (x86)/Windows Kits/10/bin/10.0.26100.0/x64/clang.com"
      - "D:/WaterSurfaceRendererScratch/vcpkg_installed/x64-windows/debug/Program Files (x86)/Windows Kits/10/bin/10.0.26100.0/x64/clang.exe"
      - "D:/WaterSurfaceRendererScratch/vcpkg_installed/x64-windows/debug/Program Files (x86)/Windows Kits/10/bin/10.0.26100.0/x64/clang"
      - "D:/WaterSurfaceRendererScratch/vcpkg_installed/x64-windows/debug/Program Files (x86)/Windows Kits/10/bin/x64/cc.com"
      - "D:/WaterSurfaceRendererScratch/vcpkg_installed/x64-windows/debug/Program Files (x86)/Windows Kits/10/bin/x64/cc.exe"
      - "D:/WaterSurfaceRendererScratch/vcpkg_installed/x64-windows/debug/Program Files (x86)/Windows Kits/10/bin/x64/cc"
      - "D:/WaterSurfaceRendererScratch/vcpkg_installed/x64-windows/debug/Program Files (x86)/Windows Kits/10/bin/x64/gcc.com"
      - "D:/WaterSurfaceRendererScratch/vcpkg_installed/x64-windows/debug/Program Files (x86)/Windows Kits/10/bin/x64/gcc.exe"
      - "D:/WaterSurfaceRendererScratch/vcpkg_installed/x64-windows/debug/Program Files (x86)/Windows Kits/10/bin/x64/gcc"
      - "D:/WaterSurfaceRendererScratch/vcpkg_installed/x64-windows/debug/Program Files (x86)/Windows Kits/10/bin/x64/cl.com"
      - "D:/WaterSurfaceRendererScratch/vcpkg_installed/x64-windows/debug/Program Files (x86)/Windows Kits/10/bin/x64/cl.exe"
      - "D:/WaterSurfaceRendererScratch/vcpkg_installed/x64-windows/debug/Program Files (x86)/Windows Kits/10/bin/x64/cl"
      - "D:/WaterSurfaceRendererScratch/vcpkg_installed/x64-windows/debug/Program Files (x86)/Windows Kits/10/bin/x64/bcc.com"
      - "D:/WaterSurfaceRendererScratch/vcpkg_installed/x64-windows/debug/Program Files (x86)/Windows Kits/10/bin/x64/bcc.exe"
      - "D:/WaterSurfaceRendererScratch/vcpkg_installed/x64-windows/debug/Program Files (x86)/Windows Kits/10/bin/x64/bcc"
      - "D:/WaterSurfaceRendererScratch/vcpkg_installed/x64-windows/debug/Program Files (x86)/Windows Kits/10/bin/x64/xlc.com"
      - "D:/WaterSurfaceRendererScratch/vcpkg_installed/x64-windows/debug/Program Files (x86)/Windows Kits/10/bin/x64/xlc.exe"
      - "D:/WaterSurfaceRendererScratch/vcpkg_installed/x64-windows/debug/Program Files (x86)/Windows Kits/10/bin/x64/xlc"
      - "D:/WaterSurfaceRendererScratch/vcpkg_installed/x64-windows/debug/Program Files (x86)/Windows Kits/10/bin/x64/icx.com"
      - "D:/WaterSurfaceRendererScratch/vcpkg_installed/x64-windows/debug/Program Files (x86)/Windows Kits/10/bin/x64/icx.exe"
      - "D:/WaterSurfaceRendererScratch/vcpkg_installed/x64-windows/debug/Program Files (x86)/Windows Kits/10/bin/x64/icx"
      - "D:/WaterSurfaceRendererScratch/vcpkg_installed/x64-windows/debug/Program Files (x86)/Windows Kits/10/bin/x64/clang.com"
      - "D:/WaterSurfaceRendererScratch/vcpkg_installed/x64-windows/debug/Program Files (x86)/Windows Kits/10/bin/x64/clang.exe"
      - "D:/WaterSurfaceRendererScratch/vcpkg_installed/x64-windows/debug/Program Files (x86)/Windows Kits/10/bin/x64/clang"
      - "D:/WaterSurfaceRendererScratch/vcpkg_installed/x64-windows/debug/Microsoft Visual Studio/18/Community/MSBuild/Current/Bin/amd64/cc.com"
      - "D:/WaterSurfaceRendererScratch/vcpkg_installed/x64-windows/debug/Microsoft Visual Studio/18/Community/MSBuild/Current/Bin/amd64/cc.exe"
      - "D:/WaterSurfaceRendererScratch/vcpkg_installed/x64-windows/debug/Microsoft Visual Studio/18/Community/MSBuild/Current/Bin/amd64/cc"
      - "D:/WaterSurfaceRendererScratch/vcpkg_installed/x64-windows/debug/Microsoft Visual Studio/18/Community/MSBuild/Current/Bin/amd64/gcc.com"
      - "D:/WaterSurfaceRendererScratch/vcpkg_installed/x64-windows/debug/Microsoft Visual Studio/18/Community/MSBuild/Current/Bin/amd64/gcc.exe"
      - "D:/WaterSurfaceRendererScratch/vcpkg_installed/x64-windows/debug/Microsoft Visual Studio/18/Community/MSBuild/Current/Bin/amd64/gcc"
      - "D:/WaterSurfaceRendererScratch/vcpkg_installed/x64-windows/debug/Microsoft Visual Studio/18/Community/MSBuild/Current/Bin/amd64/cl.com"
      - "D:/WaterSurfaceRendererScratch/vcpkg_installed/x64-windows/debug/Microsoft Visual Studio/18/Community/MSBuild/Current/Bin/amd64/cl.exe"
      - "D:/WaterSurfaceRendererScratch/vcpkg_installed/x64-windows/debug/Microsoft Visual Studio/18/Community/MSBuild/Current/Bin/amd64/cl"
      - "D:/WaterSurfaceRendererScratch/vcpkg_installed/x64-windows/debug/Microsoft Visual Studio/18/Community/MSBuild/Current/Bin/amd64/bcc.com"
      - "D:/WaterSurfaceRendererScratch/vcpkg_installed/x64-windows/debug/Microsoft Visual Studio/18/Community/MSBuild/Current/Bin/amd64/bcc.exe"
      - "D:/WaterSurfaceRendererScratch/vcpkg_installed/x64-windows/debug/Microsoft Visual Studio/18/Community/MSBuild/Current/Bin/amd64/bcc"
      - "D:/WaterSurfaceRendererScratch/vcpkg_installed/x64-windows/debug/Microsoft Visual Studio/18/Community/MSBuild/Current/Bin/amd64/xlc.com"
      - "D:/WaterSurfaceRendererScratch/vcpkg_installed/x64-windows/debug/Microsoft Visual Studio/18/Community/MSBuild/Current/Bin/amd64/xlc.exe"
      - "D:/WaterSurfaceRendererScratch/vcpkg_installed/x64-windows/debug/Microsoft Visual Studio/18/Community/MSBuild/Current/Bin/amd64/xlc"
      - "D:/WaterSurfaceRendererScratch/vcpkg_installed/x64-windows/debug/Microsoft Visual Studio/18/Community/MSBuild/Current/Bin/amd64/icx.com"
      - "D:/WaterSurfaceRendererScratch/vcpkg_installed/x64-windows/debug/Microsoft Visual Studio/18/Community/MSBuild/Current/Bin/amd64/icx.exe"
      - "D:/WaterSurfaceRendererScratch/vcpkg_installed/x64-windows/debug/Microsoft Visual Studio/18/Community/MSBuild/Current/Bin/amd64/icx"
      - "D:/WaterSurfaceRendererScratch/vcpkg_installed/x64-windows/debug/Microsoft Visual Studio/18/Community/MSBuild/Current/Bin/amd64/clang.com"
      - "D:/WaterSurfaceRendererScratch/vcpkg_installed/x64-windows/debug/Microsoft Visual Studio/18/Community/MSBuild/Current/Bin/amd64/clang.exe"
      - "D:/WaterSurfaceRendererScratch/vcpkg_installed/x64-windows/debug/Microsoft Visual Studio/18/Community/MSBuild/Current/Bin/amd64/clang"
      - "D:/WaterSurfaceRendererScratch/vcpkg_installed/x64-windows/debug/Windows/Microsoft.NET/Framework64/v4.0.30319/cc.com"
      - "D:/WaterSurfaceRendererScratch/vcpkg_installed/x64-windows/debug/Windows/Microsoft.NET/Framework64/v4.0.30319/cc.exe"
      - "D:/WaterSurfaceRendererScratch/vcpkg_installed/x64-windows/debug/Windows/Microsoft.NET/Framework64/v4.0.30319/cc"
      - "D:/WaterSurfaceRendererScratch/vcpkg_installed/x64-windows/debug/Windows/Microsoft.NET/Framework64/v4.0.30319/gcc.com"
      - "D:/WaterSurfaceRendererScratch/vcpkg_installed/x64-windows/debug/Windows/Microsoft.NET/Framework64/v4.0.30319/gcc.exe"
      - "D:/WaterSurfaceRendererScratch/vcpkg_installed/x64-windows/debug/Windows/Microsoft.NET/Framework64/v4.0.30319/gcc"
      - "D:/WaterSurfaceRendererScratch/vcpkg_installed/x64-windows/debug/Windows/Microsoft.NET/Framework64/v4.0.30319/cl.com"
      - "D:/WaterSurfaceRendererScratch/vcpkg_installed/x64-windows/debug/Windows/Microsoft.NET/Framework64/v4.0.30319/cl.exe"
      - "D:/WaterSurfaceRendererScratch/vcpkg_installed/x64-windows/debug/Windows/Microsoft.NET/Framework64/v4.0.30319/cl"
      - "D:/WaterSurfaceRendererScratch/vcpkg_installed/x64-windows/debug/Windows/Microsoft.NET/Framework64/v4.0.30319/bcc.com"
      - "D:/WaterSurfaceRendererScratch/vcpkg_installed/x64-windows/debug/Windows/Microsoft.NET/Framework64/v4.0.30319/bcc.exe"
      - "D:/WaterSurfaceRendererScratch/vcpkg_installed/x64-windows/debug/Windows/Microsoft.NET/Framework64/v4.0.30319/bcc"
      - "D:/WaterSurfaceRendererScratch/vcpkg_installed/x64-windows/debug/Windows/Microsoft.NET/Framework64/v4.0.30319/xlc.com"
      - "D:/WaterSurfaceRendererScratch/vcpkg_installed/x64-windows/debug/Windows/Microsoft.NET/Framework64/v4.0.30319/xlc.exe"
      - "D:/WaterSurfaceRendererScratch/vcpkg_installed/x64-windows/debug/Windows/Microsoft.NET/Framework64/v4.0.30319/xlc"
      - "D:/WaterSurfaceRendererScratch/vcpkg_installed/x64-windows/debug/Windows/Microsoft.NET/Framework64/v4.0.30319/icx.com"
      - "D:/WaterSurfaceRendererScratch/vcpkg_installed/x64-windows/debug/Windows/Microsoft.NET/Framework64/v4.0.30319/icx.exe"
      - "D:/WaterSurfaceRendererScratch/vcpkg_installed/x64-windows/debug/Windows/Microsoft.NET/Framework64/v4.0.30319/icx"
      - "D:/WaterSurfaceRendererScratch/vcpkg_installed/x64-windows/debug/Windows/Microsoft.NET/Framework64/v4.0.30319/clang.com"
      - "D:/WaterSurfaceRendererScratch/vcpkg_installed/x64-windows/debug/Windows/Microsoft.NET/Framework64/v4.0.30319/clang.exe"
      - "D:/WaterSurfaceRendererScratch/vcpkg_installed/x64-windows/debug/Windows/Microsoft.NET/Framework64/v4.0.30319/clang"
      - "D:/WaterSurfaceRendererScratch/vcpkg_installed/x64-windows/debug/Microsoft Visual Studio/18/Community/Common7/IDE/cc.com"
      - "D:/WaterSurfaceRendererScratch/vcpkg_installed/x64-windows/debug/Microsoft Visual Studio/18/Community/Common7/IDE/cc.exe"
      - "D:/WaterSurfaceRendererScratch/vcpkg_installed/x64-windows/debug/Microsoft Visual Studio/18/Community/Common7/IDE/cc"
      - "D:/WaterSurfaceRendererScratch/vcpkg_installed/x64-windows/debug/Microsoft Visual Studio/18/Community/Common7/IDE/gcc.com"
      - "D:/WaterSurfaceRendererScratch/vcpkg_installed/x64-windows/debug/Microsoft Visual Studio/18/Community/Common7/IDE/gcc.exe"
      - "D:/WaterSurfaceRendererScratch/vcpkg_installed/x64-windows/debug/Microsoft Visual Studio/18/Community/Common7/IDE/gcc"
      - "D:/WaterSurfaceRendererScratch/vcpkg_installed/x64-windows/debug/Microsoft Visual Studio/18/Community/Common7/IDE/cl.com"
      - "D:/WaterSurfaceRendererScratch/vcpkg_installed/x64-windows/debug/Microsoft Visual Studio/18/Community/Common7/IDE/cl.exe"
      - "D:/WaterSurfaceRendererScratch/vcpkg_installed/x64-windows/debug/Microsoft Visual Studio/18/Community/Common7/IDE/cl"
      - "D:/WaterSurfaceRendererScratch/vcpkg_installed/x64-windows/debug/Microsoft Visual Studio/18/Community/Common7/IDE/bcc.com"
      - "D:/WaterSurfaceRendererScratch/vcpkg_installed/x64-windows/debug/Microsoft Visual Studio/18/Community/Common7/IDE/bcc.exe"
      - "D:/WaterSurfaceRendererScratch/vcpkg_installed/x64-windows/debug/Microsoft Visual Studio/18/Community/Common7/IDE/bcc"
      - "D:/WaterSurfaceRendererScratch/vcpkg_installed/x64-windows/debug/Microsoft Visual Studio/18/Community/Common7/IDE/xlc.com"
      - "D:/WaterSurfaceRendererScratch/vcpkg_installed/x64-windows/debug/Microsoft Visual Studio/18/Community/Common7/IDE/xlc.exe"
      - "D:/WaterSurfaceRendererScratch/vcpkg_installed/x64-windows/debug/Microsoft Visual Studio/18/Community/Common7/IDE/xlc"
      - "D:/WaterSurfaceRendererScratch/vcpkg_installed/x64-windows/debug/Microsoft Visual Studio/18/Community/Common7/IDE/icx.com"
      - "D:/WaterSurfaceRendererScratch/vcpkg_installed/x64-windows/debug/Microsoft Visual Studio/18/Community/Common7/IDE/icx.exe"
      - "D:/WaterSurfaceRendererScratch/vcpkg_installed/x64-windows/debug/Microsoft Visual Studio/18/Community/Common7/IDE/icx"
      - "D:/WaterSurfaceRendererScratch/vcpkg_installed/x64-windows/debug/Microsoft Visual Studio/18/Community/Common7/IDE/clang.com"
      - "D:/WaterSurfaceRendererScratch/vcpkg_installed/x64-windows/debug/Microsoft Visual Studio/18/Community/Common7/IDE/clang.exe"
      - "D:/WaterSurfaceRendererScratch/vcpkg_installed/x64-windows/debug/Microsoft Visual Studio/18/Community/Common7/IDE/clang"
      - "D:/WaterSurfaceRendererScratch/vcpkg_installed/x64-windows/debug/Microsoft Visual Studio/18/Community/Common7/Tools/cc.com"
      - "D:/WaterSurfaceRendererScratch/vcpkg_installed/x64-windows/debug/Microsoft Visual Studio/18/Community/Common7/Tools/cc.exe"
      - "D:/WaterSurfaceRendererScratch/vcpkg_installed/x64-windows/debug/Microsoft Visual Studio/18/Community/Common7/Tools/cc"
      - "D:/WaterSurfaceRendererScratch/vcpkg_installed/x64-windows/debug/Microsoft Visual Studio/18/Community/Common7/Tools/gcc.com"
      - "D:/WaterSurfaceRendererScratch/vcpkg_installed/x64-windows/debug/Microsoft Visual Studio/18/Community/Common7/Tools/gcc.exe"
      - "D:/WaterSurfaceRendererScratch/vcpkg_installed/x64-windows/debug/Microsoft Visual Studio/18/Community/Common7/Tools/gcc"
      - "D:/WaterSurfaceRendererScratch/vcpkg_installed/x64-windows/debug/Microsoft Visual Studio/18/Community/Common7/Tools/cl.com"
      - "D:/WaterSurfaceRendererScratch/vcpkg_installed/x64-windows/debug/Microsoft Visual Studio/18/Community/Common7/Tools/cl.exe"
      - "D:/WaterSurfaceRendererScratch/vcpkg_installed/x64-windows/debug/Microsoft Visual Studio/18/Community/Common7/Tools/cl"
      - "D:/WaterSurfaceRendererScratch/vcpkg_installed/x64-windows/debug/Microsoft Visual Studio/18/Community/Common7/Tools/bcc.com"
      - "D:/WaterSurfaceRendererScratch/vcpkg_installed/x64-windows/debug/Microsoft Visual Studio/18/Community/Common7/Tools/bcc.exe"
      - "D:/WaterSurfaceRendererScratch/vcpkg_installed/x64-windows/debug/Microsoft Visual Studio/18/Community/Common7/Tools/bcc"
      - "D:/WaterSurfaceRendererScratch/vcpkg_installed/x64-windows/debug/Microsoft Visual Studio/18/Community/Common7/Tools/xlc.com"
      - "D:/WaterSurfaceRendererScratch/vcpkg_installed/x64-windows/debug/Microsoft Visual Studio/18/Community/Common7/Tools/xlc.exe"
      - "D:/WaterSurfaceRendererScratch/vcpkg_installed/x64-windows/debug/Microsoft Visual Studio/18/Community/Common7/Tools/xlc"
      - "D:/WaterSurfaceRendererScratch/vcpkg_installed/x64-windows/debug/Microsoft Visual Studio/18/Community/Common7/Tools/icx.com"
      - "D:/WaterSurfaceRendererScratch/vcpkg_installed/x64-windows/debug/Microsoft Visual Studio/18/Community/Common7/Tools/icx.exe"
      - "D:/WaterSurfaceRendererScratch/vcpkg_installed/x64-windows/debug/Microsoft Visual Studio/18/Community/Common7/Tools/icx"
      - "D:/WaterSurfaceRendererScratch/vcpkg_installed/x64-windows/debug/Microsoft Visual Studio/18/Community/Common7/Tools/clang.com"
      - "D:/WaterSurfaceRendererScratch/vcpkg_installed/x64-windows/debug/Microsoft Visual Studio/18/Community/Common7/Tools/clang.exe"
      - "D:/WaterSurfaceRendererScratch/vcpkg_installed/x64-windows/debug/Microsoft Visual Studio/18/Community/Common7/Tools/clang"
      - "D:/WaterSurfaceRendererScratch/vcpkg_installed/x64-windows/debug/Users/xukeheng/AppData/Local/vcpkg/downloads/tools/powershell-core-7.5.4-windows/cc.com"
      - "D:/WaterSurfaceRendererScratch/vcpkg_installed/x64-windows/debug/Users/xukeheng/AppData/Local/vcpkg/downloads/tools/powershell-core-7.5.4-windows/cc.exe"
      - "D:/WaterSurfaceRendererScratch/vcpkg_installed/x64-windows/debug/Users/xukeheng/AppData/Local/vcpkg/downloads/tools/powershell-core-7.5.4-windows/cc"
      - "D:/WaterSurfaceRendererScratch/vcpkg_installed/x64-windows/debug/Users/xukeheng/AppData/Local/vcpkg/downloads/tools/powershell-core-7.5.4-windows/gcc.com"
      - "D:/WaterSurfaceRendererScratch/vcpkg_installed/x64-windows/debug/Users/xukeheng/AppData/Local/vcpkg/downloads/tools/powershell-core-7.5.4-windows/gcc.exe"
      - "D:/WaterSurfaceRendererScratch/vcpkg_installed/x64-windows/debug/Users/xukeheng/AppData/Local/vcpkg/downloads/tools/powershell-core-7.5.4-windows/gcc"
      - "D:/WaterSurfaceRendererScratch/vcpkg_installed/x64-windows/debug/Users/xukeheng/AppData/Local/vcpkg/downloads/tools/powershell-core-7.5.4-windows/cl.com"
      - "D:/WaterSurfaceRendererScratch/vcpkg_installed/x64-windows/debug/Users/xukeheng/AppData/Local/vcpkg/downloads/tools/powershell-core-7.5.4-windows/cl.exe"
      - "D:/WaterSurfaceRendererScratch/vcpkg_installed/x64-windows/debug/Users/xukeheng/AppData/Local/vcpkg/downloads/tools/powershell-core-7.5.4-windows/cl"
      - "D:/WaterSurfaceRendererScratch/vcpkg_installed/x64-windows/debug/Users/xukeheng/AppData/Local/vcpkg/downloads/tools/powershell-core-7.5.4-windows/bcc.com"
      - "D:/WaterSurfaceRendererScratch/vcpkg_installed/x64-windows/debug/Users/xukeheng/AppData/Local/vcpkg/downloads/tools/powershell-core-7.5.4-windows/bcc.exe"
      - "D:/WaterSurfaceRendererScratch/vcpkg_installed/x64-windows/debug/Users/xukeheng/AppData/Local/vcpkg/downloads/tools/powershell-core-7.5.4-windows/bcc"
      - "D:/WaterSurfaceRendererScratch/vcpkg_installed/x64-windows/debug/Users/xukeheng/AppData/Local/vcpkg/downloads/tools/powershell-core-7.5.4-windows/xlc.com"
      - "D:/WaterSurfaceRendererScratch/vcpkg_installed/x64-windows/debug/Users/xukeheng/AppData/Local/vcpkg/downloads/tools/powershell-core-7.5.4-windows/xlc.exe"
      - "D:/WaterSurfaceRendererScratch/vcpkg_installed/x64-windows/debug/Users/xukeheng/AppData/Local/vcpkg/downloads/tools/powershell-core-7.5.4-windows/xlc"
      - "D:/WaterSurfaceRendererScratch/vcpkg_installed/x64-windows/debug/Users/xukeheng/AppData/Local/vcpkg/downloads/tools/powershell-core-7.5.4-windows/icx.com"
      - "D:/WaterSurfaceRendererScratch/vcpkg_installed/x64-windows/debug/Users/xukeheng/AppData/Local/vcpkg/downloads/tools/powershell-core-7.5.4-windows/icx.exe"
      - "D:/WaterSurfaceRendererScratch/vcpkg_installed/x64-windows/debug/Users/xukeheng/AppData/Local/vcpkg/downloads/tools/powershell-core-7.5.4-windows/icx"
      - "D:/WaterSurfaceRendererScratch/vcpkg_installed/x64-windows/debug/Users/xukeheng/AppData/Local/vcpkg/downloads/tools/powershell-core-7.5.4-windows/clang.com"
      - "D:/WaterSurfaceRendererScratch/vcpkg_installed/x64-windows/debug/Users/xukeheng/AppData/Local/vcpkg/downloads/tools/powershell-core-7.5.4-windows/clang.exe"
      - "D:/WaterSurfaceRendererScratch/vcpkg_installed/x64-windows/debug/Users/xukeheng/AppData/Local/vcpkg/downloads/tools/powershell-core-7.5.4-windows/clang"
      - "D:/WaterSurfaceRendererScratch/vcpkg_installed/x64-windows/debug/Windows/System32/cc.com"
      - "D:/WaterSurfaceRendererScratch/vcpkg_installed/x64-windows/debug/Windows/System32/cc.exe"
      - "D:/WaterSurfaceRendererScratch/vcpkg_installed/x64-windows/debug/Windows/System32/cc"
      - "D:/WaterSurfaceRendererScratch/vcpkg_installed/x64-windows/debug/Windows/System32/gcc.com"
      - "D:/WaterSurfaceRendererScratch/vcpkg_installed/x64-windows/debug/Windows/System32/gcc.exe"
      - "D:/WaterSurfaceRendererScratch/vcpkg_installed/x64-windows/debug/Windows/System32/gcc"
      - "D:/WaterSurfaceRendererScratch/vcpkg_installed/x64-windows/debug/Windows/System32/cl.com"
      - "D:/WaterSurfaceRendererScratch/vcpkg_installed/x64-windows/debug/Windows/System32/cl.exe"
      - "D:/WaterSurfaceRendererScratch/vcpkg_installed/x64-windows/debug/Windows/System32/cl"
      - "D:/WaterSurfaceRendererScratch/vcpkg_installed/x64-windows/debug/Windows/System32/bcc.com"
      - "D:/WaterSurfaceRendererScratch/vcpkg_installed/x64-windows/debug/Windows/System32/bcc.exe"
      - "D:/WaterSurfaceRendererScratch/vcpkg_installed/x64-windows/debug/Windows/System32/bcc"
      - "D:/WaterSurfaceRendererScratch/vcpkg_installed/x64-windows/debug/Windows/System32/xlc.com"
      - "D:/WaterSurfaceRendererScratch/vcpkg_installed/x64-windows/debug/Windows/System32/xlc.exe"
      - "D:/WaterSurfaceRendererScratch/vcpkg_installed/x64-windows/debug/Windows/System32/xlc"
      - "D:/WaterSurfaceRendererScratch/vcpkg_installed/x64-windows/debug/Windows/System32/icx.com"
      - "D:/WaterSurfaceRendererScratch/vcpkg_installed/x64-windows/debug/Windows/System32/icx.exe"
      - "D:/WaterSurfaceRendererScratch/vcpkg_installed/x64-windows/debug/Windows/System32/icx"
      - "D:/WaterSurfaceRendererScratch/vcpkg_installed/x64-windows/debug/Windows/System32/clang.com"
      - "D:/WaterSurfaceRendererScratch/vcpkg_installed/x64-windows/debug/Windows/System32/clang.exe"
      - "D:/WaterSurfaceRendererScratch/vcpkg_installed/x64-windows/debug/Windows/System32/clang"
      - "D:/WaterSurfaceRendererScratch/vcpkg_installed/x64-windows/debug/Windows/cc.com"
      - "D:/WaterSurfaceRendererScratch/vcpkg_installed/x64-windows/debug/Windows/cc.exe"
      - "D:/WaterSurfaceRendererScratch/vcpkg_installed/x64-windows/debug/Windows/cc"
      - "D:/WaterSurfaceRendererScratch/vcpkg_installed/x64-windows/debug/Windows/gcc.com"
      - "D:/WaterSurfaceRendererScratch/vcpkg_installed/x64-windows/debug/Windows/gcc.exe"
      - "D:/WaterSurfaceRendererScratch/vcpkg_installed/x64-windows/debug/Windows/gcc"
      - "D:/WaterSurfaceRendererScratch/vcpkg_installed/x64-windows/debug/Windows/cl.com"
      - "D:/WaterSurfaceRendererScratch/vcpkg_installed/x64-windows/debug/Windows/cl.exe"
      - "D:/WaterSurfaceRendererScratch/vcpkg_installed/x64-windows/debug/Windows/cl"
      - "D:/WaterSurfaceRendererScratch/vcpkg_installed/x64-windows/debug/Windows/bcc.com"
      - "D:/WaterSurfaceRendererScratch/vcpkg_installed/x64-windows/debug/Windows/bcc.exe"
      - "D:/WaterSurfaceRendererScratch/vcpkg_installed/x64-windows/debug/Windows/bcc"
      - "D:/WaterSurfaceRendererScratch/vcpkg_installed/x64-windows/debug/Windows/xlc.com"
      - "D:/WaterSurfaceRendererScratch/vcpkg_installed/x64-windows/debug/Windows/xlc.exe"
      - "D:/WaterSurfaceRendererScratch/vcpkg_installed/x64-windows/debug/Windows/xlc"
      - "D:/WaterSurfaceRendererScratch/vcpkg_installed/x64-windows/debug/Windows/icx.com"
      - "D:/WaterSurfaceRendererScratch/vcpkg_installed/x64-windows/debug/Windows/icx.exe"
      - "D:/WaterSurfaceRendererScratch/vcpkg_installed/x64-windows/debug/Windows/icx"
      - "D:/WaterSurfaceRendererScratch/vcpkg_installed/x64-windows/debug/Windows/clang.com"
      - "D:/WaterSurfaceRendererScratch/vcpkg_installed/x64-windows/debug/Windows/clang.exe"
      - "D:/WaterSurfaceRendererScratch/vcpkg_installed/x64-windows/debug/Windows/clang"
      - "D:/WaterSurfaceRendererScratch/vcpkg_installed/x64-windows/debug/Windows/System32/wbem/cc.com"
      - "D:/WaterSurfaceRendererScratch/vcpkg_installed/x64-windows/debug/Windows/System32/wbem/cc.exe"
      - "D:/WaterSurfaceRendererScratch/vcpkg_installed/x64-windows/debug/Windows/System32/wbem/cc"
      - "D:/WaterSurfaceRendererScratch/vcpkg_installed/x64-windows/debug/Windows/System32/wbem/gcc.com"
      - "D:/WaterSurfaceRendererScratch/vcpkg_installed/x64-windows/debug/Windows/System32/wbem/gcc.exe"
      - "D:/WaterSurfaceRendererScratch/vcpkg_installed/x64-windows/debug/Windows/System32/wbem/gcc"
      - "D:/WaterSurfaceRendererScratch/vcpkg_installed/x64-windows/debug/Windows/System32/wbem/cl.com"
      - "D:/WaterSurfaceRendererScratch/vcpkg_installed/x64-windows/debug/Windows/System32/wbem/cl.exe"
      - "D:/WaterSurfaceRendererScratch/vcpkg_installed/x64-windows/debug/Windows/System32/wbem/cl"
      - "D:/WaterSurfaceRendererScratch/vcpkg_installed/x64-windows/debug/Windows/System32/wbem/bcc.com"
      - "D:/WaterSurfaceRendererScratch/vcpkg_installed/x64-windows/debug/Windows/System32/wbem/bcc.exe"
      - "D:/WaterSurfaceRendererScratch/vcpkg_installed/x64-windows/debug/Windows/System32/wbem/bcc"
      - "D:/WaterSurfaceRendererScratch/vcpkg_installed/x64-windows/debug/Windows/System32/wbem/xlc.com"
      - "D:/WaterSurfaceRendererScratch/vcpkg_installed/x64-windows/debug/Windows/System32/wbem/xlc.exe"
      - "D:/WaterSurfaceRendererScratch/vcpkg_installed/x64-windows/debug/Windows/System32/wbem/xlc"
      - "D:/WaterSurfaceRendererScratch/vcpkg_installed/x64-windows/debug/Windows/System32/wbem/icx.com"
      - "D:/WaterSurfaceRendererScratch/vcpkg_installed/x64-windows/debug/Windows/System32/wbem/icx.exe"
      - "D:/WaterSurfaceRendererScratch/vcpkg_installed/x64-windows/debug/Windows/System32/wbem/icx"
      - "D:/WaterSurfaceRendererScratch/vcpkg_installed/x64-windows/debug/Windows/System32/wbem/clang.com"
      - "D:/WaterSurfaceRendererScratch/vcpkg_installed/x64-windows/debug/Windows/System32/wbem/clang.exe"
      - "D:/WaterSurfaceRendererScratch/vcpkg_installed/x64-windows/debug/Windows/System32/wbem/clang"
      - "D:/WaterSurfaceRendererScratch/vcpkg_installed/x64-windows/debug/Windows/System32/WindowsPowerShell/v1.0/cc.com"
      - "D:/WaterSurfaceRendererScratch/vcpkg_installed/x64-windows/debug/Windows/System32/WindowsPowerShell/v1.0/cc.exe"
      - "D:/WaterSurfaceRendererScratch/vcpkg_installed/x64-windows/debug/Windows/System32/WindowsPowerShell/v1.0/cc"
      - "D:/WaterSurfaceRendererScratch/vcpkg_installed/x64-windows/debug/Windows/System32/WindowsPowerShell/v1.0/gcc.com"
      - "D:/WaterSurfaceRendererScratch/vcpkg_installed/x64-windows/debug/Windows/System32/WindowsPowerShell/v1.0/gcc.exe"
      - "D:/WaterSurfaceRendererScratch/vcpkg_installed/x64-windows/debug/Windows/System32/WindowsPowerShell/v1.0/gcc"
      - "D:/WaterSurfaceRendererScratch/vcpkg_installed/x64-windows/debug/Windows/System32/WindowsPowerShell/v1.0/cl.com"
      - "D:/WaterSurfaceRendererScratch/vcpkg_installed/x64-windows/debug/Windows/System32/WindowsPowerShell/v1.0/cl.exe"
      - "D:/WaterSurfaceRendererScratch/vcpkg_installed/x64-windows/debug/Windows/System32/WindowsPowerShell/v1.0/cl"
      - "D:/WaterSurfaceRendererScratch/vcpkg_installed/x64-windows/debug/Windows/System32/WindowsPowerShell/v1.0/bcc.com"
      - "D:/WaterSurfaceRendererScratch/vcpkg_installed/x64-windows/debug/Windows/System32/WindowsPowerShell/v1.0/bcc.exe"
      - "D:/WaterSurfaceRendererScratch/vcpkg_installed/x64-windows/debug/Windows/System32/WindowsPowerShell/v1.0/bcc"
      - "D:/WaterSurfaceRendererScratch/vcpkg_installed/x64-windows/debug/Windows/System32/WindowsPowerShell/v1.0/xlc.com"
      - "D:/WaterSurfaceRendererScratch/vcpkg_installed/x64-windows/debug/Windows/System32/WindowsPowerShell/v1.0/xlc.exe"
      - "D:/WaterSurfaceRendererScratch/vcpkg_installed/x64-windows/debug/Windows/System32/WindowsPowerShell/v1.0/xlc"
      - "D:/WaterSurfaceRendererScratch/vcpkg_installed/x64-windows/debug/Windows/System32/WindowsPowerShell/v1.0/icx.com"
      - "D:/WaterSurfaceRendererScratch/vcpkg_installed/x64-windows/debug/Windows/System32/WindowsPowerShell/v1.0/icx.exe"
      - "D:/WaterSurfaceRendererScratch/vcpkg_installed/x64-windows/debug/Windows/System32/WindowsPowerShell/v1.0/icx"
      - "D:/WaterSurfaceRendererScratch/vcpkg_installed/x64-windows/debug/Windows/System32/WindowsPowerShell/v1.0/clang.com"
      - "D:/WaterSurfaceRendererScratch/vcpkg_installed/x64-windows/debug/Windows/System32/WindowsPowerShell/v1.0/clang.exe"
      - "D:/WaterSurfaceRendererScratch/vcpkg_installed/x64-windows/debug/Windows/System32/WindowsPowerShell/v1.0/clang"
      - "D:/WaterSurfaceRendererScratch/vcpkg_installed/x64-windows/debug/Windows/System32/OpenSSH/cc.com"
      - "D:/WaterSurfaceRendererScratch/vcpkg_installed/x64-windows/debug/Windows/System32/OpenSSH/cc.exe"
      - "D:/WaterSurfaceRendererScratch/vcpkg_installed/x64-windows/debug/Windows/System32/OpenSSH/cc"
      - "D:/WaterSurfaceRendererScratch/vcpkg_installed/x64-windows/debug/Windows/System32/OpenSSH/gcc.com"
      - "D:/WaterSurfaceRendererScratch/vcpkg_installed/x64-windows/debug/Windows/System32/OpenSSH/gcc.exe"
      - "D:/WaterSurfaceRendererScratch/vcpkg_installed/x64-windows/debug/Windows/System32/OpenSSH/gcc"
      - "D:/WaterSurfaceRendererScratch/vcpkg_installed/x64-windows/debug/Windows/System32/OpenSSH/cl.com"
      - "D:/WaterSurfaceRendererScratch/vcpkg_installed/x64-windows/debug/Windows/System32/OpenSSH/cl.exe"
      - "D:/WaterSurfaceRendererScratch/vcpkg_installed/x64-windows/debug/Windows/System32/OpenSSH/cl"
      - "D:/WaterSurfaceRendererScratch/vcpkg_installed/x64-windows/debug/Windows/System32/OpenSSH/bcc.com"
      - "D:/WaterSurfaceRendererScratch/vcpkg_installed/x64-windows/debug/Windows/System32/OpenSSH/bcc.exe"
      - "D:/WaterSurfaceRendererScratch/vcpkg_installed/x64-windows/debug/Windows/System32/OpenSSH/bcc"
      - "D:/WaterSurfaceRendererScratch/vcpkg_installed/x64-windows/debug/Windows/System32/OpenSSH/xlc.com"
      - "D:/WaterSurfaceRendererScratch/vcpkg_installed/x64-windows/debug/Windows/System32/OpenSSH/xlc.exe"
      - "D:/WaterSurfaceRendererScratch/vcpkg_installed/x64-windows/debug/Windows/System32/OpenSSH/xlc"
      - "D:/WaterSurfaceRendererScratch/vcpkg_installed/x64-windows/debug/Windows/System32/OpenSSH/icx.com"
      - "D:/WaterSurfaceRendererScratch/vcpkg_installed/x64-windows/debug/Windows/System32/OpenSSH/icx.exe"
      - "D:/WaterSurfaceRendererScratch/vcpkg_installed/x64-windows/debug/Windows/System32/OpenSSH/icx"
      - "D:/WaterSurfaceRendererScratch/vcpkg_installed/x64-windows/debug/Windows/System32/OpenSSH/clang.com"
      - "D:/WaterSurfaceRendererScratch/vcpkg_installed/x64-windows/debug/Windows/System32/OpenSSH/clang.exe"
      - "D:/WaterSurfaceRendererScratch/vcpkg_installed/x64-windows/debug/Windows/System32/OpenSSH/clang"
      - "D:/WaterSurfaceRendererScratch/vcpkg_installed/x64-windows/debug/Microsoft Visual Studio/18/Community/Common7/IDE/CommonExtensions/Microsoft/CMake/CMake/bin/cc.com"
      - "D:/WaterSurfaceRendererScratch/vcpkg_installed/x64-windows/debug/Microsoft Visual Studio/18/Community/Common7/IDE/CommonExtensions/Microsoft/CMake/CMake/bin/cc.exe"
      - "D:/WaterSurfaceRendererScratch/vcpkg_installed/x64-windows/debug/Microsoft Visual Studio/18/Community/Common7/IDE/CommonExtensions/Microsoft/CMake/CMake/bin/cc"
      - "D:/WaterSurfaceRendererScratch/vcpkg_installed/x64-windows/debug/Microsoft Visual Studio/18/Community/Common7/IDE/CommonExtensions/Microsoft/CMake/CMake/bin/gcc.com"
      - "D:/WaterSurfaceRendererScratch/vcpkg_installed/x64-windows/debug/Microsoft Visual Studio/18/Community/Common7/IDE/CommonExtensions/Microsoft/CMake/CMake/bin/gcc.exe"
      - "D:/WaterSurfaceRendererScratch/vcpkg_installed/x64-windows/debug/Microsoft Visual Studio/18/Community/Common7/IDE/CommonExtensions/Microsoft/CMake/CMake/bin/gcc"
      - "D:/WaterSurfaceRendererScratch/vcpkg_installed/x64-windows/debug/Microsoft Visual Studio/18/Community/Common7/IDE/CommonExtensions/Microsoft/CMake/CMake/bin/cl.com"
      - "D:/WaterSurfaceRendererScratch/vcpkg_installed/x64-windows/debug/Microsoft Visual Studio/18/Community/Common7/IDE/CommonExtensions/Microsoft/CMake/CMake/bin/cl.exe"
      - "D:/WaterSurfaceRendererScratch/vcpkg_installed/x64-windows/debug/Microsoft Visual Studio/18/Community/Common7/IDE/CommonExtensions/Microsoft/CMake/CMake/bin/cl"
      - "D:/WaterSurfaceRendererScratch/vcpkg_installed/x64-windows/debug/Microsoft Visual Studio/18/Community/Common7/IDE/CommonExtensions/Microsoft/CMake/CMake/bin/bcc.com"
      - "D:/WaterSurfaceRendererScratch/vcpkg_installed/x64-windows/debug/Microsoft Visual Studio/18/Community/Common7/IDE/CommonExtensions/Microsoft/CMake/CMake/bin/bcc.exe"
      - "D:/WaterSurfaceRendererScratch/vcpkg_installed/x64-windows/debug/Microsoft Visual Studio/18/Community/Common7/IDE/CommonExtensions/Microsoft/CMake/CMake/bin/bcc"
      - "D:/WaterSurfaceRendererScratch/vcpkg_installed/x64-windows/debug/Microsoft Visual Studio/18/Community/Common7/IDE/CommonExtensions/Microsoft/CMake/CMake/bin/xlc.com"
      - "D:/WaterSurfaceRendererScratch/vcpkg_installed/x64-windows/debug/Microsoft Visual Studio/18/Community/Common7/IDE/CommonExtensions/Microsoft/CMake/CMake/bin/xlc.exe"
      - "D:/WaterSurfaceRendererScratch/vcpkg_installed/x64-windows/debug/Microsoft Visual Studio/18/Community/Common7/IDE/CommonExtensions/Microsoft/CMake/CMake/bin/xlc"
      - "D:/WaterSurfaceRendererScratch/vcpkg_installed/x64-windows/debug/Microsoft Visual Studio/18/Community/Common7/IDE/CommonExtensions/Microsoft/CMake/CMake/bin/icx.com"
      - "D:/WaterSurfaceRendererScratch/vcpkg_installed/x64-windows/debug/Microsoft Visual Studio/18/Community/Common7/IDE/CommonExtensions/Microsoft/CMake/CMake/bin/icx.exe"
      - "D:/WaterSurfaceRendererScratch/vcpkg_installed/x64-windows/debug/Microsoft Visual Studio/18/Community/Common7/IDE/CommonExtensions/Microsoft/CMake/CMake/bin/icx"
      - "D:/WaterSurfaceRendererScratch/vcpkg_installed/x64-windows/debug/Microsoft Visual Studio/18/Community/Common7/IDE/CommonExtensions/Microsoft/CMake/CMake/bin/clang.com"
      - "D:/WaterSurfaceRendererScratch/vcpkg_installed/x64-windows/debug/Microsoft Visual Studio/18/Community/Common7/IDE/CommonExtensions/Microsoft/CMake/CMake/bin/clang.exe"
      - "D:/WaterSurfaceRendererScratch/vcpkg_installed/x64-windows/debug/Microsoft Visual Studio/18/Community/Common7/IDE/CommonExtensions/Microsoft/CMake/CMake/bin/clang"
      - "D:/WaterSurfaceRendererScratch/vcpkg_installed/x64-windows/debug/Microsoft Visual Studio/18/Community/Common7/IDE/CommonExtensions/Microsoft/CMake/Ninja/cc.com"
      - "D:/WaterSurfaceRendererScratch/vcpkg_installed/x64-windows/debug/Microsoft Visual Studio/18/Community/Common7/IDE/CommonExtensions/Microsoft/CMake/Ninja/cc.exe"
      - "D:/WaterSurfaceRendererScratch/vcpkg_installed/x64-windows/debug/Microsoft Visual Studio/18/Community/Common7/IDE/CommonExtensions/Microsoft/CMake/Ninja/cc"
      - "D:/WaterSurfaceRendererScratch/vcpkg_installed/x64-windows/debug/Microsoft Visual Studio/18/Community/Common7/IDE/CommonExtensions/Microsoft/CMake/Ninja/gcc.com"
      - "D:/WaterSurfaceRendererScratch/vcpkg_installed/x64-windows/debug/Microsoft Visual Studio/18/Community/Common7/IDE/CommonExtensions/Microsoft/CMake/Ninja/gcc.exe"
      - "D:/WaterSurfaceRendererScratch/vcpkg_installed/x64-windows/debug/Microsoft Visual Studio/18/Community/Common7/IDE/CommonExtensions/Microsoft/CMake/Ninja/gcc"
      - "D:/WaterSurfaceRendererScratch/vcpkg_installed/x64-windows/debug/Microsoft Visual Studio/18/Community/Common7/IDE/CommonExtensions/Microsoft/CMake/Ninja/cl.com"
      - "D:/WaterSurfaceRendererScratch/vcpkg_installed/x64-windows/debug/Microsoft Visual Studio/18/Community/Common7/IDE/CommonExtensions/Microsoft/CMake/Ninja/cl.exe"
      - "D:/WaterSurfaceRendererScratch/vcpkg_installed/x64-windows/debug/Microsoft Visual Studio/18/Community/Common7/IDE/CommonExtensions/Microsoft/CMake/Ninja/cl"
      - "D:/WaterSurfaceRendererScratch/vcpkg_installed/x64-windows/debug/Microsoft Visual Studio/18/Community/Common7/IDE/CommonExtensions/Microsoft/CMake/Ninja/bcc.com"
      - "D:/WaterSurfaceRendererScratch/vcpkg_installed/x64-windows/debug/Microsoft Visual Studio/18/Community/Common7/IDE/CommonExtensions/Microsoft/CMake/Ninja/bcc.exe"
      - "D:/WaterSurfaceRendererScratch/vcpkg_installed/x64-windows/debug/Microsoft Visual Studio/18/Community/Common7/IDE/CommonExtensions/Microsoft/CMake/Ninja/bcc"
      - "D:/WaterSurfaceRendererScratch/vcpkg_installed/x64-windows/debug/Microsoft Visual Studio/18/Community/Common7/IDE/CommonExtensions/Microsoft/CMake/Ninja/xlc.com"
      - "D:/WaterSurfaceRendererScratch/vcpkg_installed/x64-windows/debug/Microsoft Visual Studio/18/Community/Common7/IDE/CommonExtensions/Microsoft/CMake/Ninja/xlc.exe"
      - "D:/WaterSurfaceRendererScratch/vcpkg_installed/x64-windows/debug/Microsoft Visual Studio/18/Community/Common7/IDE/CommonExtensions/Microsoft/CMake/Ninja/xlc"
      - "D:/WaterSurfaceRendererScratch/vcpkg_installed/x64-windows/debug/Microsoft Visual Studio/18/Community/Common7/IDE/CommonExtensions/Microsoft/CMake/Ninja/icx.com"
      - "D:/WaterSurfaceRendererScratch/vcpkg_installed/x64-windows/debug/Microsoft Visual Studio/18/Community/Common7/IDE/CommonExtensions/Microsoft/CMake/Ninja/icx.exe"
      - "D:/WaterSurfaceRendererScratch/vcpkg_installed/x64-windows/debug/Microsoft Visual Studio/18/Community/Common7/IDE/CommonExtensions/Microsoft/CMake/Ninja/icx"
      - "D:/WaterSurfaceRendererScratch/vcpkg_installed/x64-windows/debug/Microsoft Visual Studio/18/Community/Common7/IDE/CommonExtensions/Microsoft/CMake/Ninja/clang.com"
      - "D:/WaterSurfaceRendererScratch/vcpkg_installed/x64-windows/debug/Microsoft Visual Studio/18/Community/Common7/IDE/CommonExtensions/Microsoft/CMake/Ninja/clang.exe"
      - "D:/WaterSurfaceRendererScratch/vcpkg_installed/x64-windows/debug/Microsoft Visual Studio/18/Community/Common7/IDE/CommonExtensions/Microsoft/CMake/Ninja/clang"
      - "D:/WaterSurfaceRendererScratch/vcpkg_installed/x64-windows/debug/Microsoft Visual Studio/18/Community/Common7/IDE/VC/Linux/bin/ConnectionManagerExe/cc.com"
      - "D:/WaterSurfaceRendererScratch/vcpkg_installed/x64-windows/debug/Microsoft Visual Studio/18/Community/Common7/IDE/VC/Linux/bin/ConnectionManagerExe/cc.exe"
      - "D:/WaterSurfaceRendererScratch/vcpkg_installed/x64-windows/debug/Microsoft Visual Studio/18/Community/Common7/IDE/VC/Linux/bin/ConnectionManagerExe/cc"
      - "D:/WaterSurfaceRendererScratch/vcpkg_installed/x64-windows/debug/Microsoft Visual Studio/18/Community/Common7/IDE/VC/Linux/bin/ConnectionManagerExe/gcc.com"
      - "D:/WaterSurfaceRendererScratch/vcpkg_installed/x64-windows/debug/Microsoft Visual Studio/18/Community/Common7/IDE/VC/Linux/bin/ConnectionManagerExe/gcc.exe"
      - "D:/WaterSurfaceRendererScratch/vcpkg_installed/x64-windows/debug/Microsoft Visual Studio/18/Community/Common7/IDE/VC/Linux/bin/ConnectionManagerExe/gcc"
      - "D:/WaterSurfaceRendererScratch/vcpkg_installed/x64-windows/debug/Microsoft Visual Studio/18/Community/Common7/IDE/VC/Linux/bin/ConnectionManagerExe/cl.com"
      - "D:/WaterSurfaceRendererScratch/vcpkg_installed/x64-windows/debug/Microsoft Visual Studio/18/Community/Common7/IDE/VC/Linux/bin/ConnectionManagerExe/cl.exe"
      - "D:/WaterSurfaceRendererScratch/vcpkg_installed/x64-windows/debug/Microsoft Visual Studio/18/Community/Common7/IDE/VC/Linux/bin/ConnectionManagerExe/cl"
      - "D:/WaterSurfaceRendererScratch/vcpkg_installed/x64-windows/debug/Microsoft Visual Studio/18/Community/Common7/IDE/VC/Linux/bin/ConnectionManagerExe/bcc.com"
      - "D:/WaterSurfaceRendererScratch/vcpkg_installed/x64-windows/debug/Microsoft Visual Studio/18/Community/Common7/IDE/VC/Linux/bin/ConnectionManagerExe/bcc.exe"
      - "D:/WaterSurfaceRendererScratch/vcpkg_installed/x64-windows/debug/Microsoft Visual Studio/18/Community/Common7/IDE/VC/Linux/bin/ConnectionManagerExe/bcc"
      - "D:/WaterSurfaceRendererScratch/vcpkg_installed/x64-windows/debug/Microsoft Visual Studio/18/Community/Common7/IDE/VC/Linux/bin/ConnectionManagerExe/xlc.com"
      - "D:/WaterSurfaceRendererScratch/vcpkg_installed/x64-windows/debug/Microsoft Visual Studio/18/Community/Common7/IDE/VC/Linux/bin/ConnectionManagerExe/xlc.exe"
      - "D:/WaterSurfaceRendererScratch/vcpkg_installed/x64-windows/debug/Microsoft Visual Studio/18/Community/Common7/IDE/VC/Linux/bin/ConnectionManagerExe/xlc"
      - "D:/WaterSurfaceRendererScratch/vcpkg_installed/x64-windows/debug/Microsoft Visual Studio/18/Community/Common7/IDE/VC/Linux/bin/ConnectionManagerExe/icx.com"
      - "D:/WaterSurfaceRendererScratch/vcpkg_installed/x64-windows/debug/Microsoft Visual Studio/18/Community/Common7/IDE/VC/Linux/bin/ConnectionManagerExe/icx.exe"
      - "D:/WaterSurfaceRendererScratch/vcpkg_installed/x64-windows/debug/Microsoft Visual Studio/18/Community/Common7/IDE/VC/Linux/bin/ConnectionManagerExe/icx"
      - "D:/WaterSurfaceRendererScratch/vcpkg_installed/x64-windows/debug/Microsoft Visual Studio/18/Community/Common7/IDE/VC/Linux/bin/ConnectionManagerExe/clang.com"
      - "D:/WaterSurfaceRendererScratch/vcpkg_installed/x64-windows/debug/Microsoft Visual Studio/18/Community/Common7/IDE/VC/Linux/bin/ConnectionManagerExe/clang.exe"
      - "D:/WaterSurfaceRendererScratch/vcpkg_installed/x64-windows/debug/Microsoft Visual Studio/18/Community/Common7/IDE/VC/Linux/bin/ConnectionManagerExe/clang"
      - "D:/WaterSurfaceRendererScratch/vcpkg_installed/x64-windows/debug/Microsoft Visual Studio/18/Community/VC/vcpkg/cc.com"
      - "D:/WaterSurfaceRendererScratch/vcpkg_installed/x64-windows/debug/Microsoft Visual Studio/18/Community/VC/vcpkg/cc.exe"
      - "D:/WaterSurfaceRendererScratch/vcpkg_installed/x64-windows/debug/Microsoft Visual Studio/18/Community/VC/vcpkg/cc"
      - "D:/WaterSurfaceRendererScratch/vcpkg_installed/x64-windows/debug/Microsoft Visual Studio/18/Community/VC/vcpkg/gcc.com"
      - "D:/WaterSurfaceRendererScratch/vcpkg_installed/x64-windows/debug/Microsoft Visual Studio/18/Community/VC/vcpkg/gcc.exe"
      - "D:/WaterSurfaceRendererScratch/vcpkg_installed/x64-windows/debug/Microsoft Visual Studio/18/Community/VC/vcpkg/gcc"
      - "D:/WaterSurfaceRendererScratch/vcpkg_installed/x64-windows/debug/Microsoft Visual Studio/18/Community/VC/vcpkg/cl.com"
      - "D:/WaterSurfaceRendererScratch/vcpkg_installed/x64-windows/debug/Microsoft Visual Studio/18/Community/VC/vcpkg/cl.exe"
      - "D:/WaterSurfaceRendererScratch/vcpkg_installed/x64-windows/debug/Microsoft Visual Studio/18/Community/VC/vcpkg/cl"
      - "D:/WaterSurfaceRendererScratch/vcpkg_installed/x64-windows/debug/Microsoft Visual Studio/18/Community/VC/vcpkg/bcc.com"
      - "D:/WaterSurfaceRendererScratch/vcpkg_installed/x64-windows/debug/Microsoft Visual Studio/18/Community/VC/vcpkg/bcc.exe"
      - "D:/WaterSurfaceRendererScratch/vcpkg_installed/x64-windows/debug/Microsoft Visual Studio/18/Community/VC/vcpkg/bcc"
      - "D:/WaterSurfaceRendererScratch/vcpkg_installed/x64-windows/debug/Microsoft Visual Studio/18/Community/VC/vcpkg/xlc.com"
      - "D:/WaterSurfaceRendererScratch/vcpkg_installed/x64-windows/debug/Microsoft Visual Studio/18/Community/VC/vcpkg/xlc.exe"
      - "D:/WaterSurfaceRendererScratch/vcpkg_installed/x64-windows/debug/Microsoft Visual Studio/18/Community/VC/vcpkg/xlc"
      - "D:/WaterSurfaceRendererScratch/vcpkg_installed/x64-windows/debug/Microsoft Visual Studio/18/Community/VC/vcpkg/icx.com"
      - "D:/WaterSurfaceRendererScratch/vcpkg_installed/x64-windows/debug/Microsoft Visual Studio/18/Community/VC/vcpkg/icx.exe"
      - "D:/WaterSurfaceRendererScratch/vcpkg_installed/x64-windows/debug/Microsoft Visual Studio/18/Community/VC/vcpkg/icx"
      - "D:/WaterSurfaceRendererScratch/vcpkg_installed/x64-windows/debug/Microsoft Visual Studio/18/Community/VC/vcpkg/clang.com"
      - "D:/WaterSurfaceRendererScratch/vcpkg_installed/x64-windows/debug/Microsoft Visual Studio/18/Community/VC/vcpkg/clang.exe"
      - "D:/WaterSurfaceRendererScratch/vcpkg_installed/x64-windows/debug/Microsoft Visual Studio/18/Community/VC/vcpkg/clang"
      - "D:/WaterSurfaceRendererScratch/vcpkg_installed/x64-windows/Microsoft Visual Studio/18/Community/VC/Tools/MSVC/14.51.36231/bin/Hostx64/x64/cc.com"
      - "D:/WaterSurfaceRendererScratch/vcpkg_installed/x64-windows/Microsoft Visual Studio/18/Community/VC/Tools/MSVC/14.51.36231/bin/Hostx64/x64/cc.exe"
      - "D:/WaterSurfaceRendererScratch/vcpkg_installed/x64-windows/Microsoft Visual Studio/18/Community/VC/Tools/MSVC/14.51.36231/bin/Hostx64/x64/cc"
      - "D:/WaterSurfaceRendererScratch/vcpkg_installed/x64-windows/Microsoft Visual Studio/18/Community/VC/Tools/MSVC/14.51.36231/bin/Hostx64/x64/gcc.com"
      - "D:/WaterSurfaceRendererScratch/vcpkg_installed/x64-windows/Microsoft Visual Studio/18/Community/VC/Tools/MSVC/14.51.36231/bin/Hostx64/x64/gcc.exe"
      - "D:/WaterSurfaceRendererScratch/vcpkg_installed/x64-windows/Microsoft Visual Studio/18/Community/VC/Tools/MSVC/14.51.36231/bin/Hostx64/x64/gcc"
      - "D:/WaterSurfaceRendererScratch/vcpkg_installed/x64-windows/Microsoft Visual Studio/18/Community/VC/Tools/MSVC/14.51.36231/bin/Hostx64/x64/cl.com"
      - "D:/WaterSurfaceRendererScratch/vcpkg_installed/x64-windows/Microsoft Visual Studio/18/Community/VC/Tools/MSVC/14.51.36231/bin/Hostx64/x64/cl.exe"
      - "D:/WaterSurfaceRendererScratch/vcpkg_installed/x64-windows/Microsoft Visual Studio/18/Community/VC/Tools/MSVC/14.51.36231/bin/Hostx64/x64/cl"
      - "D:/WaterSurfaceRendererScratch/vcpkg_installed/x64-windows/Microsoft Visual Studio/18/Community/VC/Tools/MSVC/14.51.36231/bin/Hostx64/x64/bcc.com"
      - "D:/WaterSurfaceRendererScratch/vcpkg_installed/x64-windows/Microsoft Visual Studio/18/Community/VC/Tools/MSVC/14.51.36231/bin/Hostx64/x64/bcc.exe"
      - "D:/WaterSurfaceRendererScratch/vcpkg_installed/x64-windows/Microsoft Visual Studio/18/Community/VC/Tools/MSVC/14.51.36231/bin/Hostx64/x64/bcc"
      - "D:/WaterSurfaceRendererScratch/vcpkg_installed/x64-windows/Microsoft Visual Studio/18/Community/VC/Tools/MSVC/14.51.36231/bin/Hostx64/x64/xlc.com"
      - "D:/WaterSurfaceRendererScratch/vcpkg_installed/x64-windows/Microsoft Visual Studio/18/Community/VC/Tools/MSVC/14.51.36231/bin/Hostx64/x64/xlc.exe"
      - "D:/WaterSurfaceRendererScratch/vcpkg_installed/x64-windows/Microsoft Visual Studio/18/Community/VC/Tools/MSVC/14.51.36231/bin/Hostx64/x64/xlc"
      - "D:/WaterSurfaceRendererScratch/vcpkg_installed/x64-windows/Microsoft Visual Studio/18/Community/VC/Tools/MSVC/14.51.36231/bin/Hostx64/x64/icx.com"
      - "D:/WaterSurfaceRendererScratch/vcpkg_installed/x64-windows/Microsoft Visual Studio/18/Community/VC/Tools/MSVC/14.51.36231/bin/Hostx64/x64/icx.exe"
      - "D:/WaterSurfaceRendererScratch/vcpkg_installed/x64-windows/Microsoft Visual Studio/18/Community/VC/Tools/MSVC/14.51.36231/bin/Hostx64/x64/icx"
      - "D:/WaterSurfaceRendererScratch/vcpkg_installed/x64-windows/Microsoft Visual Studio/18/Community/VC/Tools/MSVC/14.51.36231/bin/Hostx64/x64/clang.com"
      - "D:/WaterSurfaceRendererScratch/vcpkg_installed/x64-windows/Microsoft Visual Studio/18/Community/VC/Tools/MSVC/14.51.36231/bin/Hostx64/x64/clang.exe"
      - "D:/WaterSurfaceRendererScratch/vcpkg_installed/x64-windows/Microsoft Visual Studio/18/Community/VC/Tools/MSVC/14.51.36231/bin/Hostx64/x64/clang"
      - "D:/WaterSurfaceRendererScratch/vcpkg_installed/x64-windows/Microsoft Visual Studio/18/Community/Common7/IDE/VC/vcpackages/cc.com"
      - "D:/WaterSurfaceRendererScratch/vcpkg_installed/x64-windows/Microsoft Visual Studio/18/Community/Common7/IDE/VC/vcpackages/cc.exe"
      - "D:/WaterSurfaceRendererScratch/vcpkg_installed/x64-windows/Microsoft Visual Studio/18/Community/Common7/IDE/VC/vcpackages/cc"
      - "D:/WaterSurfaceRendererScratch/vcpkg_installed/x64-windows/Microsoft Visual Studio/18/Community/Common7/IDE/VC/vcpackages/gcc.com"
      - "D:/WaterSurfaceRendererScratch/vcpkg_installed/x64-windows/Microsoft Visual Studio/18/Community/Common7/IDE/VC/vcpackages/gcc.exe"
      - "D:/WaterSurfaceRendererScratch/vcpkg_installed/x64-windows/Microsoft Visual Studio/18/Community/Common7/IDE/VC/vcpackages/gcc"
      - "D:/WaterSurfaceRendererScratch/vcpkg_installed/x64-windows/Microsoft Visual Studio/18/Community/Common7/IDE/VC/vcpackages/cl.com"
      - "D:/WaterSurfaceRendererScratch/vcpkg_installed/x64-windows/Microsoft Visual Studio/18/Community/Common7/IDE/VC/vcpackages/cl.exe"
      - "D:/WaterSurfaceRendererScratch/vcpkg_installed/x64-windows/Microsoft Visual Studio/18/Community/Common7/IDE/VC/vcpackages/cl"
      - "D:/WaterSurfaceRendererScratch/vcpkg_installed/x64-windows/Microsoft Visual Studio/18/Community/Common7/IDE/VC/vcpackages/bcc.com"
      - "D:/WaterSurfaceRendererScratch/vcpkg_installed/x64-windows/Microsoft Visual Studio/18/Community/Common7/IDE/VC/vcpackages/bcc.exe"
      - "D:/WaterSurfaceRendererScratch/vcpkg_installed/x64-windows/Microsoft Visual Studio/18/Community/Common7/IDE/VC/vcpackages/bcc"
      - "D:/WaterSurfaceRendererScratch/vcpkg_installed/x64-windows/Microsoft Visual Studio/18/Community/Common7/IDE/VC/vcpackages/xlc.com"
      - "D:/WaterSurfaceRendererScratch/vcpkg_installed/x64-windows/Microsoft Visual Studio/18/Community/Common7/IDE/VC/vcpackages/xlc.exe"
      - "D:/WaterSurfaceRendererScratch/vcpkg_installed/x64-windows/Microsoft Visual Studio/18/Community/Common7/IDE/VC/vcpackages/xlc"
      - "D:/WaterSurfaceRendererScratch/vcpkg_installed/x64-windows/Microsoft Visual Studio/18/Community/Common7/IDE/VC/vcpackages/icx.com"
      - "D:/WaterSurfaceRendererScratch/vcpkg_installed/x64-windows/Microsoft Visual Studio/18/Community/Common7/IDE/VC/vcpackages/icx.exe"
      - "D:/WaterSurfaceRendererScratch/vcpkg_installed/x64-windows/Microsoft Visual Studio/18/Community/Common7/IDE/VC/vcpackages/icx"
      - "D:/WaterSurfaceRendererScratch/vcpkg_installed/x64-windows/Microsoft Visual Studio/18/Community/Common7/IDE/VC/vcpackages/clang.com"
      - "D:/WaterSurfaceRendererScratch/vcpkg_installed/x64-windows/Microsoft Visual Studio/18/Community/Common7/IDE/VC/vcpackages/clang.exe"
      - "D:/WaterSurfaceRendererScratch/vcpkg_installed/x64-windows/Microsoft Visual Studio/18/Community/Common7/IDE/VC/vcpackages/clang"
      - "D:/WaterSurfaceRendererScratch/vcpkg_installed/x64-windows/Microsoft Visual Studio/18/Community/Common7/IDE/CommonExtensions/Microsoft/TestWindow/cc.com"
      - "D:/WaterSurfaceRendererScratch/vcpkg_installed/x64-windows/Microsoft Visual Studio/18/Community/Common7/IDE/CommonExtensions/Microsoft/TestWindow/cc.exe"
      - "D:/WaterSurfaceRendererScratch/vcpkg_installed/x64-windows/Microsoft Visual Studio/18/Community/Common7/IDE/CommonExtensions/Microsoft/TestWindow/cc"
      - "D:/WaterSurfaceRendererScratch/vcpkg_installed/x64-windows/Microsoft Visual Studio/18/Community/Common7/IDE/CommonExtensions/Microsoft/TestWindow/gcc.com"
      - "D:/WaterSurfaceRendererScratch/vcpkg_installed/x64-windows/Microsoft Visual Studio/18/Community/Common7/IDE/CommonExtensions/Microsoft/TestWindow/gcc.exe"
      - "D:/WaterSurfaceRendererScratch/vcpkg_installed/x64-windows/Microsoft Visual Studio/18/Community/Common7/IDE/CommonExtensions/Microsoft/TestWindow/gcc"
      - "D:/WaterSurfaceRendererScratch/vcpkg_installed/x64-windows/Microsoft Visual Studio/18/Community/Common7/IDE/CommonExtensions/Microsoft/TestWindow/cl.com"
      - "D:/WaterSurfaceRendererScratch/vcpkg_installed/x64-windows/Microsoft Visual Studio/18/Community/Common7/IDE/CommonExtensions/Microsoft/TestWindow/cl.exe"
      - "D:/WaterSurfaceRendererScratch/vcpkg_installed/x64-windows/Microsoft Visual Studio/18/Community/Common7/IDE/CommonExtensions/Microsoft/TestWindow/cl"
      - "D:/WaterSurfaceRendererScratch/vcpkg_installed/x64-windows/Microsoft Visual Studio/18/Community/Common7/IDE/CommonExtensions/Microsoft/TestWindow/bcc.com"
      - "D:/WaterSurfaceRendererScratch/vcpkg_installed/x64-windows/Microsoft Visual Studio/18/Community/Common7/IDE/CommonExtensions/Microsoft/TestWindow/bcc.exe"
      - "D:/WaterSurfaceRendererScratch/vcpkg_installed/x64-windows/Microsoft Visual Studio/18/Community/Common7/IDE/CommonExtensions/Microsoft/TestWindow/bcc"
      - "D:/WaterSurfaceRendererScratch/vcpkg_installed/x64-windows/Microsoft Visual Studio/18/Community/Common7/IDE/CommonExtensions/Microsoft/TestWindow/xlc.com"
      - "D:/WaterSurfaceRendererScratch/vcpkg_installed/x64-windows/Microsoft Visual Studio/18/Community/Common7/IDE/CommonExtensions/Microsoft/TestWindow/xlc.exe"
      - "D:/WaterSurfaceRendererScratch/vcpkg_installed/x64-windows/Microsoft Visual Studio/18/Community/Common7/IDE/CommonExtensions/Microsoft/TestWindow/xlc"
      - "D:/WaterSurfaceRendererScratch/vcpkg_installed/x64-windows/Microsoft Visual Studio/18/Community/Common7/IDE/CommonExtensions/Microsoft/TestWindow/icx.com"
      - "D:/WaterSurfaceRendererScratch/vcpkg_installed/x64-windows/Microsoft Visual Studio/18/Community/Common7/IDE/CommonExtensions/Microsoft/TestWindow/icx.exe"
      - "D:/WaterSurfaceRendererScratch/vcpkg_installed/x64-windows/Microsoft Visual Studio/18/Community/Common7/IDE/CommonExtensions/Microsoft/TestWindow/icx"
      - "D:/WaterSurfaceRendererScratch/vcpkg_installed/x64-windows/Microsoft Visual Studio/18/Community/Common7/IDE/CommonExtensions/Microsoft/TestWindow/clang.com"
      - "D:/WaterSurfaceRendererScratch/vcpkg_installed/x64-windows/Microsoft Visual Studio/18/Community/Common7/IDE/CommonExtensions/Microsoft/TestWindow/clang.exe"
      - "D:/WaterSurfaceRendererScratch/vcpkg_installed/x64-windows/Microsoft Visual Studio/18/Community/Common7/IDE/CommonExtensions/Microsoft/TestWindow/clang"
      - "D:/WaterSurfaceRendererScratch/vcpkg_installed/x64-windows/Microsoft Visual Studio/18/Community/Common7/IDE/CommonExtensions/Microsoft/TeamFoundation/Team Explorer/cc.com"
      - "D:/WaterSurfaceRendererScratch/vcpkg_installed/x64-windows/Microsoft Visual Studio/18/Community/Common7/IDE/CommonExtensions/Microsoft/TeamFoundation/Team Explorer/cc.exe"
      - "D:/WaterSurfaceRendererScratch/vcpkg_installed/x64-windows/Microsoft Visual Studio/18/Community/Common7/IDE/CommonExtensions/Microsoft/TeamFoundation/Team Explorer/cc"
      - "D:/WaterSurfaceRendererScratch/vcpkg_installed/x64-windows/Microsoft Visual Studio/18/Community/Common7/IDE/CommonExtensions/Microsoft/TeamFoundation/Team Explorer/gcc.com"
      - "D:/WaterSurfaceRendererScratch/vcpkg_installed/x64-windows/Microsoft Visual Studio/18/Community/Common7/IDE/CommonExtensions/Microsoft/TeamFoundation/Team Explorer/gcc.exe"
      - "D:/WaterSurfaceRendererScratch/vcpkg_installed/x64-windows/Microsoft Visual Studio/18/Community/Common7/IDE/CommonExtensions/Microsoft/TeamFoundation/Team Explorer/gcc"
      - "D:/WaterSurfaceRendererScratch/vcpkg_installed/x64-windows/Microsoft Visual Studio/18/Community/Common7/IDE/CommonExtensions/Microsoft/TeamFoundation/Team Explorer/cl.com"
      - "D:/WaterSurfaceRendererScratch/vcpkg_installed/x64-windows/Microsoft Visual Studio/18/Community/Common7/IDE/CommonExtensions/Microsoft/TeamFoundation/Team Explorer/cl.exe"
      - "D:/WaterSurfaceRendererScratch/vcpkg_installed/x64-windows/Microsoft Visual Studio/18/Community/Common7/IDE/CommonExtensions/Microsoft/TeamFoundation/Team Explorer/cl"
      - "D:/WaterSurfaceRendererScratch/vcpkg_installed/x64-windows/Microsoft Visual Studio/18/Community/Common7/IDE/CommonExtensions/Microsoft/TeamFoundation/Team Explorer/bcc.com"
      - "D:/WaterSurfaceRendererScratch/vcpkg_installed/x64-windows/Microsoft Visual Studio/18/Community/Common7/IDE/CommonExtensions/Microsoft/TeamFoundation/Team Explorer/bcc.exe"
      - "D:/WaterSurfaceRendererScratch/vcpkg_installed/x64-windows/Microsoft Visual Studio/18/Community/Common7/IDE/CommonExtensions/Microsoft/TeamFoundation/Team Explorer/bcc"
      - "D:/WaterSurfaceRendererScratch/vcpkg_installed/x64-windows/Microsoft Visual Studio/18/Community/Common7/IDE/CommonExtensions/Microsoft/TeamFoundation/Team Explorer/xlc.com"
      - "D:/WaterSurfaceRendererScratch/vcpkg_installed/x64-windows/Microsoft Visual Studio/18/Community/Common7/IDE/CommonExtensions/Microsoft/TeamFoundation/Team Explorer/xlc.exe"
      - "D:/WaterSurfaceRendererScratch/vcpkg_installed/x64-windows/Microsoft Visual Studio/18/Community/Common7/IDE/CommonExtensions/Microsoft/TeamFoundation/Team Explorer/xlc"
      - "D:/WaterSurfaceRendererScratch/vcpkg_installed/x64-windows/Microsoft Visual Studio/18/Community/Common7/IDE/CommonExtensions/Microsoft/TeamFoundation/Team Explorer/icx.com"
      - "D:/WaterSurfaceRendererScratch/vcpkg_installed/x64-windows/Microsoft Visual Studio/18/Community/Common7/IDE/CommonExtensions/Microsoft/TeamFoundation/Team Explorer/icx.exe"
      - "D:/WaterSurfaceRendererScratch/vcpkg_installed/x64-windows/Microsoft Visual Studio/18/Community/Common7/IDE/CommonExtensions/Microsoft/TeamFoundation/Team Explorer/icx"
      - "D:/WaterSurfaceRendererScratch/vcpkg_installed/x64-windows/Microsoft Visual Studio/18/Community/Common7/IDE/CommonExtensions/Microsoft/TeamFoundation/Team Explorer/clang.com"
      - "D:/WaterSurfaceRendererScratch/vcpkg_installed/x64-windows/Microsoft Visual Studio/18/Community/Common7/IDE/CommonExtensions/Microsoft/TeamFoundation/Team Explorer/clang.exe"
      - "D:/WaterSurfaceRendererScratch/vcpkg_installed/x64-windows/Microsoft Visual Studio/18/Community/Common7/IDE/CommonExtensions/Microsoft/TeamFoundation/Team Explorer/clang"
      - "D:/WaterSurfaceRendererScratch/vcpkg_installed/x64-windows/Microsoft Visual Studio/18/Community/MSBuild/Current/Bin/Roslyn/cc.com"
      - "D:/WaterSurfaceRendererScratch/vcpkg_installed/x64-windows/Microsoft Visual Studio/18/Community/MSBuild/Current/Bin/Roslyn/cc.exe"
      - "D:/WaterSurfaceRendererScratch/vcpkg_installed/x64-windows/Microsoft Visual Studio/18/Community/MSBuild/Current/Bin/Roslyn/cc"
      - "D:/WaterSurfaceRendererScratch/vcpkg_installed/x64-windows/Microsoft Visual Studio/18/Community/MSBuild/Current/Bin/Roslyn/gcc.com"
      - "D:/WaterSurfaceRendererScratch/vcpkg_installed/x64-windows/Microsoft Visual Studio/18/Community/MSBuild/Current/Bin/Roslyn/gcc.exe"
      - "D:/WaterSurfaceRendererScratch/vcpkg_installed/x64-windows/Microsoft Visual Studio/18/Community/MSBuild/Current/Bin/Roslyn/gcc"
      - "D:/WaterSurfaceRendererScratch/vcpkg_installed/x64-windows/Microsoft Visual Studio/18/Community/MSBuild/Current/Bin/Roslyn/cl.com"
      - "D:/WaterSurfaceRendererScratch/vcpkg_installed/x64-windows/Microsoft Visual Studio/18/Community/MSBuild/Current/Bin/Roslyn/cl.exe"
      - "D:/WaterSurfaceRendererScratch/vcpkg_installed/x64-windows/Microsoft Visual Studio/18/Community/MSBuild/Current/Bin/Roslyn/cl"
      - "D:/WaterSurfaceRendererScratch/vcpkg_installed/x64-windows/Microsoft Visual Studio/18/Community/MSBuild/Current/Bin/Roslyn/bcc.com"
      - "D:/WaterSurfaceRendererScratch/vcpkg_installed/x64-windows/Microsoft Visual Studio/18/Community/MSBuild/Current/Bin/Roslyn/bcc.exe"
      - "D:/WaterSurfaceRendererScratch/vcpkg_installed/x64-windows/Microsoft Visual Studio/18/Community/MSBuild/Current/Bin/Roslyn/bcc"
      - "D:/WaterSurfaceRendererScratch/vcpkg_installed/x64-windows/Microsoft Visual Studio/18/Community/MSBuild/Current/Bin/Roslyn/xlc.com"
      - "D:/WaterSurfaceRendererScratch/vcpkg_installed/x64-windows/Microsoft Visual Studio/18/Community/MSBuild/Current/Bin/Roslyn/xlc.exe"
      - "D:/WaterSurfaceRendererScratch/vcpkg_installed/x64-windows/Microsoft Visual Studio/18/Community/MSBuild/Current/Bin/Roslyn/xlc"
      - "D:/WaterSurfaceRendererScratch/vcpkg_installed/x64-windows/Microsoft Visual Studio/18/Community/MSBuild/Current/Bin/Roslyn/icx.com"
      - "D:/WaterSurfaceRendererScratch/vcpkg_installed/x64-windows/Microsoft Visual Studio/18/Community/MSBuild/Current/Bin/Roslyn/icx.exe"
      - "D:/WaterSurfaceRendererScratch/vcpkg_installed/x64-windows/Microsoft Visual Studio/18/Community/MSBuild/Current/Bin/Roslyn/icx"
      - "D:/WaterSurfaceRendererScratch/vcpkg_installed/x64-windows/Microsoft Visual Studio/18/Community/MSBuild/Current/Bin/Roslyn/clang.com"
      - "D:/WaterSurfaceRendererScratch/vcpkg_installed/x64-windows/Microsoft Visual Studio/18/Community/MSBuild/Current/Bin/Roslyn/clang.exe"
      - "D:/WaterSurfaceRendererScratch/vcpkg_installed/x64-windows/Microsoft Visual Studio/18/Community/MSBuild/Current/Bin/Roslyn/clang"
      - "D:/WaterSurfaceRendererScratch/vcpkg_installed/x64-windows/Program Files (x86)/Microsoft SDKs/Windows/v10.0A/bin/NETFX 4.8 Tools/x64/cc.com"
      - "D:/WaterSurfaceRendererScratch/vcpkg_installed/x64-windows/Program Files (x86)/Microsoft SDKs/Windows/v10.0A/bin/NETFX 4.8 Tools/x64/cc.exe"
      - "D:/WaterSurfaceRendererScratch/vcpkg_installed/x64-windows/Program Files (x86)/Microsoft SDKs/Windows/v10.0A/bin/NETFX 4.8 Tools/x64/cc"
      - "D:/WaterSurfaceRendererScratch/vcpkg_installed/x64-windows/Program Files (x86)/Microsoft SDKs/Windows/v10.0A/bin/NETFX 4.8 Tools/x64/gcc.com"
      - "D:/WaterSurfaceRendererScratch/vcpkg_installed/x64-windows/Program Files (x86)/Microsoft SDKs/Windows/v10.0A/bin/NETFX 4.8 Tools/x64/gcc.exe"
      - "D:/WaterSurfaceRendererScratch/vcpkg_installed/x64-windows/Program Files (x86)/Microsoft SDKs/Windows/v10.0A/bin/NETFX 4.8 Tools/x64/gcc"
      - "D:/WaterSurfaceRendererScratch/vcpkg_installed/x64-windows/Program Files (x86)/Microsoft SDKs/Windows/v10.0A/bin/NETFX 4.8 Tools/x64/cl.com"
      - "D:/WaterSurfaceRendererScratch/vcpkg_installed/x64-windows/Program Files (x86)/Microsoft SDKs/Windows/v10.0A/bin/NETFX 4.8 Tools/x64/cl.exe"
      - "D:/WaterSurfaceRendererScratch/vcpkg_installed/x64-windows/Program Files (x86)/Microsoft SDKs/Windows/v10.0A/bin/NETFX 4.8 Tools/x64/cl"
      - "D:/WaterSurfaceRendererScratch/vcpkg_installed/x64-windows/Program Files (x86)/Microsoft SDKs/Windows/v10.0A/bin/NETFX 4.8 Tools/x64/bcc.com"
      - "D:/WaterSurfaceRendererScratch/vcpkg_installed/x64-windows/Program Files (x86)/Microsoft SDKs/Windows/v10.0A/bin/NETFX 4.8 Tools/x64/bcc.exe"
      - "D:/WaterSurfaceRendererScratch/vcpkg_installed/x64-windows/Program Files (x86)/Microsoft SDKs/Windows/v10.0A/bin/NETFX 4.8 Tools/x64/bcc"
      - "D:/WaterSurfaceRendererScratch/vcpkg_installed/x64-windows/Program Files (x86)/Microsoft SDKs/Windows/v10.0A/bin/NETFX 4.8 Tools/x64/xlc.com"
      - "D:/WaterSurfaceRendererScratch/vcpkg_installed/x64-windows/Program Files (x86)/Microsoft SDKs/Windows/v10.0A/bin/NETFX 4.8 Tools/x64/xlc.exe"
      - "D:/WaterSurfaceRendererScratch/vcpkg_installed/x64-windows/Program Files (x86)/Microsoft SDKs/Windows/v10.0A/bin/NETFX 4.8 Tools/x64/xlc"
      - "D:/WaterSurfaceRendererScratch/vcpkg_installed/x64-windows/Program Files (x86)/Microsoft SDKs/Windows/v10.0A/bin/NETFX 4.8 Tools/x64/icx.com"
      - "D:/WaterSurfaceRendererScratch/vcpkg_installed/x64-windows/Program Files (x86)/Microsoft SDKs/Windows/v10.0A/bin/NETFX 4.8 Tools/x64/icx.exe"
      - "D:/WaterSurfaceRendererScratch/vcpkg_installed/x64-windows/Program Files (x86)/Microsoft SDKs/Windows/v10.0A/bin/NETFX 4.8 Tools/x64/icx"
      - "D:/WaterSurfaceRendererScratch/vcpkg_installed/x64-windows/Program Files (x86)/Microsoft SDKs/Windows/v10.0A/bin/NETFX 4.8 Tools/x64/clang.com"
      - "D:/WaterSurfaceRendererScratch/vcpkg_installed/x64-windows/Program Files (x86)/Microsoft SDKs/Windows/v10.0A/bin/NETFX 4.8 Tools/x64/clang.exe"
      - "D:/WaterSurfaceRendererScratch/vcpkg_installed/x64-windows/Program Files (x86)/Microsoft SDKs/Windows/v10.0A/bin/NETFX 4.8 Tools/x64/clang"
      - "D:/WaterSurfaceRendererScratch/vcpkg_installed/x64-windows/Microsoft Visual Studio/18/Community/Team Tools/DiagnosticsHub/Collector/cc.com"
      - "D:/WaterSurfaceRendererScratch/vcpkg_installed/x64-windows/Microsoft Visual Studio/18/Community/Team Tools/DiagnosticsHub/Collector/cc.exe"
      - "D:/WaterSurfaceRendererScratch/vcpkg_installed/x64-windows/Microsoft Visual Studio/18/Community/Team Tools/DiagnosticsHub/Collector/cc"
      - "D:/WaterSurfaceRendererScratch/vcpkg_installed/x64-windows/Microsoft Visual Studio/18/Community/Team Tools/DiagnosticsHub/Collector/gcc.com"
      - "D:/WaterSurfaceRendererScratch/vcpkg_installed/x64-windows/Microsoft Visual Studio/18/Community/Team Tools/DiagnosticsHub/Collector/gcc.exe"
      - "D:/WaterSurfaceRendererScratch/vcpkg_installed/x64-windows/Microsoft Visual Studio/18/Community/Team Tools/DiagnosticsHub/Collector/gcc"
      - "D:/WaterSurfaceRendererScratch/vcpkg_installed/x64-windows/Microsoft Visual Studio/18/Community/Team Tools/DiagnosticsHub/Collector/cl.com"
      - "D:/WaterSurfaceRendererScratch/vcpkg_installed/x64-windows/Microsoft Visual Studio/18/Community/Team Tools/DiagnosticsHub/Collector/cl.exe"
      - "D:/WaterSurfaceRendererScratch/vcpkg_installed/x64-windows/Microsoft Visual Studio/18/Community/Team Tools/DiagnosticsHub/Collector/cl"
      - "D:/WaterSurfaceRendererScratch/vcpkg_installed/x64-windows/Microsoft Visual Studio/18/Community/Team Tools/DiagnosticsHub/Collector/bcc.com"
      - "D:/WaterSurfaceRendererScratch/vcpkg_installed/x64-windows/Microsoft Visual Studio/18/Community/Team Tools/DiagnosticsHub/Collector/bcc.exe"
      - "D:/WaterSurfaceRendererScratch/vcpkg_installed/x64-windows/Microsoft Visual Studio/18/Community/Team Tools/DiagnosticsHub/Collector/bcc"
      - "D:/WaterSurfaceRendererScratch/vcpkg_installed/x64-windows/Microsoft Visual Studio/18/Community/Team Tools/DiagnosticsHub/Collector/xlc.com"
      - "D:/WaterSurfaceRendererScratch/vcpkg_installed/x64-windows/Microsoft Visual Studio/18/Community/Team Tools/DiagnosticsHub/Collector/xlc.exe"
      - "D:/WaterSurfaceRendererScratch/vcpkg_installed/x64-windows/Microsoft Visual Studio/18/Community/Team Tools/DiagnosticsHub/Collector/xlc"
      - "D:/WaterSurfaceRendererScratch/vcpkg_installed/x64-windows/Microsoft Visual Studio/18/Community/Team Tools/DiagnosticsHub/Collector/icx.com"
      - "D:/WaterSurfaceRendererScratch/vcpkg_installed/x64-windows/Microsoft Visual Studio/18/Community/Team Tools/DiagnosticsHub/Collector/icx.exe"
      - "D:/WaterSurfaceRendererScratch/vcpkg_installed/x64-windows/Microsoft Visual Studio/18/Community/Team Tools/DiagnosticsHub/Collector/icx"
      - "D:/WaterSurfaceRendererScratch/vcpkg_installed/x64-windows/Microsoft Visual Studio/18/Community/Team Tools/DiagnosticsHub/Collector/clang.com"
      - "D:/WaterSurfaceRendererScratch/vcpkg_installed/x64-windows/Microsoft Visual Studio/18/Community/Team Tools/DiagnosticsHub/Collector/clang.exe"
      - "D:/WaterSurfaceRendererScratch/vcpkg_installed/x64-windows/Microsoft Visual Studio/18/Community/Team Tools/DiagnosticsHub/Collector/clang"
      - "D:/WaterSurfaceRendererScratch/vcpkg_installed/x64-windows/Microsoft Visual Studio/18/Community/Common7/IDE/Extensions/Microsoft/CodeCoverage.Console/cc.com"
      - "D:/WaterSurfaceRendererScratch/vcpkg_installed/x64-windows/Microsoft Visual Studio/18/Community/Common7/IDE/Extensions/Microsoft/CodeCoverage.Console/cc.exe"
      - "D:/WaterSurfaceRendererScratch/vcpkg_installed/x64-windows/Microsoft Visual Studio/18/Community/Common7/IDE/Extensions/Microsoft/CodeCoverage.Console/cc"
      - "D:/WaterSurfaceRendererScratch/vcpkg_installed/x64-windows/Microsoft Visual Studio/18/Community/Common7/IDE/Extensions/Microsoft/CodeCoverage.Console/gcc.com"
      - "D:/WaterSurfaceRendererScratch/vcpkg_installed/x64-windows/Microsoft Visual Studio/18/Community/Common7/IDE/Extensions/Microsoft/CodeCoverage.Console/gcc.exe"
      - "D:/WaterSurfaceRendererScratch/vcpkg_installed/x64-windows/Microsoft Visual Studio/18/Community/Common7/IDE/Extensions/Microsoft/CodeCoverage.Console/gcc"
      - "D:/WaterSurfaceRendererScratch/vcpkg_installed/x64-windows/Microsoft Visual Studio/18/Community/Common7/IDE/Extensions/Microsoft/CodeCoverage.Console/cl.com"
      - "D:/WaterSurfaceRendererScratch/vcpkg_installed/x64-windows/Microsoft Visual Studio/18/Community/Common7/IDE/Extensions/Microsoft/CodeCoverage.Console/cl.exe"
      - "D:/WaterSurfaceRendererScratch/vcpkg_installed/x64-windows/Microsoft Visual Studio/18/Community/Common7/IDE/Extensions/Microsoft/CodeCoverage.Console/cl"
      - "D:/WaterSurfaceRendererScratch/vcpkg_installed/x64-windows/Microsoft Visual Studio/18/Community/Common7/IDE/Extensions/Microsoft/CodeCoverage.Console/bcc.com"
      - "D:/WaterSurfaceRendererScratch/vcpkg_installed/x64-windows/Microsoft Visual Studio/18/Community/Common7/IDE/Extensions/Microsoft/CodeCoverage.Console/bcc.exe"
      - "D:/WaterSurfaceRendererScratch/vcpkg_installed/x64-windows/Microsoft Visual Studio/18/Community/Common7/IDE/Extensions/Microsoft/CodeCoverage.Console/bcc"
      - "D:/WaterSurfaceRendererScratch/vcpkg_installed/x64-windows/Microsoft Visual Studio/18/Community/Common7/IDE/Extensions/Microsoft/CodeCoverage.Console/xlc.com"
      - "D:/WaterSurfaceRendererScratch/vcpkg_installed/x64-windows/Microsoft Visual Studio/18/Community/Common7/IDE/Extensions/Microsoft/CodeCoverage.Console/xlc.exe"
      - "D:/WaterSurfaceRendererScratch/vcpkg_installed/x64-windows/Microsoft Visual Studio/18/Community/Common7/IDE/Extensions/Microsoft/CodeCoverage.Console/xlc"
      - "D:/WaterSurfaceRendererScratch/vcpkg_installed/x64-windows/Microsoft Visual Studio/18/Community/Common7/IDE/Extensions/Microsoft/CodeCoverage.Console/icx.com"
      - "D:/WaterSurfaceRendererScratch/vcpkg_installed/x64-windows/Microsoft Visual Studio/18/Community/Common7/IDE/Extensions/Microsoft/CodeCoverage.Console/icx.exe"
      - "D:/WaterSurfaceRendererScratch/vcpkg_installed/x64-windows/Microsoft Visual Studio/18/Community/Common7/IDE/Extensions/Microsoft/CodeCoverage.Console/icx"
      - "D:/WaterSurfaceRendererScratch/vcpkg_installed/x64-windows/Microsoft Visual Studio/18/Community/Common7/IDE/Extensions/Microsoft/CodeCoverage.Console/clang.com"
      - "D:/WaterSurfaceRendererScratch/vcpkg_installed/x64-windows/Microsoft Visual Studio/18/Community/Common7/IDE/Extensions/Microsoft/CodeCoverage.Console/clang.exe"
      - "D:/WaterSurfaceRendererScratch/vcpkg_installed/x64-windows/Microsoft Visual Studio/18/Community/Common7/IDE/Extensions/Microsoft/CodeCoverage.Console/clang"
      - "D:/WaterSurfaceRendererScratch/vcpkg_installed/x64-windows/Program Files (x86)/Windows Kits/10/bin/10.0.26100.0/x64/cc.com"
      - "D:/WaterSurfaceRendererScratch/vcpkg_installed/x64-windows/Program Files (x86)/Windows Kits/10/bin/10.0.26100.0/x64/cc.exe"
      - "D:/WaterSurfaceRendererScratch/vcpkg_installed/x64-windows/Program Files (x86)/Windows Kits/10/bin/10.0.26100.0/x64/cc"
      - "D:/WaterSurfaceRendererScratch/vcpkg_installed/x64-windows/Program Files (x86)/Windows Kits/10/bin/10.0.26100.0/x64/gcc.com"
      - "D:/WaterSurfaceRendererScratch/vcpkg_installed/x64-windows/Program Files (x86)/Windows Kits/10/bin/10.0.26100.0/x64/gcc.exe"
      - "D:/WaterSurfaceRendererScratch/vcpkg_installed/x64-windows/Program Files (x86)/Windows Kits/10/bin/10.0.26100.0/x64/gcc"
      - "D:/WaterSurfaceRendererScratch/vcpkg_installed/x64-windows/Program Files (x86)/Windows Kits/10/bin/10.0.26100.0/x64/cl.com"
      - "D:/WaterSurfaceRendererScratch/vcpkg_installed/x64-windows/Program Files (x86)/Windows Kits/10/bin/10.0.26100.0/x64/cl.exe"
      - "D:/WaterSurfaceRendererScratch/vcpkg_installed/x64-windows/Program Files (x86)/Windows Kits/10/bin/10.0.26100.0/x64/cl"
      - "D:/WaterSurfaceRendererScratch/vcpkg_installed/x64-windows/Program Files (x86)/Windows Kits/10/bin/10.0.26100.0/x64/bcc.com"
      - "D:/WaterSurfaceRendererScratch/vcpkg_installed/x64-windows/Program Files (x86)/Windows Kits/10/bin/10.0.26100.0/x64/bcc.exe"
      - "D:/WaterSurfaceRendererScratch/vcpkg_installed/x64-windows/Program Files (x86)/Windows Kits/10/bin/10.0.26100.0/x64/bcc"
      - "D:/WaterSurfaceRendererScratch/vcpkg_installed/x64-windows/Program Files (x86)/Windows Kits/10/bin/10.0.26100.0/x64/xlc.com"
      - "D:/WaterSurfaceRendererScratch/vcpkg_installed/x64-windows/Program Files (x86)/Windows Kits/10/bin/10.0.26100.0/x64/xlc.exe"
      - "D:/WaterSurfaceRendererScratch/vcpkg_installed/x64-windows/Program Files (x86)/Windows Kits/10/bin/10.0.26100.0/x64/xlc"
      - "D:/WaterSurfaceRendererScratch/vcpkg_installed/x64-windows/Program Files (x86)/Windows Kits/10/bin/10.0.26100.0/x64/icx.com"
      - "D:/WaterSurfaceRendererScratch/vcpkg_installed/x64-windows/Program Files (x86)/Windows Kits/10/bin/10.0.26100.0/x64/icx.exe"
      - "D:/WaterSurfaceRendererScratch/vcpkg_installed/x64-windows/Program Files (x86)/Windows Kits/10/bin/10.0.26100.0/x64/icx"
      - "D:/WaterSurfaceRendererScratch/vcpkg_installed/x64-windows/Program Files (x86)/Windows Kits/10/bin/10.0.26100.0/x64/clang.com"
      - "D:/WaterSurfaceRendererScratch/vcpkg_installed/x64-windows/Program Files (x86)/Windows Kits/10/bin/10.0.26100.0/x64/clang.exe"
      - "D:/WaterSurfaceRendererScratch/vcpkg_installed/x64-windows/Program Files (x86)/Windows Kits/10/bin/10.0.26100.0/x64/clang"
      - "D:/WaterSurfaceRendererScratch/vcpkg_installed/x64-windows/Program Files (x86)/Windows Kits/10/bin/x64/cc.com"
      - "D:/WaterSurfaceRendererScratch/vcpkg_installed/x64-windows/Program Files (x86)/Windows Kits/10/bin/x64/cc.exe"
      - "D:/WaterSurfaceRendererScratch/vcpkg_installed/x64-windows/Program Files (x86)/Windows Kits/10/bin/x64/cc"
      - "D:/WaterSurfaceRendererScratch/vcpkg_installed/x64-windows/Program Files (x86)/Windows Kits/10/bin/x64/gcc.com"
      - "D:/WaterSurfaceRendererScratch/vcpkg_installed/x64-windows/Program Files (x86)/Windows Kits/10/bin/x64/gcc.exe"
      - "D:/WaterSurfaceRendererScratch/vcpkg_installed/x64-windows/Program Files (x86)/Windows Kits/10/bin/x64/gcc"
      - "D:/WaterSurfaceRendererScratch/vcpkg_installed/x64-windows/Program Files (x86)/Windows Kits/10/bin/x64/cl.com"
      - "D:/WaterSurfaceRendererScratch/vcpkg_installed/x64-windows/Program Files (x86)/Windows Kits/10/bin/x64/cl.exe"
      - "D:/WaterSurfaceRendererScratch/vcpkg_installed/x64-windows/Program Files (x86)/Windows Kits/10/bin/x64/cl"
      - "D:/WaterSurfaceRendererScratch/vcpkg_installed/x64-windows/Program Files (x86)/Windows Kits/10/bin/x64/bcc.com"
      - "D:/WaterSurfaceRendererScratch/vcpkg_installed/x64-windows/Program Files (x86)/Windows Kits/10/bin/x64/bcc.exe"
      - "D:/WaterSurfaceRendererScratch/vcpkg_installed/x64-windows/Program Files (x86)/Windows Kits/10/bin/x64/bcc"
      - "D:/WaterSurfaceRendererScratch/vcpkg_installed/x64-windows/Program Files (x86)/Windows Kits/10/bin/x64/xlc.com"
      - "D:/WaterSurfaceRendererScratch/vcpkg_installed/x64-windows/Program Files (x86)/Windows Kits/10/bin/x64/xlc.exe"
      - "D:/WaterSurfaceRendererScratch/vcpkg_installed/x64-windows/Program Files (x86)/Windows Kits/10/bin/x64/xlc"
      - "D:/WaterSurfaceRendererScratch/vcpkg_installed/x64-windows/Program Files (x86)/Windows Kits/10/bin/x64/icx.com"
      - "D:/WaterSurfaceRendererScratch/vcpkg_installed/x64-windows/Program Files (x86)/Windows Kits/10/bin/x64/icx.exe"
      - "D:/WaterSurfaceRendererScratch/vcpkg_installed/x64-windows/Program Files (x86)/Windows Kits/10/bin/x64/icx"
      - "D:/WaterSurfaceRendererScratch/vcpkg_installed/x64-windows/Program Files (x86)/Windows Kits/10/bin/x64/clang.com"
      - "D:/WaterSurfaceRendererScratch/vcpkg_installed/x64-windows/Program Files (x86)/Windows Kits/10/bin/x64/clang.exe"
      - "D:/WaterSurfaceRendererScratch/vcpkg_installed/x64-windows/Program Files (x86)/Windows Kits/10/bin/x64/clang"
      - "D:/WaterSurfaceRendererScratch/vcpkg_installed/x64-windows/Microsoft Visual Studio/18/Community/MSBuild/Current/Bin/amd64/cc.com"
      - "D:/WaterSurfaceRendererScratch/vcpkg_installed/x64-windows/Microsoft Visual Studio/18/Community/MSBuild/Current/Bin/amd64/cc.exe"
      - "D:/WaterSurfaceRendererScratch/vcpkg_installed/x64-windows/Microsoft Visual Studio/18/Community/MSBuild/Current/Bin/amd64/cc"
      - "D:/WaterSurfaceRendererScratch/vcpkg_installed/x64-windows/Microsoft Visual Studio/18/Community/MSBuild/Current/Bin/amd64/gcc.com"
      - "D:/WaterSurfaceRendererScratch/vcpkg_installed/x64-windows/Microsoft Visual Studio/18/Community/MSBuild/Current/Bin/amd64/gcc.exe"
      - "D:/WaterSurfaceRendererScratch/vcpkg_installed/x64-windows/Microsoft Visual Studio/18/Community/MSBuild/Current/Bin/amd64/gcc"
      - "D:/WaterSurfaceRendererScratch/vcpkg_installed/x64-windows/Microsoft Visual Studio/18/Community/MSBuild/Current/Bin/amd64/cl.com"
      - "D:/WaterSurfaceRendererScratch/vcpkg_installed/x64-windows/Microsoft Visual Studio/18/Community/MSBuild/Current/Bin/amd64/cl.exe"
      - "D:/WaterSurfaceRendererScratch/vcpkg_installed/x64-windows/Microsoft Visual Studio/18/Community/MSBuild/Current/Bin/amd64/cl"
      - "D:/WaterSurfaceRendererScratch/vcpkg_installed/x64-windows/Microsoft Visual Studio/18/Community/MSBuild/Current/Bin/amd64/bcc.com"
      - "D:/WaterSurfaceRendererScratch/vcpkg_installed/x64-windows/Microsoft Visual Studio/18/Community/MSBuild/Current/Bin/amd64/bcc.exe"
      - "D:/WaterSurfaceRendererScratch/vcpkg_installed/x64-windows/Microsoft Visual Studio/18/Community/MSBuild/Current/Bin/amd64/bcc"
      - "D:/WaterSurfaceRendererScratch/vcpkg_installed/x64-windows/Microsoft Visual Studio/18/Community/MSBuild/Current/Bin/amd64/xlc.com"
      - "D:/WaterSurfaceRendererScratch/vcpkg_installed/x64-windows/Microsoft Visual Studio/18/Community/MSBuild/Current/Bin/amd64/xlc.exe"
      - "D:/WaterSurfaceRendererScratch/vcpkg_installed/x64-windows/Microsoft Visual Studio/18/Community/MSBuild/Current/Bin/amd64/xlc"
      - "D:/WaterSurfaceRendererScratch/vcpkg_installed/x64-windows/Microsoft Visual Studio/18/Community/MSBuild/Current/Bin/amd64/icx.com"
      - "D:/WaterSurfaceRendererScratch/vcpkg_installed/x64-windows/Microsoft Visual Studio/18/Community/MSBuild/Current/Bin/amd64/icx.exe"
      - "D:/WaterSurfaceRendererScratch/vcpkg_installed/x64-windows/Microsoft Visual Studio/18/Community/MSBuild/Current/Bin/amd64/icx"
      - "D:/WaterSurfaceRendererScratch/vcpkg_installed/x64-windows/Microsoft Visual Studio/18/Community/MSBuild/Current/Bin/amd64/clang.com"
      - "D:/WaterSurfaceRendererScratch/vcpkg_installed/x64-windows/Microsoft Visual Studio/18/Community/MSBuild/Current/Bin/amd64/clang.exe"
      - "D:/WaterSurfaceRendererScratch/vcpkg_installed/x64-windows/Microsoft Visual Studio/18/Community/MSBuild/Current/Bin/amd64/clang"
      - "D:/WaterSurfaceRendererScratch/vcpkg_installed/x64-windows/Windows/Microsoft.NET/Framework64/v4.0.30319/cc.com"
      - "D:/WaterSurfaceRendererScratch/vcpkg_installed/x64-windows/Windows/Microsoft.NET/Framework64/v4.0.30319/cc.exe"
      - "D:/WaterSurfaceRendererScratch/vcpkg_installed/x64-windows/Windows/Microsoft.NET/Framework64/v4.0.30319/cc"
      - "D:/WaterSurfaceRendererScratch/vcpkg_installed/x64-windows/Windows/Microsoft.NET/Framework64/v4.0.30319/gcc.com"
      - "D:/WaterSurfaceRendererScratch/vcpkg_installed/x64-windows/Windows/Microsoft.NET/Framework64/v4.0.30319/gcc.exe"
      - "D:/WaterSurfaceRendererScratch/vcpkg_installed/x64-windows/Windows/Microsoft.NET/Framework64/v4.0.30319/gcc"
      - "D:/WaterSurfaceRendererScratch/vcpkg_installed/x64-windows/Windows/Microsoft.NET/Framework64/v4.0.30319/cl.com"
      - "D:/WaterSurfaceRendererScratch/vcpkg_installed/x64-windows/Windows/Microsoft.NET/Framework64/v4.0.30319/cl.exe"
      - "D:/WaterSurfaceRendererScratch/vcpkg_installed/x64-windows/Windows/Microsoft.NET/Framework64/v4.0.30319/cl"
      - "D:/WaterSurfaceRendererScratch/vcpkg_installed/x64-windows/Windows/Microsoft.NET/Framework64/v4.0.30319/bcc.com"
      - "D:/WaterSurfaceRendererScratch/vcpkg_installed/x64-windows/Windows/Microsoft.NET/Framework64/v4.0.30319/bcc.exe"
      - "D:/WaterSurfaceRendererScratch/vcpkg_installed/x64-windows/Windows/Microsoft.NET/Framework64/v4.0.30319/bcc"
      - "D:/WaterSurfaceRendererScratch/vcpkg_installed/x64-windows/Windows/Microsoft.NET/Framework64/v4.0.30319/xlc.com"
      - "D:/WaterSurfaceRendererScratch/vcpkg_installed/x64-windows/Windows/Microsoft.NET/Framework64/v4.0.30319/xlc.exe"
      - "D:/WaterSurfaceRendererScratch/vcpkg_installed/x64-windows/Windows/Microsoft.NET/Framework64/v4.0.30319/xlc"
      - "D:/WaterSurfaceRendererScratch/vcpkg_installed/x64-windows/Windows/Microsoft.NET/Framework64/v4.0.30319/icx.com"
      - "D:/WaterSurfaceRendererScratch/vcpkg_installed/x64-windows/Windows/Microsoft.NET/Framework64/v4.0.30319/icx.exe"
      - "D:/WaterSurfaceRendererScratch/vcpkg_installed/x64-windows/Windows/Microsoft.NET/Framework64/v4.0.30319/icx"
      - "D:/WaterSurfaceRendererScratch/vcpkg_installed/x64-windows/Windows/Microsoft.NET/Framework64/v4.0.30319/clang.com"
      - "D:/WaterSurfaceRendererScratch/vcpkg_installed/x64-windows/Windows/Microsoft.NET/Framework64/v4.0.30319/clang.exe"
      - "D:/WaterSurfaceRendererScratch/vcpkg_installed/x64-windows/Windows/Microsoft.NET/Framework64/v4.0.30319/clang"
      - "D:/WaterSurfaceRendererScratch/vcpkg_installed/x64-windows/Microsoft Visual Studio/18/Community/Common7/IDE/cc.com"
      - "D:/WaterSurfaceRendererScratch/vcpkg_installed/x64-windows/Microsoft Visual Studio/18/Community/Common7/IDE/cc.exe"
      - "D:/WaterSurfaceRendererScratch/vcpkg_installed/x64-windows/Microsoft Visual Studio/18/Community/Common7/IDE/cc"
      - "D:/WaterSurfaceRendererScratch/vcpkg_installed/x64-windows/Microsoft Visual Studio/18/Community/Common7/IDE/gcc.com"
      - "D:/WaterSurfaceRendererScratch/vcpkg_installed/x64-windows/Microsoft Visual Studio/18/Community/Common7/IDE/gcc.exe"
      - "D:/WaterSurfaceRendererScratch/vcpkg_installed/x64-windows/Microsoft Visual Studio/18/Community/Common7/IDE/gcc"
      - "D:/WaterSurfaceRendererScratch/vcpkg_installed/x64-windows/Microsoft Visual Studio/18/Community/Common7/IDE/cl.com"
      - "D:/WaterSurfaceRendererScratch/vcpkg_installed/x64-windows/Microsoft Visual Studio/18/Community/Common7/IDE/cl.exe"
      - "D:/WaterSurfaceRendererScratch/vcpkg_installed/x64-windows/Microsoft Visual Studio/18/Community/Common7/IDE/cl"
      - "D:/WaterSurfaceRendererScratch/vcpkg_installed/x64-windows/Microsoft Visual Studio/18/Community/Common7/IDE/bcc.com"
      - "D:/WaterSurfaceRendererScratch/vcpkg_installed/x64-windows/Microsoft Visual Studio/18/Community/Common7/IDE/bcc.exe"
      - "D:/WaterSurfaceRendererScratch/vcpkg_installed/x64-windows/Microsoft Visual Studio/18/Community/Common7/IDE/bcc"
      - "D:/WaterSurfaceRendererScratch/vcpkg_installed/x64-windows/Microsoft Visual Studio/18/Community/Common7/IDE/xlc.com"
      - "D:/WaterSurfaceRendererScratch/vcpkg_installed/x64-windows/Microsoft Visual Studio/18/Community/Common7/IDE/xlc.exe"
      - "D:/WaterSurfaceRendererScratch/vcpkg_installed/x64-windows/Microsoft Visual Studio/18/Community/Common7/IDE/xlc"
      - "D:/WaterSurfaceRendererScratch/vcpkg_installed/x64-windows/Microsoft Visual Studio/18/Community/Common7/IDE/icx.com"
      - "D:/WaterSurfaceRendererScratch/vcpkg_installed/x64-windows/Microsoft Visual Studio/18/Community/Common7/IDE/icx.exe"
      - "D:/WaterSurfaceRendererScratch/vcpkg_installed/x64-windows/Microsoft Visual Studio/18/Community/Common7/IDE/icx"
      - "D:/WaterSurfaceRendererScratch/vcpkg_installed/x64-windows/Microsoft Visual Studio/18/Community/Common7/IDE/clang.com"
      - "D:/WaterSurfaceRendererScratch/vcpkg_installed/x64-windows/Microsoft Visual Studio/18/Community/Common7/IDE/clang.exe"
      - "D:/WaterSurfaceRendererScratch/vcpkg_installed/x64-windows/Microsoft Visual Studio/18/Community/Common7/IDE/clang"
      - "D:/WaterSurfaceRendererScratch/vcpkg_installed/x64-windows/Microsoft Visual Studio/18/Community/Common7/Tools/cc.com"
      - "D:/WaterSurfaceRendererScratch/vcpkg_installed/x64-windows/Microsoft Visual Studio/18/Community/Common7/Tools/cc.exe"
      - "D:/WaterSurfaceRendererScratch/vcpkg_installed/x64-windows/Microsoft Visual Studio/18/Community/Common7/Tools/cc"
      - "D:/WaterSurfaceRendererScratch/vcpkg_installed/x64-windows/Microsoft Visual Studio/18/Community/Common7/Tools/gcc.com"
      - "D:/WaterSurfaceRendererScratch/vcpkg_installed/x64-windows/Microsoft Visual Studio/18/Community/Common7/Tools/gcc.exe"
      - "D:/WaterSurfaceRendererScratch/vcpkg_installed/x64-windows/Microsoft Visual Studio/18/Community/Common7/Tools/gcc"
      - "D:/WaterSurfaceRendererScratch/vcpkg_installed/x64-windows/Microsoft Visual Studio/18/Community/Common7/Tools/cl.com"
      - "D:/WaterSurfaceRendererScratch/vcpkg_installed/x64-windows/Microsoft Visual Studio/18/Community/Common7/Tools/cl.exe"
      - "D:/WaterSurfaceRendererScratch/vcpkg_installed/x64-windows/Microsoft Visual Studio/18/Community/Common7/Tools/cl"
      - "D:/WaterSurfaceRendererScratch/vcpkg_installed/x64-windows/Microsoft Visual Studio/18/Community/Common7/Tools/bcc.com"
      - "D:/WaterSurfaceRendererScratch/vcpkg_installed/x64-windows/Microsoft Visual Studio/18/Community/Common7/Tools/bcc.exe"
      - "D:/WaterSurfaceRendererScratch/vcpkg_installed/x64-windows/Microsoft Visual Studio/18/Community/Common7/Tools/bcc"
      - "D:/WaterSurfaceRendererScratch/vcpkg_installed/x64-windows/Microsoft Visual Studio/18/Community/Common7/Tools/xlc.com"
      - "D:/WaterSurfaceRendererScratch/vcpkg_installed/x64-windows/Microsoft Visual Studio/18/Community/Common7/Tools/xlc.exe"
      - "D:/WaterSurfaceRendererScratch/vcpkg_installed/x64-windows/Microsoft Visual Studio/18/Community/Common7/Tools/xlc"
      - "D:/WaterSurfaceRendererScratch/vcpkg_installed/x64-windows/Microsoft Visual Studio/18/Community/Common7/Tools/icx.com"
      - "D:/WaterSurfaceRendererScratch/vcpkg_installed/x64-windows/Microsoft Visual Studio/18/Community/Common7/Tools/icx.exe"
      - "D:/WaterSurfaceRendererScratch/vcpkg_installed/x64-windows/Microsoft Visual Studio/18/Community/Common7/Tools/icx"
      - "D:/WaterSurfaceRendererScratch/vcpkg_installed/x64-windows/Microsoft Visual Studio/18/Community/Common7/Tools/clang.com"
      - "D:/WaterSurfaceRendererScratch/vcpkg_installed/x64-windows/Microsoft Visual Studio/18/Community/Common7/Tools/clang.exe"
      - "D:/WaterSurfaceRendererScratch/vcpkg_installed/x64-windows/Microsoft Visual Studio/18/Community/Common7/Tools/clang"
      - "D:/WaterSurfaceRendererScratch/vcpkg_installed/x64-windows/Users/xukeheng/AppData/Local/vcpkg/downloads/tools/powershell-core-7.5.4-windows/cc.com"
      - "D:/WaterSurfaceRendererScratch/vcpkg_installed/x64-windows/Users/xukeheng/AppData/Local/vcpkg/downloads/tools/powershell-core-7.5.4-windows/cc.exe"
      - "D:/WaterSurfaceRendererScratch/vcpkg_installed/x64-windows/Users/xukeheng/AppData/Local/vcpkg/downloads/tools/powershell-core-7.5.4-windows/cc"
      - "D:/WaterSurfaceRendererScratch/vcpkg_installed/x64-windows/Users/xukeheng/AppData/Local/vcpkg/downloads/tools/powershell-core-7.5.4-windows/gcc.com"
      - "D:/WaterSurfaceRendererScratch/vcpkg_installed/x64-windows/Users/xukeheng/AppData/Local/vcpkg/downloads/tools/powershell-core-7.5.4-windows/gcc.exe"
      - "D:/WaterSurfaceRendererScratch/vcpkg_installed/x64-windows/Users/xukeheng/AppData/Local/vcpkg/downloads/tools/powershell-core-7.5.4-windows/gcc"
      - "D:/WaterSurfaceRendererScratch/vcpkg_installed/x64-windows/Users/xukeheng/AppData/Local/vcpkg/downloads/tools/powershell-core-7.5.4-windows/cl.com"
      - "D:/WaterSurfaceRendererScratch/vcpkg_installed/x64-windows/Users/xukeheng/AppData/Local/vcpkg/downloads/tools/powershell-core-7.5.4-windows/cl.exe"
      - "D:/WaterSurfaceRendererScratch/vcpkg_installed/x64-windows/Users/xukeheng/AppData/Local/vcpkg/downloads/tools/powershell-core-7.5.4-windows/cl"
      - "D:/WaterSurfaceRendererScratch/vcpkg_installed/x64-windows/Users/xukeheng/AppData/Local/vcpkg/downloads/tools/powershell-core-7.5.4-windows/bcc.com"
      - "D:/WaterSurfaceRendererScratch/vcpkg_installed/x64-windows/Users/xukeheng/AppData/Local/vcpkg/downloads/tools/powershell-core-7.5.4-windows/bcc.exe"
      - "D:/WaterSurfaceRendererScratch/vcpkg_installed/x64-windows/Users/xukeheng/AppData/Local/vcpkg/downloads/tools/powershell-core-7.5.4-windows/bcc"
      - "D:/WaterSurfaceRendererScratch/vcpkg_installed/x64-windows/Users/xukeheng/AppData/Local/vcpkg/downloads/tools/powershell-core-7.5.4-windows/xlc.com"
      - "D:/WaterSurfaceRendererScratch/vcpkg_installed/x64-windows/Users/xukeheng/AppData/Local/vcpkg/downloads/tools/powershell-core-7.5.4-windows/xlc.exe"
      - "D:/WaterSurfaceRendererScratch/vcpkg_installed/x64-windows/Users/xukeheng/AppData/Local/vcpkg/downloads/tools/powershell-core-7.5.4-windows/xlc"
      - "D:/WaterSurfaceRendererScratch/vcpkg_installed/x64-windows/Users/xukeheng/AppData/Local/vcpkg/downloads/tools/powershell-core-7.5.4-windows/icx.com"
      - "D:/WaterSurfaceRendererScratch/vcpkg_installed/x64-windows/Users/xukeheng/AppData/Local/vcpkg/downloads/tools/powershell-core-7.5.4-windows/icx.exe"
      - "D:/WaterSurfaceRendererScratch/vcpkg_installed/x64-windows/Users/xukeheng/AppData/Local/vcpkg/downloads/tools/powershell-core-7.5.4-windows/icx"
      - "D:/WaterSurfaceRendererScratch/vcpkg_installed/x64-windows/Users/xukeheng/AppData/Local/vcpkg/downloads/tools/powershell-core-7.5.4-windows/clang.com"
      - "D:/WaterSurfaceRendererScratch/vcpkg_installed/x64-windows/Users/xukeheng/AppData/Local/vcpkg/downloads/tools/powershell-core-7.5.4-windows/clang.exe"
      - "D:/WaterSurfaceRendererScratch/vcpkg_installed/x64-windows/Users/xukeheng/AppData/Local/vcpkg/downloads/tools/powershell-core-7.5.4-windows/clang"
      - "D:/WaterSurfaceRendererScratch/vcpkg_installed/x64-windows/Windows/System32/cc.com"
      - "D:/WaterSurfaceRendererScratch/vcpkg_installed/x64-windows/Windows/System32/cc.exe"
      - "D:/WaterSurfaceRendererScratch/vcpkg_installed/x64-windows/Windows/System32/cc"
      - "D:/WaterSurfaceRendererScratch/vcpkg_installed/x64-windows/Windows/System32/gcc.com"
      - "D:/WaterSurfaceRendererScratch/vcpkg_installed/x64-windows/Windows/System32/gcc.exe"
      - "D:/WaterSurfaceRendererScratch/vcpkg_installed/x64-windows/Windows/System32/gcc"
      - "D:/WaterSurfaceRendererScratch/vcpkg_installed/x64-windows/Windows/System32/cl.com"
      - "D:/WaterSurfaceRendererScratch/vcpkg_installed/x64-windows/Windows/System32/cl.exe"
      - "D:/WaterSurfaceRendererScratch/vcpkg_installed/x64-windows/Windows/System32/cl"
      - "D:/WaterSurfaceRendererScratch/vcpkg_installed/x64-windows/Windows/System32/bcc.com"
      - "D:/WaterSurfaceRendererScratch/vcpkg_installed/x64-windows/Windows/System32/bcc.exe"
      - "D:/WaterSurfaceRendererScratch/vcpkg_installed/x64-windows/Windows/System32/bcc"
      - "D:/WaterSurfaceRendererScratch/vcpkg_installed/x64-windows/Windows/System32/xlc.com"
      - "D:/WaterSurfaceRendererScratch/vcpkg_installed/x64-windows/Windows/System32/xlc.exe"
      - "D:/WaterSurfaceRendererScratch/vcpkg_installed/x64-windows/Windows/System32/xlc"
      - "D:/WaterSurfaceRendererScratch/vcpkg_installed/x64-windows/Windows/System32/icx.com"
      - "D:/WaterSurfaceRendererScratch/vcpkg_installed/x64-windows/Windows/System32/icx.exe"
      - "D:/WaterSurfaceRendererScratch/vcpkg_installed/x64-windows/Windows/System32/icx"
      - "D:/WaterSurfaceRendererScratch/vcpkg_installed/x64-windows/Windows/System32/clang.com"
      - "D:/WaterSurfaceRendererScratch/vcpkg_installed/x64-windows/Windows/System32/clang.exe"
      - "D:/WaterSurfaceRendererScratch/vcpkg_installed/x64-windows/Windows/System32/clang"
      - "D:/WaterSurfaceRendererScratch/vcpkg_installed/x64-windows/Windows/cc.com"
      - "D:/WaterSurfaceRendererScratch/vcpkg_installed/x64-windows/Windows/cc.exe"
      - "D:/WaterSurfaceRendererScratch/vcpkg_installed/x64-windows/Windows/cc"
      - "D:/WaterSurfaceRendererScratch/vcpkg_installed/x64-windows/Windows/gcc.com"
      - "D:/WaterSurfaceRendererScratch/vcpkg_installed/x64-windows/Windows/gcc.exe"
      - "D:/WaterSurfaceRendererScratch/vcpkg_installed/x64-windows/Windows/gcc"
      - "D:/WaterSurfaceRendererScratch/vcpkg_installed/x64-windows/Windows/cl.com"
      - "D:/WaterSurfaceRendererScratch/vcpkg_installed/x64-windows/Windows/cl.exe"
      - "D:/WaterSurfaceRendererScratch/vcpkg_installed/x64-windows/Windows/cl"
      - "D:/WaterSurfaceRendererScratch/vcpkg_installed/x64-windows/Windows/bcc.com"
      - "D:/WaterSurfaceRendererScratch/vcpkg_installed/x64-windows/Windows/bcc.exe"
      - "D:/WaterSurfaceRendererScratch/vcpkg_installed/x64-windows/Windows/bcc"
      - "D:/WaterSurfaceRendererScratch/vcpkg_installed/x64-windows/Windows/xlc.com"
      - "D:/WaterSurfaceRendererScratch/vcpkg_installed/x64-windows/Windows/xlc.exe"
      - "D:/WaterSurfaceRendererScratch/vcpkg_installed/x64-windows/Windows/xlc"
      - "D:/WaterSurfaceRendererScratch/vcpkg_installed/x64-windows/Windows/icx.com"
      - "D:/WaterSurfaceRendererScratch/vcpkg_installed/x64-windows/Windows/icx.exe"
      - "D:/WaterSurfaceRendererScratch/vcpkg_installed/x64-windows/Windows/icx"
      - "D:/WaterSurfaceRendererScratch/vcpkg_installed/x64-windows/Windows/clang.com"
      - "D:/WaterSurfaceRendererScratch/vcpkg_installed/x64-windows/Windows/clang.exe"
      - "D:/WaterSurfaceRendererScratch/vcpkg_installed/x64-windows/Windows/clang"
      - "D:/WaterSurfaceRendererScratch/vcpkg_installed/x64-windows/Windows/System32/wbem/cc.com"
      - "D:/WaterSurfaceRendererScratch/vcpkg_installed/x64-windows/Windows/System32/wbem/cc.exe"
      - "D:/WaterSurfaceRendererScratch/vcpkg_installed/x64-windows/Windows/System32/wbem/cc"
      - "D:/WaterSurfaceRendererScratch/vcpkg_installed/x64-windows/Windows/System32/wbem/gcc.com"
      - "D:/WaterSurfaceRendererScratch/vcpkg_installed/x64-windows/Windows/System32/wbem/gcc.exe"
      - "D:/WaterSurfaceRendererScratch/vcpkg_installed/x64-windows/Windows/System32/wbem/gcc"
      - "D:/WaterSurfaceRendererScratch/vcpkg_installed/x64-windows/Windows/System32/wbem/cl.com"
      - "D:/WaterSurfaceRendererScratch/vcpkg_installed/x64-windows/Windows/System32/wbem/cl.exe"
      - "D:/WaterSurfaceRendererScratch/vcpkg_installed/x64-windows/Windows/System32/wbem/cl"
      - "D:/WaterSurfaceRendererScratch/vcpkg_installed/x64-windows/Windows/System32/wbem/bcc.com"
      - "D:/WaterSurfaceRendererScratch/vcpkg_installed/x64-windows/Windows/System32/wbem/bcc.exe"
      - "D:/WaterSurfaceRendererScratch/vcpkg_installed/x64-windows/Windows/System32/wbem/bcc"
      - "D:/WaterSurfaceRendererScratch/vcpkg_installed/x64-windows/Windows/System32/wbem/xlc.com"
      - "D:/WaterSurfaceRendererScratch/vcpkg_installed/x64-windows/Windows/System32/wbem/xlc.exe"
      - "D:/WaterSurfaceRendererScratch/vcpkg_installed/x64-windows/Windows/System32/wbem/xlc"
      - "D:/WaterSurfaceRendererScratch/vcpkg_installed/x64-windows/Windows/System32/wbem/icx.com"
      - "D:/WaterSurfaceRendererScratch/vcpkg_installed/x64-windows/Windows/System32/wbem/icx.exe"
      - "D:/WaterSurfaceRendererScratch/vcpkg_installed/x64-windows/Windows/System32/wbem/icx"
      - "D:/WaterSurfaceRendererScratch/vcpkg_installed/x64-windows/Windows/System32/wbem/clang.com"
      - "D:/WaterSurfaceRendererScratch/vcpkg_installed/x64-windows/Windows/System32/wbem/clang.exe"
      - "D:/WaterSurfaceRendererScratch/vcpkg_installed/x64-windows/Windows/System32/wbem/clang"
      - "D:/WaterSurfaceRendererScratch/vcpkg_installed/x64-windows/Windows/System32/WindowsPowerShell/v1.0/cc.com"
      - "D:/WaterSurfaceRendererScratch/vcpkg_installed/x64-windows/Windows/System32/WindowsPowerShell/v1.0/cc.exe"
      - "D:/WaterSurfaceRendererScratch/vcpkg_installed/x64-windows/Windows/System32/WindowsPowerShell/v1.0/cc"
      - "D:/WaterSurfaceRendererScratch/vcpkg_installed/x64-windows/Windows/System32/WindowsPowerShell/v1.0/gcc.com"
      - "D:/WaterSurfaceRendererScratch/vcpkg_installed/x64-windows/Windows/System32/WindowsPowerShell/v1.0/gcc.exe"
      - "D:/WaterSurfaceRendererScratch/vcpkg_installed/x64-windows/Windows/System32/WindowsPowerShell/v1.0/gcc"
      - "D:/WaterSurfaceRendererScratch/vcpkg_installed/x64-windows/Windows/System32/WindowsPowerShell/v1.0/cl.com"
      - "D:/WaterSurfaceRendererScratch/vcpkg_installed/x64-windows/Windows/System32/WindowsPowerShell/v1.0/cl.exe"
      - "D:/WaterSurfaceRendererScratch/vcpkg_installed/x64-windows/Windows/System32/WindowsPowerShell/v1.0/cl"
      - "D:/WaterSurfaceRendererScratch/vcpkg_installed/x64-windows/Windows/System32/WindowsPowerShell/v1.0/bcc.com"
      - "D:/WaterSurfaceRendererScratch/vcpkg_installed/x64-windows/Windows/System32/WindowsPowerShell/v1.0/bcc.exe"
      - "D:/WaterSurfaceRendererScratch/vcpkg_installed/x64-windows/Windows/System32/WindowsPowerShell/v1.0/bcc"
      - "D:/WaterSurfaceRendererScratch/vcpkg_installed/x64-windows/Windows/System32/WindowsPowerShell/v1.0/xlc.com"
      - "D:/WaterSurfaceRendererScratch/vcpkg_installed/x64-windows/Windows/System32/WindowsPowerShell/v1.0/xlc.exe"
      - "D:/WaterSurfaceRendererScratch/vcpkg_installed/x64-windows/Windows/System32/WindowsPowerShell/v1.0/xlc"
      - "D:/WaterSurfaceRendererScratch/vcpkg_installed/x64-windows/Windows/System32/WindowsPowerShell/v1.0/icx.com"
      - "D:/WaterSurfaceRendererScratch/vcpkg_installed/x64-windows/Windows/System32/WindowsPowerShell/v1.0/icx.exe"
      - "D:/WaterSurfaceRendererScratch/vcpkg_installed/x64-windows/Windows/System32/WindowsPowerShell/v1.0/icx"
      - "D:/WaterSurfaceRendererScratch/vcpkg_installed/x64-windows/Windows/System32/WindowsPowerShell/v1.0/clang.com"
      - "D:/WaterSurfaceRendererScratch/vcpkg_installed/x64-windows/Windows/System32/WindowsPowerShell/v1.0/clang.exe"
      - "D:/WaterSurfaceRendererScratch/vcpkg_installed/x64-windows/Windows/System32/WindowsPowerShell/v1.0/clang"
      - "D:/WaterSurfaceRendererScratch/vcpkg_installed/x64-windows/Windows/System32/OpenSSH/cc.com"
      - "D:/WaterSurfaceRendererScratch/vcpkg_installed/x64-windows/Windows/System32/OpenSSH/cc.exe"
      - "D:/WaterSurfaceRendererScratch/vcpkg_installed/x64-windows/Windows/System32/OpenSSH/cc"
      - "D:/WaterSurfaceRendererScratch/vcpkg_installed/x64-windows/Windows/System32/OpenSSH/gcc.com"
      - "D:/WaterSurfaceRendererScratch/vcpkg_installed/x64-windows/Windows/System32/OpenSSH/gcc.exe"
      - "D:/WaterSurfaceRendererScratch/vcpkg_installed/x64-windows/Windows/System32/OpenSSH/gcc"
      - "D:/WaterSurfaceRendererScratch/vcpkg_installed/x64-windows/Windows/System32/OpenSSH/cl.com"
      - "D:/WaterSurfaceRendererScratch/vcpkg_installed/x64-windows/Windows/System32/OpenSSH/cl.exe"
      - "D:/WaterSurfaceRendererScratch/vcpkg_installed/x64-windows/Windows/System32/OpenSSH/cl"
      - "D:/WaterSurfaceRendererScratch/vcpkg_installed/x64-windows/Windows/System32/OpenSSH/bcc.com"
      - "D:/WaterSurfaceRendererScratch/vcpkg_installed/x64-windows/Windows/System32/OpenSSH/bcc.exe"
      - "D:/WaterSurfaceRendererScratch/vcpkg_installed/x64-windows/Windows/System32/OpenSSH/bcc"
      - "D:/WaterSurfaceRendererScratch/vcpkg_installed/x64-windows/Windows/System32/OpenSSH/xlc.com"
      - "D:/WaterSurfaceRendererScratch/vcpkg_installed/x64-windows/Windows/System32/OpenSSH/xlc.exe"
      - "D:/WaterSurfaceRendererScratch/vcpkg_installed/x64-windows/Windows/System32/OpenSSH/xlc"
      - "D:/WaterSurfaceRendererScratch/vcpkg_installed/x64-windows/Windows/System32/OpenSSH/icx.com"
      - "D:/WaterSurfaceRendererScratch/vcpkg_installed/x64-windows/Windows/System32/OpenSSH/icx.exe"
      - "D:/WaterSurfaceRendererScratch/vcpkg_installed/x64-windows/Windows/System32/OpenSSH/icx"
      - "D:/WaterSurfaceRendererScratch/vcpkg_installed/x64-windows/Windows/System32/OpenSSH/clang.com"
      - "D:/WaterSurfaceRendererScratch/vcpkg_installed/x64-windows/Windows/System32/OpenSSH/clang.exe"
      - "D:/WaterSurfaceRendererScratch/vcpkg_installed/x64-windows/Windows/System32/OpenSSH/clang"
      - "D:/WaterSurfaceRendererScratch/vcpkg_installed/x64-windows/Microsoft Visual Studio/18/Community/Common7/IDE/CommonExtensions/Microsoft/CMake/CMake/bin/cc.com"
      - "D:/WaterSurfaceRendererScratch/vcpkg_installed/x64-windows/Microsoft Visual Studio/18/Community/Common7/IDE/CommonExtensions/Microsoft/CMake/CMake/bin/cc.exe"
      - "D:/WaterSurfaceRendererScratch/vcpkg_installed/x64-windows/Microsoft Visual Studio/18/Community/Common7/IDE/CommonExtensions/Microsoft/CMake/CMake/bin/cc"
      - "D:/WaterSurfaceRendererScratch/vcpkg_installed/x64-windows/Microsoft Visual Studio/18/Community/Common7/IDE/CommonExtensions/Microsoft/CMake/CMake/bin/gcc.com"
      - "D:/WaterSurfaceRendererScratch/vcpkg_installed/x64-windows/Microsoft Visual Studio/18/Community/Common7/IDE/CommonExtensions/Microsoft/CMake/CMake/bin/gcc.exe"
      - "D:/WaterSurfaceRendererScratch/vcpkg_installed/x64-windows/Microsoft Visual Studio/18/Community/Common7/IDE/CommonExtensions/Microsoft/CMake/CMake/bin/gcc"
      - "D:/WaterSurfaceRendererScratch/vcpkg_installed/x64-windows/Microsoft Visual Studio/18/Community/Common7/IDE/CommonExtensions/Microsoft/CMake/CMake/bin/cl.com"
      - "D:/WaterSurfaceRendererScratch/vcpkg_installed/x64-windows/Microsoft Visual Studio/18/Community/Common7/IDE/CommonExtensions/Microsoft/CMake/CMake/bin/cl.exe"
      - "D:/WaterSurfaceRendererScratch/vcpkg_installed/x64-windows/Microsoft Visual Studio/18/Community/Common7/IDE/CommonExtensions/Microsoft/CMake/CMake/bin/cl"
      - "D:/WaterSurfaceRendererScratch/vcpkg_installed/x64-windows/Microsoft Visual Studio/18/Community/Common7/IDE/CommonExtensions/Microsoft/CMake/CMake/bin/bcc.com"
      - "D:/WaterSurfaceRendererScratch/vcpkg_installed/x64-windows/Microsoft Visual Studio/18/Community/Common7/IDE/CommonExtensions/Microsoft/CMake/CMake/bin/bcc.exe"
      - "D:/WaterSurfaceRendererScratch/vcpkg_installed/x64-windows/Microsoft Visual Studio/18/Community/Common7/IDE/CommonExtensions/Microsoft/CMake/CMake/bin/bcc"
      - "D:/WaterSurfaceRendererScratch/vcpkg_installed/x64-windows/Microsoft Visual Studio/18/Community/Common7/IDE/CommonExtensions/Microsoft/CMake/CMake/bin/xlc.com"
      - "D:/WaterSurfaceRendererScratch/vcpkg_installed/x64-windows/Microsoft Visual Studio/18/Community/Common7/IDE/CommonExtensions/Microsoft/CMake/CMake/bin/xlc.exe"
      - "D:/WaterSurfaceRendererScratch/vcpkg_installed/x64-windows/Microsoft Visual Studio/18/Community/Common7/IDE/CommonExtensions/Microsoft/CMake/CMake/bin/xlc"
      - "D:/WaterSurfaceRendererScratch/vcpkg_installed/x64-windows/Microsoft Visual Studio/18/Community/Common7/IDE/CommonExtensions/Microsoft/CMake/CMake/bin/icx.com"
      - "D:/WaterSurfaceRendererScratch/vcpkg_installed/x64-windows/Microsoft Visual Studio/18/Community/Common7/IDE/CommonExtensions/Microsoft/CMake/CMake/bin/icx.exe"
      - "D:/WaterSurfaceRendererScratch/vcpkg_installed/x64-windows/Microsoft Visual Studio/18/Community/Common7/IDE/CommonExtensions/Microsoft/CMake/CMake/bin/icx"
      - "D:/WaterSurfaceRendererScratch/vcpkg_installed/x64-windows/Microsoft Visual Studio/18/Community/Common7/IDE/CommonExtensions/Microsoft/CMake/CMake/bin/clang.com"
      - "D:/WaterSurfaceRendererScratch/vcpkg_installed/x64-windows/Microsoft Visual Studio/18/Community/Common7/IDE/CommonExtensions/Microsoft/CMake/CMake/bin/clang.exe"
      - "D:/WaterSurfaceRendererScratch/vcpkg_installed/x64-windows/Microsoft Visual Studio/18/Community/Common7/IDE/CommonExtensions/Microsoft/CMake/CMake/bin/clang"
      - "D:/WaterSurfaceRendererScratch/vcpkg_installed/x64-windows/Microsoft Visual Studio/18/Community/Common7/IDE/CommonExtensions/Microsoft/CMake/Ninja/cc.com"
      - "D:/WaterSurfaceRendererScratch/vcpkg_installed/x64-windows/Microsoft Visual Studio/18/Community/Common7/IDE/CommonExtensions/Microsoft/CMake/Ninja/cc.exe"
      - "D:/WaterSurfaceRendererScratch/vcpkg_installed/x64-windows/Microsoft Visual Studio/18/Community/Common7/IDE/CommonExtensions/Microsoft/CMake/Ninja/cc"
      - "D:/WaterSurfaceRendererScratch/vcpkg_installed/x64-windows/Microsoft Visual Studio/18/Community/Common7/IDE/CommonExtensions/Microsoft/CMake/Ninja/gcc.com"
      - "D:/WaterSurfaceRendererScratch/vcpkg_installed/x64-windows/Microsoft Visual Studio/18/Community/Common7/IDE/CommonExtensions/Microsoft/CMake/Ninja/gcc.exe"
      - "D:/WaterSurfaceRendererScratch/vcpkg_installed/x64-windows/Microsoft Visual Studio/18/Community/Common7/IDE/CommonExtensions/Microsoft/CMake/Ninja/gcc"
      - "D:/WaterSurfaceRendererScratch/vcpkg_installed/x64-windows/Microsoft Visual Studio/18/Community/Common7/IDE/CommonExtensions/Microsoft/CMake/Ninja/cl.com"
      - "D:/WaterSurfaceRendererScratch/vcpkg_installed/x64-windows/Microsoft Visual Studio/18/Community/Common7/IDE/CommonExtensions/Microsoft/CMake/Ninja/cl.exe"
      - "D:/WaterSurfaceRendererScratch/vcpkg_installed/x64-windows/Microsoft Visual Studio/18/Community/Common7/IDE/CommonExtensions/Microsoft/CMake/Ninja/cl"
      - "D:/WaterSurfaceRendererScratch/vcpkg_installed/x64-windows/Microsoft Visual Studio/18/Community/Common7/IDE/CommonExtensions/Microsoft/CMake/Ninja/bcc.com"
      - "D:/WaterSurfaceRendererScratch/vcpkg_installed/x64-windows/Microsoft Visual Studio/18/Community/Common7/IDE/CommonExtensions/Microsoft/CMake/Ninja/bcc.exe"
      - "D:/WaterSurfaceRendererScratch/vcpkg_installed/x64-windows/Microsoft Visual Studio/18/Community/Common7/IDE/CommonExtensions/Microsoft/CMake/Ninja/bcc"
      - "D:/WaterSurfaceRendererScratch/vcpkg_installed/x64-windows/Microsoft Visual Studio/18/Community/Common7/IDE/CommonExtensions/Microsoft/CMake/Ninja/xlc.com"
      - "D:/WaterSurfaceRendererScratch/vcpkg_installed/x64-windows/Microsoft Visual Studio/18/Community/Common7/IDE/CommonExtensions/Microsoft/CMake/Ninja/xlc.exe"
      - "D:/WaterSurfaceRendererScratch/vcpkg_installed/x64-windows/Microsoft Visual Studio/18/Community/Common7/IDE/CommonExtensions/Microsoft/CMake/Ninja/xlc"
      - "D:/WaterSurfaceRendererScratch/vcpkg_installed/x64-windows/Microsoft Visual Studio/18/Community/Common7/IDE/CommonExtensions/Microsoft/CMake/Ninja/icx.com"
      - "D:/WaterSurfaceRendererScratch/vcpkg_installed/x64-windows/Microsoft Visual Studio/18/Community/Common7/IDE/CommonExtensions/Microsoft/CMake/Ninja/icx.exe"
      - "D:/WaterSurfaceRendererScratch/vcpkg_installed/x64-windows/Microsoft Visual Studio/18/Community/Common7/IDE/CommonExtensions/Microsoft/CMake/Ninja/icx"
      - "D:/WaterSurfaceRendererScratch/vcpkg_installed/x64-windows/Microsoft Visual Studio/18/Community/Common7/IDE/CommonExtensions/Microsoft/CMake/Ninja/clang.com"
      - "D:/WaterSurfaceRendererScratch/vcpkg_installed/x64-windows/Microsoft Visual Studio/18/Community/Common7/IDE/CommonExtensions/Microsoft/CMake/Ninja/clang.exe"
      - "D:/WaterSurfaceRendererScratch/vcpkg_installed/x64-windows/Microsoft Visual Studio/18/Community/Common7/IDE/CommonExtensions/Microsoft/CMake/Ninja/clang"
      - "D:/WaterSurfaceRendererScratch/vcpkg_installed/x64-windows/Microsoft Visual Studio/18/Community/Common7/IDE/VC/Linux/bin/ConnectionManagerExe/cc.com"
      - "D:/WaterSurfaceRendererScratch/vcpkg_installed/x64-windows/Microsoft Visual Studio/18/Community/Common7/IDE/VC/Linux/bin/ConnectionManagerExe/cc.exe"
      - "D:/WaterSurfaceRendererScratch/vcpkg_installed/x64-windows/Microsoft Visual Studio/18/Community/Common7/IDE/VC/Linux/bin/ConnectionManagerExe/cc"
      - "D:/WaterSurfaceRendererScratch/vcpkg_installed/x64-windows/Microsoft Visual Studio/18/Community/Common7/IDE/VC/Linux/bin/ConnectionManagerExe/gcc.com"
      - "D:/WaterSurfaceRendererScratch/vcpkg_installed/x64-windows/Microsoft Visual Studio/18/Community/Common7/IDE/VC/Linux/bin/ConnectionManagerExe/gcc.exe"
      - "D:/WaterSurfaceRendererScratch/vcpkg_installed/x64-windows/Microsoft Visual Studio/18/Community/Common7/IDE/VC/Linux/bin/ConnectionManagerExe/gcc"
      - "D:/WaterSurfaceRendererScratch/vcpkg_installed/x64-windows/Microsoft Visual Studio/18/Community/Common7/IDE/VC/Linux/bin/ConnectionManagerExe/cl.com"
      - "D:/WaterSurfaceRendererScratch/vcpkg_installed/x64-windows/Microsoft Visual Studio/18/Community/Common7/IDE/VC/Linux/bin/ConnectionManagerExe/cl.exe"
      - "D:/WaterSurfaceRendererScratch/vcpkg_installed/x64-windows/Microsoft Visual Studio/18/Community/Common7/IDE/VC/Linux/bin/ConnectionManagerExe/cl"
      - "D:/WaterSurfaceRendererScratch/vcpkg_installed/x64-windows/Microsoft Visual Studio/18/Community/Common7/IDE/VC/Linux/bin/ConnectionManagerExe/bcc.com"
      - "D:/WaterSurfaceRendererScratch/vcpkg_installed/x64-windows/Microsoft Visual Studio/18/Community/Common7/IDE/VC/Linux/bin/ConnectionManagerExe/bcc.exe"
      - "D:/WaterSurfaceRendererScratch/vcpkg_installed/x64-windows/Microsoft Visual Studio/18/Community/Common7/IDE/VC/Linux/bin/ConnectionManagerExe/bcc"
      - "D:/WaterSurfaceRendererScratch/vcpkg_installed/x64-windows/Microsoft Visual Studio/18/Community/Common7/IDE/VC/Linux/bin/ConnectionManagerExe/xlc.com"
      - "D:/WaterSurfaceRendererScratch/vcpkg_installed/x64-windows/Microsoft Visual Studio/18/Community/Common7/IDE/VC/Linux/bin/ConnectionManagerExe/xlc.exe"
      - "D:/WaterSurfaceRendererScratch/vcpkg_installed/x64-windows/Microsoft Visual Studio/18/Community/Common7/IDE/VC/Linux/bin/ConnectionManagerExe/xlc"
      - "D:/WaterSurfaceRendererScratch/vcpkg_installed/x64-windows/Microsoft Visual Studio/18/Community/Common7/IDE/VC/Linux/bin/ConnectionManagerExe/icx.com"
      - "D:/WaterSurfaceRendererScratch/vcpkg_installed/x64-windows/Microsoft Visual Studio/18/Community/Common7/IDE/VC/Linux/bin/ConnectionManagerExe/icx.exe"
      - "D:/WaterSurfaceRendererScratch/vcpkg_installed/x64-windows/Microsoft Visual Studio/18/Community/Common7/IDE/VC/Linux/bin/ConnectionManagerExe/icx"
      - "D:/WaterSurfaceRendererScratch/vcpkg_installed/x64-windows/Microsoft Visual Studio/18/Community/Common7/IDE/VC/Linux/bin/ConnectionManagerExe/clang.com"
      - "D:/WaterSurfaceRendererScratch/vcpkg_installed/x64-windows/Microsoft Visual Studio/18/Community/Common7/IDE/VC/Linux/bin/ConnectionManagerExe/clang.exe"
      - "D:/WaterSurfaceRendererScratch/vcpkg_installed/x64-windows/Microsoft Visual Studio/18/Community/Common7/IDE/VC/Linux/bin/ConnectionManagerExe/clang"
      - "D:/WaterSurfaceRendererScratch/vcpkg_installed/x64-windows/Microsoft Visual Studio/18/Community/VC/vcpkg/cc.com"
      - "D:/WaterSurfaceRendererScratch/vcpkg_installed/x64-windows/Microsoft Visual Studio/18/Community/VC/vcpkg/cc.exe"
      - "D:/WaterSurfaceRendererScratch/vcpkg_installed/x64-windows/Microsoft Visual Studio/18/Community/VC/vcpkg/cc"
      - "D:/WaterSurfaceRendererScratch/vcpkg_installed/x64-windows/Microsoft Visual Studio/18/Community/VC/vcpkg/gcc.com"
      - "D:/WaterSurfaceRendererScratch/vcpkg_installed/x64-windows/Microsoft Visual Studio/18/Community/VC/vcpkg/gcc.exe"
      - "D:/WaterSurfaceRendererScratch/vcpkg_installed/x64-windows/Microsoft Visual Studio/18/Community/VC/vcpkg/gcc"
      - "D:/WaterSurfaceRendererScratch/vcpkg_installed/x64-windows/Microsoft Visual Studio/18/Community/VC/vcpkg/cl.com"
      - "D:/WaterSurfaceRendererScratch/vcpkg_installed/x64-windows/Microsoft Visual Studio/18/Community/VC/vcpkg/cl.exe"
      - "D:/WaterSurfaceRendererScratch/vcpkg_installed/x64-windows/Microsoft Visual Studio/18/Community/VC/vcpkg/cl"
      - "D:/WaterSurfaceRendererScratch/vcpkg_installed/x64-windows/Microsoft Visual Studio/18/Community/VC/vcpkg/bcc.com"
      - "D:/WaterSurfaceRendererScratch/vcpkg_installed/x64-windows/Microsoft Visual Studio/18/Community/VC/vcpkg/bcc.exe"
      - "D:/WaterSurfaceRendererScratch/vcpkg_installed/x64-windows/Microsoft Visual Studio/18/Community/VC/vcpkg/bcc"
      - "D:/WaterSurfaceRendererScratch/vcpkg_installed/x64-windows/Microsoft Visual Studio/18/Community/VC/vcpkg/xlc.com"
      - "D:/WaterSurfaceRendererScratch/vcpkg_installed/x64-windows/Microsoft Visual Studio/18/Community/VC/vcpkg/xlc.exe"
      - "D:/WaterSurfaceRendererScratch/vcpkg_installed/x64-windows/Microsoft Visual Studio/18/Community/VC/vcpkg/xlc"
      - "D:/WaterSurfaceRendererScratch/vcpkg_installed/x64-windows/Microsoft Visual Studio/18/Community/VC/vcpkg/icx.com"
      - "D:/WaterSurfaceRendererScratch/vcpkg_installed/x64-windows/Microsoft Visual Studio/18/Community/VC/vcpkg/icx.exe"
      - "D:/WaterSurfaceRendererScratch/vcpkg_installed/x64-windows/Microsoft Visual Studio/18/Community/VC/vcpkg/icx"
      - "D:/WaterSurfaceRendererScratch/vcpkg_installed/x64-windows/Microsoft Visual Studio/18/Community/VC/vcpkg/clang.com"
      - "D:/WaterSurfaceRendererScratch/vcpkg_installed/x64-windows/Microsoft Visual Studio/18/Community/VC/vcpkg/clang.exe"
      - "D:/WaterSurfaceRendererScratch/vcpkg_installed/x64-windows/Microsoft Visual Studio/18/Community/VC/vcpkg/clang"
      - "D:/Microsoft Visual Studio/18/Community/VC/Tools/MSVC/14.51.36231/bin/Hostx64/x64/cc.com"
      - "D:/Microsoft Visual Studio/18/Community/VC/Tools/MSVC/14.51.36231/bin/Hostx64/x64/cc.exe"
      - "D:/Microsoft Visual Studio/18/Community/VC/Tools/MSVC/14.51.36231/bin/Hostx64/x64/cc"
      - "D:/Microsoft Visual Studio/18/Community/VC/Tools/MSVC/14.51.36231/bin/Hostx64/x64/gcc.com"
      - "D:/Microsoft Visual Studio/18/Community/VC/Tools/MSVC/14.51.36231/bin/Hostx64/x64/gcc.exe"
      - "D:/Microsoft Visual Studio/18/Community/VC/Tools/MSVC/14.51.36231/bin/Hostx64/x64/gcc"
      - "D:/Microsoft Visual Studio/18/Community/VC/Tools/MSVC/14.51.36231/bin/Hostx64/x64/cl.com"
    found: "D:/Microsoft Visual Studio/18/Community/VC/Tools/MSVC/14.51.36231/bin/Hostx64/x64/cl.exe"
    search_context:
      CMAKE_PROGRAM_PATH:
        - "D:/WaterSurfaceRendererScratch/vcpkg_installed/x64-windows/tools"
      CMAKE_PREFIX_PATH:
        - "D:/WaterSurfaceRendererScratch/vcpkg_installed/x64-windows/debug"
        - "D:/WaterSurfaceRendererScratch/vcpkg_installed/x64-windows"
      ENV{PATH}:
        - "D:\\Microsoft Visual Studio\\18\\Community\\VC\\Tools\\MSVC\\14.51.36231\\bin\\HostX64\\x64"
        - "D:\\Microsoft Visual Studio\\18\\Community\\Common7\\IDE\\VC\\VCPackages"
        - "D:\\Microsoft Visual Studio\\18\\Community\\Common7\\IDE\\CommonExtensions\\Microsoft\\TestWindow"
        - "D:\\Microsoft Visual Studio\\18\\Community\\Common7\\IDE\\CommonExtensions\\Microsoft\\TeamFoundation\\Team Explorer"
        - "D:\\Microsoft Visual Studio\\18\\Community\\MSBuild\\Current\\bin\\Roslyn"
        - "C:\\Program Files (x86)\\Microsoft SDKs\\Windows\\v10.0A\\bin\\NETFX 4.8 Tools\\x64\\"
        - "D:\\Microsoft Visual Studio\\18\\Community\\Team Tools\\DiagnosticsHub\\Collector"
        - "D:\\Microsoft Visual Studio\\18\\Community\\Common7\\IDE\\Extensions\\Microsoft\\CodeCoverage.Console"
        - "C:\\Program Files (x86)\\Windows Kits\\10\\bin\\10.0.26100.0\\\\x64"
        - "C:\\Program Files (x86)\\Windows Kits\\10\\bin\\\\x64"
        - "D:\\Microsoft Visual Studio\\18\\Community\\\\MSBuild\\Current\\Bin\\amd64"
        - "C:\\Windows\\Microsoft.NET\\Framework64\\v4.0.30319"
        - "D:\\Microsoft Visual Studio\\18\\Community\\Common7\\IDE\\"
        - "D:\\Microsoft Visual Studio\\18\\Community\\Common7\\Tools\\"
        - "C:\\Users\\xukeheng\\AppData\\Local\\vcpkg\\downloads\\tools\\powershell-core-7.5.4-windows"
        - "C:\\windows\\system32"
        - "C:\\windows"
        - "C:\\windows\\system32\\Wbem"
        - "C:\\windows\\system32\\WindowsPowerShell\\v1.0\\"
        - "C:\\windows\\system32\\OpenSSH\\"
        - "D:\\Microsoft Visual Studio\\18\\Community\\Common7\\IDE\\CommonExtensions\\Microsoft\\CMake\\CMake\\bin"
        - "D:\\Microsoft Visual Studio\\18\\Community\\Common7\\IDE\\CommonExtensions\\Microsoft\\CMake\\Ninja"
        - "D:\\Microsoft Visual Studio\\18\\Community\\Common7\\IDE\\VC\\Linux\\bin\\ConnectionManagerExe"
        - "D:\\Microsoft Visual Studio\\18\\Community\\VC\\vcpkg"
        - "D:\\Microsoft Visual Studio\\18\\Community\\Common7\\IDE\\CommonExtensions\\Microsoft\\CMake\\Ninja"
        - "D:\\Microsoft Visual Studio\\18\\Community\\Common7\\IDE\\CommonExtensions\\Microsoft\\CMake\\Ninja"
      CMAKE_INSTALL_PREFIX: "D:/WaterSurfaceRendererScratch/vcpkg_installed/vcpkg/pkgs/fftw3_x64-windows/debug"
      CMAKE_FIND_ROOT_PATH: "D:/WaterSurfaceRendererScratch/vcpkg_installed/x64-windows/debug;D:/WaterSurfaceRendererScratch/vcpkg_installed/x64-windows"
  -
    kind: "find-v1"
    backtrace:
      - "D:/Microsoft Visual Studio/18/Community/Common7/IDE/CommonExtensions/Microsoft/CMake/CMake/share/cmake-4.3/Modules/CMakeDetermineCompilerId.cmake:468 (find_file)"
      - "D:/Microsoft Visual Studio/18/Community/Common7/IDE/CommonExtensions/Microsoft/CMake/CMake/share/cmake-4.3/Modules/CMakeDetermineCompilerId.cmake:506 (CMAKE_DETERMINE_COMPILER_ID_WRITE)"
      - "D:/Microsoft Visual Studio/18/Community/Common7/IDE/CommonExtensions/Microsoft/CMake/CMake/share/cmake-4.3/Modules/CMakeDetermineCompilerId.cmake:8 (CMAKE_DETERMINE_COMPILER_ID_BUILD)"
      - "D:/Microsoft Visual Studio/18/Community/Common7/IDE/CommonExtensions/Microsoft/CMake/CMake/share/cmake-4.3/Modules/CMakeDetermineCompilerId.cmake:64 (__determine_compiler_id_test)"
      - "D:/Microsoft Visual Studio/18/Community/Common7/IDE/CommonExtensions/Microsoft/CMake/CMake/share/cmake-4.3/Modules/CMakeDetermineCCompiler.cmake:122 (CMAKE_DETERMINE_COMPILER_ID)"
      - "CMakeLists.txt:7 (project)"
    mode: "file"
    variable: "src_in"
    description: "Path to a file."
    settings:
      SearchFramework: "LAST"
      SearchAppBundle: "LAST"
      CMAKE_FIND_USE_CMAKE_PATH: true
      CMAKE_FIND_USE_CMAKE_ENVIRONMENT_PATH: true
      CMAKE_FIND_USE_SYSTEM_ENVIRONMENT_PATH: true
      CMAKE_FIND_USE_CMAKE_SYSTEM_PATH: true
      CMAKE_FIND_USE_INSTALL_PREFIX: true
    names:
      - "CMakeCCompilerId.c.in"
    candidate_directories:
      - "D:/Microsoft Visual Studio/18/Community/Common7/IDE/CommonExtensions/Microsoft/CMake/CMake/share/cmake-4.3/Modules/"
    found: "D:/Microsoft Visual Studio/18/Community/Common7/IDE/CommonExtensions/Microsoft/CMake/CMake/share/cmake-4.3/Modules/CMakeCCompilerId.c.in"
    search_context:
      CMAKE_PREFIX_PATH:
        - "D:/WaterSurfaceRendererScratch/vcpkg_installed/x64-windows/debug"
        - "D:/WaterSurfaceRendererScratch/vcpkg_installed/x64-windows"
      ENV{PATH}:
        - "D:\\Microsoft Visual Studio\\18\\Community\\VC\\Tools\\MSVC\\14.51.36231\\bin\\HostX64\\x64"
        - "D:\\Microsoft Visual Studio\\18\\Community\\Common7\\IDE\\VC\\VCPackages"
        - "D:\\Microsoft Visual Studio\\18\\Community\\Common7\\IDE\\CommonExtensions\\Microsoft\\TestWindow"
        - "D:\\Microsoft Visual Studio\\18\\Community\\Common7\\IDE\\CommonExtensions\\Microsoft\\TeamFoundation\\Team Explorer"
        - "D:\\Microsoft Visual Studio\\18\\Community\\MSBuild\\Current\\bin\\Roslyn"
        - "C:\\Program Files (x86)\\Microsoft SDKs\\Windows\\v10.0A\\bin\\NETFX 4.8 Tools\\x64\\"
        - "D:\\Microsoft Visual Studio\\18\\Community\\Team Tools\\DiagnosticsHub\\Collector"
        - "D:\\Microsoft Visual Studio\\18\\Community\\Common7\\IDE\\Extensions\\Microsoft\\CodeCoverage.Console"
        - "C:\\Program Files (x86)\\Windows Kits\\10\\bin\\10.0.26100.0\\\\x64"
        - "C:\\Program Files (x86)\\Windows Kits\\10\\bin\\\\x64"
        - "D:\\Microsoft Visual Studio\\18\\Community\\\\MSBuild\\Current\\Bin\\amd64"
        - "C:\\Windows\\Microsoft.NET\\Framework64\\v4.0.30319"
        - "D:\\Microsoft Visual Studio\\18\\Community\\Common7\\IDE\\"
        - "D:\\Microsoft Visual Studio\\18\\Community\\Common7\\Tools\\"
        - "C:\\Users\\xukeheng\\AppData\\Local\\vcpkg\\downloads\\tools\\powershell-core-7.5.4-windows"
        - "C:\\windows\\system32"
        - "C:\\windows"
        - "C:\\windows\\system32\\Wbem"
        - "C:\\windows\\system32\\WindowsPowerShell\\v1.0\\"
        - "C:\\windows\\system32\\OpenSSH\\"
        - "D:\\Microsoft Visual Studio\\18\\Community\\Common7\\IDE\\CommonExtensions\\Microsoft\\CMake\\CMake\\bin"
        - "D:\\Microsoft Visual Studio\\18\\Community\\Common7\\IDE\\CommonExtensions\\Microsoft\\CMake\\Ninja"
        - "D:\\Microsoft Visual Studio\\18\\Community\\Common7\\IDE\\VC\\Linux\\bin\\ConnectionManagerExe"
        - "D:\\Microsoft Visual Studio\\18\\Community\\VC\\vcpkg"
        - "D:\\Microsoft Visual Studio\\18\\Community\\Common7\\IDE\\CommonExtensions\\Microsoft\\CMake\\Ninja"
        - "D:\\Microsoft Visual Studio\\18\\Community\\Common7\\IDE\\CommonExtensions\\Microsoft\\CMake\\Ninja"
      CMAKE_INSTALL_PREFIX: "D:/WaterSurfaceRendererScratch/vcpkg_installed/vcpkg/pkgs/fftw3_x64-windows/debug"
      CMAKE_FIND_ROOT_PATH: "D:/WaterSurfaceRendererScratch/vcpkg_installed/x64-windows/debug;D:/WaterSurfaceRendererScratch/vcpkg_installed/x64-windows"
      ENV{INCLUDE}:
        - "D:\\Microsoft Visual Studio\\18\\Community\\VC\\Tools\\MSVC\\14.51.36231\\include"
        - "D:\\Microsoft Visual Studio\\18\\Community\\VC\\Tools\\MSVC\\14.51.36231\\ATLMFC\\include"
        - "D:\\Microsoft Visual Studio\\18\\Community\\VC\\Auxiliary\\VS\\include"
        - "C:\\Program Files (x86)\\Windows Kits\\10\\include\\10.0.26100.0\\ucrt"
        - "C:\\Program Files (x86)\\Windows Kits\\10\\\\include\\10.0.26100.0\\\\um"
        - "C:\\Program Files (x86)\\Windows Kits\\10\\\\include\\10.0.26100.0\\\\shared"
        - "C:\\Program Files (x86)\\Windows Kits\\10\\\\include\\10.0.26100.0\\\\winrt"
        - "C:\\Program Files (x86)\\Windows Kits\\10\\\\include\\10.0.26100.0\\\\cppwinrt"
        - "C:\\Program Files (x86)\\Windows Kits\\NETFXSDK\\4.8\\include\\um"
  -
    kind: "message-v1"
    backtrace:
      - "D:/Microsoft Visual Studio/18/Community/Common7/IDE/CommonExtensions/Microsoft/CMake/CMake/share/cmake-4.3/Modules/CMakeDetermineCompilerId.cmake:17 (message)"
      - "D:/Microsoft Visual Studio/18/Community/Common7/IDE/CommonExtensions/Microsoft/CMake/CMake/share/cmake-4.3/Modules/CMakeDetermineCompilerId.cmake:64 (__determine_compiler_id_test)"
      - "D:/Microsoft Visual Studio/18/Community/Common7/IDE/CommonExtensions/Microsoft/CMake/CMake/share/cmake-4.3/Modules/CMakeDetermineCCompiler.cmake:122 (CMAKE_DETERMINE_COMPILER_ID)"
      - "CMakeLists.txt:7 (project)"
    message: |
      Compiling the C compiler identification source file "CMakeCCompilerId.c" succeeded.
      Compiler: D:/Microsoft Visual Studio/18/Community/VC/Tools/MSVC/14.51.36231/bin/Hostx64/x64/cl.exe 
      Build flags: /nologo;/DWIN32;/D_WINDOWS;/utf-8;/MP
      Id flags:  
      
      The output was:
      0
      CMakeCCompilerId.c
      
      
      Compilation of the C compiler identification source "CMakeCCompilerId.c" produced "CMakeCCompilerId.exe"
      
      Compilation of the C compiler identification source "CMakeCCompilerId.c" produced "CMakeCCompilerId.obj"
      
      The C compiler identification is MSVC, found in:
        D:/WaterSurfaceRendererScratch/vcpkg_installed/vcpkg/blds/fftw3/x64-windows-dbg/CMakeFiles/4.3.1-msvc1/CompilerIdC/CMakeCCompilerId.exe
      
  -
    kind: "message-v1"
    backtrace:
      - "D:/Microsoft Visual Studio/18/Community/Common7/IDE/CommonExtensions/Microsoft/CMake/CMake/share/cmake-4.3/Modules/CMakeDetermineCompilerId.cmake:1347 (message)"
      - "D:/Microsoft Visual Studio/18/Community/Common7/IDE/CommonExtensions/Microsoft/CMake/CMake/share/cmake-4.3/Modules/CMakeDetermineCompilerId.cmake:250 (CMAKE_DETERMINE_MSVC_SHOWINCLUDES_PREFIX)"
      - "D:/Microsoft Visual Studio/18/Community/Common7/IDE/CommonExtensions/Microsoft/CMake/CMake/share/cmake-4.3/Modules/CMakeDetermineCCompiler.cmake:122 (CMAKE_DETERMINE_COMPILER_ID)"
      - "CMakeLists.txt:7 (project)"
    message: |
      Detecting C compiler /showIncludes prefix:
        main.c
        注意: 包含文件:  D:\\WaterSurfaceRendererScratch\\vcpkg_installed\\vcpkg\\blds\\fftw3\\x64-windows-dbg\\CMakeFiles\\ShowIncludes\\foo.h
        
      Found prefix "注意: 包含文件:  "
  -
    kind: "find-v1"
    backtrace:
      - "D:/Microsoft Visual Studio/18/Community/Common7/IDE/CommonExtensions/Microsoft/CMake/CMake/share/cmake-4.3/Modules/CMakeFindBinUtils.cmake:37 (find_program)"
      - "D:/Microsoft Visual Studio/18/Community/Common7/IDE/CommonExtensions/Microsoft/CMake/CMake/share/cmake-4.3/Modules/CMakeFindBinUtils.cmake:65 (__resolve_tool_path)"
      - "D:/Microsoft Visual Studio/18/Community/Common7/IDE/CommonExtensions/Microsoft/CMake/CMake/share/cmake-4.3/Modules/CMakeFindBinUtils.cmake:103 (__resolve_linker_path)"
      - "D:/Microsoft Visual Studio/18/Community/Common7/IDE/CommonExtensions/Microsoft/CMake/CMake/share/cmake-4.3/Modules/CMakeDetermineCCompiler.cmake:200 (include)"
      - "CMakeLists.txt:7 (project)"
    mode: "program"
    variable: "_CMAKE_TOOL_WITH_PATH"
    description: "Path to a program."
    settings:
      SearchFramework: "LAST"
      SearchAppBundle: "LAST"
      CMAKE_FIND_USE_CMAKE_PATH: false
      CMAKE_FIND_USE_CMAKE_ENVIRONMENT_PATH: false
      CMAKE_FIND_USE_SYSTEM_ENVIRONMENT_PATH: true
      CMAKE_FIND_USE_CMAKE_SYSTEM_PATH: true
      CMAKE_FIND_USE_INSTALL_PREFIX: true
    names:
      - "link"
    candidate_directories:
      - "D:/WaterSurfaceRendererScratch/vcpkg_installed/x64-windows/debug/Microsoft Visual Studio/18/Community/VC/Tools/MSVC/14.51.36231/bin/Hostx64/x64/"
      - "D:/WaterSurfaceRendererScratch/vcpkg_installed/x64-windows/debug/Microsoft Visual Studio/18/Community/Common7/IDE/VC/vcpackages/"
      - "D:/WaterSurfaceRendererScratch/vcpkg_installed/x64-windows/debug/Microsoft Visual Studio/18/Community/Common7/IDE/CommonExtensions/Microsoft/TestWindow/"
      - "D:/WaterSurfaceRendererScratch/vcpkg_installed/x64-windows/debug/Microsoft Visual Studio/18/Community/Common7/IDE/CommonExtensions/Microsoft/TeamFoundation/Team Explorer/"
      - "D:/WaterSurfaceRendererScratch/vcpkg_installed/x64-windows/debug/Microsoft Visual Studio/18/Community/MSBuild/Current/Bin/Roslyn/"
      - "D:/WaterSurfaceRendererScratch/vcpkg_installed/x64-windows/debug/Program Files (x86)/Microsoft SDKs/Windows/v10.0A/bin/NETFX 4.8 Tools/x64/"
      - "D:/WaterSurfaceRendererScratch/vcpkg_installed/x64-windows/debug/Microsoft Visual Studio/18/Community/Team Tools/DiagnosticsHub/Collector/"
      - "D:/WaterSurfaceRendererScratch/vcpkg_installed/x64-windows/debug/Microsoft Visual Studio/18/Community/Common7/IDE/Extensions/Microsoft/CodeCoverage.Console/"
      - "D:/WaterSurfaceRendererScratch/vcpkg_installed/x64-windows/debug/Program Files (x86)/Windows Kits/10/bin/10.0.26100.0/x64/"
      - "D:/WaterSurfaceRendererScratch/vcpkg_installed/x64-windows/debug/Program Files (x86)/Windows Kits/10/bin/x64/"
      - "D:/WaterSurfaceRendererScratch/vcpkg_installed/x64-windows/debug/Microsoft Visual Studio/18/Community/MSBuild/Current/Bin/amd64/"
      - "D:/WaterSurfaceRendererScratch/vcpkg_installed/x64-windows/debug/Windows/Microsoft.NET/Framework64/v4.0.30319/"
      - "D:/WaterSurfaceRendererScratch/vcpkg_installed/x64-windows/debug/Microsoft Visual Studio/18/Community/Common7/IDE/"
      - "D:/WaterSurfaceRendererScratch/vcpkg_installed/x64-windows/debug/Microsoft Visual Studio/18/Community/Common7/Tools/"
      - "D:/WaterSurfaceRendererScratch/vcpkg_installed/x64-windows/debug/Users/xukeheng/AppData/Local/vcpkg/downloads/tools/powershell-core-7.5.4-windows/"
      - "D:/WaterSurfaceRendererScratch/vcpkg_installed/x64-windows/debug/Windows/System32/"
      - "D:/WaterSurfaceRendererScratch/vcpkg_installed/x64-windows/debug/Windows/"
      - "D:/WaterSurfaceRendererScratch/vcpkg_installed/x64-windows/debug/Windows/System32/wbem/"
      - "D:/WaterSurfaceRendererScratch/vcpkg_installed/x64-windows/debug/Windows/System32/WindowsPowerShell/v1.0/"
      - "D:/WaterSurfaceRendererScratch/vcpkg_installed/x64-windows/debug/Windows/System32/OpenSSH/"
      - "D:/WaterSurfaceRendererScratch/vcpkg_installed/x64-windows/debug/Microsoft Visual Studio/18/Community/Common7/IDE/CommonExtensions/Microsoft/CMake/CMake/bin/"
      - "D:/WaterSurfaceRendererScratch/vcpkg_installed/x64-windows/debug/Microsoft Visual Studio/18/Community/Common7/IDE/CommonExtensions/Microsoft/CMake/Ninja/"
      - "D:/WaterSurfaceRendererScratch/vcpkg_installed/x64-windows/debug/Microsoft Visual Studio/18/Community/Common7/IDE/VC/Linux/bin/ConnectionManagerExe/"
      - "D:/WaterSurfaceRendererScratch/vcpkg_installed/x64-windows/debug/Microsoft Visual Studio/18/Community/VC/vcpkg/"
      - "D:/WaterSurfaceRendererScratch/vcpkg_installed/x64-windows/Microsoft Visual Studio/18/Community/VC/Tools/MSVC/14.51.36231/bin/Hostx64/x64/"
      - "D:/WaterSurfaceRendererScratch/vcpkg_installed/x64-windows/Microsoft Visual Studio/18/Community/Common7/IDE/VC/vcpackages/"
      - "D:/WaterSurfaceRendererScratch/vcpkg_installed/x64-windows/Microsoft Visual Studio/18/Community/Common7/IDE/CommonExtensions/Microsoft/TestWindow/"
      - "D:/WaterSurfaceRendererScratch/vcpkg_installed/x64-windows/Microsoft Visual Studio/18/Community/Common7/IDE/CommonExtensions/Microsoft/TeamFoundation/Team Explorer/"
      - "D:/WaterSurfaceRendererScratch/vcpkg_installed/x64-windows/Microsoft Visual Studio/18/Community/MSBuild/Current/Bin/Roslyn/"
      - "D:/WaterSurfaceRendererScratch/vcpkg_installed/x64-windows/Program Files (x86)/Microsoft SDKs/Windows/v10.0A/bin/NETFX 4.8 Tools/x64/"
      - "D:/WaterSurfaceRendererScratch/vcpkg_installed/x64-windows/Microsoft Visual Studio/18/Community/Team Tools/DiagnosticsHub/Collector/"
      - "D:/WaterSurfaceRendererScratch/vcpkg_installed/x64-windows/Microsoft Visual Studio/18/Community/Common7/IDE/Extensions/Microsoft/CodeCoverage.Console/"
      - "D:/WaterSurfaceRendererScratch/vcpkg_installed/x64-windows/Program Files (x86)/Windows Kits/10/bin/10.0.26100.0/x64/"
      - "D:/WaterSurfaceRendererScratch/vcpkg_installed/x64-windows/Program Files (x86)/Windows Kits/10/bin/x64/"
      - "D:/WaterSurfaceRendererScratch/vcpkg_installed/x64-windows/Microsoft Visual Studio/18/Community/MSBuild/Current/Bin/amd64/"
      - "D:/WaterSurfaceRendererScratch/vcpkg_installed/x64-windows/Windows/Microsoft.NET/Framework64/v4.0.30319/"
      - "D:/WaterSurfaceRendererScratch/vcpkg_installed/x64-windows/Microsoft Visual Studio/18/Community/Common7/IDE/"
      - "D:/WaterSurfaceRendererScratch/vcpkg_installed/x64-windows/Microsoft Visual Studio/18/Community/Common7/Tools/"
      - "D:/WaterSurfaceRendererScratch/vcpkg_installed/x64-windows/Users/xukeheng/AppData/Local/vcpkg/downloads/tools/powershell-core-7.5.4-windows/"
      - "D:/WaterSurfaceRendererScratch/vcpkg_installed/x64-windows/Windows/System32/"
      - "D:/WaterSurfaceRendererScratch/vcpkg_installed/x64-windows/Windows/"
      - "D:/WaterSurfaceRendererScratch/vcpkg_installed/x64-windows/Windows/System32/wbem/"
      - "D:/WaterSurfaceRendererScratch/vcpkg_installed/x64-windows/Windows/System32/WindowsPowerShell/v1.0/"
      - "D:/WaterSurfaceRendererScratch/vcpkg_installed/x64-windows/Windows/System32/OpenSSH/"
      - "D:/WaterSurfaceRendererScratch/vcpkg_installed/x64-windows/Microsoft Visual Studio/18/Community/Common7/IDE/CommonExtensions/Microsoft/CMake/CMake/bin/"
      - "D:/WaterSurfaceRendererScratch/vcpkg_installed/x64-windows/Microsoft Visual Studio/18/Community/Common7/IDE/CommonExtensions/Microsoft/CMake/Ninja/"
      - "D:/WaterSurfaceRendererScratch/vcpkg_installed/x64-windows/Microsoft Visual Studio/18/Community/Common7/IDE/VC/Linux/bin/ConnectionManagerExe/"
      - "D:/WaterSurfaceRendererScratch/vcpkg_installed/x64-windows/Microsoft Visual Studio/18/Community/VC/vcpkg/"
      - "D:/Microsoft Visual Studio/18/Community/VC/Tools/MSVC/14.51.36231/bin/Hostx64/x64/"
      - "D:/Microsoft Visual Studio/18/Community/Common7/IDE/VC/vcpackages/"
      - "D:/Microsoft Visual Studio/18/Community/Common7/IDE/CommonExtensions/Microsoft/TestWindow/"
      - "D:/Microsoft Visual Studio/18/Community/Common7/IDE/CommonExtensions/Microsoft/TeamFoundation/Team Explorer/"
      - "D:/Microsoft Visual Studio/18/Community/MSBuild/Current/Bin/Roslyn/"
      - "C:/Program Files (x86)/Microsoft SDKs/Windows/v10.0A/bin/NETFX 4.8 Tools/x64/"
      - "D:/Microsoft Visual Studio/18/Community/Team Tools/DiagnosticsHub/Collector/"
      - "D:/Microsoft Visual Studio/18/Community/Common7/IDE/Extensions/Microsoft/CodeCoverage.Console/"
      - "C:/Program Files (x86)/Windows Kits/10/bin/10.0.26100.0/x64/"
      - "C:/Program Files (x86)/Windows Kits/10/bin/x64/"
      - "D:/Microsoft Visual Studio/18/Community/MSBuild/Current/Bin/amd64/"
      - "C:/Windows/Microsoft.NET/Framework64/v4.0.30319/"
      - "D:/Microsoft Visual Studio/18/Community/Common7/IDE/"
      - "D:/Microsoft Visual Studio/18/Community/Common7/Tools/"
      - "C:/Users/xukeheng/AppData/Local/vcpkg/downloads/tools/powershell-core-7.5.4-windows/"
      - "C:/Windows/System32/"
      - "C:/Windows/"
      - "C:/Windows/System32/wbem/"
      - "C:/Windows/System32/WindowsPowerShell/v1.0/"
      - "C:/Windows/System32/OpenSSH/"
      - "D:/Microsoft Visual Studio/18/Community/Common7/IDE/CommonExtensions/Microsoft/CMake/CMake/bin/"
      - "D:/Microsoft Visual Studio/18/Community/Common7/IDE/CommonExtensions/Microsoft/CMake/Ninja/"
      - "D:/Microsoft Visual Studio/18/Community/Common7/IDE/VC/Linux/bin/ConnectionManagerExe/"
      - "D:/Microsoft Visual Studio/18/Community/VC/vcpkg/"
    searched_directories:
      - "D:/WaterSurfaceRendererScratch/vcpkg_installed/x64-windows/debug/Microsoft Visual Studio/18/Community/VC/Tools/MSVC/14.51.36231/bin/Hostx64/x64/link.com"
      - "D:/WaterSurfaceRendererScratch/vcpkg_installed/x64-windows/debug/Microsoft Visual Studio/18/Community/VC/Tools/MSVC/14.51.36231/bin/Hostx64/x64/link.exe"
      - "D:/WaterSurfaceRendererScratch/vcpkg_installed/x64-windows/debug/Microsoft Visual Studio/18/Community/VC/Tools/MSVC/14.51.36231/bin/Hostx64/x64/link"
      - "D:/WaterSurfaceRendererScratch/vcpkg_installed/x64-windows/debug/Microsoft Visual Studio/18/Community/Common7/IDE/VC/vcpackages/link.com"
      - "D:/WaterSurfaceRendererScratch/vcpkg_installed/x64-windows/debug/Microsoft Visual Studio/18/Community/Common7/IDE/VC/vcpackages/link.exe"
      - "D:/WaterSurfaceRendererScratch/vcpkg_installed/x64-windows/debug/Microsoft Visual Studio/18/Community/Common7/IDE/VC/vcpackages/link"
      - "D:/WaterSurfaceRendererScratch/vcpkg_installed/x64-windows/debug/Microsoft Visual Studio/18/Community/Common7/IDE/CommonExtensions/Microsoft/TestWindow/link.com"
      - "D:/WaterSurfaceRendererScratch/vcpkg_installed/x64-windows/debug/Microsoft Visual Studio/18/Community/Common7/IDE/CommonExtensions/Microsoft/TestWindow/link.exe"
      - "D:/WaterSurfaceRendererScratch/vcpkg_installed/x64-windows/debug/Microsoft Visual Studio/18/Community/Common7/IDE/CommonExtensions/Microsoft/TestWindow/link"
      - "D:/WaterSurfaceRendererScratch/vcpkg_installed/x64-windows/debug/Microsoft Visual Studio/18/Community/Common7/IDE/CommonExtensions/Microsoft/TeamFoundation/Team Explorer/link.com"
      - "D:/WaterSurfaceRendererScratch/vcpkg_installed/x64-windows/debug/Microsoft Visual Studio/18/Community/Common7/IDE/CommonExtensions/Microsoft/TeamFoundation/Team Explorer/link.exe"
      - "D:/WaterSurfaceRendererScratch/vcpkg_installed/x64-windows/debug/Microsoft Visual Studio/18/Community/Common7/IDE/CommonExtensions/Microsoft/TeamFoundation/Team Explorer/link"
      - "D:/WaterSurfaceRendererScratch/vcpkg_installed/x64-windows/debug/Microsoft Visual Studio/18/Community/MSBuild/Current/Bin/Roslyn/link.com"
      - "D:/WaterSurfaceRendererScratch/vcpkg_installed/x64-windows/debug/Microsoft Visual Studio/18/Community/MSBuild/Current/Bin/Roslyn/link.exe"
      - "D:/WaterSurfaceRendererScratch/vcpkg_installed/x64-windows/debug/Microsoft Visual Studio/18/Community/MSBuild/Current/Bin/Roslyn/link"
      - "D:/WaterSurfaceRendererScratch/vcpkg_installed/x64-windows/debug/Program Files (x86)/Microsoft SDKs/Windows/v10.0A/bin/NETFX 4.8 Tools/x64/link.com"
      - "D:/WaterSurfaceRendererScratch/vcpkg_installed/x64-windows/debug/Program Files (x86)/Microsoft SDKs/Windows/v10.0A/bin/NETFX 4.8 Tools/x64/link.exe"
      - "D:/WaterSurfaceRendererScratch/vcpkg_installed/x64-windows/debug/Program Files (x86)/Microsoft SDKs/Windows/v10.0A/bin/NETFX 4.8 Tools/x64/link"
      - "D:/WaterSurfaceRendererScratch/vcpkg_installed/x64-windows/debug/Microsoft Visual Studio/18/Community/Team Tools/DiagnosticsHub/Collector/link.com"
      - "D:/WaterSurfaceRendererScratch/vcpkg_installed/x64-windows/debug/Microsoft Visual Studio/18/Community/Team Tools/DiagnosticsHub/Collector/link.exe"
      - "D:/WaterSurfaceRendererScratch/vcpkg_installed/x64-windows/debug/Microsoft Visual Studio/18/Community/Team Tools/DiagnosticsHub/Collector/link"
      - "D:/WaterSurfaceRendererScratch/vcpkg_installed/x64-windows/debug/Microsoft Visual Studio/18/Community/Common7/IDE/Extensions/Microsoft/CodeCoverage.Console/link.com"
      - "D:/WaterSurfaceRendererScratch/vcpkg_installed/x64-windows/debug/Microsoft Visual Studio/18/Community/Common7/IDE/Extensions/Microsoft/CodeCoverage.Console/link.exe"
      - "D:/WaterSurfaceRendererScratch/vcpkg_installed/x64-windows/debug/Microsoft Visual Studio/18/Community/Common7/IDE/Extensions/Microsoft/CodeCoverage.Console/link"
      - "D:/WaterSurfaceRendererScratch/vcpkg_installed/x64-windows/debug/Program Files (x86)/Windows Kits/10/bin/10.0.26100.0/x64/link.com"
      - "D:/WaterSurfaceRendererScratch/vcpkg_installed/x64-windows/debug/Program Files (x86)/Windows Kits/10/bin/10.0.26100.0/x64/link.exe"
      - "D:/WaterSurfaceRendererScratch/vcpkg_installed/x64-windows/debug/Program Files (x86)/Windows Kits/10/bin/10.0.26100.0/x64/link"
      - "D:/WaterSurfaceRendererScratch/vcpkg_installed/x64-windows/debug/Program Files (x86)/Windows Kits/10/bin/x64/link.com"
      - "D:/WaterSurfaceRendererScratch/vcpkg_installed/x64-windows/debug/Program Files (x86)/Windows Kits/10/bin/x64/link.exe"
      - "D:/WaterSurfaceRendererScratch/vcpkg_installed/x64-windows/debug/Program Files (x86)/Windows Kits/10/bin/x64/link"
      - "D:/WaterSurfaceRendererScratch/vcpkg_installed/x64-windows/debug/Microsoft Visual Studio/18/Community/MSBuild/Current/Bin/amd64/link.com"
      - "D:/WaterSurfaceRendererScratch/vcpkg_installed/x64-windows/debug/Microsoft Visual Studio/18/Community/MSBuild/Current/Bin/amd64/link.exe"
      - "D:/WaterSurfaceRendererScratch/vcpkg_installed/x64-windows/debug/Microsoft Visual Studio/18/Community/MSBuild/Current/Bin/amd64/link"
      - "D:/WaterSurfaceRendererScratch/vcpkg_installed/x64-windows/debug/Windows/Microsoft.NET/Framework64/v4.0.30319/link.com"
      - "D:/WaterSurfaceRendererScratch/vcpkg_installed/x64-windows/debug/Windows/Microsoft.NET/Framework64/v4.0.30319/link.exe"
      - "D:/WaterSurfaceRendererScratch/vcpkg_installed/x64-windows/debug/Windows/Microsoft.NET/Framework64/v4.0.30319/link"
      - "D:/WaterSurfaceRendererScratch/vcpkg_installed/x64-windows/debug/Microsoft Visual Studio/18/Community/Common7/IDE/link.com"
      - "D:/WaterSurfaceRendererScratch/vcpkg_installed/x64-windows/debug/Microsoft Visual Studio/18/Community/Common7/IDE/link.exe"
      - "D:/WaterSurfaceRendererScratch/vcpkg_installed/x64-windows/debug/Microsoft Visual Studio/18/Community/Common7/IDE/link"
      - "D:/WaterSurfaceRendererScratch/vcpkg_installed/x64-windows/debug/Microsoft Visual Studio/18/Community/Common7/Tools/link.com"
      - "D:/WaterSurfaceRendererScratch/vcpkg_installed/x64-windows/debug/Microsoft Visual Studio/18/Community/Common7/Tools/link.exe"
      - "D:/WaterSurfaceRendererScratch/vcpkg_installed/x64-windows/debug/Microsoft Visual Studio/18/Community/Common7/Tools/link"
      - "D:/WaterSurfaceRendererScratch/vcpkg_installed/x64-windows/debug/Users/xukeheng/AppData/Local/vcpkg/downloads/tools/powershell-core-7.5.4-windows/link.com"
      - "D:/WaterSurfaceRendererScratch/vcpkg_installed/x64-windows/debug/Users/xukeheng/AppData/Local/vcpkg/downloads/tools/powershell-core-7.5.4-windows/link.exe"
      - "D:/WaterSurfaceRendererScratch/vcpkg_installed/x64-windows/debug/Users/xukeheng/AppData/Local/vcpkg/downloads/tools/powershell-core-7.5.4-windows/link"
      - "D:/WaterSurfaceRendererScratch/vcpkg_installed/x64-windows/debug/Windows/System32/link.com"
      - "D:/WaterSurfaceRendererScratch/vcpkg_installed/x64-windows/debug/Windows/System32/link.exe"
      - "D:/WaterSurfaceRendererScratch/vcpkg_installed/x64-windows/debug/Windows/System32/link"
      - "D:/WaterSurfaceRendererScratch/vcpkg_installed/x64-windows/debug/Windows/link.com"
      - "D:/WaterSurfaceRendererScratch/vcpkg_installed/x64-windows/debug/Windows/link.exe"
      - "D:/WaterSurfaceRendererScratch/vcpkg_installed/x64-windows/debug/Windows/link"
      - "D:/WaterSurfaceRendererScratch/vcpkg_installed/x64-windows/debug/Windows/System32/wbem/link.com"
      - "D:/WaterSurfaceRendererScratch/vcpkg_installed/x64-windows/debug/Windows/System32/wbem/link.exe"
      - "D:/WaterSurfaceRendererScratch/vcpkg_installed/x64-windows/debug/Windows/System32/wbem/link"
      - "D:/WaterSurfaceRendererScratch/vcpkg_installed/x64-windows/debug/Windows/System32/WindowsPowerShell/v1.0/link.com"
      - "D:/WaterSurfaceRendererScratch/vcpkg_installed/x64-windows/debug/Windows/System32/WindowsPowerShell/v1.0/link.exe"
      - "D:/WaterSurfaceRendererScratch/vcpkg_installed/x64-windows/debug/Windows/System32/WindowsPowerShell/v1.0/link"
      - "D:/WaterSurfaceRendererScratch/vcpkg_installed/x64-windows/debug/Windows/System32/OpenSSH/link.com"
      - "D:/WaterSurfaceRendererScratch/vcpkg_installed/x64-windows/debug/Windows/System32/OpenSSH/link.exe"
      - "D:/WaterSurfaceRendererScratch/vcpkg_installed/x64-windows/debug/Windows/System32/OpenSSH/link"
      - "D:/WaterSurfaceRendererScratch/vcpkg_installed/x64-windows/debug/Microsoft Visual Studio/18/Community/Common7/IDE/CommonExtensions/Microsoft/CMake/CMake/bin/link.com"
      - "D:/WaterSurfaceRendererScratch/vcpkg_installed/x64-windows/debug/Microsoft Visual Studio/18/Community/Common7/IDE/CommonExtensions/Microsoft/CMake/CMake/bin/link.exe"
      - "D:/WaterSurfaceRendererScratch/vcpkg_installed/x64-windows/debug/Microsoft Visual Studio/18/Community/Common7/IDE/CommonExtensions/Microsoft/CMake/CMake/bin/link"
      - "D:/WaterSurfaceRendererScratch/vcpkg_installed/x64-windows/debug/Microsoft Visual Studio/18/Community/Common7/IDE/CommonExtensions/Microsoft/CMake/Ninja/link.com"
      - "D:/WaterSurfaceRendererScratch/vcpkg_installed/x64-windows/debug/Microsoft Visual Studio/18/Community/Common7/IDE/CommonExtensions/Microsoft/CMake/Ninja/link.exe"
      - "D:/WaterSurfaceRendererScratch/vcpkg_installed/x64-windows/debug/Microsoft Visual Studio/18/Community/Common7/IDE/CommonExtensions/Microsoft/CMake/Ninja/link"
      - "D:/WaterSurfaceRendererScratch/vcpkg_installed/x64-windows/debug/Microsoft Visual Studio/18/Community/Common7/IDE/VC/Linux/bin/ConnectionManagerExe/link.com"
      - "D:/WaterSurfaceRendererScratch/vcpkg_installed/x64-windows/debug/Microsoft Visual Studio/18/Community/Common7/IDE/VC/Linux/bin/ConnectionManagerExe/link.exe"
      - "D:/WaterSurfaceRendererScratch/vcpkg_installed/x64-windows/debug/Microsoft Visual Studio/18/Community/Common7/IDE/VC/Linux/bin/ConnectionManagerExe/link"
      - "D:/WaterSurfaceRendererScratch/vcpkg_installed/x64-windows/debug/Microsoft Visual Studio/18/Community/VC/vcpkg/link.com"
      - "D:/WaterSurfaceRendererScratch/vcpkg_installed/x64-windows/debug/Microsoft Visual Studio/18/Community/VC/vcpkg/link.exe"
      - "D:/WaterSurfaceRendererScratch/vcpkg_installed/x64-windows/debug/Microsoft Visual Studio/18/Community/VC/vcpkg/link"
      - "D:/WaterSurfaceRendererScratch/vcpkg_installed/x64-windows/Microsoft Visual Studio/18/Community/VC/Tools/MSVC/14.51.36231/bin/Hostx64/x64/link.com"
      - "D:/WaterSurfaceRendererScratch/vcpkg_installed/x64-windows/Microsoft Visual Studio/18/Community/VC/Tools/MSVC/14.51.36231/bin/Hostx64/x64/link.exe"
      - "D:/WaterSurfaceRendererScratch/vcpkg_installed/x64-windows/Microsoft Visual Studio/18/Community/VC/Tools/MSVC/14.51.36231/bin/Hostx64/x64/link"
      - "D:/WaterSurfaceRendererScratch/vcpkg_installed/x64-windows/Microsoft Visual Studio/18/Community/Common7/IDE/VC/vcpackages/link.com"
      - "D:/WaterSurfaceRendererScratch/vcpkg_installed/x64-windows/Microsoft Visual Studio/18/Community/Common7/IDE/VC/vcpackages/link.exe"
      - "D:/WaterSurfaceRendererScratch/vcpkg_installed/x64-windows/Microsoft Visual Studio/18/Community/Common7/IDE/VC/vcpackages/link"
      - "D:/WaterSurfaceRendererScratch/vcpkg_installed/x64-windows/Microsoft Visual Studio/18/Community/Common7/IDE/CommonExtensions/Microsoft/TestWindow/link.com"
      - "D:/WaterSurfaceRendererScratch/vcpkg_installed/x64-windows/Microsoft Visual Studio/18/Community/Common7/IDE/CommonExtensions/Microsoft/TestWindow/link.exe"
      - "D:/WaterSurfaceRendererScratch/vcpkg_installed/x64-windows/Microsoft Visual Studio/18/Community/Common7/IDE/CommonExtensions/Microsoft/TestWindow/link"
      - "D:/WaterSurfaceRendererScratch/vcpkg_installed/x64-windows/Microsoft Visual Studio/18/Community/Common7/IDE/CommonExtensions/Microsoft/TeamFoundation/Team Explorer/link.com"
      - "D:/WaterSurfaceRendererScratch/vcpkg_installed/x64-windows/Microsoft Visual Studio/18/Community/Common7/IDE/CommonExtensions/Microsoft/TeamFoundation/Team Explorer/link.exe"
      - "D:/WaterSurfaceRendererScratch/vcpkg_installed/x64-windows/Microsoft Visual Studio/18/Community/Common7/IDE/CommonExtensions/Microsoft/TeamFoundation/Team Explorer/link"
      - "D:/WaterSurfaceRendererScratch/vcpkg_installed/x64-windows/Microsoft Visual Studio/18/Community/MSBuild/Current/Bin/Roslyn/link.com"
      - "D:/WaterSurfaceRendererScratch/vcpkg_installed/x64-windows/Microsoft Visual Studio/18/Community/MSBuild/Current/Bin/Roslyn/link.exe"
      - "D:/WaterSurfaceRendererScratch/vcpkg_installed/x64-windows/Microsoft Visual Studio/18/Community/MSBuild/Current/Bin/Roslyn/link"
      - "D:/WaterSurfaceRendererScratch/vcpkg_installed/x64-windows/Program Files (x86)/Microsoft SDKs/Windows/v10.0A/bin/NETFX 4.8 Tools/x64/link.com"
      - "D:/WaterSurfaceRendererScratch/vcpkg_installed/x64-windows/Program Files (x86)/Microsoft SDKs/Windows/v10.0A/bin/NETFX 4.8 Tools/x64/link.exe"
      - "D:/WaterSurfaceRendererScratch/vcpkg_installed/x64-windows/Program Files (x86)/Microsoft SDKs/Windows/v10.0A/bin/NETFX 4.8 Tools/x64/link"
      - "D:/WaterSurfaceRendererScratch/vcpkg_installed/x64-windows/Microsoft Visual Studio/18/Community/Team Tools/DiagnosticsHub/Collector/link.com"
      - "D:/WaterSurfaceRendererScratch/vcpkg_installed/x64-windows/Microsoft Visual Studio/18/Community/Team Tools/DiagnosticsHub/Collector/link.exe"
      - "D:/WaterSurfaceRendererScratch/vcpkg_installed/x64-windows/Microsoft Visual Studio/18/Community/Team Tools/DiagnosticsHub/Collector/link"
      - "D:/WaterSurfaceRendererScratch/vcpkg_installed/x64-windows/Microsoft Visual Studio/18/Community/Common7/IDE/Extensions/Microsoft/CodeCoverage.Console/link.com"
      - "D:/WaterSurfaceRendererScratch/vcpkg_installed/x64-windows/Microsoft Visual Studio/18/Community/Common7/IDE/Extensions/Microsoft/CodeCoverage.Console/link.exe"
      - "D:/WaterSurfaceRendererScratch/vcpkg_installed/x64-windows/Microsoft Visual Studio/18/Community/Common7/IDE/Extensions/Microsoft/CodeCoverage.Console/link"
      - "D:/WaterSurfaceRendererScratch/vcpkg_installed/x64-windows/Program Files (x86)/Windows Kits/10/bin/10.0.26100.0/x64/link.com"
      - "D:/WaterSurfaceRendererScratch/vcpkg_installed/x64-windows/Program Files (x86)/Windows Kits/10/bin/10.0.26100.0/x64/link.exe"
      - "D:/WaterSurfaceRendererScratch/vcpkg_installed/x64-windows/Program Files (x86)/Windows Kits/10/bin/10.0.26100.0/x64/link"
      - "D:/WaterSurfaceRendererScratch/vcpkg_installed/x64-windows/Program Files (x86)/Windows Kits/10/bin/x64/link.com"
      - "D:/WaterSurfaceRendererScratch/vcpkg_installed/x64-windows/Program Files (x86)/Windows Kits/10/bin/x64/link.exe"
      - "D:/WaterSurfaceRendererScratch/vcpkg_installed/x64-windows/Program Files (x86)/Windows Kits/10/bin/x64/link"
      - "D:/WaterSurfaceRendererScratch/vcpkg_installed/x64-windows/Microsoft Visual Studio/18/Community/MSBuild/Current/Bin/amd64/link.com"
      - "D:/WaterSurfaceRendererScratch/vcpkg_installed/x64-windows/Microsoft Visual Studio/18/Community/MSBuild/Current/Bin/amd64/link.exe"
      - "D:/WaterSurfaceRendererScratch/vcpkg_installed/x64-windows/Microsoft Visual Studio/18/Community/MSBuild/Current/Bin/amd64/link"
      - "D:/WaterSurfaceRendererScratch/vcpkg_installed/x64-windows/Windows/Microsoft.NET/Framework64/v4.0.30319/link.com"
      - "D:/WaterSurfaceRendererScratch/vcpkg_installed/x64-windows/Windows/Microsoft.NET/Framework64/v4.0.30319/link.exe"
      - "D:/WaterSurfaceRendererScratch/vcpkg_installed/x64-windows/Windows/Microsoft.NET/Framework64/v4.0.30319/link"
      - "D:/WaterSurfaceRendererScratch/vcpkg_installed/x64-windows/Microsoft Visual Studio/18/Community/Common7/IDE/link.com"
      - "D:/WaterSurfaceRendererScratch/vcpkg_installed/x64-windows/Microsoft Visual Studio/18/Community/Common7/IDE/link.exe"
      - "D:/WaterSurfaceRendererScratch/vcpkg_installed/x64-windows/Microsoft Visual Studio/18/Community/Common7/IDE/link"
      - "D:/WaterSurfaceRendererScratch/vcpkg_installed/x64-windows/Microsoft Visual Studio/18/Community/Common7/Tools/link.com"
      - "D:/WaterSurfaceRendererScratch/vcpkg_installed/x64-windows/Microsoft Visual Studio/18/Community/Common7/Tools/link.exe"
      - "D:/WaterSurfaceRendererScratch/vcpkg_installed/x64-windows/Microsoft Visual Studio/18/Community/Common7/Tools/link"
      - "D:/WaterSurfaceRendererScratch/vcpkg_installed/x64-windows/Users/xukeheng/AppData/Local/vcpkg/downloads/tools/powershell-core-7.5.4-windows/link.com"
      - "D:/WaterSurfaceRendererScratch/vcpkg_installed/x64-windows/Users/xukeheng/AppData/Local/vcpkg/downloads/tools/powershell-core-7.5.4-windows/link.exe"
      - "D:/WaterSurfaceRendererScratch/vcpkg_installed/x64-windows/Users/xukeheng/AppData/Local/vcpkg/downloads/tools/powershell-core-7.5.4-windows/link"
      - "D:/WaterSurfaceRendererScratch/vcpkg_installed/x64-windows/Windows/System32/link.com"
      - "D:/WaterSurfaceRendererScratch/vcpkg_installed/x64-windows/Windows/System32/link.exe"
      - "D:/WaterSurfaceRendererScratch/vcpkg_installed/x64-windows/Windows/System32/link"
      - "D:/WaterSurfaceRendererScratch/vcpkg_installed/x64-windows/Windows/link.com"
      - "D:/WaterSurfaceRendererScratch/vcpkg_installed/x64-windows/Windows/link.exe"
      - "D:/WaterSurfaceRendererScratch/vcpkg_installed/x64-windows/Windows/link"
      - "D:/WaterSurfaceRendererScratch/vcpkg_installed/x64-windows/Windows/System32/wbem/link.com"
      - "D:/WaterSurfaceRendererScratch/vcpkg_installed/x64-windows/Windows/System32/wbem/link.exe"
      - "D:/WaterSurfaceRendererScratch/vcpkg_installed/x64-windows/Windows/System32/wbem/link"
      - "D:/WaterSurfaceRendererScratch/vcpkg_installed/x64-windows/Windows/System32/WindowsPowerShell/v1.0/link.com"
      - "D:/WaterSurfaceRendererScratch/vcpkg_installed/x64-windows/Windows/System32/WindowsPowerShell/v1.0/link.exe"
      - "D:/WaterSurfaceRendererScratch/vcpkg_installed/x64-windows/Windows/System32/WindowsPowerShell/v1.0/link"
      - "D:/WaterSurfaceRendererScratch/vcpkg_installed/x64-windows/Windows/System32/OpenSSH/link.com"
      - "D:/WaterSurfaceRendererScratch/vcpkg_installed/x64-windows/Windows/System32/OpenSSH/link.exe"
      - "D:/WaterSurfaceRendererScratch/vcpkg_installed/x64-windows/Windows/System32/OpenSSH/link"
      - "D:/WaterSurfaceRendererScratch/vcpkg_installed/x64-windows/Microsoft Visual Studio/18/Community/Common7/IDE/CommonExtensions/Microsoft/CMake/CMake/bin/link.com"
      - "D:/WaterSurfaceRendererScratch/vcpkg_installed/x64-windows/Microsoft Visual Studio/18/Community/Common7/IDE/CommonExtensions/Microsoft/CMake/CMake/bin/link.exe"
      - "D:/WaterSurfaceRendererScratch/vcpkg_installed/x64-windows/Microsoft Visual Studio/18/Community/Common7/IDE/CommonExtensions/Microsoft/CMake/CMake/bin/link"
      - "D:/WaterSurfaceRendererScratch/vcpkg_installed/x64-windows/Microsoft Visual Studio/18/Community/Common7/IDE/CommonExtensions/Microsoft/CMake/Ninja/link.com"
      - "D:/WaterSurfaceRendererScratch/vcpkg_installed/x64-windows/Microsoft Visual Studio/18/Community/Common7/IDE/CommonExtensions/Microsoft/CMake/Ninja/link.exe"
      - "D:/WaterSurfaceRendererScratch/vcpkg_installed/x64-windows/Microsoft Visual Studio/18/Community/Common7/IDE/CommonExtensions/Microsoft/CMake/Ninja/link"
      - "D:/WaterSurfaceRendererScratch/vcpkg_installed/x64-windows/Microsoft Visual Studio/18/Community/Common7/IDE/VC/Linux/bin/ConnectionManagerExe/link.com"
      - "D:/WaterSurfaceRendererScratch/vcpkg_installed/x64-windows/Microsoft Visual Studio/18/Community/Common7/IDE/VC/Linux/bin/ConnectionManagerExe/link.exe"
      - "D:/WaterSurfaceRendererScratch/vcpkg_installed/x64-windows/Microsoft Visual Studio/18/Community/Common7/IDE/VC/Linux/bin/ConnectionManagerExe/link"
      - "D:/WaterSurfaceRendererScratch/vcpkg_installed/x64-windows/Microsoft Visual Studio/18/Community/VC/vcpkg/link.com"
      - "D:/WaterSurfaceRendererScratch/vcpkg_installed/x64-windows/Microsoft Visual Studio/18/Community/VC/vcpkg/link.exe"
      - "D:/WaterSurfaceRendererScratch/vcpkg_installed/x64-windows/Microsoft Visual Studio/18/Community/VC/vcpkg/link"
      - "D:/Microsoft Visual Studio/18/Community/VC/Tools/MSVC/14.51.36231/bin/Hostx64/x64/link.com"
    found: "D:/Microsoft Visual Studio/18/Community/VC/Tools/MSVC/14.51.36231/bin/Hostx64/x64/link.exe"
    search_context:
      CMAKE_PROGRAM_PATH:
        - "D:/WaterSurfaceRendererScratch/vcpkg_installed/x64-windows/tools"
      CMAKE_PREFIX_PATH:
        - "D:/WaterSurfaceRendererScratch/vcpkg_installed/x64-windows/debug"
        - "D:/WaterSurfaceRendererScratch/vcpkg_installed/x64-windows"
      ENV{PATH}:
        - "D:\\Microsoft Visual Studio\\18\\Community\\VC\\Tools\\MSVC\\14.51.36231\\bin\\HostX64\\x64"
        - "D:\\Microsoft Visual Studio\\18\\Community\\Common7\\IDE\\VC\\VCPackages"
        - "D:\\Microsoft Visual Studio\\18\\Community\\Common7\\IDE\\CommonExtensions\\Microsoft\\TestWindow"
        - "D:\\Microsoft Visual Studio\\18\\Community\\Common7\\IDE\\CommonExtensions\\Microsoft\\TeamFoundation\\Team Explorer"
        - "D:\\Microsoft Visual Studio\\18\\Community\\MSBuild\\Current\\bin\\Roslyn"
        - "C:\\Program Files (x86)\\Microsoft SDKs\\Windows\\v10.0A\\bin\\NETFX 4.8 Tools\\x64\\"
        - "D:\\Microsoft Visual Studio\\18\\Community\\Team Tools\\DiagnosticsHub\\Collector"
        - "D:\\Microsoft Visual Studio\\18\\Community\\Common7\\IDE\\Extensions\\Microsoft\\CodeCoverage.Console"
        - "C:\\Program Files (x86)\\Windows Kits\\10\\bin\\10.0.26100.0\\\\x64"
        - "C:\\Program Files (x86)\\Windows Kits\\10\\bin\\\\x64"
        - "D:\\Microsoft Visual Studio\\18\\Community\\\\MSBuild\\Current\\Bin\\amd64"
        - "C:\\Windows\\Microsoft.NET\\Framework64\\v4.0.30319"
        - "D:\\Microsoft Visual Studio\\18\\Community\\Common7\\IDE\\"
        - "D:\\Microsoft Visual Studio\\18\\Community\\Common7\\Tools\\"
        - "C:\\Users\\xukeheng\\AppData\\Local\\vcpkg\\downloads\\tools\\powershell-core-7.5.4-windows"
        - "C:\\windows\\system32"
        - "C:\\windows"
        - "C:\\windows\\system32\\Wbem"
        - "C:\\windows\\system32\\WindowsPowerShell\\v1.0\\"
        - "C:\\windows\\system32\\OpenSSH\\"
        - "D:\\Microsoft Visual Studio\\18\\Community\\Common7\\IDE\\CommonExtensions\\Microsoft\\CMake\\CMake\\bin"
        - "D:\\Microsoft Visual Studio\\18\\Community\\Common7\\IDE\\CommonExtensions\\Microsoft\\CMake\\Ninja"
        - "D:\\Microsoft Visual Studio\\18\\Community\\Common7\\IDE\\VC\\Linux\\bin\\ConnectionManagerExe"
        - "D:\\Microsoft Visual Studio\\18\\Community\\VC\\vcpkg"
        - "D:\\Microsoft Visual Studio\\18\\Community\\Common7\\IDE\\CommonExtensions\\Microsoft\\CMake\\Ninja"
        - "D:\\Microsoft Visual Studio\\18\\Community\\Common7\\IDE\\CommonExtensions\\Microsoft\\CMake\\Ninja"
      CMAKE_INSTALL_PREFIX: "D:/WaterSurfaceRendererScratch/vcpkg_installed/vcpkg/pkgs/fftw3_x64-windows/debug"
      CMAKE_FIND_ROOT_PATH: "D:/WaterSurfaceRendererScratch/vcpkg_installed/x64-windows/debug;D:/WaterSurfaceRendererScratch/vcpkg_installed/x64-windows"
  -
    kind: "find-v1"
    backtrace:
      - "D:/Microsoft Visual Studio/18/Community/Common7/IDE/CommonExtensions/Microsoft/CMake/CMake/share/cmake-4.3/Modules/CMakeFindBinUtils.cmake:37 (find_program)"
      - "D:/Microsoft Visual Studio/18/Community/Common7/IDE/CommonExtensions/Microsoft/CMake/CMake/share/cmake-4.3/Modules/CMakeFindBinUtils.cmake:65 (__resolve_tool_path)"
      - "D:/Microsoft Visual Studio/18/Community/Common7/IDE/CommonExtensions/Microsoft/CMake/CMake/share/cmake-4.3/Modules/CMakeFindBinUtils.cmake:104 (__resolve_linker_path)"
      - "D:/Microsoft Visual Studio/18/Community/Common7/IDE/CommonExtensions/Microsoft/CMake/CMake/share/cmake-4.3/Modules/CMakeDetermineCCompiler.cmake:200 (include)"
      - "CMakeLists.txt:7 (project)"
    mode: "program"
    variable: "_CMAKE_TOOL_WITH_PATH"
    description: "Path to a program."
    settings:
      SearchFramework: "LAST"
      SearchAppBundle: "LAST"
      CMAKE_FIND_USE_CMAKE_PATH: false
      CMAKE_FIND_USE_CMAKE_ENVIRONMENT_PATH: false
      CMAKE_FIND_USE_SYSTEM_ENVIRONMENT_PATH: true
      CMAKE_FIND_USE_CMAKE_SYSTEM_PATH: true
      CMAKE_FIND_USE_INSTALL_PREFIX: true
    names:
      - "lld-link"
    candidate_directories:
      - "D:/WaterSurfaceRendererScratch/vcpkg_installed/x64-windows/debug/Microsoft Visual Studio/18/Community/VC/Tools/MSVC/14.51.36231/bin/Hostx64/x64/"
      - "D:/WaterSurfaceRendererScratch/vcpkg_installed/x64-windows/debug/Microsoft Visual Studio/18/Community/Common7/IDE/VC/vcpackages/"
      - "D:/WaterSurfaceRendererScratch/vcpkg_installed/x64-windows/debug/Microsoft Visual Studio/18/Community/Common7/IDE/CommonExtensions/Microsoft/TestWindow/"
      - "D:/WaterSurfaceRendererScratch/vcpkg_installed/x64-windows/debug/Microsoft Visual Studio/18/Community/Common7/IDE/CommonExtensions/Microsoft/TeamFoundation/Team Explorer/"
      - "D:/WaterSurfaceRendererScratch/vcpkg_installed/x64-windows/debug/Microsoft Visual Studio/18/Community/MSBuild/Current/Bin/Roslyn/"
      - "D:/WaterSurfaceRendererScratch/vcpkg_installed/x64-windows/debug/Program Files (x86)/Microsoft SDKs/Windows/v10.0A/bin/NETFX 4.8 Tools/x64/"
      - "D:/WaterSurfaceRendererScratch/vcpkg_installed/x64-windows/debug/Microsoft Visual Studio/18/Community/Team Tools/DiagnosticsHub/Collector/"
      - "D:/WaterSurfaceRendererScratch/vcpkg_installed/x64-windows/debug/Microsoft Visual Studio/18/Community/Common7/IDE/Extensions/Microsoft/CodeCoverage.Console/"
      - "D:/WaterSurfaceRendererScratch/vcpkg_installed/x64-windows/debug/Program Files (x86)/Windows Kits/10/bin/10.0.26100.0/x64/"
      - "D:/WaterSurfaceRendererScratch/vcpkg_installed/x64-windows/debug/Program Files (x86)/Windows Kits/10/bin/x64/"
      - "D:/WaterSurfaceRendererScratch/vcpkg_installed/x64-windows/debug/Microsoft Visual Studio/18/Community/MSBuild/Current/Bin/amd64/"
      - "D:/WaterSurfaceRendererScratch/vcpkg_installed/x64-windows/debug/Windows/Microsoft.NET/Framework64/v4.0.30319/"
      - "D:/WaterSurfaceRendererScratch/vcpkg_installed/x64-windows/debug/Microsoft Visual Studio/18/Community/Common7/IDE/"
      - "D:/WaterSurfaceRendererScratch/vcpkg_installed/x64-windows/debug/Microsoft Visual Studio/18/Community/Common7/Tools/"
      - "D:/WaterSurfaceRendererScratch/vcpkg_installed/x64-windows/debug/Users/xukeheng/AppData/Local/vcpkg/downloads/tools/powershell-core-7.5.4-windows/"
      - "D:/WaterSurfaceRendererScratch/vcpkg_installed/x64-windows/debug/Windows/System32/"
      - "D:/WaterSurfaceRendererScratch/vcpkg_installed/x64-windows/debug/Windows/"
      - "D:/WaterSurfaceRendererScratch/vcpkg_installed/x64-windows/debug/Windows/System32/wbem/"
      - "D:/WaterSurfaceRendererScratch/vcpkg_installed/x64-windows/debug/Windows/System32/WindowsPowerShell/v1.0/"
      - "D:/WaterSurfaceRendererScratch/vcpkg_installed/x64-windows/debug/Windows/System32/OpenSSH/"
      - "D:/WaterSurfaceRendererScratch/vcpkg_installed/x64-windows/debug/Microsoft Visual Studio/18/Community/Common7/IDE/CommonExtensions/Microsoft/CMake/CMake/bin/"
      - "D:/WaterSurfaceRendererScratch/vcpkg_installed/x64-windows/debug/Microsoft Visual Studio/18/Community/Common7/IDE/CommonExtensions/Microsoft/CMake/Ninja/"
      - "D:/WaterSurfaceRendererScratch/vcpkg_installed/x64-windows/debug/Microsoft Visual Studio/18/Community/Common7/IDE/VC/Linux/bin/ConnectionManagerExe/"
      - "D:/WaterSurfaceRendererScratch/vcpkg_installed/x64-windows/debug/Microsoft Visual Studio/18/Community/VC/vcpkg/"
      - "D:/WaterSurfaceRendererScratch/vcpkg_installed/x64-windows/Microsoft Visual Studio/18/Community/VC/Tools/MSVC/14.51.36231/bin/Hostx64/x64/"
      - "D:/WaterSurfaceRendererScratch/vcpkg_installed/x64-windows/Microsoft Visual Studio/18/Community/Common7/IDE/VC/vcpackages/"
      - "D:/WaterSurfaceRendererScratch/vcpkg_installed/x64-windows/Microsoft Visual Studio/18/Community/Common7/IDE/CommonExtensions/Microsoft/TestWindow/"
      - "D:/WaterSurfaceRendererScratch/vcpkg_installed/x64-windows/Microsoft Visual Studio/18/Community/Common7/IDE/CommonExtensions/Microsoft/TeamFoundation/Team Explorer/"
      - "D:/WaterSurfaceRendererScratch/vcpkg_installed/x64-windows/Microsoft Visual Studio/18/Community/MSBuild/Current/Bin/Roslyn/"
      - "D:/WaterSurfaceRendererScratch/vcpkg_installed/x64-windows/Program Files (x86)/Microsoft SDKs/Windows/v10.0A/bin/NETFX 4.8 Tools/x64/"
      - "D:/WaterSurfaceRendererScratch/vcpkg_installed/x64-windows/Microsoft Visual Studio/18/Community/Team Tools/DiagnosticsHub/Collector/"
      - "D:/WaterSurfaceRendererScratch/vcpkg_installed/x64-windows/Microsoft Visual Studio/18/Community/Common7/IDE/Extensions/Microsoft/CodeCoverage.Console/"
      - "D:/WaterSurfaceRendererScratch/vcpkg_installed/x64-windows/Program Files (x86)/Windows Kits/10/bin/10.0.26100.0/x64/"
      - "D:/WaterSurfaceRendererScratch/vcpkg_installed/x64-windows/Program Files (x86)/Windows Kits/10/bin/x64/"
      - "D:/WaterSurfaceRendererScratch/vcpkg_installed/x64-windows/Microsoft Visual Studio/18/Community/MSBuild/Current/Bin/amd64/"
      - "D:/WaterSurfaceRendererScratch/vcpkg_installed/x64-windows/Windows/Microsoft.NET/Framework64/v4.0.30319/"
      - "D:/WaterSurfaceRendererScratch/vcpkg_installed/x64-windows/Microsoft Visual Studio/18/Community/Common7/IDE/"
      - "D:/WaterSurfaceRendererScratch/vcpkg_installed/x64-windows/Microsoft Visual Studio/18/Community/Common7/Tools/"
      - "D:/WaterSurfaceRendererScratch/vcpkg_installed/x64-windows/Users/xukeheng/AppData/Local/vcpkg/downloads/tools/powershell-core-7.5.4-windows/"
      - "D:/WaterSurfaceRendererScratch/vcpkg_installed/x64-windows/Windows/System32/"
      - "D:/WaterSurfaceRendererScratch/vcpkg_installed/x64-windows/Windows/"
      - "D:/WaterSurfaceRendererScratch/vcpkg_installed/x64-windows/Windows/System32/wbem/"
      - "D:/WaterSurfaceRendererScratch/vcpkg_installed/x64-windows/Windows/System32/WindowsPowerShell/v1.0/"
      - "D:/WaterSurfaceRendererScratch/vcpkg_installed/x64-windows/Windows/System32/OpenSSH/"
      - "D:/WaterSurfaceRendererScratch/vcpkg_installed/x64-windows/Microsoft Visual Studio/18/Community/Common7/IDE/CommonExtensions/Microsoft/CMake/CMake/bin/"
      - "D:/WaterSurfaceRendererScratch/vcpkg_installed/x64-windows/Microsoft Visual Studio/18/Community/Common7/IDE/CommonExtensions/Microsoft/CMake/Ninja/"
      - "D:/WaterSurfaceRendererScratch/vcpkg_installed/x64-windows/Microsoft Visual Studio/18/Community/Common7/IDE/VC/Linux/bin/ConnectionManagerExe/"
      - "D:/WaterSurfaceRendererScratch/vcpkg_installed/x64-windows/Microsoft Visual Studio/18/Community/VC/vcpkg/"
      - "D:/Microsoft Visual Studio/18/Community/VC/Tools/MSVC/14.51.36231/bin/Hostx64/x64/"
      - "D:/Microsoft Visual Studio/18/Community/Common7/IDE/VC/vcpackages/"
      - "D:/Microsoft Visual Studio/18/Community/Common7/IDE/CommonExtensions/Microsoft/TestWindow/"
      - "D:/Microsoft Visual Studio/18/Community/Common7/IDE/CommonExtensions/Microsoft/TeamFoundation/Team Explorer/"
      - "D:/Microsoft Visual Studio/18/Community/MSBuild/Current/Bin/Roslyn/"
      - "C:/Program Files (x86)/Microsoft SDKs/Windows/v10.0A/bin/NETFX 4.8 Tools/x64/"
      - "D:/Microsoft Visual Studio/18/Community/Team Tools/DiagnosticsHub/Collector/"
      - "D:/Microsoft Visual Studio/18/Community/Common7/IDE/Extensions/Microsoft/CodeCoverage.Console/"
      - "C:/Program Files (x86)/Windows Kits/10/bin/10.0.26100.0/x64/"
      - "C:/Program Files (x86)/Windows Kits/10/bin/x64/"
      - "D:/Microsoft Visual Studio/18/Community/MSBuild/Current/Bin/amd64/"
      - "C:/Windows/Microsoft.NET/Framework64/v4.0.30319/"
      - "D:/Microsoft Visual Studio/18/Community/Common7/IDE/"
      - "D:/Microsoft Visual Studio/18/Community/Common7/Tools/"
      - "C:/Users/xukeheng/AppData/Local/vcpkg/downloads/tools/powershell-core-7.5.4-windows/"
      - "C:/Windows/System32/"
      - "C:/Windows/"
      - "C:/Windows/System32/wbem/"
      - "C:/Windows/System32/WindowsPowerShell/v1.0/"
      - "C:/Windows/System32/OpenSSH/"
      - "D:/Microsoft Visual Studio/18/Community/Common7/IDE/CommonExtensions/Microsoft/CMake/CMake/bin/"
      - "D:/Microsoft Visual Studio/18/Community/Common7/IDE/CommonExtensions/Microsoft/CMake/Ninja/"
      - "D:/Microsoft Visual Studio/18/Community/Common7/IDE/VC/Linux/bin/ConnectionManagerExe/"
      - "D:/Microsoft Visual Studio/18/Community/VC/vcpkg/"
    searched_directories:
      - "D:/WaterSurfaceRendererScratch/vcpkg_installed/x64-windows/debug/Microsoft Visual Studio/18/Community/VC/Tools/MSVC/14.51.36231/bin/Hostx64/x64/lld-link.com"
      - "D:/WaterSurfaceRendererScratch/vcpkg_installed/x64-windows/debug/Microsoft Visual Studio/18/Community/VC/Tools/MSVC/14.51.36231/bin/Hostx64/x64/lld-link.exe"
      - "D:/WaterSurfaceRendererScratch/vcpkg_installed/x64-windows/debug/Microsoft Visual Studio/18/Community/VC/Tools/MSVC/14.51.36231/bin/Hostx64/x64/lld-link"
      - "D:/WaterSurfaceRendererScratch/vcpkg_installed/x64-windows/debug/Microsoft Visual Studio/18/Community/Common7/IDE/VC/vcpackages/lld-link.com"
      - "D:/WaterSurfaceRendererScratch/vcpkg_installed/x64-windows/debug/Microsoft Visual Studio/18/Community/Common7/IDE/VC/vcpackages/lld-link.exe"
      - "D:/WaterSurfaceRendererScratch/vcpkg_installed/x64-windows/debug/Microsoft Visual Studio/18/Community/Common7/IDE/VC/vcpackages/lld-link"
      - "D:/WaterSurfaceRendererScratch/vcpkg_installed/x64-windows/debug/Microsoft Visual Studio/18/Community/Common7/IDE/CommonExtensions/Microsoft/TestWindow/lld-link.com"
      - "D:/WaterSurfaceRendererScratch/vcpkg_installed/x64-windows/debug/Microsoft Visual Studio/18/Community/Common7/IDE/CommonExtensions/Microsoft/TestWindow/lld-link.exe"
      - "D:/WaterSurfaceRendererScratch/vcpkg_installed/x64-windows/debug/Microsoft Visual Studio/18/Community/Common7/IDE/CommonExtensions/Microsoft/TestWindow/lld-link"
      - "D:/WaterSurfaceRendererScratch/vcpkg_installed/x64-windows/debug/Microsoft Visual Studio/18/Community/Common7/IDE/CommonExtensions/Microsoft/TeamFoundation/Team Explorer/lld-link.com"
      - "D:/WaterSurfaceRendererScratch/vcpkg_installed/x64-windows/debug/Microsoft Visual Studio/18/Community/Common7/IDE/CommonExtensions/Microsoft/TeamFoundation/Team Explorer/lld-link.exe"
      - "D:/WaterSurfaceRendererScratch/vcpkg_installed/x64-windows/debug/Microsoft Visual Studio/18/Community/Common7/IDE/CommonExtensions/Microsoft/TeamFoundation/Team Explorer/lld-link"
      - "D:/WaterSurfaceRendererScratch/vcpkg_installed/x64-windows/debug/Microsoft Visual Studio/18/Community/MSBuild/Current/Bin/Roslyn/lld-link.com"
      - "D:/WaterSurfaceRendererScratch/vcpkg_installed/x64-windows/debug/Microsoft Visual Studio/18/Community/MSBuild/Current/Bin/Roslyn/lld-link.exe"
      - "D:/WaterSurfaceRendererScratch/vcpkg_installed/x64-windows/debug/Microsoft Visual Studio/18/Community/MSBuild/Current/Bin/Roslyn/lld-link"
      - "D:/WaterSurfaceRendererScratch/vcpkg_installed/x64-windows/debug/Program Files (x86)/Microsoft SDKs/Windows/v10.0A/bin/NETFX 4.8 Tools/x64/lld-link.com"
      - "D:/WaterSurfaceRendererScratch/vcpkg_installed/x64-windows/debug/Program Files (x86)/Microsoft SDKs/Windows/v10.0A/bin/NETFX 4.8 Tools/x64/lld-link.exe"
      - "D:/WaterSurfaceRendererScratch/vcpkg_installed/x64-windows/debug/Program Files (x86)/Microsoft SDKs/Windows/v10.0A/bin/NETFX 4.8 Tools/x64/lld-link"
      - "D:/WaterSurfaceRendererScratch/vcpkg_installed/x64-windows/debug/Microsoft Visual Studio/18/Community/Team Tools/DiagnosticsHub/Collector/lld-link.com"
      - "D:/WaterSurfaceRendererScratch/vcpkg_installed/x64-windows/debug/Microsoft Visual Studio/18/Community/Team Tools/DiagnosticsHub/Collector/lld-link.exe"
      - "D:/WaterSurfaceRendererScratch/vcpkg_installed/x64-windows/debug/Microsoft Visual Studio/18/Community/Team Tools/DiagnosticsHub/Collector/lld-link"
      - "D:/WaterSurfaceRendererScratch/vcpkg_installed/x64-windows/debug/Microsoft Visual Studio/18/Community/Common7/IDE/Extensions/Microsoft/CodeCoverage.Console/lld-link.com"
      - "D:/WaterSurfaceRendererScratch/vcpkg_installed/x64-windows/debug/Microsoft Visual Studio/18/Community/Common7/IDE/Extensions/Microsoft/CodeCoverage.Console/lld-link.exe"
      - "D:/WaterSurfaceRendererScratch/vcpkg_installed/x64-windows/debug/Microsoft Visual Studio/18/Community/Common7/IDE/Extensions/Microsoft/CodeCoverage.Console/lld-link"
      - "D:/WaterSurfaceRendererScratch/vcpkg_installed/x64-windows/debug/Program Files (x86)/Windows Kits/10/bin/10.0.26100.0/x64/lld-link.com"
      - "D:/WaterSurfaceRendererScratch/vcpkg_installed/x64-windows/debug/Program Files (x86)/Windows Kits/10/bin/10.0.26100.0/x64/lld-link.exe"
      - "D:/WaterSurfaceRendererScratch/vcpkg_installed/x64-windows/debug/Program Files (x86)/Windows Kits/10/bin/10.0.26100.0/x64/lld-link"
      - "D:/WaterSurfaceRendererScratch/vcpkg_installed/x64-windows/debug/Program Files (x86)/Windows Kits/10/bin/x64/lld-link.com"
      - "D:/WaterSurfaceRendererScratch/vcpkg_installed/x64-windows/debug/Program Files (x86)/Windows Kits/10/bin/x64/lld-link.exe"
      - "D:/WaterSurfaceRendererScratch/vcpkg_installed/x64-windows/debug/Program Files (x86)/Windows Kits/10/bin/x64/lld-link"
      - "D:/WaterSurfaceRendererScratch/vcpkg_installed/x64-windows/debug/Microsoft Visual Studio/18/Community/MSBuild/Current/Bin/amd64/lld-link.com"
      - "D:/WaterSurfaceRendererScratch/vcpkg_installed/x64-windows/debug/Microsoft Visual Studio/18/Community/MSBuild/Current/Bin/amd64/lld-link.exe"
      - "D:/WaterSurfaceRendererScratch/vcpkg_installed/x64-windows/debug/Microsoft Visual Studio/18/Community/MSBuild/Current/Bin/amd64/lld-link"
      - "D:/WaterSurfaceRendererScratch/vcpkg_installed/x64-windows/debug/Windows/Microsoft.NET/Framework64/v4.0.30319/lld-link.com"
      - "D:/WaterSurfaceRendererScratch/vcpkg_installed/x64-windows/debug/Windows/Microsoft.NET/Framework64/v4.0.30319/lld-link.exe"
      - "D:/WaterSurfaceRendererScratch/vcpkg_installed/x64-windows/debug/Windows/Microsoft.NET/Framework64/v4.0.30319/lld-link"
      - "D:/WaterSurfaceRendererScratch/vcpkg_installed/x64-windows/debug/Microsoft Visual Studio/18/Community/Common7/IDE/lld-link.com"
      - "D:/WaterSurfaceRendererScratch/vcpkg_installed/x64-windows/debug/Microsoft Visual Studio/18/Community/Common7/IDE/lld-link.exe"
      - "D:/WaterSurfaceRendererScratch/vcpkg_installed/x64-windows/debug/Microsoft Visual Studio/18/Community/Common7/IDE/lld-link"
      - "D:/WaterSurfaceRendererScratch/vcpkg_installed/x64-windows/debug/Microsoft Visual Studio/18/Community/Common7/Tools/lld-link.com"
      - "D:/WaterSurfaceRendererScratch/vcpkg_installed/x64-windows/debug/Microsoft Visual Studio/18/Community/Common7/Tools/lld-link.exe"
      - "D:/WaterSurfaceRendererScratch/vcpkg_installed/x64-windows/debug/Microsoft Visual Studio/18/Community/Common7/Tools/lld-link"
      - "D:/WaterSurfaceRendererScratch/vcpkg_installed/x64-windows/debug/Users/xukeheng/AppData/Local/vcpkg/downloads/tools/powershell-core-7.5.4-windows/lld-link.com"
      - "D:/WaterSurfaceRendererScratch/vcpkg_installed/x64-windows/debug/Users/xukeheng/AppData/Local/vcpkg/downloads/tools/powershell-core-7.5.4-windows/lld-link.exe"
      - "D:/WaterSurfaceRendererScratch/vcpkg_installed/x64-windows/debug/Users/xukeheng/AppData/Local/vcpkg/downloads/tools/powershell-core-7.5.4-windows/lld-link"
      - "D:/WaterSurfaceRendererScratch/vcpkg_installed/x64-windows/debug/Windows/System32/lld-link.com"
      - "D:/WaterSurfaceRendererScratch/vcpkg_installed/x64-windows/debug/Windows/System32/lld-link.exe"
      - "D:/WaterSurfaceRendererScratch/vcpkg_installed/x64-windows/debug/Windows/System32/lld-link"
      - "D:/WaterSurfaceRendererScratch/vcpkg_installed/x64-windows/debug/Windows/lld-link.com"
      - "D:/WaterSurfaceRendererScratch/vcpkg_installed/x64-windows/debug/Windows/lld-link.exe"
      - "D:/WaterSurfaceRendererScratch/vcpkg_installed/x64-windows/debug/Windows/lld-link"
      - "D:/WaterSurfaceRendererScratch/vcpkg_installed/x64-windows/debug/Windows/System32/wbem/lld-link.com"
      - "D:/WaterSurfaceRendererScratch/vcpkg_installed/x64-windows/debug/Windows/System32/wbem/lld-link.exe"
      - "D:/WaterSurfaceRendererScratch/vcpkg_installed/x64-windows/debug/Windows/System32/wbem/lld-link"
      - "D:/WaterSurfaceRendererScratch/vcpkg_installed/x64-windows/debug/Windows/System32/WindowsPowerShell/v1.0/lld-link.com"
      - "D:/WaterSurfaceRendererScratch/vcpkg_installed/x64-windows/debug/Windows/System32/WindowsPowerShell/v1.0/lld-link.exe"
      - "D:/WaterSurfaceRendererScratch/vcpkg_installed/x64-windows/debug/Windows/System32/WindowsPowerShell/v1.0/lld-link"
      - "D:/WaterSurfaceRendererScratch/vcpkg_installed/x64-windows/debug/Windows/System32/OpenSSH/lld-link.com"
      - "D:/WaterSurfaceRendererScratch/vcpkg_installed/x64-windows/debug/Windows/System32/OpenSSH/lld-link.exe"
      - "D:/WaterSurfaceRendererScratch/vcpkg_installed/x64-windows/debug/Windows/System32/OpenSSH/lld-link"
      - "D:/WaterSurfaceRendererScratch/vcpkg_installed/x64-windows/debug/Microsoft Visual Studio/18/Community/Common7/IDE/CommonExtensions/Microsoft/CMake/CMake/bin/lld-link.com"
      - "D:/WaterSurfaceRendererScratch/vcpkg_installed/x64-windows/debug/Microsoft Visual Studio/18/Community/Common7/IDE/CommonExtensions/Microsoft/CMake/CMake/bin/lld-link.exe"
      - "D:/WaterSurfaceRendererScratch/vcpkg_installed/x64-windows/debug/Microsoft Visual Studio/18/Community/Common7/IDE/CommonExtensions/Microsoft/CMake/CMake/bin/lld-link"
      - "D:/WaterSurfaceRendererScratch/vcpkg_installed/x64-windows/debug/Microsoft Visual Studio/18/Community/Common7/IDE/CommonExtensions/Microsoft/CMake/Ninja/lld-link.com"
      - "D:/WaterSurfaceRendererScratch/vcpkg_installed/x64-windows/debug/Microsoft Visual Studio/18/Community/Common7/IDE/CommonExtensions/Microsoft/CMake/Ninja/lld-link.exe"
      - "D:/WaterSurfaceRendererScratch/vcpkg_installed/x64-windows/debug/Microsoft Visual Studio/18/Community/Common7/IDE/CommonExtensions/Microsoft/CMake/Ninja/lld-link"
      - "D:/WaterSurfaceRendererScratch/vcpkg_installed/x64-windows/debug/Microsoft Visual Studio/18/Community/Common7/IDE/VC/Linux/bin/ConnectionManagerExe/lld-link.com"
      - "D:/WaterSurfaceRendererScratch/vcpkg_installed/x64-windows/debug/Microsoft Visual Studio/18/Community/Common7/IDE/VC/Linux/bin/ConnectionManagerExe/lld-link.exe"
      - "D:/WaterSurfaceRendererScratch/vcpkg_installed/x64-windows/debug/Microsoft Visual Studio/18/Community/Common7/IDE/VC/Linux/bin/ConnectionManagerExe/lld-link"
      - "D:/WaterSurfaceRendererScratch/vcpkg_installed/x64-windows/debug/Microsoft Visual Studio/18/Community/VC/vcpkg/lld-link.com"
      - "D:/WaterSurfaceRendererScratch/vcpkg_installed/x64-windows/debug/Microsoft Visual Studio/18/Community/VC/vcpkg/lld-link.exe"
      - "D:/WaterSurfaceRendererScratch/vcpkg_installed/x64-windows/debug/Microsoft Visual Studio/18/Community/VC/vcpkg/lld-link"
      - "D:/WaterSurfaceRendererScratch/vcpkg_installed/x64-windows/Microsoft Visual Studio/18/Community/VC/Tools/MSVC/14.51.36231/bin/Hostx64/x64/lld-link.com"
      - "D:/WaterSurfaceRendererScratch/vcpkg_installed/x64-windows/Microsoft Visual Studio/18/Community/VC/Tools/MSVC/14.51.36231/bin/Hostx64/x64/lld-link.exe"
      - "D:/WaterSurfaceRendererScratch/vcpkg_installed/x64-windows/Microsoft Visual Studio/18/Community/VC/Tools/MSVC/14.51.36231/bin/Hostx64/x64/lld-link"
      - "D:/WaterSurfaceRendererScratch/vcpkg_installed/x64-windows/Microsoft Visual Studio/18/Community/Common7/IDE/VC/vcpackages/lld-link.com"
      - "D:/WaterSurfaceRendererScratch/vcpkg_installed/x64-windows/Microsoft Visual Studio/18/Community/Common7/IDE/VC/vcpackages/lld-link.exe"
      - "D:/WaterSurfaceRendererScratch/vcpkg_installed/x64-windows/Microsoft Visual Studio/18/Community/Common7/IDE/VC/vcpackages/lld-link"
      - "D:/WaterSurfaceRendererScratch/vcpkg_installed/x64-windows/Microsoft Visual Studio/18/Community/Common7/IDE/CommonExtensions/Microsoft/TestWindow/lld-link.com"
      - "D:/WaterSurfaceRendererScratch/vcpkg_installed/x64-windows/Microsoft Visual Studio/18/Community/Common7/IDE/CommonExtensions/Microsoft/TestWindow/lld-link.exe"
      - "D:/WaterSurfaceRendererScratch/vcpkg_installed/x64-windows/Microsoft Visual Studio/18/Community/Common7/IDE/CommonExtensions/Microsoft/TestWindow/lld-link"
      - "D:/WaterSurfaceRendererScratch/vcpkg_installed/x64-windows/Microsoft Visual Studio/18/Community/Common7/IDE/CommonExtensions/Microsoft/TeamFoundation/Team Explorer/lld-link.com"
      - "D:/WaterSurfaceRendererScratch/vcpkg_installed/x64-windows/Microsoft Visual Studio/18/Community/Common7/IDE/CommonExtensions/Microsoft/TeamFoundation/Team Explorer/lld-link.exe"
      - "D:/WaterSurfaceRendererScratch/vcpkg_installed/x64-windows/Microsoft Visual Studio/18/Community/Common7/IDE/CommonExtensions/Microsoft/TeamFoundation/Team Explorer/lld-link"
      - "D:/WaterSurfaceRendererScratch/vcpkg_installed/x64-windows/Microsoft Visual Studio/18/Community/MSBuild/Current/Bin/Roslyn/lld-link.com"
      - "D:/WaterSurfaceRendererScratch/vcpkg_installed/x64-windows/Microsoft Visual Studio/18/Community/MSBuild/Current/Bin/Roslyn/lld-link.exe"
      - "D:/WaterSurfaceRendererScratch/vcpkg_installed/x64-windows/Microsoft Visual Studio/18/Community/MSBuild/Current/Bin/Roslyn/lld-link"
      - "D:/WaterSurfaceRendererScratch/vcpkg_installed/x64-windows/Program Files (x86)/Microsoft SDKs/Windows/v10.0A/bin/NETFX 4.8 Tools/x64/lld-link.com"
      - "D:/WaterSurfaceRendererScratch/vcpkg_installed/x64-windows/Program Files (x86)/Microsoft SDKs/Windows/v10.0A/bin/NETFX 4.8 Tools/x64/lld-link.exe"
      - "D:/WaterSurfaceRendererScratch/vcpkg_installed/x64-windows/Program Files (x86)/Microsoft SDKs/Windows/v10.0A/bin/NETFX 4.8 Tools/x64/lld-link"
      - "D:/WaterSurfaceRendererScratch/vcpkg_installed/x64-windows/Microsoft Visual Studio/18/Community/Team Tools/DiagnosticsHub/Collector/lld-link.com"
      - "D:/WaterSurfaceRendererScratch/vcpkg_installed/x64-windows/Microsoft Visual Studio/18/Community/Team Tools/DiagnosticsHub/Collector/lld-link.exe"
      - "D:/WaterSurfaceRendererScratch/vcpkg_installed/x64-windows/Microsoft Visual Studio/18/Community/Team Tools/DiagnosticsHub/Collector/lld-link"
      - "D:/WaterSurfaceRendererScratch/vcpkg_installed/x64-windows/Microsoft Visual Studio/18/Community/Common7/IDE/Extensions/Microsoft/CodeCoverage.Console/lld-link.com"
      - "D:/WaterSurfaceRendererScratch/vcpkg_installed/x64-windows/Microsoft Visual Studio/18/Community/Common7/IDE/Extensions/Microsoft/CodeCoverage.Console/lld-link.exe"
      - "D:/WaterSurfaceRendererScratch/vcpkg_installed/x64-windows/Microsoft Visual Studio/18/Community/Common7/IDE/Extensions/Microsoft/CodeCoverage.Console/lld-link"
      - "D:/WaterSurfaceRendererScratch/vcpkg_installed/x64-windows/Program Files (x86)/Windows Kits/10/bin/10.0.26100.0/x64/lld-link.com"
      - "D:/WaterSurfaceRendererScratch/vcpkg_installed/x64-windows/Program Files (x86)/Windows Kits/10/bin/10.0.26100.0/x64/lld-link.exe"
      - "D:/WaterSurfaceRendererScratch/vcpkg_installed/x64-windows/Program Files (x86)/Windows Kits/10/bin/10.0.26100.0/x64/lld-link"
      - "D:/WaterSurfaceRendererScratch/vcpkg_installed/x64-windows/Program Files (x86)/Windows Kits/10/bin/x64/lld-link.com"
      - "D:/WaterSurfaceRendererScratch/vcpkg_installed/x64-windows/Program Files (x86)/Windows Kits/10/bin/x64/lld-link.exe"
      - "D:/WaterSurfaceRendererScratch/vcpkg_installed/x64-windows/Program Files (x86)/Windows Kits/10/bin/x64/lld-link"
      - "D:/WaterSurfaceRendererScratch/vcpkg_installed/x64-windows/Microsoft Visual Studio/18/Community/MSBuild/Current/Bin/amd64/lld-link.com"
      - "D:/WaterSurfaceRendererScratch/vcpkg_installed/x64-windows/Microsoft Visual Studio/18/Community/MSBuild/Current/Bin/amd64/lld-link.exe"
      - "D:/WaterSurfaceRendererScratch/vcpkg_installed/x64-windows/Microsoft Visual Studio/18/Community/MSBuild/Current/Bin/amd64/lld-link"
      - "D:/WaterSurfaceRendererScratch/vcpkg_installed/x64-windows/Windows/Microsoft.NET/Framework64/v4.0.30319/lld-link.com"
      - "D:/WaterSurfaceRendererScratch/vcpkg_installed/x64-windows/Windows/Microsoft.NET/Framework64/v4.0.30319/lld-link.exe"
      - "D:/WaterSurfaceRendererScratch/vcpkg_installed/x64-windows/Windows/Microsoft.NET/Framework64/v4.0.30319/lld-link"
      - "D:/WaterSurfaceRendererScratch/vcpkg_installed/x64-windows/Microsoft Visual Studio/18/Community/Common7/IDE/lld-link.com"
      - "D:/WaterSurfaceRendererScratch/vcpkg_installed/x64-windows/Microsoft Visual Studio/18/Community/Common7/IDE/lld-link.exe"
      - "D:/WaterSurfaceRendererScratch/vcpkg_installed/x64-windows/Microsoft Visual Studio/18/Community/Common7/IDE/lld-link"
      - "D:/WaterSurfaceRendererScratch/vcpkg_installed/x64-windows/Microsoft Visual Studio/18/Community/Common7/Tools/lld-link.com"
      - "D:/WaterSurfaceRendererScratch/vcpkg_installed/x64-windows/Microsoft Visual Studio/18/Community/Common7/Tools/lld-link.exe"
      - "D:/WaterSurfaceRendererScratch/vcpkg_installed/x64-windows/Microsoft Visual Studio/18/Community/Common7/Tools/lld-link"
      - "D:/WaterSurfaceRendererScratch/vcpkg_installed/x64-windows/Users/xukeheng/AppData/Local/vcpkg/downloads/tools/powershell-core-7.5.4-windows/lld-link.com"
      - "D:/WaterSurfaceRendererScratch/vcpkg_installed/x64-windows/Users/xukeheng/AppData/Local/vcpkg/downloads/tools/powershell-core-7.5.4-windows/lld-link.exe"
      - "D:/WaterSurfaceRendererScratch/vcpkg_installed/x64-windows/Users/xukeheng/AppData/Local/vcpkg/downloads/tools/powershell-core-7.5.4-windows/lld-link"
      - "D:/WaterSurfaceRendererScratch/vcpkg_installed/x64-windows/Windows/System32/lld-link.com"
      - "D:/WaterSurfaceRendererScratch/vcpkg_installed/x64-windows/Windows/System32/lld-link.exe"
      - "D:/WaterSurfaceRendererScratch/vcpkg_installed/x64-windows/Windows/System32/lld-link"
      - "D:/WaterSurfaceRendererScratch/vcpkg_installed/x64-windows/Windows/lld-link.com"
      - "D:/WaterSurfaceRendererScratch/vcpkg_installed/x64-windows/Windows/lld-link.exe"
      - "D:/WaterSurfaceRendererScratch/vcpkg_installed/x64-windows/Windows/lld-link"
      - "D:/WaterSurfaceRendererScratch/vcpkg_installed/x64-windows/Windows/System32/wbem/lld-link.com"
      - "D:/WaterSurfaceRendererScratch/vcpkg_installed/x64-windows/Windows/System32/wbem/lld-link.exe"
      - "D:/WaterSurfaceRendererScratch/vcpkg_installed/x64-windows/Windows/System32/wbem/lld-link"
      - "D:/WaterSurfaceRendererScratch/vcpkg_installed/x64-windows/Windows/System32/WindowsPowerShell/v1.0/lld-link.com"
      - "D:/WaterSurfaceRendererScratch/vcpkg_installed/x64-windows/Windows/System32/WindowsPowerShell/v1.0/lld-link.exe"
      - "D:/WaterSurfaceRendererScratch/vcpkg_installed/x64-windows/Windows/System32/WindowsPowerShell/v1.0/lld-link"
      - "D:/WaterSurfaceRendererScratch/vcpkg_installed/x64-windows/Windows/System32/OpenSSH/lld-link.com"
      - "D:/WaterSurfaceRendererScratch/vcpkg_installed/x64-windows/Windows/System32/OpenSSH/lld-link.exe"
      - "D:/WaterSurfaceRendererScratch/vcpkg_installed/x64-windows/Windows/System32/OpenSSH/lld-link"
      - "D:/WaterSurfaceRendererScratch/vcpkg_installed/x64-windows/Microsoft Visual Studio/18/Community/Common7/IDE/CommonExtensions/Microsoft/CMake/CMake/bin/lld-link.com"
      - "D:/WaterSurfaceRendererScratch/vcpkg_installed/x64-windows/Microsoft Visual Studio/18/Community/Common7/IDE/CommonExtensions/Microsoft/CMake/CMake/bin/lld-link.exe"
      - "D:/WaterSurfaceRendererScratch/vcpkg_installed/x64-windows/Microsoft Visual Studio/18/Community/Common7/IDE/CommonExtensions/Microsoft/CMake/CMake/bin/lld-link"
      - "D:/WaterSurfaceRendererScratch/vcpkg_installed/x64-windows/Microsoft Visual Studio/18/Community/Common7/IDE/CommonExtensions/Microsoft/CMake/Ninja/lld-link.com"
      - "D:/WaterSurfaceRendererScratch/vcpkg_installed/x64-windows/Microsoft Visual Studio/18/Community/Common7/IDE/CommonExtensions/Microsoft/CMake/Ninja/lld-link.exe"
      - "D:/WaterSurfaceRendererScratch/vcpkg_installed/x64-windows/Microsoft Visual Studio/18/Community/Common7/IDE/CommonExtensions/Microsoft/CMake/Ninja/lld-link"
      - "D:/WaterSurfaceRendererScratch/vcpkg_installed/x64-windows/Microsoft Visual Studio/18/Community/Common7/IDE/VC/Linux/bin/ConnectionManagerExe/lld-link.com"
      - "D:/WaterSurfaceRendererScratch/vcpkg_installed/x64-windows/Microsoft Visual Studio/18/Community/Common7/IDE/VC/Linux/bin/ConnectionManagerExe/lld-link.exe"
      - "D:/WaterSurfaceRendererScratch/vcpkg_installed/x64-windows/Microsoft Visual Studio/18/Community/Common7/IDE/VC/Linux/bin/ConnectionManagerExe/lld-link"
      - "D:/WaterSurfaceRendererScratch/vcpkg_installed/x64-windows/Microsoft Visual Studio/18/Community/VC/vcpkg/lld-link.com"
      - "D:/WaterSurfaceRendererScratch/vcpkg_installed/x64-windows/Microsoft Visual Studio/18/Community/VC/vcpkg/lld-link.exe"
      - "D:/WaterSurfaceRendererScratch/vcpkg_installed/x64-windows/Microsoft Visual Studio/18/Community/VC/vcpkg/lld-link"
      - "D:/Microsoft Visual Studio/18/Community/VC/Tools/MSVC/14.51.36231/bin/Hostx64/x64/lld-link.com"
      - "D:/Microsoft Visual Studio/18/Community/VC/Tools/MSVC/14.51.36231/bin/Hostx64/x64/lld-link.exe"
      - "D:/Microsoft Visual Studio/18/Community/VC/Tools/MSVC/14.51.36231/bin/Hostx64/x64/lld-link"
      - "D:/Microsoft Visual Studio/18/Community/Common7/IDE/VC/vcpackages/lld-link.com"
      - "D:/Microsoft Visual Studio/18/Community/Common7/IDE/VC/vcpackages/lld-link.exe"
      - "D:/Microsoft Visual Studio/18/Community/Common7/IDE/VC/vcpackages/lld-link"
      - "D:/Microsoft Visual Studio/18/Community/Common7/IDE/CommonExtensions/Microsoft/TestWindow/lld-link.com"
      - "D:/Microsoft Visual Studio/18/Community/Common7/IDE/CommonExtensions/Microsoft/TestWindow/lld-link.exe"
      - "D:/Microsoft Visual Studio/18/Community/Common7/IDE/CommonExtensions/Microsoft/TestWindow/lld-link"
      - "D:/Microsoft Visual Studio/18/Community/Common7/IDE/CommonExtensions/Microsoft/TeamFoundation/Team Explorer/lld-link.com"
      - "D:/Microsoft Visual Studio/18/Community/Common7/IDE/CommonExtensions/Microsoft/TeamFoundation/Team Explorer/lld-link.exe"
      - "D:/Microsoft Visual Studio/18/Community/Common7/IDE/CommonExtensions/Microsoft/TeamFoundation/Team Explorer/lld-link"
      - "D:/Microsoft Visual Studio/18/Community/MSBuild/Current/Bin/Roslyn/lld-link.com"
      - "D:/Microsoft Visual Studio/18/Community/MSBuild/Current/Bin/Roslyn/lld-link.exe"
      - "D:/Microsoft Visual Studio/18/Community/MSBuild/Current/Bin/Roslyn/lld-link"
      - "C:/Program Files (x86)/Microsoft SDKs/Windows/v10.0A/bin/NETFX 4.8 Tools/x64/lld-link.com"
      - "C:/Program Files (x86)/Microsoft SDKs/Windows/v10.0A/bin/NETFX 4.8 Tools/x64/lld-link.exe"
      - "C:/Program Files (x86)/Microsoft SDKs/Windows/v10.0A/bin/NETFX 4.8 Tools/x64/lld-link"
      - "D:/Microsoft Visual Studio/18/Community/Team Tools/DiagnosticsHub/Collector/lld-link.com"
      - "D:/Microsoft Visual Studio/18/Community/Team Tools/DiagnosticsHub/Collector/lld-link.exe"
      - "D:/Microsoft Visual Studio/18/Community/Team Tools/DiagnosticsHub/Collector/lld-link"
      - "D:/Microsoft Visual Studio/18/Community/Common7/IDE/Extensions/Microsoft/CodeCoverage.Console/lld-link.com"
      - "D:/Microsoft Visual Studio/18/Community/Common7/IDE/Extensions/Microsoft/CodeCoverage.Console/lld-link.exe"
      - "D:/Microsoft Visual Studio/18/Community/Common7/IDE/Extensions/Microsoft/CodeCoverage.Console/lld-link"
      - "C:/Program Files (x86)/Windows Kits/10/bin/10.0.26100.0/x64/lld-link.com"
      - "C:/Program Files (x86)/Windows Kits/10/bin/10.0.26100.0/x64/lld-link.exe"
      - "C:/Program Files (x86)/Windows Kits/10/bin/10.0.26100.0/x64/lld-link"
      - "C:/Program Files (x86)/Windows Kits/10/bin/x64/lld-link.com"
      - "C:/Program Files (x86)/Windows Kits/10/bin/x64/lld-link.exe"
      - "C:/Program Files (x86)/Windows Kits/10/bin/x64/lld-link"
      - "D:/Microsoft Visual Studio/18/Community/MSBuild/Current/Bin/amd64/lld-link.com"
      - "D:/Microsoft Visual Studio/18/Community/MSBuild/Current/Bin/amd64/lld-link.exe"
      - "D:/Microsoft Visual Studio/18/Community/MSBuild/Current/Bin/amd64/lld-link"
      - "C:/Windows/Microsoft.NET/Framework64/v4.0.30319/lld-link.com"
      - "C:/Windows/Microsoft.NET/Framework64/v4.0.30319/lld-link.exe"
      - "C:/Windows/Microsoft.NET/Framework64/v4.0.30319/lld-link"
      - "D:/Microsoft Visual Studio/18/Community/Common7/IDE/lld-link.com"
      - "D:/Microsoft Visual Studio/18/Community/Common7/IDE/lld-link.exe"
      - "D:/Microsoft Visual Studio/18/Community/Common7/IDE/lld-link"
      - "D:/Microsoft Visual Studio/18/Community/Common7/Tools/lld-link.com"
      - "D:/Microsoft Visual Studio/18/Community/Common7/Tools/lld-link.exe"
      - "D:/Microsoft Visual Studio/18/Community/Common7/Tools/lld-link"
      - "C:/Users/xukeheng/AppData/Local/vcpkg/downloads/tools/powershell-core-7.5.4-windows/lld-link.com"
      - "C:/Users/xukeheng/AppData/Local/vcpkg/downloads/tools/powershell-core-7.5.4-windows/lld-link.exe"
      - "C:/Users/xukeheng/AppData/Local/vcpkg/downloads/tools/powershell-core-7.5.4-windows/lld-link"
      - "C:/Windows/System32/lld-link.com"
      - "C:/Windows/System32/lld-link.exe"
      - "C:/Windows/System32/lld-link"
      - "C:/Windows/lld-link.com"
      - "C:/Windows/lld-link.exe"
      - "C:/Windows/lld-link"
      - "C:/Windows/System32/wbem/lld-link.com"
      - "C:/Windows/System32/wbem/lld-link.exe"
      - "C:/Windows/System32/wbem/lld-link"
      - "C:/Windows/System32/WindowsPowerShell/v1.0/lld-link.com"
      - "C:/Windows/System32/WindowsPowerShell/v1.0/lld-link.exe"
      - "C:/Windows/System32/WindowsPowerShell/v1.0/lld-link"
      - "C:/Windows/System32/OpenSSH/lld-link.com"
      - "C:/Windows/System32/OpenSSH/lld-link.exe"
      - "C:/Windows/System32/OpenSSH/lld-link"
      - "D:/Microsoft Visual Studio/18/Community/Common7/IDE/CommonExtensions/Microsoft/CMake/CMake/bin/lld-link.com"
      - "D:/Microsoft Visual Studio/18/Community/Common7/IDE/CommonExtensions/Microsoft/CMake/CMake/bin/lld-link.exe"
      - "D:/Microsoft Visual Studio/18/Community/Common7/IDE/CommonExtensions/Microsoft/CMake/CMake/bin/lld-link"
      - "D:/Microsoft Visual Studio/18/Community/Common7/IDE/CommonExtensions/Microsoft/CMake/Ninja/lld-link.com"
      - "D:/Microsoft Visual Studio/18/Community/Common7/IDE/CommonExtensions/Microsoft/CMake/Ninja/lld-link.exe"
      - "D:/Microsoft Visual Studio/18/Community/Common7/IDE/CommonExtensions/Microsoft/CMake/Ninja/lld-link"
      - "D:/Microsoft Visual Studio/18/Community/Common7/IDE/VC/Linux/bin/ConnectionManagerExe/lld-link.com"
      - "D:/Microsoft Visual Studio/18/Community/Common7/IDE/VC/Linux/bin/ConnectionManagerExe/lld-link.exe"
      - "D:/Microsoft Visual Studio/18/Community/Common7/IDE/VC/Linux/bin/ConnectionManagerExe/lld-link"
      - "D:/Microsoft Visual Studio/18/Community/VC/vcpkg/lld-link.com"
      - "D:/Microsoft Visual Studio/18/Community/VC/vcpkg/lld-link.exe"
      - "D:/Microsoft Visual Studio/18/Community/VC/vcpkg/lld-link"
    found: false
    search_context:
      CMAKE_PROGRAM_PATH:
        - "D:/WaterSurfaceRendererScratch/vcpkg_installed/x64-windows/tools"
      CMAKE_PREFIX_PATH:
        - "D:/WaterSurfaceRendererScratch/vcpkg_installed/x64-windows/debug"
        - "D:/WaterSurfaceRendererScratch/vcpkg_installed/x64-windows"
      ENV{PATH}:
        - "D:\\Microsoft Visual Studio\\18\\Community\\VC\\Tools\\MSVC\\14.51.36231\\bin\\HostX64\\x64"
        - "D:\\Microsoft Visual Studio\\18\\Community\\Common7\\IDE\\VC\\VCPackages"
        - "D:\\Microsoft Visual Studio\\18\\Community\\Common7\\IDE\\CommonExtensions\\Microsoft\\TestWindow"
        - "D:\\Microsoft Visual Studio\\18\\Community\\Common7\\IDE\\CommonExtensions\\Microsoft\\TeamFoundation\\Team Explorer"
        - "D:\\Microsoft Visual Studio\\18\\Community\\MSBuild\\Current\\bin\\Roslyn"
        - "C:\\Program Files (x86)\\Microsoft SDKs\\Windows\\v10.0A\\bin\\NETFX 4.8 Tools\\x64\\"
        - "D:\\Microsoft Visual Studio\\18\\Community\\Team Tools\\DiagnosticsHub\\Collector"
        - "D:\\Microsoft Visual Studio\\18\\Community\\Common7\\IDE\\Extensions\\Microsoft\\CodeCoverage.Console"
        - "C:\\Program Files (x86)\\Windows Kits\\10\\bin\\10.0.26100.0\\\\x64"
        - "C:\\Program Files (x86)\\Windows Kits\\10\\bin\\\\x64"
        - "D:\\Microsoft Visual Studio\\18\\Community\\\\MSBuild\\Current\\Bin\\amd64"
        - "C:\\Windows\\Microsoft.NET\\Framework64\\v4.0.30319"
        - "D:\\Microsoft Visual Studio\\18\\Community\\Common7\\IDE\\"
        - "D:\\Microsoft Visual Studio\\18\\Community\\Common7\\Tools\\"
        - "C:\\Users\\xukeheng\\AppData\\Local\\vcpkg\\downloads\\tools\\powershell-core-7.5.4-windows"
        - "C:\\windows\\system32"
        - "C:\\windows"
        - "C:\\windows\\system32\\Wbem"
        - "C:\\windows\\system32\\WindowsPowerShell\\v1.0\\"
        - "C:\\windows\\system32\\OpenSSH\\"
        - "D:\\Microsoft Visual Studio\\18\\Community\\Common7\\IDE\\CommonExtensions\\Microsoft\\CMake\\CMake\\bin"
        - "D:\\Microsoft Visual Studio\\18\\Community\\Common7\\IDE\\CommonExtensions\\Microsoft\\CMake\\Ninja"
        - "D:\\Microsoft Visual Studio\\18\\Community\\Common7\\IDE\\VC\\Linux\\bin\\ConnectionManagerExe"
        - "D:\\Microsoft Visual Studio\\18\\Community\\VC\\vcpkg"
        - "D:\\Microsoft Visual Studio\\18\\Community\\Common7\\IDE\\CommonExtensions\\Microsoft\\CMake\\Ninja"
        - "D:\\Microsoft Visual Studio\\18\\Community\\Common7\\IDE\\CommonExtensions\\Microsoft\\CMake\\Ninja"
      CMAKE_INSTALL_PREFIX: "D:/WaterSurfaceRendererScratch/vcpkg_installed/vcpkg/pkgs/fftw3_x64-windows/debug"
      CMAKE_FIND_ROOT_PATH: "D:/WaterSurfaceRendererScratch/vcpkg_installed/x64-windows/debug;D:/WaterSurfaceRendererScratch/vcpkg_installed/x64-windows"
  -
    kind: "find-v1"
    backtrace:
      - "D:/Microsoft Visual Studio/18/Community/Common7/IDE/CommonExtensions/Microsoft/CMake/CMake/share/cmake-4.3/Modules/CMakeFindBinUtils.cmake:243 (find_program)"
      - "D:/Microsoft Visual Studio/18/Community/Common7/IDE/CommonExtensions/Microsoft/CMake/CMake/share/cmake-4.3/Modules/CMakeDetermineCCompiler.cmake:200 (include)"
      - "CMakeLists.txt:7 (project)"
    mode: "program"
    variable: "CMAKE_LINKER"
    description: "Path to a program."
    settings:
      SearchFramework: "LAST"
      SearchAppBundle: "LAST"
      CMAKE_FIND_USE_CMAKE_PATH: false
      CMAKE_FIND_USE_CMAKE_ENVIRONMENT_PATH: false
      CMAKE_FIND_USE_SYSTEM_ENVIRONMENT_PATH: true
      CMAKE_FIND_USE_CMAKE_SYSTEM_PATH: true
      CMAKE_FIND_USE_INSTALL_PREFIX: true
    names:
      - "link"
    candidate_directories:
      - "D:/WaterSurfaceRendererScratch/vcpkg_installed/x64-windows/debug/Microsoft Visual Studio/18/Community/VC/Tools/MSVC/14.51.36231/bin/Hostx64/x64/"
      - "D:/WaterSurfaceRendererScratch/vcpkg_installed/x64-windows/debug/Microsoft Visual Studio/18/Community/Common7/IDE/VC/vcpackages/"
      - "D:/WaterSurfaceRendererScratch/vcpkg_installed/x64-windows/debug/Microsoft Visual Studio/18/Community/Common7/IDE/CommonExtensions/Microsoft/TestWindow/"
      - "D:/WaterSurfaceRendererScratch/vcpkg_installed/x64-windows/debug/Microsoft Visual Studio/18/Community/Common7/IDE/CommonExtensions/Microsoft/TeamFoundation/Team Explorer/"
      - "D:/WaterSurfaceRendererScratch/vcpkg_installed/x64-windows/debug/Microsoft Visual Studio/18/Community/MSBuild/Current/Bin/Roslyn/"
      - "D:/WaterSurfaceRendererScratch/vcpkg_installed/x64-windows/debug/Program Files (x86)/Microsoft SDKs/Windows/v10.0A/bin/NETFX 4.8 Tools/x64/"
      - "D:/WaterSurfaceRendererScratch/vcpkg_installed/x64-windows/debug/Microsoft Visual Studio/18/Community/Team Tools/DiagnosticsHub/Collector/"
      - "D:/WaterSurfaceRendererScratch/vcpkg_installed/x64-windows/debug/Microsoft Visual Studio/18/Community/Common7/IDE/Extensions/Microsoft/CodeCoverage.Console/"
      - "D:/WaterSurfaceRendererScratch/vcpkg_installed/x64-windows/debug/Program Files (x86)/Windows Kits/10/bin/10.0.26100.0/x64/"
      - "D:/WaterSurfaceRendererScratch/vcpkg_installed/x64-windows/debug/Program Files (x86)/Windows Kits/10/bin/x64/"
      - "D:/WaterSurfaceRendererScratch/vcpkg_installed/x64-windows/debug/Microsoft Visual Studio/18/Community/MSBuild/Current/Bin/amd64/"
      - "D:/WaterSurfaceRendererScratch/vcpkg_installed/x64-windows/debug/Windows/Microsoft.NET/Framework64/v4.0.30319/"
      - "D:/WaterSurfaceRendererScratch/vcpkg_installed/x64-windows/debug/Microsoft Visual Studio/18/Community/Common7/IDE/"
      - "D:/WaterSurfaceRendererScratch/vcpkg_installed/x64-windows/debug/Microsoft Visual Studio/18/Community/Common7/Tools/"
      - "D:/WaterSurfaceRendererScratch/vcpkg_installed/x64-windows/debug/Users/xukeheng/AppData/Local/vcpkg/downloads/tools/powershell-core-7.5.4-windows/"
      - "D:/WaterSurfaceRendererScratch/vcpkg_installed/x64-windows/debug/Windows/System32/"
      - "D:/WaterSurfaceRendererScratch/vcpkg_installed/x64-windows/debug/Windows/"
      - "D:/WaterSurfaceRendererScratch/vcpkg_installed/x64-windows/debug/Windows/System32/wbem/"
      - "D:/WaterSurfaceRendererScratch/vcpkg_installed/x64-windows/debug/Windows/System32/WindowsPowerShell/v1.0/"
      - "D:/WaterSurfaceRendererScratch/vcpkg_installed/x64-windows/debug/Windows/System32/OpenSSH/"
      - "D:/WaterSurfaceRendererScratch/vcpkg_installed/x64-windows/debug/Microsoft Visual Studio/18/Community/Common7/IDE/CommonExtensions/Microsoft/CMake/CMake/bin/"
      - "D:/WaterSurfaceRendererScratch/vcpkg_installed/x64-windows/debug/Microsoft Visual Studio/18/Community/Common7/IDE/CommonExtensions/Microsoft/CMake/Ninja/"
      - "D:/WaterSurfaceRendererScratch/vcpkg_installed/x64-windows/debug/Microsoft Visual Studio/18/Community/Common7/IDE/VC/Linux/bin/ConnectionManagerExe/"
      - "D:/WaterSurfaceRendererScratch/vcpkg_installed/x64-windows/debug/Microsoft Visual Studio/18/Community/VC/vcpkg/"
      - "D:/WaterSurfaceRendererScratch/vcpkg_installed/x64-windows/Microsoft Visual Studio/18/Community/VC/Tools/MSVC/14.51.36231/bin/Hostx64/x64/"
      - "D:/WaterSurfaceRendererScratch/vcpkg_installed/x64-windows/Microsoft Visual Studio/18/Community/Common7/IDE/VC/vcpackages/"
      - "D:/WaterSurfaceRendererScratch/vcpkg_installed/x64-windows/Microsoft Visual Studio/18/Community/Common7/IDE/CommonExtensions/Microsoft/TestWindow/"
      - "D:/WaterSurfaceRendererScratch/vcpkg_installed/x64-windows/Microsoft Visual Studio/18/Community/Common7/IDE/CommonExtensions/Microsoft/TeamFoundation/Team Explorer/"
      - "D:/WaterSurfaceRendererScratch/vcpkg_installed/x64-windows/Microsoft Visual Studio/18/Community/MSBuild/Current/Bin/Roslyn/"
      - "D:/WaterSurfaceRendererScratch/vcpkg_installed/x64-windows/Program Files (x86)/Microsoft SDKs/Windows/v10.0A/bin/NETFX 4.8 Tools/x64/"
      - "D:/WaterSurfaceRendererScratch/vcpkg_installed/x64-windows/Microsoft Visual Studio/18/Community/Team Tools/DiagnosticsHub/Collector/"
      - "D:/WaterSurfaceRendererScratch/vcpkg_installed/x64-windows/Microsoft Visual Studio/18/Community/Common7/IDE/Extensions/Microsoft/CodeCoverage.Console/"
      - "D:/WaterSurfaceRendererScratch/vcpkg_installed/x64-windows/Program Files (x86)/Windows Kits/10/bin/10.0.26100.0/x64/"
      - "D:/WaterSurfaceRendererScratch/vcpkg_installed/x64-windows/Program Files (x86)/Windows Kits/10/bin/x64/"
      - "D:/WaterSurfaceRendererScratch/vcpkg_installed/x64-windows/Microsoft Visual Studio/18/Community/MSBuild/Current/Bin/amd64/"
      - "D:/WaterSurfaceRendererScratch/vcpkg_installed/x64-windows/Windows/Microsoft.NET/Framework64/v4.0.30319/"
      - "D:/WaterSurfaceRendererScratch/vcpkg_installed/x64-windows/Microsoft Visual Studio/18/Community/Common7/IDE/"
      - "D:/WaterSurfaceRendererScratch/vcpkg_installed/x64-windows/Microsoft Visual Studio/18/Community/Common7/Tools/"
      - "D:/WaterSurfaceRendererScratch/vcpkg_installed/x64-windows/Users/xukeheng/AppData/Local/vcpkg/downloads/tools/powershell-core-7.5.4-windows/"
      - "D:/WaterSurfaceRendererScratch/vcpkg_installed/x64-windows/Windows/System32/"
      - "D:/WaterSurfaceRendererScratch/vcpkg_installed/x64-windows/Windows/"
      - "D:/WaterSurfaceRendererScratch/vcpkg_installed/x64-windows/Windows/System32/wbem/"
      - "D:/WaterSurfaceRendererScratch/vcpkg_installed/x64-windows/Windows/System32/WindowsPowerShell/v1.0/"
      - "D:/WaterSurfaceRendererScratch/vcpkg_installed/x64-windows/Windows/System32/OpenSSH/"
      - "D:/WaterSurfaceRendererScratch/vcpkg_installed/x64-windows/Microsoft Visual Studio/18/Community/Common7/IDE/CommonExtensions/Microsoft/CMake/CMake/bin/"
      - "D:/WaterSurfaceRendererScratch/vcpkg_installed/x64-windows/Microsoft Visual Studio/18/Community/Common7/IDE/CommonExtensions/Microsoft/CMake/Ninja/"
      - "D:/WaterSurfaceRendererScratch/vcpkg_installed/x64-windows/Microsoft Visual Studio/18/Community/Common7/IDE/VC/Linux/bin/ConnectionManagerExe/"
      - "D:/WaterSurfaceRendererScratch/vcpkg_installed/x64-windows/Microsoft Visual Studio/18/Community/VC/vcpkg/"
      - "D:/Microsoft Visual Studio/18/Community/VC/Tools/MSVC/14.51.36231/bin/Hostx64/x64/"
      - "D:/Microsoft Visual Studio/18/Community/Common7/IDE/VC/vcpackages/"
      - "D:/Microsoft Visual Studio/18/Community/Common7/IDE/CommonExtensions/Microsoft/TestWindow/"
      - "D:/Microsoft Visual Studio/18/Community/Common7/IDE/CommonExtensions/Microsoft/TeamFoundation/Team Explorer/"
      - "D:/Microsoft Visual Studio/18/Community/MSBuild/Current/Bin/Roslyn/"
      - "C:/Program Files (x86)/Microsoft SDKs/Windows/v10.0A/bin/NETFX 4.8 Tools/x64/"
      - "D:/Microsoft Visual Studio/18/Community/Team Tools/DiagnosticsHub/Collector/"
      - "D:/Microsoft Visual Studio/18/Community/Common7/IDE/Extensions/Microsoft/CodeCoverage.Console/"
      - "C:/Program Files (x86)/Windows Kits/10/bin/10.0.26100.0/x64/"
      - "C:/Program Files (x86)/Windows Kits/10/bin/x64/"
      - "D:/Microsoft Visual Studio/18/Community/MSBuild/Current/Bin/amd64/"
      - "C:/Windows/Microsoft.NET/Framework64/v4.0.30319/"
      - "D:/Microsoft Visual Studio/18/Community/Common7/IDE/"
      - "D:/Microsoft Visual Studio/18/Community/Common7/Tools/"
      - "C:/Users/xukeheng/AppData/Local/vcpkg/downloads/tools/powershell-core-7.5.4-windows/"
      - "C:/Windows/System32/"
      - "C:/Windows/"
      - "C:/Windows/System32/wbem/"
      - "C:/Windows/System32/WindowsPowerShell/v1.0/"
      - "C:/Windows/System32/OpenSSH/"
      - "D:/Microsoft Visual Studio/18/Community/Common7/IDE/CommonExtensions/Microsoft/CMake/CMake/bin/"
      - "D:/Microsoft Visual Studio/18/Community/Common7/IDE/CommonExtensions/Microsoft/CMake/Ninja/"
      - "D:/Microsoft Visual Studio/18/Community/Common7/IDE/VC/Linux/bin/ConnectionManagerExe/"
      - "D:/Microsoft Visual Studio/18/Community/VC/vcpkg/"
    searched_directories:
      - "D:/WaterSurfaceRendererScratch/vcpkg_installed/x64-windows/debug/Microsoft Visual Studio/18/Community/VC/Tools/MSVC/14.51.36231/bin/Hostx64/x64/link.com"
      - "D:/WaterSurfaceRendererScratch/vcpkg_installed/x64-windows/debug/Microsoft Visual Studio/18/Community/VC/Tools/MSVC/14.51.36231/bin/Hostx64/x64/link.exe"
      - "D:/WaterSurfaceRendererScratch/vcpkg_installed/x64-windows/debug/Microsoft Visual Studio/18/Community/VC/Tools/MSVC/14.51.36231/bin/Hostx64/x64/link"
      - "D:/WaterSurfaceRendererScratch/vcpkg_installed/x64-windows/debug/Microsoft Visual Studio/18/Community/Common7/IDE/VC/vcpackages/link.com"
      - "D:/WaterSurfaceRendererScratch/vcpkg_installed/x64-windows/debug/Microsoft Visual Studio/18/Community/Common7/IDE/VC/vcpackages/link.exe"
      - "D:/WaterSurfaceRendererScratch/vcpkg_installed/x64-windows/debug/Microsoft Visual Studio/18/Community/Common7/IDE/VC/vcpackages/link"
      - "D:/WaterSurfaceRendererScratch/vcpkg_installed/x64-windows/debug/Microsoft Visual Studio/18/Community/Common7/IDE/CommonExtensions/Microsoft/TestWindow/link.com"
      - "D:/WaterSurfaceRendererScratch/vcpkg_installed/x64-windows/debug/Microsoft Visual Studio/18/Community/Common7/IDE/CommonExtensions/Microsoft/TestWindow/link.exe"
      - "D:/WaterSurfaceRendererScratch/vcpkg_installed/x64-windows/debug/Microsoft Visual Studio/18/Community/Common7/IDE/CommonExtensions/Microsoft/TestWindow/link"
      - "D:/WaterSurfaceRendererScratch/vcpkg_installed/x64-windows/debug/Microsoft Visual Studio/18/Community/Common7/IDE/CommonExtensions/Microsoft/TeamFoundation/Team Explorer/link.com"
      - "D:/WaterSurfaceRendererScratch/vcpkg_installed/x64-windows/debug/Microsoft Visual Studio/18/Community/Common7/IDE/CommonExtensions/Microsoft/TeamFoundation/Team Explorer/link.exe"
      - "D:/WaterSurfaceRendererScratch/vcpkg_installed/x64-windows/debug/Microsoft Visual Studio/18/Community/Common7/IDE/CommonExtensions/Microsoft/TeamFoundation/Team Explorer/link"
      - "D:/WaterSurfaceRendererScratch/vcpkg_installed/x64-windows/debug/Microsoft Visual Studio/18/Community/MSBuild/Current/Bin/Roslyn/link.com"
      - "D:/WaterSurfaceRendererScratch/vcpkg_installed/x64-windows/debug/Microsoft Visual Studio/18/Community/MSBuild/Current/Bin/Roslyn/link.exe"
      - "D:/WaterSurfaceRendererScratch/vcpkg_installed/x64-windows/debug/Microsoft Visual Studio/18/Community/MSBuild/Current/Bin/Roslyn/link"
      - "D:/WaterSurfaceRendererScratch/vcpkg_installed/x64-windows/debug/Program Files (x86)/Microsoft SDKs/Windows/v10.0A/bin/NETFX 4.8 Tools/x64/link.com"
      - "D:/WaterSurfaceRendererScratch/vcpkg_installed/x64-windows/debug/Program Files (x86)/Microsoft SDKs/Windows/v10.0A/bin/NETFX 4.8 Tools/x64/link.exe"
      - "D:/WaterSurfaceRendererScratch/vcpkg_installed/x64-windows/debug/Program Files (x86)/Microsoft SDKs/Windows/v10.0A/bin/NETFX 4.8 Tools/x64/link"
      - "D:/WaterSurfaceRendererScratch/vcpkg_installed/x64-windows/debug/Microsoft Visual Studio/18/Community/Team Tools/DiagnosticsHub/Collector/link.com"
      - "D:/WaterSurfaceRendererScratch/vcpkg_installed/x64-windows/debug/Microsoft Visual Studio/18/Community/Team Tools/DiagnosticsHub/Collector/link.exe"
      - "D:/WaterSurfaceRendererScratch/vcpkg_installed/x64-windows/debug/Microsoft Visual Studio/18/Community/Team Tools/DiagnosticsHub/Collector/link"
      - "D:/WaterSurfaceRendererScratch/vcpkg_installed/x64-windows/debug/Microsoft Visual Studio/18/Community/Common7/IDE/Extensions/Microsoft/CodeCoverage.Console/link.com"
      - "D:/WaterSurfaceRendererScratch/vcpkg_installed/x64-windows/debug/Microsoft Visual Studio/18/Community/Common7/IDE/Extensions/Microsoft/CodeCoverage.Console/link.exe"
      - "D:/WaterSurfaceRendererScratch/vcpkg_installed/x64-windows/debug/Microsoft Visual Studio/18/Community/Common7/IDE/Extensions/Microsoft/CodeCoverage.Console/link"
      - "D:/WaterSurfaceRendererScratch/vcpkg_installed/x64-windows/debug/Program Files (x86)/Windows Kits/10/bin/10.0.26100.0/x64/link.com"
      - "D:/WaterSurfaceRendererScratch/vcpkg_installed/x64-windows/debug/Program Files (x86)/Windows Kits/10/bin/10.0.26100.0/x64/link.exe"
      - "D:/WaterSurfaceRendererScratch/vcpkg_installed/x64-windows/debug/Program Files (x86)/Windows Kits/10/bin/10.0.26100.0/x64/link"
      - "D:/WaterSurfaceRendererScratch/vcpkg_installed/x64-windows/debug/Program Files (x86)/Windows Kits/10/bin/x64/link.com"
      - "D:/WaterSurfaceRendererScratch/vcpkg_installed/x64-windows/debug/Program Files (x86)/Windows Kits/10/bin/x64/link.exe"
      - "D:/WaterSurfaceRendererScratch/vcpkg_installed/x64-windows/debug/Program Files (x86)/Windows Kits/10/bin/x64/link"
      - "D:/WaterSurfaceRendererScratch/vcpkg_installed/x64-windows/debug/Microsoft Visual Studio/18/Community/MSBuild/Current/Bin/amd64/link.com"
      - "D:/WaterSurfaceRendererScratch/vcpkg_installed/x64-windows/debug/Microsoft Visual Studio/18/Community/MSBuild/Current/Bin/amd64/link.exe"
      - "D:/WaterSurfaceRendererScratch/vcpkg_installed/x64-windows/debug/Microsoft Visual Studio/18/Community/MSBuild/Current/Bin/amd64/link"
      - "D:/WaterSurfaceRendererScratch/vcpkg_installed/x64-windows/debug/Windows/Microsoft.NET/Framework64/v4.0.30319/link.com"
      - "D:/WaterSurfaceRendererScratch/vcpkg_installed/x64-windows/debug/Windows/Microsoft.NET/Framework64/v4.0.30319/link.exe"
      - "D:/WaterSurfaceRendererScratch/vcpkg_installed/x64-windows/debug/Windows/Microsoft.NET/Framework64/v4.0.30319/link"
      - "D:/WaterSurfaceRendererScratch/vcpkg_installed/x64-windows/debug/Microsoft Visual Studio/18/Community/Common7/IDE/link.com"
      - "D:/WaterSurfaceRendererScratch/vcpkg_installed/x64-windows/debug/Microsoft Visual Studio/18/Community/Common7/IDE/link.exe"
      - "D:/WaterSurfaceRendererScratch/vcpkg_installed/x64-windows/debug/Microsoft Visual Studio/18/Community/Common7/IDE/link"
      - "D:/WaterSurfaceRendererScratch/vcpkg_installed/x64-windows/debug/Microsoft Visual Studio/18/Community/Common7/Tools/link.com"
      - "D:/WaterSurfaceRendererScratch/vcpkg_installed/x64-windows/debug/Microsoft Visual Studio/18/Community/Common7/Tools/link.exe"
      - "D:/WaterSurfaceRendererScratch/vcpkg_installed/x64-windows/debug/Microsoft Visual Studio/18/Community/Common7/Tools/link"
      - "D:/WaterSurfaceRendererScratch/vcpkg_installed/x64-windows/debug/Users/xukeheng/AppData/Local/vcpkg/downloads/tools/powershell-core-7.5.4-windows/link.com"
      - "D:/WaterSurfaceRendererScratch/vcpkg_installed/x64-windows/debug/Users/xukeheng/AppData/Local/vcpkg/downloads/tools/powershell-core-7.5.4-windows/link.exe"
      - "D:/WaterSurfaceRendererScratch/vcpkg_installed/x64-windows/debug/Users/xukeheng/AppData/Local/vcpkg/downloads/tools/powershell-core-7.5.4-windows/link"
      - "D:/WaterSurfaceRendererScratch/vcpkg_installed/x64-windows/debug/Windows/System32/link.com"
      - "D:/WaterSurfaceRendererScratch/vcpkg_installed/x64-windows/debug/Windows/System32/link.exe"
      - "D:/WaterSurfaceRendererScratch/vcpkg_installed/x64-windows/debug/Windows/System32/link"
      - "D:/WaterSurfaceRendererScratch/vcpkg_installed/x64-windows/debug/Windows/link.com"
      - "D:/WaterSurfaceRendererScratch/vcpkg_installed/x64-windows/debug/Windows/link.exe"
      - "D:/WaterSurfaceRendererScratch/vcpkg_installed/x64-windows/debug/Windows/link"
      - "D:/WaterSurfaceRendererScratch/vcpkg_installed/x64-windows/debug/Windows/System32/wbem/link.com"
      - "D:/WaterSurfaceRendererScratch/vcpkg_installed/x64-windows/debug/Windows/System32/wbem/link.exe"
      - "D:/WaterSurfaceRendererScratch/vcpkg_installed/x64-windows/debug/Windows/System32/wbem/link"
      - "D:/WaterSurfaceRendererScratch/vcpkg_installed/x64-windows/debug/Windows/System32/WindowsPowerShell/v1.0/link.com"
      - "D:/WaterSurfaceRendererScratch/vcpkg_installed/x64-windows/debug/Windows/System32/WindowsPowerShell/v1.0/link.exe"
      - "D:/WaterSurfaceRendererScratch/vcpkg_installed/x64-windows/debug/Windows/System32/WindowsPowerShell/v1.0/link"
      - "D:/WaterSurfaceRendererScratch/vcpkg_installed/x64-windows/debug/Windows/System32/OpenSSH/link.com"
      - "D:/WaterSurfaceRendererScratch/vcpkg_installed/x64-windows/debug/Windows/System32/OpenSSH/link.exe"
      - "D:/WaterSurfaceRendererScratch/vcpkg_installed/x64-windows/debug/Windows/System32/OpenSSH/link"
      - "D:/WaterSurfaceRendererScratch/vcpkg_installed/x64-windows/debug/Microsoft Visual Studio/18/Community/Common7/IDE/CommonExtensions/Microsoft/CMake/CMake/bin/link.com"
      - "D:/WaterSurfaceRendererScratch/vcpkg_installed/x64-windows/debug/Microsoft Visual Studio/18/Community/Common7/IDE/CommonExtensions/Microsoft/CMake/CMake/bin/link.exe"
      - "D:/WaterSurfaceRendererScratch/vcpkg_installed/x64-windows/debug/Microsoft Visual Studio/18/Community/Common7/IDE/CommonExtensions/Microsoft/CMake/CMake/bin/link"
      - "D:/WaterSurfaceRendererScratch/vcpkg_installed/x64-windows/debug/Microsoft Visual Studio/18/Community/Common7/IDE/CommonExtensions/Microsoft/CMake/Ninja/link.com"
      - "D:/WaterSurfaceRendererScratch/vcpkg_installed/x64-windows/debug/Microsoft Visual Studio/18/Community/Common7/IDE/CommonExtensions/Microsoft/CMake/Ninja/link.exe"
      - "D:/WaterSurfaceRendererScratch/vcpkg_installed/x64-windows/debug/Microsoft Visual Studio/18/Community/Common7/IDE/CommonExtensions/Microsoft/CMake/Ninja/link"
      - "D:/WaterSurfaceRendererScratch/vcpkg_installed/x64-windows/debug/Microsoft Visual Studio/18/Community/Common7/IDE/VC/Linux/bin/ConnectionManagerExe/link.com"
      - "D:/WaterSurfaceRendererScratch/vcpkg_installed/x64-windows/debug/Microsoft Visual Studio/18/Community/Common7/IDE/VC/Linux/bin/ConnectionManagerExe/link.exe"
      - "D:/WaterSurfaceRendererScratch/vcpkg_installed/x64-windows/debug/Microsoft Visual Studio/18/Community/Common7/IDE/VC/Linux/bin/ConnectionManagerExe/link"
      - "D:/WaterSurfaceRendererScratch/vcpkg_installed/x64-windows/debug/Microsoft Visual Studio/18/Community/VC/vcpkg/link.com"
      - "D:/WaterSurfaceRendererScratch/vcpkg_installed/x64-windows/debug/Microsoft Visual Studio/18/Community/VC/vcpkg/link.exe"
      - "D:/WaterSurfaceRendererScratch/vcpkg_installed/x64-windows/debug/Microsoft Visual Studio/18/Community/VC/vcpkg/link"
      - "D:/WaterSurfaceRendererScratch/vcpkg_installed/x64-windows/Microsoft Visual Studio/18/Community/VC/Tools/MSVC/14.51.36231/bin/Hostx64/x64/link.com"
      - "D:/WaterSurfaceRendererScratch/vcpkg_installed/x64-windows/Microsoft Visual Studio/18/Community/VC/Tools/MSVC/14.51.36231/bin/Hostx64/x64/link.exe"
      - "D:/WaterSurfaceRendererScratch/vcpkg_installed/x64-windows/Microsoft Visual Studio/18/Community/VC/Tools/MSVC/14.51.36231/bin/Hostx64/x64/link"
      - "D:/WaterSurfaceRendererScratch/vcpkg_installed/x64-windows/Microsoft Visual Studio/18/Community/Common7/IDE/VC/vcpackages/link.com"
      - "D:/WaterSurfaceRendererScratch/vcpkg_installed/x64-windows/Microsoft Visual Studio/18/Community/Common7/IDE/VC/vcpackages/link.exe"
      - "D:/WaterSurfaceRendererScratch/vcpkg_installed/x64-windows/Microsoft Visual Studio/18/Community/Common7/IDE/VC/vcpackages/link"
      - "D:/WaterSurfaceRendererScratch/vcpkg_installed/x64-windows/Microsoft Visual Studio/18/Community/Common7/IDE/CommonExtensions/Microsoft/TestWindow/link.com"
      - "D:/WaterSurfaceRendererScratch/vcpkg_installed/x64-windows/Microsoft Visual Studio/18/Community/Common7/IDE/CommonExtensions/Microsoft/TestWindow/link.exe"
      - "D:/WaterSurfaceRendererScratch/vcpkg_installed/x64-windows/Microsoft Visual Studio/18/Community/Common7/IDE/CommonExtensions/Microsoft/TestWindow/link"
      - "D:/WaterSurfaceRendererScratch/vcpkg_installed/x64-windows/Microsoft Visual Studio/18/Community/Common7/IDE/CommonExtensions/Microsoft/TeamFoundation/Team Explorer/link.com"
      - "D:/WaterSurfaceRendererScratch/vcpkg_installed/x64-windows/Microsoft Visual Studio/18/Community/Common7/IDE/CommonExtensions/Microsoft/TeamFoundation/Team Explorer/link.exe"
      - "D:/WaterSurfaceRendererScratch/vcpkg_installed/x64-windows/Microsoft Visual Studio/18/Community/Common7/IDE/CommonExtensions/Microsoft/TeamFoundation/Team Explorer/link"
      - "D:/WaterSurfaceRendererScratch/vcpkg_installed/x64-windows/Microsoft Visual Studio/18/Community/MSBuild/Current/Bin/Roslyn/link.com"
      - "D:/WaterSurfaceRendererScratch/vcpkg_installed/x64-windows/Microsoft Visual Studio/18/Community/MSBuild/Current/Bin/Roslyn/link.exe"
      - "D:/WaterSurfaceRendererScratch/vcpkg_installed/x64-windows/Microsoft Visual Studio/18/Community/MSBuild/Current/Bin/Roslyn/link"
      - "D:/WaterSurfaceRendererScratch/vcpkg_installed/x64-windows/Program Files (x86)/Microsoft SDKs/Windows/v10.0A/bin/NETFX 4.8 Tools/x64/link.com"
      - "D:/WaterSurfaceRendererScratch/vcpkg_installed/x64-windows/Program Files (x86)/Microsoft SDKs/Windows/v10.0A/bin/NETFX 4.8 Tools/x64/link.exe"
      - "D:/WaterSurfaceRendererScratch/vcpkg_installed/x64-windows/Program Files (x86)/Microsoft SDKs/Windows/v10.0A/bin/NETFX 4.8 Tools/x64/link"
      - "D:/WaterSurfaceRendererScratch/vcpkg_installed/x64-windows/Microsoft Visual Studio/18/Community/Team Tools/DiagnosticsHub/Collector/link.com"
      - "D:/WaterSurfaceRendererScratch/vcpkg_installed/x64-windows/Microsoft Visual Studio/18/Community/Team Tools/DiagnosticsHub/Collector/link.exe"
      - "D:/WaterSurfaceRendererScratch/vcpkg_installed/x64-windows/Microsoft Visual Studio/18/Community/Team Tools/DiagnosticsHub/Collector/link"
      - "D:/WaterSurfaceRendererScratch/vcpkg_installed/x64-windows/Microsoft Visual Studio/18/Community/Common7/IDE/Extensions/Microsoft/CodeCoverage.Console/link.com"
      - "D:/WaterSurfaceRendererScratch/vcpkg_installed/x64-windows/Microsoft Visual Studio/18/Community/Common7/IDE/Extensions/Microsoft/CodeCoverage.Console/link.exe"
      - "D:/WaterSurfaceRendererScratch/vcpkg_installed/x64-windows/Microsoft Visual Studio/18/Community/Common7/IDE/Extensions/Microsoft/CodeCoverage.Console/link"
      - "D:/WaterSurfaceRendererScratch/vcpkg_installed/x64-windows/Program Files (x86)/Windows Kits/10/bin/10.0.26100.0/x64/link.com"
      - "D:/WaterSurfaceRendererScratch/vcpkg_installed/x64-windows/Program Files (x86)/Windows Kits/10/bin/10.0.26100.0/x64/link.exe"
      - "D:/WaterSurfaceRendererScratch/vcpkg_installed/x64-windows/Program Files (x86)/Windows Kits/10/bin/10.0.26100.0/x64/link"
      - "D:/WaterSurfaceRendererScratch/vcpkg_installed/x64-windows/Program Files (x86)/Windows Kits/10/bin/x64/link.com"
      - "D:/WaterSurfaceRendererScratch/vcpkg_installed/x64-windows/Program Files (x86)/Windows Kits/10/bin/x64/link.exe"
      - "D:/WaterSurfaceRendererScratch/vcpkg_installed/x64-windows/Program Files (x86)/Windows Kits/10/bin/x64/link"
      - "D:/WaterSurfaceRendererScratch/vcpkg_installed/x64-windows/Microsoft Visual Studio/18/Community/MSBuild/Current/Bin/amd64/link.com"
      - "D:/WaterSurfaceRendererScratch/vcpkg_installed/x64-windows/Microsoft Visual Studio/18/Community/MSBuild/Current/Bin/amd64/link.exe"
      - "D:/WaterSurfaceRendererScratch/vcpkg_installed/x64-windows/Microsoft Visual Studio/18/Community/MSBuild/Current/Bin/amd64/link"
      - "D:/WaterSurfaceRendererScratch/vcpkg_installed/x64-windows/Windows/Microsoft.NET/Framework64/v4.0.30319/link.com"
      - "D:/WaterSurfaceRendererScratch/vcpkg_installed/x64-windows/Windows/Microsoft.NET/Framework64/v4.0.30319/link.exe"
      - "D:/WaterSurfaceRendererScratch/vcpkg_installed/x64-windows/Windows/Microsoft.NET/Framework64/v4.0.30319/link"
      - "D:/WaterSurfaceRendererScratch/vcpkg_installed/x64-windows/Microsoft Visual Studio/18/Community/Common7/IDE/link.com"
      - "D:/WaterSurfaceRendererScratch/vcpkg_installed/x64-windows/Microsoft Visual Studio/18/Community/Common7/IDE/link.exe"
      - "D:/WaterSurfaceRendererScratch/vcpkg_installed/x64-windows/Microsoft Visual Studio/18/Community/Common7/IDE/link"
      - "D:/WaterSurfaceRendererScratch/vcpkg_installed/x64-windows/Microsoft Visual Studio/18/Community/Common7/Tools/link.com"
      - "D:/WaterSurfaceRendererScratch/vcpkg_installed/x64-windows/Microsoft Visual Studio/18/Community/Common7/Tools/link.exe"
      - "D:/WaterSurfaceRendererScratch/vcpkg_installed/x64-windows/Microsoft Visual Studio/18/Community/Common7/Tools/link"
      - "D:/WaterSurfaceRendererScratch/vcpkg_installed/x64-windows/Users/xukeheng/AppData/Local/vcpkg/downloads/tools/powershell-core-7.5.4-windows/link.com"
      - "D:/WaterSurfaceRendererScratch/vcpkg_installed/x64-windows/Users/xukeheng/AppData/Local/vcpkg/downloads/tools/powershell-core-7.5.4-windows/link.exe"
      - "D:/WaterSurfaceRendererScratch/vcpkg_installed/x64-windows/Users/xukeheng/AppData/Local/vcpkg/downloads/tools/powershell-core-7.5.4-windows/link"
      - "D:/WaterSurfaceRendererScratch/vcpkg_installed/x64-windows/Windows/System32/link.com"
      - "D:/WaterSurfaceRendererScratch/vcpkg_installed/x64-windows/Windows/System32/link.exe"
      - "D:/WaterSurfaceRendererScratch/vcpkg_installed/x64-windows/Windows/System32/link"
      - "D:/WaterSurfaceRendererScratch/vcpkg_installed/x64-windows/Windows/link.com"
      - "D:/WaterSurfaceRendererScratch/vcpkg_installed/x64-windows/Windows/link.exe"
      - "D:/WaterSurfaceRendererScratch/vcpkg_installed/x64-windows/Windows/link"
      - "D:/WaterSurfaceRendererScratch/vcpkg_installed/x64-windows/Windows/System32/wbem/link.com"
      - "D:/WaterSurfaceRendererScratch/vcpkg_installed/x64-windows/Windows/System32/wbem/link.exe"
      - "D:/WaterSurfaceRendererScratch/vcpkg_installed/x64-windows/Windows/System32/wbem/link"
      - "D:/WaterSurfaceRendererScratch/vcpkg_installed/x64-windows/Windows/System32/WindowsPowerShell/v1.0/link.com"
      - "D:/WaterSurfaceRendererScratch/vcpkg_installed/x64-windows/Windows/System32/WindowsPowerShell/v1.0/link.exe"
      - "D:/WaterSurfaceRendererScratch/vcpkg_installed/x64-windows/Windows/System32/WindowsPowerShell/v1.0/link"
      - "D:/WaterSurfaceRendererScratch/vcpkg_installed/x64-windows/Windows/System32/OpenSSH/link.com"
      - "D:/WaterSurfaceRendererScratch/vcpkg_installed/x64-windows/Windows/System32/OpenSSH/link.exe"
      - "D:/WaterSurfaceRendererScratch/vcpkg_installed/x64-windows/Windows/System32/OpenSSH/link"
      - "D:/WaterSurfaceRendererScratch/vcpkg_installed/x64-windows/Microsoft Visual Studio/18/Community/Common7/IDE/CommonExtensions/Microsoft/CMake/CMake/bin/link.com"
      - "D:/WaterSurfaceRendererScratch/vcpkg_installed/x64-windows/Microsoft Visual Studio/18/Community/Common7/IDE/CommonExtensions/Microsoft/CMake/CMake/bin/link.exe"
      - "D:/WaterSurfaceRendererScratch/vcpkg_installed/x64-windows/Microsoft Visual Studio/18/Community/Common7/IDE/CommonExtensions/Microsoft/CMake/CMake/bin/link"
      - "D:/WaterSurfaceRendererScratch/vcpkg_installed/x64-windows/Microsoft Visual Studio/18/Community/Common7/IDE/CommonExtensions/Microsoft/CMake/Ninja/link.com"
      - "D:/WaterSurfaceRendererScratch/vcpkg_installed/x64-windows/Microsoft Visual Studio/18/Community/Common7/IDE/CommonExtensions/Microsoft/CMake/Ninja/link.exe"
      - "D:/WaterSurfaceRendererScratch/vcpkg_installed/x64-windows/Microsoft Visual Studio/18/Community/Common7/IDE/CommonExtensions/Microsoft/CMake/Ninja/link"
      - "D:/WaterSurfaceRendererScratch/vcpkg_installed/x64-windows/Microsoft Visual Studio/18/Community/Common7/IDE/VC/Linux/bin/ConnectionManagerExe/link.com"
      - "D:/WaterSurfaceRendererScratch/vcpkg_installed/x64-windows/Microsoft Visual Studio/18/Community/Common7/IDE/VC/Linux/bin/ConnectionManagerExe/link.exe"
      - "D:/WaterSurfaceRendererScratch/vcpkg_installed/x64-windows/Microsoft Visual Studio/18/Community/Common7/IDE/VC/Linux/bin/ConnectionManagerExe/link"
      - "D:/WaterSurfaceRendererScratch/vcpkg_installed/x64-windows/Microsoft Visual Studio/18/Community/VC/vcpkg/link.com"
      - "D:/WaterSurfaceRendererScratch/vcpkg_installed/x64-windows/Microsoft Visual Studio/18/Community/VC/vcpkg/link.exe"
      - "D:/WaterSurfaceRendererScratch/vcpkg_installed/x64-windows/Microsoft Visual Studio/18/Community/VC/vcpkg/link"
      - "D:/Microsoft Visual Studio/18/Community/VC/Tools/MSVC/14.51.36231/bin/Hostx64/x64/link.com"
    found: "D:/Microsoft Visual Studio/18/Community/VC/Tools/MSVC/14.51.36231/bin/Hostx64/x64/link.exe"
    search_context:
      CMAKE_PROGRAM_PATH:
        - "D:/WaterSurfaceRendererScratch/vcpkg_installed/x64-windows/tools"
      CMAKE_PREFIX_PATH:
        - "D:/WaterSurfaceRendererScratch/vcpkg_installed/x64-windows/debug"
        - "D:/WaterSurfaceRendererScratch/vcpkg_installed/x64-windows"
      ENV{PATH}:
        - "D:\\Microsoft Visual Studio\\18\\Community\\VC\\Tools\\MSVC\\14.51.36231\\bin\\HostX64\\x64"
        - "D:\\Microsoft Visual Studio\\18\\Community\\Common7\\IDE\\VC\\VCPackages"
        - "D:\\Microsoft Visual Studio\\18\\Community\\Common7\\IDE\\CommonExtensions\\Microsoft\\TestWindow"
        - "D:\\Microsoft Visual Studio\\18\\Community\\Common7\\IDE\\CommonExtensions\\Microsoft\\TeamFoundation\\Team Explorer"
        - "D:\\Microsoft Visual Studio\\18\\Community\\MSBuild\\Current\\bin\\Roslyn"
        - "C:\\Program Files (x86)\\Microsoft SDKs\\Windows\\v10.0A\\bin\\NETFX 4.8 Tools\\x64\\"
        - "D:\\Microsoft Visual Studio\\18\\Community\\Team Tools\\DiagnosticsHub\\Collector"
        - "D:\\Microsoft Visual Studio\\18\\Community\\Common7\\IDE\\Extensions\\Microsoft\\CodeCoverage.Console"
        - "C:\\Program Files (x86)\\Windows Kits\\10\\bin\\10.0.26100.0\\\\x64"
        - "C:\\Program Files (x86)\\Windows Kits\\10\\bin\\\\x64"
        - "D:\\Microsoft Visual Studio\\18\\Community\\\\MSBuild\\Current\\Bin\\amd64"
        - "C:\\Windows\\Microsoft.NET\\Framework64\\v4.0.30319"
        - "D:\\Microsoft Visual Studio\\18\\Community\\Common7\\IDE\\"
        - "D:\\Microsoft Visual Studio\\18\\Community\\Common7\\Tools\\"
        - "C:\\Users\\xukeheng\\AppData\\Local\\vcpkg\\downloads\\tools\\powershell-core-7.5.4-windows"
        - "C:\\windows\\system32"
        - "C:\\windows"
        - "C:\\windows\\system32\\Wbem"
        - "C:\\windows\\system32\\WindowsPowerShell\\v1.0\\"
        - "C:\\windows\\system32\\OpenSSH\\"
        - "D:\\Microsoft Visual Studio\\18\\Community\\Common7\\IDE\\CommonExtensions\\Microsoft\\CMake\\CMake\\bin"
        - "D:\\Microsoft Visual Studio\\18\\Community\\Common7\\IDE\\CommonExtensions\\Microsoft\\CMake\\Ninja"
        - "D:\\Microsoft Visual Studio\\18\\Community\\Common7\\IDE\\VC\\Linux\\bin\\ConnectionManagerExe"
        - "D:\\Microsoft Visual Studio\\18\\Community\\VC\\vcpkg"
        - "D:\\Microsoft Visual Studio\\18\\Community\\Common7\\IDE\\CommonExtensions\\Microsoft\\CMake\\Ninja"
        - "D:\\Microsoft Visual Studio\\18\\Community\\Common7\\IDE\\CommonExtensions\\Microsoft\\CMake\\Ninja"
      CMAKE_INSTALL_PREFIX: "D:/WaterSurfaceRendererScratch/vcpkg_installed/vcpkg/pkgs/fftw3_x64-windows/debug"
      CMAKE_FIND_ROOT_PATH: "D:/WaterSurfaceRendererScratch/vcpkg_installed/x64-windows/debug;D:/WaterSurfaceRendererScratch/vcpkg_installed/x64-windows"
  -
    kind: "find-v1"
    backtrace:
      - "D:/Microsoft Visual Studio/18/Community/Common7/IDE/CommonExtensions/Microsoft/CMake/CMake/share/cmake-4.3/Modules/CMakeFindBinUtils.cmake:243 (find_program)"
      - "D:/Microsoft Visual Studio/18/Community/Common7/IDE/CommonExtensions/Microsoft/CMake/CMake/share/cmake-4.3/Modules/CMakeDetermineCCompiler.cmake:200 (include)"
      - "CMakeLists.txt:7 (project)"
    mode: "program"
    variable: "CMAKE_MT"
    description: "Path to a program."
    settings:
      SearchFramework: "LAST"
      SearchAppBundle: "LAST"
      CMAKE_FIND_USE_CMAKE_PATH: false
      CMAKE_FIND_USE_CMAKE_ENVIRONMENT_PATH: false
      CMAKE_FIND_USE_SYSTEM_ENVIRONMENT_PATH: true
      CMAKE_FIND_USE_CMAKE_SYSTEM_PATH: true
      CMAKE_FIND_USE_INSTALL_PREFIX: true
    names:
      - "mt"
    candidate_directories:
      - "D:/WaterSurfaceRendererScratch/vcpkg_installed/x64-windows/debug/Microsoft Visual Studio/18/Community/VC/Tools/MSVC/14.51.36231/bin/Hostx64/x64/"
      - "D:/WaterSurfaceRendererScratch/vcpkg_installed/x64-windows/debug/Microsoft Visual Studio/18/Community/Common7/IDE/VC/vcpackages/"
      - "D:/WaterSurfaceRendererScratch/vcpkg_installed/x64-windows/debug/Microsoft Visual Studio/18/Community/Common7/IDE/CommonExtensions/Microsoft/TestWindow/"
      - "D:/WaterSurfaceRendererScratch/vcpkg_installed/x64-windows/debug/Microsoft Visual Studio/18/Community/Common7/IDE/CommonExtensions/Microsoft/TeamFoundation/Team Explorer/"
      - "D:/WaterSurfaceRendererScratch/vcpkg_installed/x64-windows/debug/Microsoft Visual Studio/18/Community/MSBuild/Current/Bin/Roslyn/"
      - "D:/WaterSurfaceRendererScratch/vcpkg_installed/x64-windows/debug/Program Files (x86)/Microsoft SDKs/Windows/v10.0A/bin/NETFX 4.8 Tools/x64/"
      - "D:/WaterSurfaceRendererScratch/vcpkg_installed/x64-windows/debug/Microsoft Visual Studio/18/Community/Team Tools/DiagnosticsHub/Collector/"
      - "D:/WaterSurfaceRendererScratch/vcpkg_installed/x64-windows/debug/Microsoft Visual Studio/18/Community/Common7/IDE/Extensions/Microsoft/CodeCoverage.Console/"
      - "D:/WaterSurfaceRendererScratch/vcpkg_installed/x64-windows/debug/Program Files (x86)/Windows Kits/10/bin/10.0.26100.0/x64/"
      - "D:/WaterSurfaceRendererScratch/vcpkg_installed/x64-windows/debug/Program Files (x86)/Windows Kits/10/bin/x64/"
      - "D:/WaterSurfaceRendererScratch/vcpkg_installed/x64-windows/debug/Microsoft Visual Studio/18/Community/MSBuild/Current/Bin/amd64/"
      - "D:/WaterSurfaceRendererScratch/vcpkg_installed/x64-windows/debug/Windows/Microsoft.NET/Framework64/v4.0.30319/"
      - "D:/WaterSurfaceRendererScratch/vcpkg_installed/x64-windows/debug/Microsoft Visual Studio/18/Community/Common7/IDE/"
      - "D:/WaterSurfaceRendererScratch/vcpkg_installed/x64-windows/debug/Microsoft Visual Studio/18/Community/Common7/Tools/"
      - "D:/WaterSurfaceRendererScratch/vcpkg_installed/x64-windows/debug/Users/xukeheng/AppData/Local/vcpkg/downloads/tools/powershell-core-7.5.4-windows/"
      - "D:/WaterSurfaceRendererScratch/vcpkg_installed/x64-windows/debug/Windows/System32/"
      - "D:/WaterSurfaceRendererScratch/vcpkg_installed/x64-windows/debug/Windows/"
      - "D:/WaterSurfaceRendererScratch/vcpkg_installed/x64-windows/debug/Windows/System32/wbem/"
      - "D:/WaterSurfaceRendererScratch/vcpkg_installed/x64-windows/debug/Windows/System32/WindowsPowerShell/v1.0/"
      - "D:/WaterSurfaceRendererScratch/vcpkg_installed/x64-windows/debug/Windows/System32/OpenSSH/"
      - "D:/WaterSurfaceRendererScratch/vcpkg_installed/x64-windows/debug/Microsoft Visual Studio/18/Community/Common7/IDE/CommonExtensions/Microsoft/CMake/CMake/bin/"
      - "D:/WaterSurfaceRendererScratch/vcpkg_installed/x64-windows/debug/Microsoft Visual Studio/18/Community/Common7/IDE/CommonExtensions/Microsoft/CMake/Ninja/"
      - "D:/WaterSurfaceRendererScratch/vcpkg_installed/x64-windows/debug/Microsoft Visual Studio/18/Community/Common7/IDE/VC/Linux/bin/ConnectionManagerExe/"
      - "D:/WaterSurfaceRendererScratch/vcpkg_installed/x64-windows/debug/Microsoft Visual Studio/18/Community/VC/vcpkg/"
      - "D:/WaterSurfaceRendererScratch/vcpkg_installed/x64-windows/Microsoft Visual Studio/18/Community/VC/Tools/MSVC/14.51.36231/bin/Hostx64/x64/"
      - "D:/WaterSurfaceRendererScratch/vcpkg_installed/x64-windows/Microsoft Visual Studio/18/Community/Common7/IDE/VC/vcpackages/"
      - "D:/WaterSurfaceRendererScratch/vcpkg_installed/x64-windows/Microsoft Visual Studio/18/Community/Common7/IDE/CommonExtensions/Microsoft/TestWindow/"
      - "D:/WaterSurfaceRendererScratch/vcpkg_installed/x64-windows/Microsoft Visual Studio/18/Community/Common7/IDE/CommonExtensions/Microsoft/TeamFoundation/Team Explorer/"
      - "D:/WaterSurfaceRendererScratch/vcpkg_installed/x64-windows/Microsoft Visual Studio/18/Community/MSBuild/Current/Bin/Roslyn/"
      - "D:/WaterSurfaceRendererScratch/vcpkg_installed/x64-windows/Program Files (x86)/Microsoft SDKs/Windows/v10.0A/bin/NETFX 4.8 Tools/x64/"
      - "D:/WaterSurfaceRendererScratch/vcpkg_installed/x64-windows/Microsoft Visual Studio/18/Community/Team Tools/DiagnosticsHub/Collector/"
      - "D:/WaterSurfaceRendererScratch/vcpkg_installed/x64-windows/Microsoft Visual Studio/18/Community/Common7/IDE/Extensions/Microsoft/CodeCoverage.Console/"
      - "D:/WaterSurfaceRendererScratch/vcpkg_installed/x64-windows/Program Files (x86)/Windows Kits/10/bin/10.0.26100.0/x64/"
      - "D:/WaterSurfaceRendererScratch/vcpkg_installed/x64-windows/Program Files (x86)/Windows Kits/10/bin/x64/"
      - "D:/WaterSurfaceRendererScratch/vcpkg_installed/x64-windows/Microsoft Visual Studio/18/Community/MSBuild/Current/Bin/amd64/"
      - "D:/WaterSurfaceRendererScratch/vcpkg_installed/x64-windows/Windows/Microsoft.NET/Framework64/v4.0.30319/"
      - "D:/WaterSurfaceRendererScratch/vcpkg_installed/x64-windows/Microsoft Visual Studio/18/Community/Common7/IDE/"
      - "D:/WaterSurfaceRendererScratch/vcpkg_installed/x64-windows/Microsoft Visual Studio/18/Community/Common7/Tools/"
      - "D:/WaterSurfaceRendererScratch/vcpkg_installed/x64-windows/Users/xukeheng/AppData/Local/vcpkg/downloads/tools/powershell-core-7.5.4-windows/"
      - "D:/WaterSurfaceRendererScratch/vcpkg_installed/x64-windows/Windows/System32/"
      - "D:/WaterSurfaceRendererScratch/vcpkg_installed/x64-windows/Windows/"
      - "D:/WaterSurfaceRendererScratch/vcpkg_installed/x64-windows/Windows/System32/wbem/"
      - "D:/WaterSurfaceRendererScratch/vcpkg_installed/x64-windows/Windows/System32/WindowsPowerShell/v1.0/"
      - "D:/WaterSurfaceRendererScratch/vcpkg_installed/x64-windows/Windows/System32/OpenSSH/"
      - "D:/WaterSurfaceRendererScratch/vcpkg_installed/x64-windows/Microsoft Visual Studio/18/Community/Common7/IDE/CommonExtensions/Microsoft/CMake/CMake/bin/"
      - "D:/WaterSurfaceRendererScratch/vcpkg_installed/x64-windows/Microsoft Visual Studio/18/Community/Common7/IDE/CommonExtensions/Microsoft/CMake/Ninja/"
      - "D:/WaterSurfaceRendererScratch/vcpkg_installed/x64-windows/Microsoft Visual Studio/18/Community/Common7/IDE/VC/Linux/bin/ConnectionManagerExe/"
      - "D:/WaterSurfaceRendererScratch/vcpkg_installed/x64-windows/Microsoft Visual Studio/18/Community/VC/vcpkg/"
      - "D:/Microsoft Visual Studio/18/Community/VC/Tools/MSVC/14.51.36231/bin/Hostx64/x64/"
      - "D:/Microsoft Visual Studio/18/Community/Common7/IDE/VC/vcpackages/"
      - "D:/Microsoft Visual Studio/18/Community/Common7/IDE/CommonExtensions/Microsoft/TestWindow/"
      - "D:/Microsoft Visual Studio/18/Community/Common7/IDE/CommonExtensions/Microsoft/TeamFoundation/Team Explorer/"
      - "D:/Microsoft Visual Studio/18/Community/MSBuild/Current/Bin/Roslyn/"
      - "C:/Program Files (x86)/Microsoft SDKs/Windows/v10.0A/bin/NETFX 4.8 Tools/x64/"
      - "D:/Microsoft Visual Studio/18/Community/Team Tools/DiagnosticsHub/Collector/"
      - "D:/Microsoft Visual Studio/18/Community/Common7/IDE/Extensions/Microsoft/CodeCoverage.Console/"
      - "C:/Program Files (x86)/Windows Kits/10/bin/10.0.26100.0/x64/"
      - "C:/Program Files (x86)/Windows Kits/10/bin/x64/"
      - "D:/Microsoft Visual Studio/18/Community/MSBuild/Current/Bin/amd64/"
      - "C:/Windows/Microsoft.NET/Framework64/v4.0.30319/"
      - "D:/Microsoft Visual Studio/18/Community/Common7/IDE/"
      - "D:/Microsoft Visual Studio/18/Community/Common7/Tools/"
      - "C:/Users/xukeheng/AppData/Local/vcpkg/downloads/tools/powershell-core-7.5.4-windows/"
      - "C:/Windows/System32/"
      - "C:/Windows/"
      - "C:/Windows/System32/wbem/"
      - "C:/Windows/System32/WindowsPowerShell/v1.0/"
      - "C:/Windows/System32/OpenSSH/"
      - "D:/Microsoft Visual Studio/18/Community/Common7/IDE/CommonExtensions/Microsoft/CMake/CMake/bin/"
      - "D:/Microsoft Visual Studio/18/Community/Common7/IDE/CommonExtensions/Microsoft/CMake/Ninja/"
      - "D:/Microsoft Visual Studio/18/Community/Common7/IDE/VC/Linux/bin/ConnectionManagerExe/"
      - "D:/Microsoft Visual Studio/18/Community/VC/vcpkg/"
    searched_directories:
      - "D:/WaterSurfaceRendererScratch/vcpkg_installed/x64-windows/debug/Microsoft Visual Studio/18/Community/VC/Tools/MSVC/14.51.36231/bin/Hostx64/x64/mt.com"
      - "D:/WaterSurfaceRendererScratch/vcpkg_installed/x64-windows/debug/Microsoft Visual Studio/18/Community/VC/Tools/MSVC/14.51.36231/bin/Hostx64/x64/mt.exe"
      - "D:/WaterSurfaceRendererScratch/vcpkg_installed/x64-windows/debug/Microsoft Visual Studio/18/Community/VC/Tools/MSVC/14.51.36231/bin/Hostx64/x64/mt"
      - "D:/WaterSurfaceRendererScratch/vcpkg_installed/x64-windows/debug/Microsoft Visual Studio/18/Community/Common7/IDE/VC/vcpackages/mt.com"
      - "D:/WaterSurfaceRendererScratch/vcpkg_installed/x64-windows/debug/Microsoft Visual Studio/18/Community/Common7/IDE/VC/vcpackages/mt.exe"
      - "D:/WaterSurfaceRendererScratch/vcpkg_installed/x64-windows/debug/Microsoft Visual Studio/18/Community/Common7/IDE/VC/vcpackages/mt"
      - "D:/WaterSurfaceRendererScratch/vcpkg_installed/x64-windows/debug/Microsoft Visual Studio/18/Community/Common7/IDE/CommonExtensions/Microsoft/TestWindow/mt.com"
      - "D:/WaterSurfaceRendererScratch/vcpkg_installed/x64-windows/debug/Microsoft Visual Studio/18/Community/Common7/IDE/CommonExtensions/Microsoft/TestWindow/mt.exe"
      - "D:/WaterSurfaceRendererScratch/vcpkg_installed/x64-windows/debug/Microsoft Visual Studio/18/Community/Common7/IDE/CommonExtensions/Microsoft/TestWindow/mt"
      - "D:/WaterSurfaceRendererScratch/vcpkg_installed/x64-windows/debug/Microsoft Visual Studio/18/Community/Common7/IDE/CommonExtensions/Microsoft/TeamFoundation/Team Explorer/mt.com"
      - "D:/WaterSurfaceRendererScratch/vcpkg_installed/x64-windows/debug/Microsoft Visual Studio/18/Community/Common7/IDE/CommonExtensions/Microsoft/TeamFoundation/Team Explorer/mt.exe"
      - "D:/WaterSurfaceRendererScratch/vcpkg_installed/x64-windows/debug/Microsoft Visual Studio/18/Community/Common7/IDE/CommonExtensions/Microsoft/TeamFoundation/Team Explorer/mt"
      - "D:/WaterSurfaceRendererScratch/vcpkg_installed/x64-windows/debug/Microsoft Visual Studio/18/Community/MSBuild/Current/Bin/Roslyn/mt.com"
      - "D:/WaterSurfaceRendererScratch/vcpkg_installed/x64-windows/debug/Microsoft Visual Studio/18/Community/MSBuild/Current/Bin/Roslyn/mt.exe"
      - "D:/WaterSurfaceRendererScratch/vcpkg_installed/x64-windows/debug/Microsoft Visual Studio/18/Community/MSBuild/Current/Bin/Roslyn/mt"
      - "D:/WaterSurfaceRendererScratch/vcpkg_installed/x64-windows/debug/Program Files (x86)/Microsoft SDKs/Windows/v10.0A/bin/NETFX 4.8 Tools/x64/mt.com"
      - "D:/WaterSurfaceRendererScratch/vcpkg_installed/x64-windows/debug/Program Files (x86)/Microsoft SDKs/Windows/v10.0A/bin/NETFX 4.8 Tools/x64/mt.exe"
      - "D:/WaterSurfaceRendererScratch/vcpkg_installed/x64-windows/debug/Program Files (x86)/Microsoft SDKs/Windows/v10.0A/bin/NETFX 4.8 Tools/x64/mt"
      - "D:/WaterSurfaceRendererScratch/vcpkg_installed/x64-windows/debug/Microsoft Visual Studio/18/Community/Team Tools/DiagnosticsHub/Collector/mt.com"
      - "D:/WaterSurfaceRendererScratch/vcpkg_installed/x64-windows/debug/Microsoft Visual Studio/18/Community/Team Tools/DiagnosticsHub/Collector/mt.exe"
      - "D:/WaterSurfaceRendererScratch/vcpkg_installed/x64-windows/debug/Microsoft Visual Studio/18/Community/Team Tools/DiagnosticsHub/Collector/mt"
      - "D:/WaterSurfaceRendererScratch/vcpkg_installed/x64-windows/debug/Microsoft Visual Studio/18/Community/Common7/IDE/Extensions/Microsoft/CodeCoverage.Console/mt.com"
      - "D:/WaterSurfaceRendererScratch/vcpkg_installed/x64-windows/debug/Microsoft Visual Studio/18/Community/Common7/IDE/Extensions/Microsoft/CodeCoverage.Console/mt.exe"
      - "D:/WaterSurfaceRendererScratch/vcpkg_installed/x64-windows/debug/Microsoft Visual Studio/18/Community/Common7/IDE/Extensions/Microsoft/CodeCoverage.Console/mt"
      - "D:/WaterSurfaceRendererScratch/vcpkg_installed/x64-windows/debug/Program Files (x86)/Windows Kits/10/bin/10.0.26100.0/x64/mt.com"
      - "D:/WaterSurfaceRendererScratch/vcpkg_installed/x64-windows/debug/Program Files (x86)/Windows Kits/10/bin/10.0.26100.0/x64/mt.exe"
      - "D:/WaterSurfaceRendererScratch/vcpkg_installed/x64-windows/debug/Program Files (x86)/Windows Kits/10/bin/10.0.26100.0/x64/mt"
      - "D:/WaterSurfaceRendererScratch/vcpkg_installed/x64-windows/debug/Program Files (x86)/Windows Kits/10/bin/x64/mt.com"
      - "D:/WaterSurfaceRendererScratch/vcpkg_installed/x64-windows/debug/Program Files (x86)/Windows Kits/10/bin/x64/mt.exe"
      - "D:/WaterSurfaceRendererScratch/vcpkg_installed/x64-windows/debug/Program Files (x86)/Windows Kits/10/bin/x64/mt"
      - "D:/WaterSurfaceRendererScratch/vcpkg_installed/x64-windows/debug/Microsoft Visual Studio/18/Community/MSBuild/Current/Bin/amd64/mt.com"
      - "D:/WaterSurfaceRendererScratch/vcpkg_installed/x64-windows/debug/Microsoft Visual Studio/18/Community/MSBuild/Current/Bin/amd64/mt.exe"
      - "D:/WaterSurfaceRendererScratch/vcpkg_installed/x64-windows/debug/Microsoft Visual Studio/18/Community/MSBuild/Current/Bin/amd64/mt"
      - "D:/WaterSurfaceRendererScratch/vcpkg_installed/x64-windows/debug/Windows/Microsoft.NET/Framework64/v4.0.30319/mt.com"
      - "D:/WaterSurfaceRendererScratch/vcpkg_installed/x64-windows/debug/Windows/Microsoft.NET/Framework64/v4.0.30319/mt.exe"
      - "D:/WaterSurfaceRendererScratch/vcpkg_installed/x64-windows/debug/Windows/Microsoft.NET/Framework64/v4.0.30319/mt"
      - "D:/WaterSurfaceRendererScratch/vcpkg_installed/x64-windows/debug/Microsoft Visual Studio/18/Community/Common7/IDE/mt.com"
      - "D:/WaterSurfaceRendererScratch/vcpkg_installed/x64-windows/debug/Microsoft Visual Studio/18/Community/Common7/IDE/mt.exe"
      - "D:/WaterSurfaceRendererScratch/vcpkg_installed/x64-windows/debug/Microsoft Visual Studio/18/Community/Common7/IDE/mt"
      - "D:/WaterSurfaceRendererScratch/vcpkg_installed/x64-windows/debug/Microsoft Visual Studio/18/Community/Common7/Tools/mt.com"
      - "D:/WaterSurfaceRendererScratch/vcpkg_installed/x64-windows/debug/Microsoft Visual Studio/18/Community/Common7/Tools/mt.exe"
      - "D:/WaterSurfaceRendererScratch/vcpkg_installed/x64-windows/debug/Microsoft Visual Studio/18/Community/Common7/Tools/mt"
      - "D:/WaterSurfaceRendererScratch/vcpkg_installed/x64-windows/debug/Users/xukeheng/AppData/Local/vcpkg/downloads/tools/powershell-core-7.5.4-windows/mt.com"
      - "D:/WaterSurfaceRendererScratch/vcpkg_installed/x64-windows/debug/Users/xukeheng/AppData/Local/vcpkg/downloads/tools/powershell-core-7.5.4-windows/mt.exe"
      - "D:/WaterSurfaceRendererScratch/vcpkg_installed/x64-windows/debug/Users/xukeheng/AppData/Local/vcpkg/downloads/tools/powershell-core-7.5.4-windows/mt"
      - "D:/WaterSurfaceRendererScratch/vcpkg_installed/x64-windows/debug/Windows/System32/mt.com"
      - "D:/WaterSurfaceRendererScratch/vcpkg_installed/x64-windows/debug/Windows/System32/mt.exe"
      - "D:/WaterSurfaceRendererScratch/vcpkg_installed/x64-windows/debug/Windows/System32/mt"
      - "D:/WaterSurfaceRendererScratch/vcpkg_installed/x64-windows/debug/Windows/mt.com"
      - "D:/WaterSurfaceRendererScratch/vcpkg_installed/x64-windows/debug/Windows/mt.exe"
      - "D:/WaterSurfaceRendererScratch/vcpkg_installed/x64-windows/debug/Windows/mt"
      - "D:/WaterSurfaceRendererScratch/vcpkg_installed/x64-windows/debug/Windows/System32/wbem/mt.com"
      - "D:/WaterSurfaceRendererScratch/vcpkg_installed/x64-windows/debug/Windows/System32/wbem/mt.exe"
      - "D:/WaterSurfaceRendererScratch/vcpkg_installed/x64-windows/debug/Windows/System32/wbem/mt"
      - "D:/WaterSurfaceRendererScratch/vcpkg_installed/x64-windows/debug/Windows/System32/WindowsPowerShell/v1.0/mt.com"
      - "D:/WaterSurfaceRendererScratch/vcpkg_installed/x64-windows/debug/Windows/System32/WindowsPowerShell/v1.0/mt.exe"
      - "D:/WaterSurfaceRendererScratch/vcpkg_installed/x64-windows/debug/Windows/System32/WindowsPowerShell/v1.0/mt"
      - "D:/WaterSurfaceRendererScratch/vcpkg_installed/x64-windows/debug/Windows/System32/OpenSSH/mt.com"
      - "D:/WaterSurfaceRendererScratch/vcpkg_installed/x64-windows/debug/Windows/System32/OpenSSH/mt.exe"
      - "D:/WaterSurfaceRendererScratch/vcpkg_installed/x64-windows/debug/Windows/System32/OpenSSH/mt"
      - "D:/WaterSurfaceRendererScratch/vcpkg_installed/x64-windows/debug/Microsoft Visual Studio/18/Community/Common7/IDE/CommonExtensions/Microsoft/CMake/CMake/bin/mt.com"
      - "D:/WaterSurfaceRendererScratch/vcpkg_installed/x64-windows/debug/Microsoft Visual Studio/18/Community/Common7/IDE/CommonExtensions/Microsoft/CMake/CMake/bin/mt.exe"
      - "D:/WaterSurfaceRendererScratch/vcpkg_installed/x64-windows/debug/Microsoft Visual Studio/18/Community/Common7/IDE/CommonExtensions/Microsoft/CMake/CMake/bin/mt"
      - "D:/WaterSurfaceRendererScratch/vcpkg_installed/x64-windows/debug/Microsoft Visual Studio/18/Community/Common7/IDE/CommonExtensions/Microsoft/CMake/Ninja/mt.com"
      - "D:/WaterSurfaceRendererScratch/vcpkg_installed/x64-windows/debug/Microsoft Visual Studio/18/Community/Common7/IDE/CommonExtensions/Microsoft/CMake/Ninja/mt.exe"
      - "D:/WaterSurfaceRendererScratch/vcpkg_installed/x64-windows/debug/Microsoft Visual Studio/18/Community/Common7/IDE/CommonExtensions/Microsoft/CMake/Ninja/mt"
      - "D:/WaterSurfaceRendererScratch/vcpkg_installed/x64-windows/debug/Microsoft Visual Studio/18/Community/Common7/IDE/VC/Linux/bin/ConnectionManagerExe/mt.com"
      - "D:/WaterSurfaceRendererScratch/vcpkg_installed/x64-windows/debug/Microsoft Visual Studio/18/Community/Common7/IDE/VC/Linux/bin/ConnectionManagerExe/mt.exe"
      - "D:/WaterSurfaceRendererScratch/vcpkg_installed/x64-windows/debug/Microsoft Visual Studio/18/Community/Common7/IDE/VC/Linux/bin/ConnectionManagerExe/mt"
      - "D:/WaterSurfaceRendererScratch/vcpkg_installed/x64-windows/debug/Microsoft Visual Studio/18/Community/VC/vcpkg/mt.com"
      - "D:/WaterSurfaceRendererScratch/vcpkg_installed/x64-windows/debug/Microsoft Visual Studio/18/Community/VC/vcpkg/mt.exe"
      - "D:/WaterSurfaceRendererScratch/vcpkg_installed/x64-windows/debug/Microsoft Visual Studio/18/Community/VC/vcpkg/mt"
      - "D:/WaterSurfaceRendererScratch/vcpkg_installed/x64-windows/Microsoft Visual Studio/18/Community/VC/Tools/MSVC/14.51.36231/bin/Hostx64/x64/mt.com"
      - "D:/WaterSurfaceRendererScratch/vcpkg_installed/x64-windows/Microsoft Visual Studio/18/Community/VC/Tools/MSVC/14.51.36231/bin/Hostx64/x64/mt.exe"
      - "D:/WaterSurfaceRendererScratch/vcpkg_installed/x64-windows/Microsoft Visual Studio/18/Community/VC/Tools/MSVC/14.51.36231/bin/Hostx64/x64/mt"
      - "D:/WaterSurfaceRendererScratch/vcpkg_installed/x64-windows/Microsoft Visual Studio/18/Community/Common7/IDE/VC/vcpackages/mt.com"
      - "D:/WaterSurfaceRendererScratch/vcpkg_installed/x64-windows/Microsoft Visual Studio/18/Community/Common7/IDE/VC/vcpackages/mt.exe"
      - "D:/WaterSurfaceRendererScratch/vcpkg_installed/x64-windows/Microsoft Visual Studio/18/Community/Common7/IDE/VC/vcpackages/mt"
      - "D:/WaterSurfaceRendererScratch/vcpkg_installed/x64-windows/Microsoft Visual Studio/18/Community/Common7/IDE/CommonExtensions/Microsoft/TestWindow/mt.com"
      - "D:/WaterSurfaceRendererScratch/vcpkg_installed/x64-windows/Microsoft Visual Studio/18/Community/Common7/IDE/CommonExtensions/Microsoft/TestWindow/mt.exe"
      - "D:/WaterSurfaceRendererScratch/vcpkg_installed/x64-windows/Microsoft Visual Studio/18/Community/Common7/IDE/CommonExtensions/Microsoft/TestWindow/mt"
      - "D:/WaterSurfaceRendererScratch/vcpkg_installed/x64-windows/Microsoft Visual Studio/18/Community/Common7/IDE/CommonExtensions/Microsoft/TeamFoundation/Team Explorer/mt.com"
      - "D:/WaterSurfaceRendererScratch/vcpkg_installed/x64-windows/Microsoft Visual Studio/18/Community/Common7/IDE/CommonExtensions/Microsoft/TeamFoundation/Team Explorer/mt.exe"
      - "D:/WaterSurfaceRendererScratch/vcpkg_installed/x64-windows/Microsoft Visual Studio/18/Community/Common7/IDE/CommonExtensions/Microsoft/TeamFoundation/Team Explorer/mt"
      - "D:/WaterSurfaceRendererScratch/vcpkg_installed/x64-windows/Microsoft Visual Studio/18/Community/MSBuild/Current/Bin/Roslyn/mt.com"
      - "D:/WaterSurfaceRendererScratch/vcpkg_installed/x64-windows/Microsoft Visual Studio/18/Community/MSBuild/Current/Bin/Roslyn/mt.exe"
      - "D:/WaterSurfaceRendererScratch/vcpkg_installed/x64-windows/Microsoft Visual Studio/18/Community/MSBuild/Current/Bin/Roslyn/mt"
      - "D:/WaterSurfaceRendererScratch/vcpkg_installed/x64-windows/Program Files (x86)/Microsoft SDKs/Windows/v10.0A/bin/NETFX 4.8 Tools/x64/mt.com"
      - "D:/WaterSurfaceRendererScratch/vcpkg_installed/x64-windows/Program Files (x86)/Microsoft SDKs/Windows/v10.0A/bin/NETFX 4.8 Tools/x64/mt.exe"
      - "D:/WaterSurfaceRendererScratch/vcpkg_installed/x64-windows/Program Files (x86)/Microsoft SDKs/Windows/v10.0A/bin/NETFX 4.8 Tools/x64/mt"
      - "D:/WaterSurfaceRendererScratch/vcpkg_installed/x64-windows/Microsoft Visual Studio/18/Community/Team Tools/DiagnosticsHub/Collector/mt.com"
      - "D:/WaterSurfaceRendererScratch/vcpkg_installed/x64-windows/Microsoft Visual Studio/18/Community/Team Tools/DiagnosticsHub/Collector/mt.exe"
      - "D:/WaterSurfaceRendererScratch/vcpkg_installed/x64-windows/Microsoft Visual Studio/18/Community/Team Tools/DiagnosticsHub/Collector/mt"
      - "D:/WaterSurfaceRendererScratch/vcpkg_installed/x64-windows/Microsoft Visual Studio/18/Community/Common7/IDE/Extensions/Microsoft/CodeCoverage.Console/mt.com"
      - "D:/WaterSurfaceRendererScratch/vcpkg_installed/x64-windows/Microsoft Visual Studio/18/Community/Common7/IDE/Extensions/Microsoft/CodeCoverage.Console/mt.exe"
      - "D:/WaterSurfaceRendererScratch/vcpkg_installed/x64-windows/Microsoft Visual Studio/18/Community/Common7/IDE/Extensions/Microsoft/CodeCoverage.Console/mt"
      - "D:/WaterSurfaceRendererScratch/vcpkg_installed/x64-windows/Program Files (x86)/Windows Kits/10/bin/10.0.26100.0/x64/mt.com"
      - "D:/WaterSurfaceRendererScratch/vcpkg_installed/x64-windows/Program Files (x86)/Windows Kits/10/bin/10.0.26100.0/x64/mt.exe"
      - "D:/WaterSurfaceRendererScratch/vcpkg_installed/x64-windows/Program Files (x86)/Windows Kits/10/bin/10.0.26100.0/x64/mt"
      - "D:/WaterSurfaceRendererScratch/vcpkg_installed/x64-windows/Program Files (x86)/Windows Kits/10/bin/x64/mt.com"
      - "D:/WaterSurfaceRendererScratch/vcpkg_installed/x64-windows/Program Files (x86)/Windows Kits/10/bin/x64/mt.exe"
      - "D:/WaterSurfaceRendererScratch/vcpkg_installed/x64-windows/Program Files (x86)/Windows Kits/10/bin/x64/mt"
      - "D:/WaterSurfaceRendererScratch/vcpkg_installed/x64-windows/Microsoft Visual Studio/18/Community/MSBuild/Current/Bin/amd64/mt.com"
      - "D:/WaterSurfaceRendererScratch/vcpkg_installed/x64-windows/Microsoft Visual Studio/18/Community/MSBuild/Current/Bin/amd64/mt.exe"
      - "D:/WaterSurfaceRendererScratch/vcpkg_installed/x64-windows/Microsoft Visual Studio/18/Community/MSBuild/Current/Bin/amd64/mt"
      - "D:/WaterSurfaceRendererScratch/vcpkg_installed/x64-windows/Windows/Microsoft.NET/Framework64/v4.0.30319/mt.com"
      - "D:/WaterSurfaceRendererScratch/vcpkg_installed/x64-windows/Windows/Microsoft.NET/Framework64/v4.0.30319/mt.exe"
      - "D:/WaterSurfaceRendererScratch/vcpkg_installed/x64-windows/Windows/Microsoft.NET/Framework64/v4.0.30319/mt"
      - "D:/WaterSurfaceRendererScratch/vcpkg_installed/x64-windows/Microsoft Visual Studio/18/Community/Common7/IDE/mt.com"
      - "D:/WaterSurfaceRendererScratch/vcpkg_installed/x64-windows/Microsoft Visual Studio/18/Community/Common7/IDE/mt.exe"
      - "D:/WaterSurfaceRendererScratch/vcpkg_installed/x64-windows/Microsoft Visual Studio/18/Community/Common7/IDE/mt"
      - "D:/WaterSurfaceRendererScratch/vcpkg_installed/x64-windows/Microsoft Visual Studio/18/Community/Common7/Tools/mt.com"
      - "D:/WaterSurfaceRendererScratch/vcpkg_installed/x64-windows/Microsoft Visual Studio/18/Community/Common7/Tools/mt.exe"
      - "D:/WaterSurfaceRendererScratch/vcpkg_installed/x64-windows/Microsoft Visual Studio/18/Community/Common7/Tools/mt"
      - "D:/WaterSurfaceRendererScratch/vcpkg_installed/x64-windows/Users/xukeheng/AppData/Local/vcpkg/downloads/tools/powershell-core-7.5.4-windows/mt.com"
      - "D:/WaterSurfaceRendererScratch/vcpkg_installed/x64-windows/Users/xukeheng/AppData/Local/vcpkg/downloads/tools/powershell-core-7.5.4-windows/mt.exe"
      - "D:/WaterSurfaceRendererScratch/vcpkg_installed/x64-windows/Users/xukeheng/AppData/Local/vcpkg/downloads/tools/powershell-core-7.5.4-windows/mt"
      - "D:/WaterSurfaceRendererScratch/vcpkg_installed/x64-windows/Windows/System32/mt.com"
      - "D:/WaterSurfaceRendererScratch/vcpkg_installed/x64-windows/Windows/System32/mt.exe"
      - "D:/WaterSurfaceRendererScratch/vcpkg_installed/x64-windows/Windows/System32/mt"
      - "D:/WaterSurfaceRendererScratch/vcpkg_installed/x64-windows/Windows/mt.com"
      - "D:/WaterSurfaceRendererScratch/vcpkg_installed/x64-windows/Windows/mt.exe"
      - "D:/WaterSurfaceRendererScratch/vcpkg_installed/x64-windows/Windows/mt"
      - "D:/WaterSurfaceRendererScratch/vcpkg_installed/x64-windows/Windows/System32/wbem/mt.com"
      - "D:/WaterSurfaceRendererScratch/vcpkg_installed/x64-windows/Windows/System32/wbem/mt.exe"
      - "D:/WaterSurfaceRendererScratch/vcpkg_installed/x64-windows/Windows/System32/wbem/mt"
      - "D:/WaterSurfaceRendererScratch/vcpkg_installed/x64-windows/Windows/System32/WindowsPowerShell/v1.0/mt.com"
      - "D:/WaterSurfaceRendererScratch/vcpkg_installed/x64-windows/Windows/System32/WindowsPowerShell/v1.0/mt.exe"
      - "D:/WaterSurfaceRendererScratch/vcpkg_installed/x64-windows/Windows/System32/WindowsPowerShell/v1.0/mt"
      - "D:/WaterSurfaceRendererScratch/vcpkg_installed/x64-windows/Windows/System32/OpenSSH/mt.com"
      - "D:/WaterSurfaceRendererScratch/vcpkg_installed/x64-windows/Windows/System32/OpenSSH/mt.exe"
      - "D:/WaterSurfaceRendererScratch/vcpkg_installed/x64-windows/Windows/System32/OpenSSH/mt"
      - "D:/WaterSurfaceRendererScratch/vcpkg_installed/x64-windows/Microsoft Visual Studio/18/Community/Common7/IDE/CommonExtensions/Microsoft/CMake/CMake/bin/mt.com"
      - "D:/WaterSurfaceRendererScratch/vcpkg_installed/x64-windows/Microsoft Visual Studio/18/Community/Common7/IDE/CommonExtensions/Microsoft/CMake/CMake/bin/mt.exe"
      - "D:/WaterSurfaceRendererScratch/vcpkg_installed/x64-windows/Microsoft Visual Studio/18/Community/Common7/IDE/CommonExtensions/Microsoft/CMake/CMake/bin/mt"
      - "D:/WaterSurfaceRendererScratch/vcpkg_installed/x64-windows/Microsoft Visual Studio/18/Community/Common7/IDE/CommonExtensions/Microsoft/CMake/Ninja/mt.com"
      - "D:/WaterSurfaceRendererScratch/vcpkg_installed/x64-windows/Microsoft Visual Studio/18/Community/Common7/IDE/CommonExtensions/Microsoft/CMake/Ninja/mt.exe"
      - "D:/WaterSurfaceRendererScratch/vcpkg_installed/x64-windows/Microsoft Visual Studio/18/Community/Common7/IDE/CommonExtensions/Microsoft/CMake/Ninja/mt"
      - "D:/WaterSurfaceRendererScratch/vcpkg_installed/x64-windows/Microsoft Visual Studio/18/Community/Common7/IDE/VC/Linux/bin/ConnectionManagerExe/mt.com"
      - "D:/WaterSurfaceRendererScratch/vcpkg_installed/x64-windows/Microsoft Visual Studio/18/Community/Common7/IDE/VC/Linux/bin/ConnectionManagerExe/mt.exe"
      - "D:/WaterSurfaceRendererScratch/vcpkg_installed/x64-windows/Microsoft Visual Studio/18/Community/Common7/IDE/VC/Linux/bin/ConnectionManagerExe/mt"
      - "D:/WaterSurfaceRendererScratch/vcpkg_installed/x64-windows/Microsoft Visual Studio/18/Community/VC/vcpkg/mt.com"
      - "D:/WaterSurfaceRendererScratch/vcpkg_installed/x64-windows/Microsoft Visual Studio/18/Community/VC/vcpkg/mt.exe"
      - "D:/WaterSurfaceRendererScratch/vcpkg_installed/x64-windows/Microsoft Visual Studio/18/Community/VC/vcpkg/mt"
      - "D:/Microsoft Visual Studio/18/Community/VC/Tools/MSVC/14.51.36231/bin/Hostx64/x64/mt.com"
      - "D:/Microsoft Visual Studio/18/Community/VC/Tools/MSVC/14.51.36231/bin/Hostx64/x64/mt.exe"
      - "D:/Microsoft Visual Studio/18/Community/VC/Tools/MSVC/14.51.36231/bin/Hostx64/x64/mt"
      - "D:/Microsoft Visual Studio/18/Community/Common7/IDE/VC/vcpackages/mt.com"
      - "D:/Microsoft Visual Studio/18/Community/Common7/IDE/VC/vcpackages/mt.exe"
      - "D:/Microsoft Visual Studio/18/Community/Common7/IDE/VC/vcpackages/mt"
      - "D:/Microsoft Visual Studio/18/Community/Common7/IDE/CommonExtensions/Microsoft/TestWindow/mt.com"
      - "D:/Microsoft Visual Studio/18/Community/Common7/IDE/CommonExtensions/Microsoft/TestWindow/mt.exe"
      - "D:/Microsoft Visual Studio/18/Community/Common7/IDE/CommonExtensions/Microsoft/TestWindow/mt"
      - "D:/Microsoft Visual Studio/18/Community/Common7/IDE/CommonExtensions/Microsoft/TeamFoundation/Team Explorer/mt.com"
      - "D:/Microsoft Visual Studio/18/Community/Common7/IDE/CommonExtensions/Microsoft/TeamFoundation/Team Explorer/mt.exe"
      - "D:/Microsoft Visual Studio/18/Community/Common7/IDE/CommonExtensions/Microsoft/TeamFoundation/Team Explorer/mt"
      - "D:/Microsoft Visual Studio/18/Community/MSBuild/Current/Bin/Roslyn/mt.com"
      - "D:/Microsoft Visual Studio/18/Community/MSBuild/Current/Bin/Roslyn/mt.exe"
      - "D:/Microsoft Visual Studio/18/Community/MSBuild/Current/Bin/Roslyn/mt"
      - "C:/Program Files (x86)/Microsoft SDKs/Windows/v10.0A/bin/NETFX 4.8 Tools/x64/mt.com"
      - "C:/Program Files (x86)/Microsoft SDKs/Windows/v10.0A/bin/NETFX 4.8 Tools/x64/mt.exe"
      - "C:/Program Files (x86)/Microsoft SDKs/Windows/v10.0A/bin/NETFX 4.8 Tools/x64/mt"
      - "D:/Microsoft Visual Studio/18/Community/Team Tools/DiagnosticsHub/Collector/mt.com"
      - "D:/Microsoft Visual Studio/18/Community/Team Tools/DiagnosticsHub/Collector/mt.exe"
      - "D:/Microsoft Visual Studio/18/Community/Team Tools/DiagnosticsHub/Collector/mt"
      - "D:/Microsoft Visual Studio/18/Community/Common7/IDE/Extensions/Microsoft/CodeCoverage.Console/mt.com"
      - "D:/Microsoft Visual Studio/18/Community/Common7/IDE/Extensions/Microsoft/CodeCoverage.Console/mt.exe"
      - "D:/Microsoft Visual Studio/18/Community/Common7/IDE/Extensions/Microsoft/CodeCoverage.Console/mt"
      - "C:/Program Files (x86)/Windows Kits/10/bin/10.0.26100.0/x64/mt.com"
    found: "C:/Program Files (x86)/Windows Kits/10/bin/10.0.26100.0/x64/mt.exe"
    search_context:
      CMAKE_PROGRAM_PATH:
        - "D:/WaterSurfaceRendererScratch/vcpkg_installed/x64-windows/tools"
      CMAKE_PREFIX_PATH:
        - "D:/WaterSurfaceRendererScratch/vcpkg_installed/x64-windows/debug"
        - "D:/WaterSurfaceRendererScratch/vcpkg_installed/x64-windows"
      ENV{PATH}:
        - "D:\\Microsoft Visual Studio\\18\\Community\\VC\\Tools\\MSVC\\14.51.36231\\bin\\HostX64\\x64"
        - "D:\\Microsoft Visual Studio\\18\\Community\\Common7\\IDE\\VC\\VCPackages"
        - "D:\\Microsoft Visual Studio\\18\\Community\\Common7\\IDE\\CommonExtensions\\Microsoft\\TestWindow"
        - "D:\\Microsoft Visual Studio\\18\\Community\\Common7\\IDE\\CommonExtensions\\Microsoft\\TeamFoundation\\Team Explorer"
        - "D:\\Microsoft Visual Studio\\18\\Community\\MSBuild\\Current\\bin\\Roslyn"
        - "C:\\Program Files (x86)\\Microsoft SDKs\\Windows\\v10.0A\\bin\\NETFX 4.8 Tools\\x64\\"
        - "D:\\Microsoft Visual Studio\\18\\Community\\Team Tools\\DiagnosticsHub\\Collector"
        - "D:\\Microsoft Visual Studio\\18\\Community\\Common7\\IDE\\Extensions\\Microsoft\\CodeCoverage.Console"
        - "C:\\Program Files (x86)\\Windows Kits\\10\\bin\\10.0.26100.0\\\\x64"
        - "C:\\Program Files (x86)\\Windows Kits\\10\\bin\\\\x64"
        - "D:\\Microsoft Visual Studio\\18\\Community\\\\MSBuild\\Current\\Bin\\amd64"
        - "C:\\Windows\\Microsoft.NET\\Framework64\\v4.0.30319"
        - "D:\\Microsoft Visual Studio\\18\\Community\\Common7\\IDE\\"
        - "D:\\Microsoft Visual Studio\\18\\Community\\Common7\\Tools\\"
        - "C:\\Users\\xukeheng\\AppData\\Local\\vcpkg\\downloads\\tools\\powershell-core-7.5.4-windows"
        - "C:\\windows\\system32"
        - "C:\\windows"
        - "C:\\windows\\system32\\Wbem"
        - "C:\\windows\\system32\\WindowsPowerShell\\v1.0\\"
        - "C:\\windows\\system32\\OpenSSH\\"
        - "D:\\Microsoft Visual Studio\\18\\Community\\Common7\\IDE\\CommonExtensions\\Microsoft\\CMake\\CMake\\bin"
        - "D:\\Microsoft Visual Studio\\18\\Community\\Common7\\IDE\\CommonExtensions\\Microsoft\\CMake\\Ninja"
        - "D:\\Microsoft Visual Studio\\18\\Community\\Common7\\IDE\\VC\\Linux\\bin\\ConnectionManagerExe"
        - "D:\\Microsoft Visual Studio\\18\\Community\\VC\\vcpkg"
        - "D:\\Microsoft Visual Studio\\18\\Community\\Common7\\IDE\\CommonExtensions\\Microsoft\\CMake\\Ninja"
        - "D:\\Microsoft Visual Studio\\18\\Community\\Common7\\IDE\\CommonExtensions\\Microsoft\\CMake\\Ninja"
      CMAKE_INSTALL_PREFIX: "D:/WaterSurfaceRendererScratch/vcpkg_installed/vcpkg/pkgs/fftw3_x64-windows/debug"
      CMAKE_FIND_ROOT_PATH: "D:/WaterSurfaceRendererScratch/vcpkg_installed/x64-windows/debug;D:/WaterSurfaceRendererScratch/vcpkg_installed/x64-windows"
  -
    kind: "find-v1"
    backtrace:
      - "D:/Microsoft Visual Studio/18/Community/Common7/IDE/CommonExtensions/Microsoft/CMake/CMake/share/cmake-4.3/Modules/CMakeFindBinUtils.cmake:243 (find_program)"
      - "D:/Microsoft Visual Studio/18/Community/Common7/IDE/CommonExtensions/Microsoft/CMake/CMake/share/cmake-4.3/Modules/CMakeDetermineCCompiler.cmake:200 (include)"
      - "CMakeLists.txt:7 (project)"
    mode: "program"
    variable: "CMAKE_AR"
    description: "Path to a program."
    settings:
      SearchFramework: "LAST"
      SearchAppBundle: "LAST"
      CMAKE_FIND_USE_CMAKE_PATH: false
      CMAKE_FIND_USE_CMAKE_ENVIRONMENT_PATH: false
      CMAKE_FIND_USE_SYSTEM_ENVIRONMENT_PATH: true
      CMAKE_FIND_USE_CMAKE_SYSTEM_PATH: true
      CMAKE_FIND_USE_INSTALL_PREFIX: true
    names:
      - "lib"
    candidate_directories:
      - "D:/WaterSurfaceRendererScratch/vcpkg_installed/x64-windows/debug/Microsoft Visual Studio/18/Community/VC/Tools/MSVC/14.51.36231/bin/Hostx64/x64/"
      - "D:/WaterSurfaceRendererScratch/vcpkg_installed/x64-windows/debug/Microsoft Visual Studio/18/Community/Common7/IDE/VC/vcpackages/"
      - "D:/WaterSurfaceRendererScratch/vcpkg_installed/x64-windows/debug/Microsoft Visual Studio/18/Community/Common7/IDE/CommonExtensions/Microsoft/TestWindow/"
      - "D:/WaterSurfaceRendererScratch/vcpkg_installed/x64-windows/debug/Microsoft Visual Studio/18/Community/Common7/IDE/CommonExtensions/Microsoft/TeamFoundation/Team Explorer/"
      - "D:/WaterSurfaceRendererScratch/vcpkg_installed/x64-windows/debug/Microsoft Visual Studio/18/Community/MSBuild/Current/Bin/Roslyn/"
      - "D:/WaterSurfaceRendererScratch/vcpkg_installed/x64-windows/debug/Program Files (x86)/Microsoft SDKs/Windows/v10.0A/bin/NETFX 4.8 Tools/x64/"
      - "D:/WaterSurfaceRendererScratch/vcpkg_installed/x64-windows/debug/Microsoft Visual Studio/18/Community/Team Tools/DiagnosticsHub/Collector/"
      - "D:/WaterSurfaceRendererScratch/vcpkg_installed/x64-windows/debug/Microsoft Visual Studio/18/Community/Common7/IDE/Extensions/Microsoft/CodeCoverage.Console/"
      - "D:/WaterSurfaceRendererScratch/vcpkg_installed/x64-windows/debug/Program Files (x86)/Windows Kits/10/bin/10.0.26100.0/x64/"
      - "D:/WaterSurfaceRendererScratch/vcpkg_installed/x64-windows/debug/Program Files (x86)/Windows Kits/10/bin/x64/"
      - "D:/WaterSurfaceRendererScratch/vcpkg_installed/x64-windows/debug/Microsoft Visual Studio/18/Community/MSBuild/Current/Bin/amd64/"
      - "D:/WaterSurfaceRendererScratch/vcpkg_installed/x64-windows/debug/Windows/Microsoft.NET/Framework64/v4.0.30319/"
      - "D:/WaterSurfaceRendererScratch/vcpkg_installed/x64-windows/debug/Microsoft Visual Studio/18/Community/Common7/IDE/"
      - "D:/WaterSurfaceRendererScratch/vcpkg_installed/x64-windows/debug/Microsoft Visual Studio/18/Community/Common7/Tools/"
      - "D:/WaterSurfaceRendererScratch/vcpkg_installed/x64-windows/debug/Users/xukeheng/AppData/Local/vcpkg/downloads/tools/powershell-core-7.5.4-windows/"
      - "D:/WaterSurfaceRendererScratch/vcpkg_installed/x64-windows/debug/Windows/System32/"
      - "D:/WaterSurfaceRendererScratch/vcpkg_installed/x64-windows/debug/Windows/"
      - "D:/WaterSurfaceRendererScratch/vcpkg_installed/x64-windows/debug/Windows/System32/wbem/"
      - "D:/WaterSurfaceRendererScratch/vcpkg_installed/x64-windows/debug/Windows/System32/WindowsPowerShell/v1.0/"
      - "D:/WaterSurfaceRendererScratch/vcpkg_installed/x64-windows/debug/Windows/System32/OpenSSH/"
      - "D:/WaterSurfaceRendererScratch/vcpkg_installed/x64-windows/debug/Microsoft Visual Studio/18/Community/Common7/IDE/CommonExtensions/Microsoft/CMake/CMake/bin/"
      - "D:/WaterSurfaceRendererScratch/vcpkg_installed/x64-windows/debug/Microsoft Visual Studio/18/Community/Common7/IDE/CommonExtensions/Microsoft/CMake/Ninja/"
      - "D:/WaterSurfaceRendererScratch/vcpkg_installed/x64-windows/debug/Microsoft Visual Studio/18/Community/Common7/IDE/VC/Linux/bin/ConnectionManagerExe/"
      - "D:/WaterSurfaceRendererScratch/vcpkg_installed/x64-windows/debug/Microsoft Visual Studio/18/Community/VC/vcpkg/"
      - "D:/WaterSurfaceRendererScratch/vcpkg_installed/x64-windows/Microsoft Visual Studio/18/Community/VC/Tools/MSVC/14.51.36231/bin/Hostx64/x64/"
      - "D:/WaterSurfaceRendererScratch/vcpkg_installed/x64-windows/Microsoft Visual Studio/18/Community/Common7/IDE/VC/vcpackages/"
      - "D:/WaterSurfaceRendererScratch/vcpkg_installed/x64-windows/Microsoft Visual Studio/18/Community/Common7/IDE/CommonExtensions/Microsoft/TestWindow/"
      - "D:/WaterSurfaceRendererScratch/vcpkg_installed/x64-windows/Microsoft Visual Studio/18/Community/Common7/IDE/CommonExtensions/Microsoft/TeamFoundation/Team Explorer/"
      - "D:/WaterSurfaceRendererScratch/vcpkg_installed/x64-windows/Microsoft Visual Studio/18/Community/MSBuild/Current/Bin/Roslyn/"
      - "D:/WaterSurfaceRendererScratch/vcpkg_installed/x64-windows/Program Files (x86)/Microsoft SDKs/Windows/v10.0A/bin/NETFX 4.8 Tools/x64/"
      - "D:/WaterSurfaceRendererScratch/vcpkg_installed/x64-windows/Microsoft Visual Studio/18/Community/Team Tools/DiagnosticsHub/Collector/"
      - "D:/WaterSurfaceRendererScratch/vcpkg_installed/x64-windows/Microsoft Visual Studio/18/Community/Common7/IDE/Extensions/Microsoft/CodeCoverage.Console/"
      - "D:/WaterSurfaceRendererScratch/vcpkg_installed/x64-windows/Program Files (x86)/Windows Kits/10/bin/10.0.26100.0/x64/"
      - "D:/WaterSurfaceRendererScratch/vcpkg_installed/x64-windows/Program Files (x86)/Windows Kits/10/bin/x64/"
      - "D:/WaterSurfaceRendererScratch/vcpkg_installed/x64-windows/Microsoft Visual Studio/18/Community/MSBuild/Current/Bin/amd64/"
      - "D:/WaterSurfaceRendererScratch/vcpkg_installed/x64-windows/Windows/Microsoft.NET/Framework64/v4.0.30319/"
      - "D:/WaterSurfaceRendererScratch/vcpkg_installed/x64-windows/Microsoft Visual Studio/18/Community/Common7/IDE/"
      - "D:/WaterSurfaceRendererScratch/vcpkg_installed/x64-windows/Microsoft Visual Studio/18/Community/Common7/Tools/"
      - "D:/WaterSurfaceRendererScratch/vcpkg_installed/x64-windows/Users/xukeheng/AppData/Local/vcpkg/downloads/tools/powershell-core-7.5.4-windows/"
      - "D:/WaterSurfaceRendererScratch/vcpkg_installed/x64-windows/Windows/System32/"
      - "D:/WaterSurfaceRendererScratch/vcpkg_installed/x64-windows/Windows/"
      - "D:/WaterSurfaceRendererScratch/vcpkg_installed/x64-windows/Windows/System32/wbem/"
      - "D:/WaterSurfaceRendererScratch/vcpkg_installed/x64-windows/Windows/System32/WindowsPowerShell/v1.0/"
      - "D:/WaterSurfaceRendererScratch/vcpkg_installed/x64-windows/Windows/System32/OpenSSH/"
      - "D:/WaterSurfaceRendererScratch/vcpkg_installed/x64-windows/Microsoft Visual Studio/18/Community/Common7/IDE/CommonExtensions/Microsoft/CMake/CMake/bin/"
      - "D:/WaterSurfaceRendererScratch/vcpkg_installed/x64-windows/Microsoft Visual Studio/18/Community/Common7/IDE/CommonExtensions/Microsoft/CMake/Ninja/"
      - "D:/WaterSurfaceRendererScratch/vcpkg_installed/x64-windows/Microsoft Visual Studio/18/Community/Common7/IDE/VC/Linux/bin/ConnectionManagerExe/"
      - "D:/WaterSurfaceRendererScratch/vcpkg_installed/x64-windows/Microsoft Visual Studio/18/Community/VC/vcpkg/"
      - "D:/Microsoft Visual Studio/18/Community/VC/Tools/MSVC/14.51.36231/bin/Hostx64/x64/"
      - "D:/Microsoft Visual Studio/18/Community/Common7/IDE/VC/vcpackages/"
      - "D:/Microsoft Visual Studio/18/Community/Common7/IDE/CommonExtensions/Microsoft/TestWindow/"
      - "D:/Microsoft Visual Studio/18/Community/Common7/IDE/CommonExtensions/Microsoft/TeamFoundation/Team Explorer/"
      - "D:/Microsoft Visual Studio/18/Community/MSBuild/Current/Bin/Roslyn/"
      - "C:/Program Files (x86)/Microsoft SDKs/Windows/v10.0A/bin/NETFX 4.8 Tools/x64/"
      - "D:/Microsoft Visual Studio/18/Community/Team Tools/DiagnosticsHub/Collector/"
      - "D:/Microsoft Visual Studio/18/Community/Common7/IDE/Extensions/Microsoft/CodeCoverage.Console/"
      - "C:/Program Files (x86)/Windows Kits/10/bin/10.0.26100.0/x64/"
      - "C:/Program Files (x86)/Windows Kits/10/bin/x64/"
      - "D:/Microsoft Visual Studio/18/Community/MSBuild/Current/Bin/amd64/"
      - "C:/Windows/Microsoft.NET/Framework64/v4.0.30319/"
      - "D:/Microsoft Visual Studio/18/Community/Common7/IDE/"
      - "D:/Microsoft Visual Studio/18/Community/Common7/Tools/"
      - "C:/Users/xukeheng/AppData/Local/vcpkg/downloads/tools/powershell-core-7.5.4-windows/"
      - "C:/Windows/System32/"
      - "C:/Windows/"
      - "C:/Windows/System32/wbem/"
      - "C:/Windows/System32/WindowsPowerShell/v1.0/"
      - "C:/Windows/System32/OpenSSH/"
      - "D:/Microsoft Visual Studio/18/Community/Common7/IDE/CommonExtensions/Microsoft/CMake/CMake/bin/"
      - "D:/Microsoft Visual Studio/18/Community/Common7/IDE/CommonExtensions/Microsoft/CMake/Ninja/"
      - "D:/Microsoft Visual Studio/18/Community/Common7/IDE/VC/Linux/bin/ConnectionManagerExe/"
      - "D:/Microsoft Visual Studio/18/Community/VC/vcpkg/"
    searched_directories:
      - "D:/WaterSurfaceRendererScratch/vcpkg_installed/x64-windows/debug/Microsoft Visual Studio/18/Community/VC/Tools/MSVC/14.51.36231/bin/Hostx64/x64/lib.com"
      - "D:/WaterSurfaceRendererScratch/vcpkg_installed/x64-windows/debug/Microsoft Visual Studio/18/Community/VC/Tools/MSVC/14.51.36231/bin/Hostx64/x64/lib.exe"
      - "D:/WaterSurfaceRendererScratch/vcpkg_installed/x64-windows/debug/Microsoft Visual Studio/18/Community/VC/Tools/MSVC/14.51.36231/bin/Hostx64/x64/lib"
      - "D:/WaterSurfaceRendererScratch/vcpkg_installed/x64-windows/debug/Microsoft Visual Studio/18/Community/Common7/IDE/VC/vcpackages/lib.com"
      - "D:/WaterSurfaceRendererScratch/vcpkg_installed/x64-windows/debug/Microsoft Visual Studio/18/Community/Common7/IDE/VC/vcpackages/lib.exe"
      - "D:/WaterSurfaceRendererScratch/vcpkg_installed/x64-windows/debug/Microsoft Visual Studio/18/Community/Common7/IDE/VC/vcpackages/lib"
      - "D:/WaterSurfaceRendererScratch/vcpkg_installed/x64-windows/debug/Microsoft Visual Studio/18/Community/Common7/IDE/CommonExtensions/Microsoft/TestWindow/lib.com"
      - "D:/WaterSurfaceRendererScratch/vcpkg_installed/x64-windows/debug/Microsoft Visual Studio/18/Community/Common7/IDE/CommonExtensions/Microsoft/TestWindow/lib.exe"
      - "D:/WaterSurfaceRendererScratch/vcpkg_installed/x64-windows/debug/Microsoft Visual Studio/18/Community/Common7/IDE/CommonExtensions/Microsoft/TestWindow/lib"
      - "D:/WaterSurfaceRendererScratch/vcpkg_installed/x64-windows/debug/Microsoft Visual Studio/18/Community/Common7/IDE/CommonExtensions/Microsoft/TeamFoundation/Team Explorer/lib.com"
      - "D:/WaterSurfaceRendererScratch/vcpkg_installed/x64-windows/debug/Microsoft Visual Studio/18/Community/Common7/IDE/CommonExtensions/Microsoft/TeamFoundation/Team Explorer/lib.exe"
      - "D:/WaterSurfaceRendererScratch/vcpkg_installed/x64-windows/debug/Microsoft Visual Studio/18/Community/Common7/IDE/CommonExtensions/Microsoft/TeamFoundation/Team Explorer/lib"
      - "D:/WaterSurfaceRendererScratch/vcpkg_installed/x64-windows/debug/Microsoft Visual Studio/18/Community/MSBuild/Current/Bin/Roslyn/lib.com"
      - "D:/WaterSurfaceRendererScratch/vcpkg_installed/x64-windows/debug/Microsoft Visual Studio/18/Community/MSBuild/Current/Bin/Roslyn/lib.exe"
      - "D:/WaterSurfaceRendererScratch/vcpkg_installed/x64-windows/debug/Microsoft Visual Studio/18/Community/MSBuild/Current/Bin/Roslyn/lib"
      - "D:/WaterSurfaceRendererScratch/vcpkg_installed/x64-windows/debug/Program Files (x86)/Microsoft SDKs/Windows/v10.0A/bin/NETFX 4.8 Tools/x64/lib.com"
      - "D:/WaterSurfaceRendererScratch/vcpkg_installed/x64-windows/debug/Program Files (x86)/Microsoft SDKs/Windows/v10.0A/bin/NETFX 4.8 Tools/x64/lib.exe"
      - "D:/WaterSurfaceRendererScratch/vcpkg_installed/x64-windows/debug/Program Files (x86)/Microsoft SDKs/Windows/v10.0A/bin/NETFX 4.8 Tools/x64/lib"
      - "D:/WaterSurfaceRendererScratch/vcpkg_installed/x64-windows/debug/Microsoft Visual Studio/18/Community/Team Tools/DiagnosticsHub/Collector/lib.com"
      - "D:/WaterSurfaceRendererScratch/vcpkg_installed/x64-windows/debug/Microsoft Visual Studio/18/Community/Team Tools/DiagnosticsHub/Collector/lib.exe"
      - "D:/WaterSurfaceRendererScratch/vcpkg_installed/x64-windows/debug/Microsoft Visual Studio/18/Community/Team Tools/DiagnosticsHub/Collector/lib"
      - "D:/WaterSurfaceRendererScratch/vcpkg_installed/x64-windows/debug/Microsoft Visual Studio/18/Community/Common7/IDE/Extensions/Microsoft/CodeCoverage.Console/lib.com"
      - "D:/WaterSurfaceRendererScratch/vcpkg_installed/x64-windows/debug/Microsoft Visual Studio/18/Community/Common7/IDE/Extensions/Microsoft/CodeCoverage.Console/lib.exe"
      - "D:/WaterSurfaceRendererScratch/vcpkg_installed/x64-windows/debug/Microsoft Visual Studio/18/Community/Common7/IDE/Extensions/Microsoft/CodeCoverage.Console/lib"
      - "D:/WaterSurfaceRendererScratch/vcpkg_installed/x64-windows/debug/Program Files (x86)/Windows Kits/10/bin/10.0.26100.0/x64/lib.com"
      - "D:/WaterSurfaceRendererScratch/vcpkg_installed/x64-windows/debug/Program Files (x86)/Windows Kits/10/bin/10.0.26100.0/x64/lib.exe"
      - "D:/WaterSurfaceRendererScratch/vcpkg_installed/x64-windows/debug/Program Files (x86)/Windows Kits/10/bin/10.0.26100.0/x64/lib"
      - "D:/WaterSurfaceRendererScratch/vcpkg_installed/x64-windows/debug/Program Files (x86)/Windows Kits/10/bin/x64/lib.com"
      - "D:/WaterSurfaceRendererScratch/vcpkg_installed/x64-windows/debug/Program Files (x86)/Windows Kits/10/bin/x64/lib.exe"
      - "D:/WaterSurfaceRendererScratch/vcpkg_installed/x64-windows/debug/Program Files (x86)/Windows Kits/10/bin/x64/lib"
      - "D:/WaterSurfaceRendererScratch/vcpkg_installed/x64-windows/debug/Microsoft Visual Studio/18/Community/MSBuild/Current/Bin/amd64/lib.com"
      - "D:/WaterSurfaceRendererScratch/vcpkg_installed/x64-windows/debug/Microsoft Visual Studio/18/Community/MSBuild/Current/Bin/amd64/lib.exe"
      - "D:/WaterSurfaceRendererScratch/vcpkg_installed/x64-windows/debug/Microsoft Visual Studio/18/Community/MSBuild/Current/Bin/amd64/lib"
      - "D:/WaterSurfaceRendererScratch/vcpkg_installed/x64-windows/debug/Windows/Microsoft.NET/Framework64/v4.0.30319/lib.com"
      - "D:/WaterSurfaceRendererScratch/vcpkg_installed/x64-windows/debug/Windows/Microsoft.NET/Framework64/v4.0.30319/lib.exe"
      - "D:/WaterSurfaceRendererScratch/vcpkg_installed/x64-windows/debug/Windows/Microsoft.NET/Framework64/v4.0.30319/lib"
      - "D:/WaterSurfaceRendererScratch/vcpkg_installed/x64-windows/debug/Microsoft Visual Studio/18/Community/Common7/IDE/lib.com"
      - "D:/WaterSurfaceRendererScratch/vcpkg_installed/x64-windows/debug/Microsoft Visual Studio/18/Community/Common7/IDE/lib.exe"
      - "D:/WaterSurfaceRendererScratch/vcpkg_installed/x64-windows/debug/Microsoft Visual Studio/18/Community/Common7/IDE/lib"
      - "D:/WaterSurfaceRendererScratch/vcpkg_installed/x64-windows/debug/Microsoft Visual Studio/18/Community/Common7/Tools/lib.com"
      - "D:/WaterSurfaceRendererScratch/vcpkg_installed/x64-windows/debug/Microsoft Visual Studio/18/Community/Common7/Tools/lib.exe"
      - "D:/WaterSurfaceRendererScratch/vcpkg_installed/x64-windows/debug/Microsoft Visual Studio/18/Community/Common7/Tools/lib"
      - "D:/WaterSurfaceRendererScratch/vcpkg_installed/x64-windows/debug/Users/xukeheng/AppData/Local/vcpkg/downloads/tools/powershell-core-7.5.4-windows/lib.com"
      - "D:/WaterSurfaceRendererScratch/vcpkg_installed/x64-windows/debug/Users/xukeheng/AppData/Local/vcpkg/downloads/tools/powershell-core-7.5.4-windows/lib.exe"
      - "D:/WaterSurfaceRendererScratch/vcpkg_installed/x64-windows/debug/Users/xukeheng/AppData/Local/vcpkg/downloads/tools/powershell-core-7.5.4-windows/lib"
      - "D:/WaterSurfaceRendererScratch/vcpkg_installed/x64-windows/debug/Windows/System32/lib.com"
      - "D:/WaterSurfaceRendererScratch/vcpkg_installed/x64-windows/debug/Windows/System32/lib.exe"
      - "D:/WaterSurfaceRendererScratch/vcpkg_installed/x64-windows/debug/Windows/System32/lib"
      - "D:/WaterSurfaceRendererScratch/vcpkg_installed/x64-windows/debug/Windows/lib.com"
      - "D:/WaterSurfaceRendererScratch/vcpkg_installed/x64-windows/debug/Windows/lib.exe"
      - "D:/WaterSurfaceRendererScratch/vcpkg_installed/x64-windows/debug/Windows/lib"
      - "D:/WaterSurfaceRendererScratch/vcpkg_installed/x64-windows/debug/Windows/System32/wbem/lib.com"
      - "D:/WaterSurfaceRendererScratch/vcpkg_installed/x64-windows/debug/Windows/System32/wbem/lib.exe"
      - "D:/WaterSurfaceRendererScratch/vcpkg_installed/x64-windows/debug/Windows/System32/wbem/lib"
      - "D:/WaterSurfaceRendererScratch/vcpkg_installed/x64-windows/debug/Windows/System32/WindowsPowerShell/v1.0/lib.com"
      - "D:/WaterSurfaceRendererScratch/vcpkg_installed/x64-windows/debug/Windows/System32/WindowsPowerShell/v1.0/lib.exe"
      - "D:/WaterSurfaceRendererScratch/vcpkg_installed/x64-windows/debug/Windows/System32/WindowsPowerShell/v1.0/lib"
      - "D:/WaterSurfaceRendererScratch/vcpkg_installed/x64-windows/debug/Windows/System32/OpenSSH/lib.com"
      - "D:/WaterSurfaceRendererScratch/vcpkg_installed/x64-windows/debug/Windows/System32/OpenSSH/lib.exe"
      - "D:/WaterSurfaceRendererScratch/vcpkg_installed/x64-windows/debug/Windows/System32/OpenSSH/lib"
      - "D:/WaterSurfaceRendererScratch/vcpkg_installed/x64-windows/debug/Microsoft Visual Studio/18/Community/Common7/IDE/CommonExtensions/Microsoft/CMake/CMake/bin/lib.com"
      - "D:/WaterSurfaceRendererScratch/vcpkg_installed/x64-windows/debug/Microsoft Visual Studio/18/Community/Common7/IDE/CommonExtensions/Microsoft/CMake/CMake/bin/lib.exe"
      - "D:/WaterSurfaceRendererScratch/vcpkg_installed/x64-windows/debug/Microsoft Visual Studio/18/Community/Common7/IDE/CommonExtensions/Microsoft/CMake/CMake/bin/lib"
      - "D:/WaterSurfaceRendererScratch/vcpkg_installed/x64-windows/debug/Microsoft Visual Studio/18/Community/Common7/IDE/CommonExtensions/Microsoft/CMake/Ninja/lib.com"
      - "D:/WaterSurfaceRendererScratch/vcpkg_installed/x64-windows/debug/Microsoft Visual Studio/18/Community/Common7/IDE/CommonExtensions/Microsoft/CMake/Ninja/lib.exe"
      - "D:/WaterSurfaceRendererScratch/vcpkg_installed/x64-windows/debug/Microsoft Visual Studio/18/Community/Common7/IDE/CommonExtensions/Microsoft/CMake/Ninja/lib"
      - "D:/WaterSurfaceRendererScratch/vcpkg_installed/x64-windows/debug/Microsoft Visual Studio/18/Community/Common7/IDE/VC/Linux/bin/ConnectionManagerExe/lib.com"
      - "D:/WaterSurfaceRendererScratch/vcpkg_installed/x64-windows/debug/Microsoft Visual Studio/18/Community/Common7/IDE/VC/Linux/bin/ConnectionManagerExe/lib.exe"
      - "D:/WaterSurfaceRendererScratch/vcpkg_installed/x64-windows/debug/Microsoft Visual Studio/18/Community/Common7/IDE/VC/Linux/bin/ConnectionManagerExe/lib"
      - "D:/WaterSurfaceRendererScratch/vcpkg_installed/x64-windows/debug/Microsoft Visual Studio/18/Community/VC/vcpkg/lib.com"
      - "D:/WaterSurfaceRendererScratch/vcpkg_installed/x64-windows/debug/Microsoft Visual Studio/18/Community/VC/vcpkg/lib.exe"
      - "D:/WaterSurfaceRendererScratch/vcpkg_installed/x64-windows/debug/Microsoft Visual Studio/18/Community/VC/vcpkg/lib"
      - "D:/WaterSurfaceRendererScratch/vcpkg_installed/x64-windows/Microsoft Visual Studio/18/Community/VC/Tools/MSVC/14.51.36231/bin/Hostx64/x64/lib.com"
      - "D:/WaterSurfaceRendererScratch/vcpkg_installed/x64-windows/Microsoft Visual Studio/18/Community/VC/Tools/MSVC/14.51.36231/bin/Hostx64/x64/lib.exe"
      - "D:/WaterSurfaceRendererScratch/vcpkg_installed/x64-windows/Microsoft Visual Studio/18/Community/VC/Tools/MSVC/14.51.36231/bin/Hostx64/x64/lib"
      - "D:/WaterSurfaceRendererScratch/vcpkg_installed/x64-windows/Microsoft Visual Studio/18/Community/Common7/IDE/VC/vcpackages/lib.com"
      - "D:/WaterSurfaceRendererScratch/vcpkg_installed/x64-windows/Microsoft Visual Studio/18/Community/Common7/IDE/VC/vcpackages/lib.exe"
      - "D:/WaterSurfaceRendererScratch/vcpkg_installed/x64-windows/Microsoft Visual Studio/18/Community/Common7/IDE/VC/vcpackages/lib"
      - "D:/WaterSurfaceRendererScratch/vcpkg_installed/x64-windows/Microsoft Visual Studio/18/Community/Common7/IDE/CommonExtensions/Microsoft/TestWindow/lib.com"
      - "D:/WaterSurfaceRendererScratch/vcpkg_installed/x64-windows/Microsoft Visual Studio/18/Community/Common7/IDE/CommonExtensions/Microsoft/TestWindow/lib.exe"
      - "D:/WaterSurfaceRendererScratch/vcpkg_installed/x64-windows/Microsoft Visual Studio/18/Community/Common7/IDE/CommonExtensions/Microsoft/TestWindow/lib"
      - "D:/WaterSurfaceRendererScratch/vcpkg_installed/x64-windows/Microsoft Visual Studio/18/Community/Common7/IDE/CommonExtensions/Microsoft/TeamFoundation/Team Explorer/lib.com"
      - "D:/WaterSurfaceRendererScratch/vcpkg_installed/x64-windows/Microsoft Visual Studio/18/Community/Common7/IDE/CommonExtensions/Microsoft/TeamFoundation/Team Explorer/lib.exe"
      - "D:/WaterSurfaceRendererScratch/vcpkg_installed/x64-windows/Microsoft Visual Studio/18/Community/Common7/IDE/CommonExtensions/Microsoft/TeamFoundation/Team Explorer/lib"
      - "D:/WaterSurfaceRendererScratch/vcpkg_installed/x64-windows/Microsoft Visual Studio/18/Community/MSBuild/Current/Bin/Roslyn/lib.com"
      - "D:/WaterSurfaceRendererScratch/vcpkg_installed/x64-windows/Microsoft Visual Studio/18/Community/MSBuild/Current/Bin/Roslyn/lib.exe"
      - "D:/WaterSurfaceRendererScratch/vcpkg_installed/x64-windows/Microsoft Visual Studio/18/Community/MSBuild/Current/Bin/Roslyn/lib"
      - "D:/WaterSurfaceRendererScratch/vcpkg_installed/x64-windows/Program Files (x86)/Microsoft SDKs/Windows/v10.0A/bin/NETFX 4.8 Tools/x64/lib.com"
      - "D:/WaterSurfaceRendererScratch/vcpkg_installed/x64-windows/Program Files (x86)/Microsoft SDKs/Windows/v10.0A/bin/NETFX 4.8 Tools/x64/lib.exe"
      - "D:/WaterSurfaceRendererScratch/vcpkg_installed/x64-windows/Program Files (x86)/Microsoft SDKs/Windows/v10.0A/bin/NETFX 4.8 Tools/x64/lib"
      - "D:/WaterSurfaceRendererScratch/vcpkg_installed/x64-windows/Microsoft Visual Studio/18/Community/Team Tools/DiagnosticsHub/Collector/lib.com"
      - "D:/WaterSurfaceRendererScratch/vcpkg_installed/x64-windows/Microsoft Visual Studio/18/Community/Team Tools/DiagnosticsHub/Collector/lib.exe"
      - "D:/WaterSurfaceRendererScratch/vcpkg_installed/x64-windows/Microsoft Visual Studio/18/Community/Team Tools/DiagnosticsHub/Collector/lib"
      - "D:/WaterSurfaceRendererScratch/vcpkg_installed/x64-windows/Microsoft Visual Studio/18/Community/Common7/IDE/Extensions/Microsoft/CodeCoverage.Console/lib.com"
      - "D:/WaterSurfaceRendererScratch/vcpkg_installed/x64-windows/Microsoft Visual Studio/18/Community/Common7/IDE/Extensions/Microsoft/CodeCoverage.Console/lib.exe"
      - "D:/WaterSurfaceRendererScratch/vcpkg_installed/x64-windows/Microsoft Visual Studio/18/Community/Common7/IDE/Extensions/Microsoft/CodeCoverage.Console/lib"
      - "D:/WaterSurfaceRendererScratch/vcpkg_installed/x64-windows/Program Files (x86)/Windows Kits/10/bin/10.0.26100.0/x64/lib.com"
      - "D:/WaterSurfaceRendererScratch/vcpkg_installed/x64-windows/Program Files (x86)/Windows Kits/10/bin/10.0.26100.0/x64/lib.exe"
      - "D:/WaterSurfaceRendererScratch/vcpkg_installed/x64-windows/Program Files (x86)/Windows Kits/10/bin/10.0.26100.0/x64/lib"
      - "D:/WaterSurfaceRendererScratch/vcpkg_installed/x64-windows/Program Files (x86)/Windows Kits/10/bin/x64/lib.com"
      - "D:/WaterSurfaceRendererScratch/vcpkg_installed/x64-windows/Program Files (x86)/Windows Kits/10/bin/x64/lib.exe"
      - "D:/WaterSurfaceRendererScratch/vcpkg_installed/x64-windows/Program Files (x86)/Windows Kits/10/bin/x64/lib"
      - "D:/WaterSurfaceRendererScratch/vcpkg_installed/x64-windows/Microsoft Visual Studio/18/Community/MSBuild/Current/Bin/amd64/lib.com"
      - "D:/WaterSurfaceRendererScratch/vcpkg_installed/x64-windows/Microsoft Visual Studio/18/Community/MSBuild/Current/Bin/amd64/lib.exe"
      - "D:/WaterSurfaceRendererScratch/vcpkg_installed/x64-windows/Microsoft Visual Studio/18/Community/MSBuild/Current/Bin/amd64/lib"
      - "D:/WaterSurfaceRendererScratch/vcpkg_installed/x64-windows/Windows/Microsoft.NET/Framework64/v4.0.30319/lib.com"
      - "D:/WaterSurfaceRendererScratch/vcpkg_installed/x64-windows/Windows/Microsoft.NET/Framework64/v4.0.30319/lib.exe"
      - "D:/WaterSurfaceRendererScratch/vcpkg_installed/x64-windows/Windows/Microsoft.NET/Framework64/v4.0.30319/lib"
      - "D:/WaterSurfaceRendererScratch/vcpkg_installed/x64-windows/Microsoft Visual Studio/18/Community/Common7/IDE/lib.com"
      - "D:/WaterSurfaceRendererScratch/vcpkg_installed/x64-windows/Microsoft Visual Studio/18/Community/Common7/IDE/lib.exe"
      - "D:/WaterSurfaceRendererScratch/vcpkg_installed/x64-windows/Microsoft Visual Studio/18/Community/Common7/IDE/lib"
      - "D:/WaterSurfaceRendererScratch/vcpkg_installed/x64-windows/Microsoft Visual Studio/18/Community/Common7/Tools/lib.com"
      - "D:/WaterSurfaceRendererScratch/vcpkg_installed/x64-windows/Microsoft Visual Studio/18/Community/Common7/Tools/lib.exe"
      - "D:/WaterSurfaceRendererScratch/vcpkg_installed/x64-windows/Microsoft Visual Studio/18/Community/Common7/Tools/lib"
      - "D:/WaterSurfaceRendererScratch/vcpkg_installed/x64-windows/Users/xukeheng/AppData/Local/vcpkg/downloads/tools/powershell-core-7.5.4-windows/lib.com"
      - "D:/WaterSurfaceRendererScratch/vcpkg_installed/x64-windows/Users/xukeheng/AppData/Local/vcpkg/downloads/tools/powershell-core-7.5.4-windows/lib.exe"
      - "D:/WaterSurfaceRendererScratch/vcpkg_installed/x64-windows/Users/xukeheng/AppData/Local/vcpkg/downloads/tools/powershell-core-7.5.4-windows/lib"
      - "D:/WaterSurfaceRendererScratch/vcpkg_installed/x64-windows/Windows/System32/lib.com"
      - "D:/WaterSurfaceRendererScratch/vcpkg_installed/x64-windows/Windows/System32/lib.exe"
      - "D:/WaterSurfaceRendererScratch/vcpkg_installed/x64-windows/Windows/System32/lib"
      - "D:/WaterSurfaceRendererScratch/vcpkg_installed/x64-windows/Windows/lib.com"
      - "D:/WaterSurfaceRendererScratch/vcpkg_installed/x64-windows/Windows/lib.exe"
      - "D:/WaterSurfaceRendererScratch/vcpkg_installed/x64-windows/Windows/lib"
      - "D:/WaterSurfaceRendererScratch/vcpkg_installed/x64-windows/Windows/System32/wbem/lib.com"
      - "D:/WaterSurfaceRendererScratch/vcpkg_installed/x64-windows/Windows/System32/wbem/lib.exe"
      - "D:/WaterSurfaceRendererScratch/vcpkg_installed/x64-windows/Windows/System32/wbem/lib"
      - "D:/WaterSurfaceRendererScratch/vcpkg_installed/x64-windows/Windows/System32/WindowsPowerShell/v1.0/lib.com"
      - "D:/WaterSurfaceRendererScratch/vcpkg_installed/x64-windows/Windows/System32/WindowsPowerShell/v1.0/lib.exe"
      - "D:/WaterSurfaceRendererScratch/vcpkg_installed/x64-windows/Windows/System32/WindowsPowerShell/v1.0/lib"
      - "D:/WaterSurfaceRendererScratch/vcpkg_installed/x64-windows/Windows/System32/OpenSSH/lib.com"
      - "D:/WaterSurfaceRendererScratch/vcpkg_installed/x64-windows/Windows/System32/OpenSSH/lib.exe"
      - "D:/WaterSurfaceRendererScratch/vcpkg_installed/x64-windows/Windows/System32/OpenSSH/lib"
      - "D:/WaterSurfaceRendererScratch/vcpkg_installed/x64-windows/Microsoft Visual Studio/18/Community/Common7/IDE/CommonExtensions/Microsoft/CMake/CMake/bin/lib.com"
      - "D:/WaterSurfaceRendererScratch/vcpkg_installed/x64-windows/Microsoft Visual Studio/18/Community/Common7/IDE/CommonExtensions/Microsoft/CMake/CMake/bin/lib.exe"
      - "D:/WaterSurfaceRendererScratch/vcpkg_installed/x64-windows/Microsoft Visual Studio/18/Community/Common7/IDE/CommonExtensions/Microsoft/CMake/CMake/bin/lib"
      - "D:/WaterSurfaceRendererScratch/vcpkg_installed/x64-windows/Microsoft Visual Studio/18/Community/Common7/IDE/CommonExtensions/Microsoft/CMake/Ninja/lib.com"
      - "D:/WaterSurfaceRendererScratch/vcpkg_installed/x64-windows/Microsoft Visual Studio/18/Community/Common7/IDE/CommonExtensions/Microsoft/CMake/Ninja/lib.exe"
      - "D:/WaterSurfaceRendererScratch/vcpkg_installed/x64-windows/Microsoft Visual Studio/18/Community/Common7/IDE/CommonExtensions/Microsoft/CMake/Ninja/lib"
      - "D:/WaterSurfaceRendererScratch/vcpkg_installed/x64-windows/Microsoft Visual Studio/18/Community/Common7/IDE/VC/Linux/bin/ConnectionManagerExe/lib.com"
      - "D:/WaterSurfaceRendererScratch/vcpkg_installed/x64-windows/Microsoft Visual Studio/18/Community/Common7/IDE/VC/Linux/bin/ConnectionManagerExe/lib.exe"
      - "D:/WaterSurfaceRendererScratch/vcpkg_installed/x64-windows/Microsoft Visual Studio/18/Community/Common7/IDE/VC/Linux/bin/ConnectionManagerExe/lib"
      - "D:/WaterSurfaceRendererScratch/vcpkg_installed/x64-windows/Microsoft Visual Studio/18/Community/VC/vcpkg/lib.com"
      - "D:/WaterSurfaceRendererScratch/vcpkg_installed/x64-windows/Microsoft Visual Studio/18/Community/VC/vcpkg/lib.exe"
      - "D:/WaterSurfaceRendererScratch/vcpkg_installed/x64-windows/Microsoft Visual Studio/18/Community/VC/vcpkg/lib"
      - "D:/Microsoft Visual Studio/18/Community/VC/Tools/MSVC/14.51.36231/bin/Hostx64/x64/lib.com"
    found: "D:/Microsoft Visual Studio/18/Community/VC/Tools/MSVC/14.51.36231/bin/Hostx64/x64/lib.exe"
    search_context:
      CMAKE_PROGRAM_PATH:
        - "D:/WaterSurfaceRendererScratch/vcpkg_installed/x64-windows/tools"
      CMAKE_PREFIX_PATH:
        - "D:/WaterSurfaceRendererScratch/vcpkg_installed/x64-windows/debug"
        - "D:/WaterSurfaceRendererScratch/vcpkg_installed/x64-windows"
      ENV{PATH}:
        - "D:\\Microsoft Visual Studio\\18\\Community\\VC\\Tools\\MSVC\\14.51.36231\\bin\\HostX64\\x64"
        - "D:\\Microsoft Visual Studio\\18\\Community\\Common7\\IDE\\VC\\VCPackages"
        - "D:\\Microsoft Visual Studio\\18\\Community\\Common7\\IDE\\CommonExtensions\\Microsoft\\TestWindow"
        - "D:\\Microsoft Visual Studio\\18\\Community\\Common7\\IDE\\CommonExtensions\\Microsoft\\TeamFoundation\\Team Explorer"
        - "D:\\Microsoft Visual Studio\\18\\Community\\MSBuild\\Current\\bin\\Roslyn"
        - "C:\\Program Files (x86)\\Microsoft SDKs\\Windows\\v10.0A\\bin\\NETFX 4.8 Tools\\x64\\"
        - "D:\\Microsoft Visual Studio\\18\\Community\\Team Tools\\DiagnosticsHub\\Collector"
        - "D:\\Microsoft Visual Studio\\18\\Community\\Common7\\IDE\\Extensions\\Microsoft\\CodeCoverage.Console"
        - "C:\\Program Files (x86)\\Windows Kits\\10\\bin\\10.0.26100.0\\\\x64"
        - "C:\\Program Files (x86)\\Windows Kits\\10\\bin\\\\x64"
        - "D:\\Microsoft Visual Studio\\18\\Community\\\\MSBuild\\Current\\Bin\\amd64"
        - "C:\\Windows\\Microsoft.NET\\Framework64\\v4.0.30319"
        - "D:\\Microsoft Visual Studio\\18\\Community\\Common7\\IDE\\"
        - "D:\\Microsoft Visual Studio\\18\\Community\\Common7\\Tools\\"
        - "C:\\Users\\xukeheng\\AppData\\Local\\vcpkg\\downloads\\tools\\powershell-core-7.5.4-windows"
        - "C:\\windows\\system32"
        - "C:\\windows"
        - "C:\\windows\\system32\\Wbem"
        - "C:\\windows\\system32\\WindowsPowerShell\\v1.0\\"
        - "C:\\windows\\system32\\OpenSSH\\"
        - "D:\\Microsoft Visual Studio\\18\\Community\\Common7\\IDE\\CommonExtensions\\Microsoft\\CMake\\CMake\\bin"
        - "D:\\Microsoft Visual Studio\\18\\Community\\Common7\\IDE\\CommonExtensions\\Microsoft\\CMake\\Ninja"
        - "D:\\Microsoft Visual Studio\\18\\Community\\Common7\\IDE\\VC\\Linux\\bin\\ConnectionManagerExe"
        - "D:\\Microsoft Visual Studio\\18\\Community\\VC\\vcpkg"
        - "D:\\Microsoft Visual Studio\\18\\Community\\Common7\\IDE\\CommonExtensions\\Microsoft\\CMake\\Ninja"
        - "D:\\Microsoft Visual Studio\\18\\Community\\Common7\\IDE\\CommonExtensions\\Microsoft\\CMake\\Ninja"
      CMAKE_INSTALL_PREFIX: "D:/WaterSurfaceRendererScratch/vcpkg_installed/vcpkg/pkgs/fftw3_x64-windows/debug"
      CMAKE_FIND_ROOT_PATH: "D:/WaterSurfaceRendererScratch/vcpkg_installed/x64-windows/debug;D:/WaterSurfaceRendererScratch/vcpkg_installed/x64-windows"
  -
    kind: "find-v1"
    backtrace:
      - "D:/Microsoft Visual Studio/18/Community/Common7/IDE/CommonExtensions/Microsoft/CMake/CMake/share/cmake-4.3/Modules/CMakeDetermineCompiler.cmake:54 (find_program)"
      - "D:/Microsoft Visual Studio/18/Community/Common7/IDE/CommonExtensions/Microsoft/CMake/CMake/share/cmake-4.3/Modules/CMakeDetermineCXXCompiler.cmake:69 (_cmake_find_compiler)"
      - "CMakeLists.txt:7 (project)"
    mode: "program"
    variable: "CMAKE_CXX_COMPILER"
    description: "CXX compiler"
    settings:
      SearchFramework: "LAST"
      SearchAppBundle: "LAST"
      CMAKE_FIND_USE_CMAKE_PATH: true
      CMAKE_FIND_USE_CMAKE_ENVIRONMENT_PATH: true
      CMAKE_FIND_USE_SYSTEM_ENVIRONMENT_PATH: true
      CMAKE_FIND_USE_CMAKE_SYSTEM_PATH: true
      CMAKE_FIND_USE_INSTALL_PREFIX: true
    names:
      - "c++"
      - "g++"
      - "cl"
      - "bcc"
      - "icx"
      - "clang++"
    candidate_directories:
      - "D:/WaterSurfaceRendererScratch/vcpkg_installed/x64-windows/debug/Microsoft Visual Studio/18/Community/VC/Tools/MSVC/14.51.36231/bin/Hostx64/x64/"
      - "D:/WaterSurfaceRendererScratch/vcpkg_installed/x64-windows/Microsoft Visual Studio/18/Community/VC/Tools/MSVC/14.51.36231/bin/Hostx64/x64/"
      - "D:/Microsoft Visual Studio/18/Community/VC/Tools/MSVC/14.51.36231/bin/Hostx64/x64/"
    searched_directories:
      - "D:/WaterSurfaceRendererScratch/vcpkg_installed/x64-windows/debug/Microsoft Visual Studio/18/Community/VC/Tools/MSVC/14.51.36231/bin/Hostx64/x64/c++.com"
      - "D:/WaterSurfaceRendererScratch/vcpkg_installed/x64-windows/debug/Microsoft Visual Studio/18/Community/VC/Tools/MSVC/14.51.36231/bin/Hostx64/x64/c++.exe"
      - "D:/WaterSurfaceRendererScratch/vcpkg_installed/x64-windows/debug/Microsoft Visual Studio/18/Community/VC/Tools/MSVC/14.51.36231/bin/Hostx64/x64/c++"
      - "D:/WaterSurfaceRendererScratch/vcpkg_installed/x64-windows/Microsoft Visual Studio/18/Community/VC/Tools/MSVC/14.51.36231/bin/Hostx64/x64/c++.com"
      - "D:/WaterSurfaceRendererScratch/vcpkg_installed/x64-windows/Microsoft Visual Studio/18/Community/VC/Tools/MSVC/14.51.36231/bin/Hostx64/x64/c++.exe"
      - "D:/WaterSurfaceRendererScratch/vcpkg_installed/x64-windows/Microsoft Visual Studio/18/Community/VC/Tools/MSVC/14.51.36231/bin/Hostx64/x64/c++"
      - "D:/Microsoft Visual Studio/18/Community/VC/Tools/MSVC/14.51.36231/bin/Hostx64/x64/c++.com"
      - "D:/Microsoft Visual Studio/18/Community/VC/Tools/MSVC/14.51.36231/bin/Hostx64/x64/c++.exe"
      - "D:/Microsoft Visual Studio/18/Community/VC/Tools/MSVC/14.51.36231/bin/Hostx64/x64/c++"
      - "D:/WaterSurfaceRendererScratch/vcpkg_installed/x64-windows/debug/Microsoft Visual Studio/18/Community/VC/Tools/MSVC/14.51.36231/bin/Hostx64/x64/g++.com"
      - "D:/WaterSurfaceRendererScratch/vcpkg_installed/x64-windows/debug/Microsoft Visual Studio/18/Community/VC/Tools/MSVC/14.51.36231/bin/Hostx64/x64/g++.exe"
      - "D:/WaterSurfaceRendererScratch/vcpkg_installed/x64-windows/debug/Microsoft Visual Studio/18/Community/VC/Tools/MSVC/14.51.36231/bin/Hostx64/x64/g++"
      - "D:/WaterSurfaceRendererScratch/vcpkg_installed/x64-windows/Microsoft Visual Studio/18/Community/VC/Tools/MSVC/14.51.36231/bin/Hostx64/x64/g++.com"
      - "D:/WaterSurfaceRendererScratch/vcpkg_installed/x64-windows/Microsoft Visual Studio/18/Community/VC/Tools/MSVC/14.51.36231/bin/Hostx64/x64/g++.exe"
      - "D:/WaterSurfaceRendererScratch/vcpkg_installed/x64-windows/Microsoft Visual Studio/18/Community/VC/Tools/MSVC/14.51.36231/bin/Hostx64/x64/g++"
      - "D:/Microsoft Visual Studio/18/Community/VC/Tools/MSVC/14.51.36231/bin/Hostx64/x64/g++.com"
      - "D:/Microsoft Visual Studio/18/Community/VC/Tools/MSVC/14.51.36231/bin/Hostx64/x64/g++.exe"
      - "D:/Microsoft Visual Studio/18/Community/VC/Tools/MSVC/14.51.36231/bin/Hostx64/x64/g++"
      - "D:/WaterSurfaceRendererScratch/vcpkg_installed/x64-windows/debug/Microsoft Visual Studio/18/Community/VC/Tools/MSVC/14.51.36231/bin/Hostx64/x64/cl.com"
      - "D:/WaterSurfaceRendererScratch/vcpkg_installed/x64-windows/debug/Microsoft Visual Studio/18/Community/VC/Tools/MSVC/14.51.36231/bin/Hostx64/x64/cl.exe"
      - "D:/WaterSurfaceRendererScratch/vcpkg_installed/x64-windows/debug/Microsoft Visual Studio/18/Community/VC/Tools/MSVC/14.51.36231/bin/Hostx64/x64/cl"
      - "D:/WaterSurfaceRendererScratch/vcpkg_installed/x64-windows/Microsoft Visual Studio/18/Community/VC/Tools/MSVC/14.51.36231/bin/Hostx64/x64/cl.com"
      - "D:/WaterSurfaceRendererScratch/vcpkg_installed/x64-windows/Microsoft Visual Studio/18/Community/VC/Tools/MSVC/14.51.36231/bin/Hostx64/x64/cl.exe"
      - "D:/WaterSurfaceRendererScratch/vcpkg_installed/x64-windows/Microsoft Visual Studio/18/Community/VC/Tools/MSVC/14.51.36231/bin/Hostx64/x64/cl"
      - "D:/Microsoft Visual Studio/18/Community/VC/Tools/MSVC/14.51.36231/bin/Hostx64/x64/cl.com"
    found: "D:/Microsoft Visual Studio/18/Community/VC/Tools/MSVC/14.51.36231/bin/Hostx64/x64/cl.exe"
    search_context:
      CMAKE_PROGRAM_PATH:
        - "D:/WaterSurfaceRendererScratch/vcpkg_installed/x64-windows/tools"
      CMAKE_PREFIX_PATH:
        - "D:/WaterSurfaceRendererScratch/vcpkg_installed/x64-windows/debug"
        - "D:/WaterSurfaceRendererScratch/vcpkg_installed/x64-windows"
      ENV{PATH}:
        - "D:\\Microsoft Visual Studio\\18\\Community\\VC\\Tools\\MSVC\\14.51.36231\\bin\\HostX64\\x64"
        - "D:\\Microsoft Visual Studio\\18\\Community\\Common7\\IDE\\VC\\VCPackages"
        - "D:\\Microsoft Visual Studio\\18\\Community\\Common7\\IDE\\CommonExtensions\\Microsoft\\TestWindow"
        - "D:\\Microsoft Visual Studio\\18\\Community\\Common7\\IDE\\CommonExtensions\\Microsoft\\TeamFoundation\\Team Explorer"
        - "D:\\Microsoft Visual Studio\\18\\Community\\MSBuild\\Current\\bin\\Roslyn"
        - "C:\\Program Files (x86)\\Microsoft SDKs\\Windows\\v10.0A\\bin\\NETFX 4.8 Tools\\x64\\"
        - "D:\\Microsoft Visual Studio\\18\\Community\\Team Tools\\DiagnosticsHub\\Collector"
        - "D:\\Microsoft Visual Studio\\18\\Community\\Common7\\IDE\\Extensions\\Microsoft\\CodeCoverage.Console"
        - "C:\\Program Files (x86)\\Windows Kits\\10\\bin\\10.0.26100.0\\\\x64"
        - "C:\\Program Files (x86)\\Windows Kits\\10\\bin\\\\x64"
        - "D:\\Microsoft Visual Studio\\18\\Community\\\\MSBuild\\Current\\Bin\\amd64"
        - "C:\\Windows\\Microsoft.NET\\Framework64\\v4.0.30319"
        - "D:\\Microsoft Visual Studio\\18\\Community\\Common7\\IDE\\"
        - "D:\\Microsoft Visual Studio\\18\\Community\\Common7\\Tools\\"
        - "C:\\Users\\xukeheng\\AppData\\Local\\vcpkg\\downloads\\tools\\powershell-core-7.5.4-windows"
        - "C:\\windows\\system32"
        - "C:\\windows"
        - "C:\\windows\\system32\\Wbem"
        - "C:\\windows\\system32\\WindowsPowerShell\\v1.0\\"
        - "C:\\windows\\system32\\OpenSSH\\"
        - "D:\\Microsoft Visual Studio\\18\\Community\\Common7\\IDE\\CommonExtensions\\Microsoft\\CMake\\CMake\\bin"
        - "D:\\Microsoft Visual Studio\\18\\Community\\Common7\\IDE\\CommonExtensions\\Microsoft\\CMake\\Ninja"
        - "D:\\Microsoft Visual Studio\\18\\Community\\Common7\\IDE\\VC\\Linux\\bin\\ConnectionManagerExe"
        - "D:\\Microsoft Visual Studio\\18\\Community\\VC\\vcpkg"
        - "D:\\Microsoft Visual Studio\\18\\Community\\Common7\\IDE\\CommonExtensions\\Microsoft\\CMake\\Ninja"
        - "D:\\Microsoft Visual Studio\\18\\Community\\Common7\\IDE\\CommonExtensions\\Microsoft\\CMake\\Ninja"
      CMAKE_INSTALL_PREFIX: "D:/WaterSurfaceRendererScratch/vcpkg_installed/vcpkg/pkgs/fftw3_x64-windows/debug"
      CMAKE_FIND_ROOT_PATH: "D:/WaterSurfaceRendererScratch/vcpkg_installed/x64-windows/debug;D:/WaterSurfaceRendererScratch/vcpkg_installed/x64-windows"
  -
    kind: "find-v1"
    backtrace:
      - "D:/Microsoft Visual Studio/18/Community/Common7/IDE/CommonExtensions/Microsoft/CMake/CMake/share/cmake-4.3/Modules/CMakeDetermineCompilerId.cmake:468 (find_file)"
      - "D:/Microsoft Visual Studio/18/Community/Common7/IDE/CommonExtensions/Microsoft/CMake/CMake/share/cmake-4.3/Modules/CMakeDetermineCompilerId.cmake:506 (CMAKE_DETERMINE_COMPILER_ID_WRITE)"
      - "D:/Microsoft Visual Studio/18/Community/Common7/IDE/CommonExtensions/Microsoft/CMake/CMake/share/cmake-4.3/Modules/CMakeDetermineCompilerId.cmake:8 (CMAKE_DETERMINE_COMPILER_ID_BUILD)"
      - "D:/Microsoft Visual Studio/18/Community/Common7/IDE/CommonExtensions/Microsoft/CMake/CMake/share/cmake-4.3/Modules/CMakeDetermineCompilerId.cmake:64 (__determine_compiler_id_test)"
      - "D:/Microsoft Visual Studio/18/Community/Common7/IDE/CommonExtensions/Microsoft/CMake/CMake/share/cmake-4.3/Modules/CMakeDetermineCXXCompiler.cmake:125 (CMAKE_DETERMINE_COMPILER_ID)"
      - "CMakeLists.txt:7 (project)"
    mode: "file"
    variable: "src_in"
    description: "Path to a file."
    settings:
      SearchFramework: "LAST"
      SearchAppBundle: "LAST"
      CMAKE_FIND_USE_CMAKE_PATH: true
      CMAKE_FIND_USE_CMAKE_ENVIRONMENT_PATH: true
      CMAKE_FIND_USE_SYSTEM_ENVIRONMENT_PATH: true
      CMAKE_FIND_USE_CMAKE_SYSTEM_PATH: true
      CMAKE_FIND_USE_INSTALL_PREFIX: true
    names:
      - "CMakeCXXCompilerId.cpp.in"
    candidate_directories:
      - "D:/Microsoft Visual Studio/18/Community/Common7/IDE/CommonExtensions/Microsoft/CMake/CMake/share/cmake-4.3/Modules/"
    found: "D:/Microsoft Visual Studio/18/Community/Common7/IDE/CommonExtensions/Microsoft/CMake/CMake/share/cmake-4.3/Modules/CMakeCXXCompilerId.cpp.in"
    search_context:
      CMAKE_PREFIX_PATH:
        - "D:/WaterSurfaceRendererScratch/vcpkg_installed/x64-windows/debug"
        - "D:/WaterSurfaceRendererScratch/vcpkg_installed/x64-windows"
      ENV{PATH}:
        - "D:\\Microsoft Visual Studio\\18\\Community\\VC\\Tools\\MSVC\\14.51.36231\\bin\\HostX64\\x64"
        - "D:\\Microsoft Visual Studio\\18\\Community\\Common7\\IDE\\VC\\VCPackages"
        - "D:\\Microsoft Visual Studio\\18\\Community\\Common7\\IDE\\CommonExtensions\\Microsoft\\TestWindow"
        - "D:\\Microsoft Visual Studio\\18\\Community\\Common7\\IDE\\CommonExtensions\\Microsoft\\TeamFoundation\\Team Explorer"
        - "D:\\Microsoft Visual Studio\\18\\Community\\MSBuild\\Current\\bin\\Roslyn"
        - "C:\\Program Files (x86)\\Microsoft SDKs\\Windows\\v10.0A\\bin\\NETFX 4.8 Tools\\x64\\"
        - "D:\\Microsoft Visual Studio\\18\\Community\\Team Tools\\DiagnosticsHub\\Collector"
        - "D:\\Microsoft Visual Studio\\18\\Community\\Common7\\IDE\\Extensions\\Microsoft\\CodeCoverage.Console"
        - "C:\\Program Files (x86)\\Windows Kits\\10\\bin\\10.0.26100.0\\\\x64"
        - "C:\\Program Files (x86)\\Windows Kits\\10\\bin\\\\x64"
        - "D:\\Microsoft Visual Studio\\18\\Community\\\\MSBuild\\Current\\Bin\\amd64"
        - "C:\\Windows\\Microsoft.NET\\Framework64\\v4.0.30319"
        - "D:\\Microsoft Visual Studio\\18\\Community\\Common7\\IDE\\"
        - "D:\\Microsoft Visual Studio\\18\\Community\\Common7\\Tools\\"
        - "C:\\Users\\xukeheng\\AppData\\Local\\vcpkg\\downloads\\tools\\powershell-core-7.5.4-windows"
        - "C:\\windows\\system32"
        - "C:\\windows"
        - "C:\\windows\\system32\\Wbem"
        - "C:\\windows\\system32\\WindowsPowerShell\\v1.0\\"
        - "C:\\windows\\system32\\OpenSSH\\"
        - "D:\\Microsoft Visual Studio\\18\\Community\\Common7\\IDE\\CommonExtensions\\Microsoft\\CMake\\CMake\\bin"
        - "D:\\Microsoft Visual Studio\\18\\Community\\Common7\\IDE\\CommonExtensions\\Microsoft\\CMake\\Ninja"
        - "D:\\Microsoft Visual Studio\\18\\Community\\Common7\\IDE\\VC\\Linux\\bin\\ConnectionManagerExe"
        - "D:\\Microsoft Visual Studio\\18\\Community\\VC\\vcpkg"
        - "D:\\Microsoft Visual Studio\\18\\Community\\Common7\\IDE\\CommonExtensions\\Microsoft\\CMake\\Ninja"
        - "D:\\Microsoft Visual Studio\\18\\Community\\Common7\\IDE\\CommonExtensions\\Microsoft\\CMake\\Ninja"
      CMAKE_INSTALL_PREFIX: "D:/WaterSurfaceRendererScratch/vcpkg_installed/vcpkg/pkgs/fftw3_x64-windows/debug"
      CMAKE_FIND_ROOT_PATH: "D:/WaterSurfaceRendererScratch/vcpkg_installed/x64-windows/debug;D:/WaterSurfaceRendererScratch/vcpkg_installed/x64-windows"
      ENV{INCLUDE}:
        - "D:\\Microsoft Visual Studio\\18\\Community\\VC\\Tools\\MSVC\\14.51.36231\\include"
        - "D:\\Microsoft Visual Studio\\18\\Community\\VC\\Tools\\MSVC\\14.51.36231\\ATLMFC\\include"
        - "D:\\Microsoft Visual Studio\\18\\Community\\VC\\Auxiliary\\VS\\include"
        - "C:\\Program Files (x86)\\Windows Kits\\10\\include\\10.0.26100.0\\ucrt"
        - "C:\\Program Files (x86)\\Windows Kits\\10\\\\include\\10.0.26100.0\\\\um"
        - "C:\\Program Files (x86)\\Windows Kits\\10\\\\include\\10.0.26100.0\\\\shared"
        - "C:\\Program Files (x86)\\Windows Kits\\10\\\\include\\10.0.26100.0\\\\winrt"
        - "C:\\Program Files (x86)\\Windows Kits\\10\\\\include\\10.0.26100.0\\\\cppwinrt"
        - "C:\\Program Files (x86)\\Windows Kits\\NETFXSDK\\4.8\\include\\um"
  -
    kind: "message-v1"
    backtrace:
      - "D:/Microsoft Visual Studio/18/Community/Common7/IDE/CommonExtensions/Microsoft/CMake/CMake/share/cmake-4.3/Modules/CMakeDetermineCompilerId.cmake:17 (message)"
      - "D:/Microsoft Visual Studio/18/Community/Common7/IDE/CommonExtensions/Microsoft/CMake/CMake/share/cmake-4.3/Modules/CMakeDetermineCompilerId.cmake:64 (__determine_compiler_id_test)"
      - "D:/Microsoft Visual Studio/18/Community/Common7/IDE/CommonExtensions/Microsoft/CMake/CMake/share/cmake-4.3/Modules/CMakeDetermineCXXCompiler.cmake:125 (CMAKE_DETERMINE_COMPILER_ID)"
      - "CMakeLists.txt:7 (project)"
    message: |
      Compiling the CXX compiler identification source file "CMakeCXXCompilerId.cpp" succeeded.
      Compiler: D:/Microsoft Visual Studio/18/Community/VC/Tools/MSVC/14.51.36231/bin/Hostx64/x64/cl.exe 
      Build flags: /nologo;/DWIN32;/D_WINDOWS;/utf-8;/GR;/EHsc;/MP
      Id flags:  
      
      The output was:
      0
      CMakeCXXCompilerId.cpp
      
      
      Compilation of the CXX compiler identification source "CMakeCXXCompilerId.cpp" produced "CMakeCXXCompilerId.exe"
      
      Compilation of the CXX compiler identification source "CMakeCXXCompilerId.cpp" produced "CMakeCXXCompilerId.obj"
      
      The CXX compiler identification is MSVC, found in:
        D:/WaterSurfaceRendererScratch/vcpkg_installed/vcpkg/blds/fftw3/x64-windows-dbg/CMakeFiles/4.3.1-msvc1/CompilerIdCXX/CMakeCXXCompilerId.exe
      
  -
    kind: "message-v1"
    backtrace:
      - "D:/Microsoft Visual Studio/18/Community/Common7/IDE/CommonExtensions/Microsoft/CMake/CMake/share/cmake-4.3/Modules/CMakeDetermineCompilerId.cmake:1347 (message)"
      - "D:/Microsoft Visual Studio/18/Community/Common7/IDE/CommonExtensions/Microsoft/CMake/CMake/share/cmake-4.3/Modules/CMakeDetermineCompilerId.cmake:250 (CMAKE_DETERMINE_MSVC_SHOWINCLUDES_PREFIX)"
      - "D:/Microsoft Visual Studio/18/Community/Common7/IDE/CommonExtensions/Microsoft/CMake/CMake/share/cmake-4.3/Modules/CMakeDetermineCXXCompiler.cmake:125 (CMAKE_DETERMINE_COMPILER_ID)"
      - "CMakeLists.txt:7 (project)"
    message: |
      Detecting CXX compiler /showIncludes prefix:
        main.c
        注意: 包含文件:  D:\\WaterSurfaceRendererScratch\\vcpkg_installed\\vcpkg\\blds\\fftw3\\x64-windows-dbg\\CMakeFiles\\ShowIncludes\\foo.h
        
      Found prefix "注意: 包含文件:  "
  -
    kind: "find-v1"
    backtrace:
      - "D:/Microsoft Visual Studio/18/Community/Common7/IDE/CommonExtensions/Microsoft/CMake/CMake/share/cmake-4.3/Modules/CMakeFindBinUtils.cmake:37 (find_program)"
      - "D:/Microsoft Visual Studio/18/Community/Common7/IDE/CommonExtensions/Microsoft/CMake/CMake/share/cmake-4.3/Modules/CMakeFindBinUtils.cmake:65 (__resolve_tool_path)"
      - "D:/Microsoft Visual Studio/18/Community/Common7/IDE/CommonExtensions/Microsoft/CMake/CMake/share/cmake-4.3/Modules/CMakeFindBinUtils.cmake:104 (__resolve_linker_path)"
      - "D:/Microsoft Visual Studio/18/Community/Common7/IDE/CommonExtensions/Microsoft/CMake/CMake/share/cmake-4.3/Modules/CMakeDetermineCXXCompiler.cmake:206 (include)"
      - "CMakeLists.txt:7 (project)"
    mode: "program"
    variable: "_CMAKE_TOOL_WITH_PATH"
    description: "Path to a program."
    settings:
      SearchFramework: "LAST"
      SearchAppBundle: "LAST"
      CMAKE_FIND_USE_CMAKE_PATH: false
      CMAKE_FIND_USE_CMAKE_ENVIRONMENT_PATH: false
      CMAKE_FIND_USE_SYSTEM_ENVIRONMENT_PATH: true
      CMAKE_FIND_USE_CMAKE_SYSTEM_PATH: true
      CMAKE_FIND_USE_INSTALL_PREFIX: true
    names:
      - "lld-link"
    candidate_directories:
      - "D:/WaterSurfaceRendererScratch/vcpkg_installed/x64-windows/debug/Microsoft Visual Studio/18/Community/VC/Tools/MSVC/14.51.36231/bin/Hostx64/x64/"
      - "D:/WaterSurfaceRendererScratch/vcpkg_installed/x64-windows/debug/Microsoft Visual Studio/18/Community/Common7/IDE/VC/vcpackages/"
      - "D:/WaterSurfaceRendererScratch/vcpkg_installed/x64-windows/debug/Microsoft Visual Studio/18/Community/Common7/IDE/CommonExtensions/Microsoft/TestWindow/"
      - "D:/WaterSurfaceRendererScratch/vcpkg_installed/x64-windows/debug/Microsoft Visual Studio/18/Community/Common7/IDE/CommonExtensions/Microsoft/TeamFoundation/Team Explorer/"
      - "D:/WaterSurfaceRendererScratch/vcpkg_installed/x64-windows/debug/Microsoft Visual Studio/18/Community/MSBuild/Current/Bin/Roslyn/"
      - "D:/WaterSurfaceRendererScratch/vcpkg_installed/x64-windows/debug/Program Files (x86)/Microsoft SDKs/Windows/v10.0A/bin/NETFX 4.8 Tools/x64/"
      - "D:/WaterSurfaceRendererScratch/vcpkg_installed/x64-windows/debug/Microsoft Visual Studio/18/Community/Team Tools/DiagnosticsHub/Collector/"
      - "D:/WaterSurfaceRendererScratch/vcpkg_installed/x64-windows/debug/Microsoft Visual Studio/18/Community/Common7/IDE/Extensions/Microsoft/CodeCoverage.Console/"
      - "D:/WaterSurfaceRendererScratch/vcpkg_installed/x64-windows/debug/Program Files (x86)/Windows Kits/10/bin/10.0.26100.0/x64/"
      - "D:/WaterSurfaceRendererScratch/vcpkg_installed/x64-windows/debug/Program Files (x86)/Windows Kits/10/bin/x64/"
      - "D:/WaterSurfaceRendererScratch/vcpkg_installed/x64-windows/debug/Microsoft Visual Studio/18/Community/MSBuild/Current/Bin/amd64/"
      - "D:/WaterSurfaceRendererScratch/vcpkg_installed/x64-windows/debug/Windows/Microsoft.NET/Framework64/v4.0.30319/"
      - "D:/WaterSurfaceRendererScratch/vcpkg_installed/x64-windows/debug/Microsoft Visual Studio/18/Community/Common7/IDE/"
      - "D:/WaterSurfaceRendererScratch/vcpkg_installed/x64-windows/debug/Microsoft Visual Studio/18/Community/Common7/Tools/"
      - "D:/WaterSurfaceRendererScratch/vcpkg_installed/x64-windows/debug/Users/xukeheng/AppData/Local/vcpkg/downloads/tools/powershell-core-7.5.4-windows/"
      - "D:/WaterSurfaceRendererScratch/vcpkg_installed/x64-windows/debug/Windows/System32/"
      - "D:/WaterSurfaceRendererScratch/vcpkg_installed/x64-windows/debug/Windows/"
      - "D:/WaterSurfaceRendererScratch/vcpkg_installed/x64-windows/debug/Windows/System32/wbem/"
      - "D:/WaterSurfaceRendererScratch/vcpkg_installed/x64-windows/debug/Windows/System32/WindowsPowerShell/v1.0/"
      - "D:/WaterSurfaceRendererScratch/vcpkg_installed/x64-windows/debug/Windows/System32/OpenSSH/"
      - "D:/WaterSurfaceRendererScratch/vcpkg_installed/x64-windows/debug/Microsoft Visual Studio/18/Community/Common7/IDE/CommonExtensions/Microsoft/CMake/CMake/bin/"
      - "D:/WaterSurfaceRendererScratch/vcpkg_installed/x64-windows/debug/Microsoft Visual Studio/18/Community/Common7/IDE/CommonExtensions/Microsoft/CMake/Ninja/"
      - "D:/WaterSurfaceRendererScratch/vcpkg_installed/x64-windows/debug/Microsoft Visual Studio/18/Community/Common7/IDE/VC/Linux/bin/ConnectionManagerExe/"
      - "D:/WaterSurfaceRendererScratch/vcpkg_installed/x64-windows/debug/Microsoft Visual Studio/18/Community/VC/vcpkg/"
      - "D:/WaterSurfaceRendererScratch/vcpkg_installed/x64-windows/Microsoft Visual Studio/18/Community/VC/Tools/MSVC/14.51.36231/bin/Hostx64/x64/"
      - "D:/WaterSurfaceRendererScratch/vcpkg_installed/x64-windows/Microsoft Visual Studio/18/Community/Common7/IDE/VC/vcpackages/"
      - "D:/WaterSurfaceRendererScratch/vcpkg_installed/x64-windows/Microsoft Visual Studio/18/Community/Common7/IDE/CommonExtensions/Microsoft/TestWindow/"
      - "D:/WaterSurfaceRendererScratch/vcpkg_installed/x64-windows/Microsoft Visual Studio/18/Community/Common7/IDE/CommonExtensions/Microsoft/TeamFoundation/Team Explorer/"
      - "D:/WaterSurfaceRendererScratch/vcpkg_installed/x64-windows/Microsoft Visual Studio/18/Community/MSBuild/Current/Bin/Roslyn/"
      - "D:/WaterSurfaceRendererScratch/vcpkg_installed/x64-windows/Program Files (x86)/Microsoft SDKs/Windows/v10.0A/bin/NETFX 4.8 Tools/x64/"
      - "D:/WaterSurfaceRendererScratch/vcpkg_installed/x64-windows/Microsoft Visual Studio/18/Community/Team Tools/DiagnosticsHub/Collector/"
      - "D:/WaterSurfaceRendererScratch/vcpkg_installed/x64-windows/Microsoft Visual Studio/18/Community/Common7/IDE/Extensions/Microsoft/CodeCoverage.Console/"
      - "D:/WaterSurfaceRendererScratch/vcpkg_installed/x64-windows/Program Files (x86)/Windows Kits/10/bin/10.0.26100.0/x64/"
      - "D:/WaterSurfaceRendererScratch/vcpkg_installed/x64-windows/Program Files (x86)/Windows Kits/10/bin/x64/"
      - "D:/WaterSurfaceRendererScratch/vcpkg_installed/x64-windows/Microsoft Visual Studio/18/Community/MSBuild/Current/Bin/amd64/"
      - "D:/WaterSurfaceRendererScratch/vcpkg_installed/x64-windows/Windows/Microsoft.NET/Framework64/v4.0.30319/"
      - "D:/WaterSurfaceRendererScratch/vcpkg_installed/x64-windows/Microsoft Visual Studio/18/Community/Common7/IDE/"
      - "D:/WaterSurfaceRendererScratch/vcpkg_installed/x64-windows/Microsoft Visual Studio/18/Community/Common7/Tools/"
      - "D:/WaterSurfaceRendererScratch/vcpkg_installed/x64-windows/Users/xukeheng/AppData/Local/vcpkg/downloads/tools/powershell-core-7.5.4-windows/"
      - "D:/WaterSurfaceRendererScratch/vcpkg_installed/x64-windows/Windows/System32/"
      - "D:/WaterSurfaceRendererScratch/vcpkg_installed/x64-windows/Windows/"
      - "D:/WaterSurfaceRendererScratch/vcpkg_installed/x64-windows/Windows/System32/wbem/"
      - "D:/WaterSurfaceRendererScratch/vcpkg_installed/x64-windows/Windows/System32/WindowsPowerShell/v1.0/"
      - "D:/WaterSurfaceRendererScratch/vcpkg_installed/x64-windows/Windows/System32/OpenSSH/"
      - "D:/WaterSurfaceRendererScratch/vcpkg_installed/x64-windows/Microsoft Visual Studio/18/Community/Common7/IDE/CommonExtensions/Microsoft/CMake/CMake/bin/"
      - "D:/WaterSurfaceRendererScratch/vcpkg_installed/x64-windows/Microsoft Visual Studio/18/Community/Common7/IDE/CommonExtensions/Microsoft/CMake/Ninja/"
      - "D:/WaterSurfaceRendererScratch/vcpkg_installed/x64-windows/Microsoft Visual Studio/18/Community/Common7/IDE/VC/Linux/bin/ConnectionManagerExe/"
      - "D:/WaterSurfaceRendererScratch/vcpkg_installed/x64-windows/Microsoft Visual Studio/18/Community/VC/vcpkg/"
      - "D:/Microsoft Visual Studio/18/Community/VC/Tools/MSVC/14.51.36231/bin/Hostx64/x64/"
      - "D:/Microsoft Visual Studio/18/Community/Common7/IDE/VC/vcpackages/"
      - "D:/Microsoft Visual Studio/18/Community/Common7/IDE/CommonExtensions/Microsoft/TestWindow/"
      - "D:/Microsoft Visual Studio/18/Community/Common7/IDE/CommonExtensions/Microsoft/TeamFoundation/Team Explorer/"
      - "D:/Microsoft Visual Studio/18/Community/MSBuild/Current/Bin/Roslyn/"
      - "C:/Program Files (x86)/Microsoft SDKs/Windows/v10.0A/bin/NETFX 4.8 Tools/x64/"
      - "D:/Microsoft Visual Studio/18/Community/Team Tools/DiagnosticsHub/Collector/"
      - "D:/Microsoft Visual Studio/18/Community/Common7/IDE/Extensions/Microsoft/CodeCoverage.Console/"
      - "C:/Program Files (x86)/Windows Kits/10/bin/10.0.26100.0/x64/"
      - "C:/Program Files (x86)/Windows Kits/10/bin/x64/"
      - "D:/Microsoft Visual Studio/18/Community/MSBuild/Current/Bin/amd64/"
      - "C:/Windows/Microsoft.NET/Framework64/v4.0.30319/"
      - "D:/Microsoft Visual Studio/18/Community/Common7/IDE/"
      - "D:/Microsoft Visual Studio/18/Community/Common7/Tools/"
      - "C:/Users/xukeheng/AppData/Local/vcpkg/downloads/tools/powershell-core-7.5.4-windows/"
      - "C:/Windows/System32/"
      - "C:/Windows/"
      - "C:/Windows/System32/wbem/"
      - "C:/Windows/System32/WindowsPowerShell/v1.0/"
      - "C:/Windows/System32/OpenSSH/"
      - "D:/Microsoft Visual Studio/18/Community/Common7/IDE/CommonExtensions/Microsoft/CMake/CMake/bin/"
      - "D:/Microsoft Visual Studio/18/Community/Common7/IDE/CommonExtensions/Microsoft/CMake/Ninja/"
      - "D:/Microsoft Visual Studio/18/Community/Common7/IDE/VC/Linux/bin/ConnectionManagerExe/"
      - "D:/Microsoft Visual Studio/18/Community/VC/vcpkg/"
    searched_directories:
      - "D:/WaterSurfaceRendererScratch/vcpkg_installed/x64-windows/debug/Microsoft Visual Studio/18/Community/VC/Tools/MSVC/14.51.36231/bin/Hostx64/x64/lld-link.com"
      - "D:/WaterSurfaceRendererScratch/vcpkg_installed/x64-windows/debug/Microsoft Visual Studio/18/Community/VC/Tools/MSVC/14.51.36231/bin/Hostx64/x64/lld-link.exe"
      - "D:/WaterSurfaceRendererScratch/vcpkg_installed/x64-windows/debug/Microsoft Visual Studio/18/Community/VC/Tools/MSVC/14.51.36231/bin/Hostx64/x64/lld-link"
      - "D:/WaterSurfaceRendererScratch/vcpkg_installed/x64-windows/debug/Microsoft Visual Studio/18/Community/Common7/IDE/VC/vcpackages/lld-link.com"
      - "D:/WaterSurfaceRendererScratch/vcpkg_installed/x64-windows/debug/Microsoft Visual Studio/18/Community/Common7/IDE/VC/vcpackages/lld-link.exe"
      - "D:/WaterSurfaceRendererScratch/vcpkg_installed/x64-windows/debug/Microsoft Visual Studio/18/Community/Common7/IDE/VC/vcpackages/lld-link"
      - "D:/WaterSurfaceRendererScratch/vcpkg_installed/x64-windows/debug/Microsoft Visual Studio/18/Community/Common7/IDE/CommonExtensions/Microsoft/TestWindow/lld-link.com"
      - "D:/WaterSurfaceRendererScratch/vcpkg_installed/x64-windows/debug/Microsoft Visual Studio/18/Community/Common7/IDE/CommonExtensions/Microsoft/TestWindow/lld-link.exe"
      - "D:/WaterSurfaceRendererScratch/vcpkg_installed/x64-windows/debug/Microsoft Visual Studio/18/Community/Common7/IDE/CommonExtensions/Microsoft/TestWindow/lld-link"
      - "D:/WaterSurfaceRendererScratch/vcpkg_installed/x64-windows/debug/Microsoft Visual Studio/18/Community/Common7/IDE/CommonExtensions/Microsoft/TeamFoundation/Team Explorer/lld-link.com"
      - "D:/WaterSurfaceRendererScratch/vcpkg_installed/x64-windows/debug/Microsoft Visual Studio/18/Community/Common7/IDE/CommonExtensions/Microsoft/TeamFoundation/Team Explorer/lld-link.exe"
      - "D:/WaterSurfaceRendererScratch/vcpkg_installed/x64-windows/debug/Microsoft Visual Studio/18/Community/Common7/IDE/CommonExtensions/Microsoft/TeamFoundation/Team Explorer/lld-link"
      - "D:/WaterSurfaceRendererScratch/vcpkg_installed/x64-windows/debug/Microsoft Visual Studio/18/Community/MSBuild/Current/Bin/Roslyn/lld-link.com"
      - "D:/WaterSurfaceRendererScratch/vcpkg_installed/x64-windows/debug/Microsoft Visual Studio/18/Community/MSBuild/Current/Bin/Roslyn/lld-link.exe"
      - "D:/WaterSurfaceRendererScratch/vcpkg_installed/x64-windows/debug/Microsoft Visual Studio/18/Community/MSBuild/Current/Bin/Roslyn/lld-link"
      - "D:/WaterSurfaceRendererScratch/vcpkg_installed/x64-windows/debug/Program Files (x86)/Microsoft SDKs/Windows/v10.0A/bin/NETFX 4.8 Tools/x64/lld-link.com"
      - "D:/WaterSurfaceRendererScratch/vcpkg_installed/x64-windows/debug/Program Files (x86)/Microsoft SDKs/Windows/v10.0A/bin/NETFX 4.8 Tools/x64/lld-link.exe"
      - "D:/WaterSurfaceRendererScratch/vcpkg_installed/x64-windows/debug/Program Files (x86)/Microsoft SDKs/Windows/v10.0A/bin/NETFX 4.8 Tools/x64/lld-link"
      - "D:/WaterSurfaceRendererScratch/vcpkg_installed/x64-windows/debug/Microsoft Visual Studio/18/Community/Team Tools/DiagnosticsHub/Collector/lld-link.com"
      - "D:/WaterSurfaceRendererScratch/vcpkg_installed/x64-windows/debug/Microsoft Visual Studio/18/Community/Team Tools/DiagnosticsHub/Collector/lld-link.exe"
      - "D:/WaterSurfaceRendererScratch/vcpkg_installed/x64-windows/debug/Microsoft Visual Studio/18/Community/Team Tools/DiagnosticsHub/Collector/lld-link"
      - "D:/WaterSurfaceRendererScratch/vcpkg_installed/x64-windows/debug/Microsoft Visual Studio/18/Community/Common7/IDE/Extensions/Microsoft/CodeCoverage.Console/lld-link.com"
      - "D:/WaterSurfaceRendererScratch/vcpkg_installed/x64-windows/debug/Microsoft Visual Studio/18/Community/Common7/IDE/Extensions/Microsoft/CodeCoverage.Console/lld-link.exe"
      - "D:/WaterSurfaceRendererScratch/vcpkg_installed/x64-windows/debug/Microsoft Visual Studio/18/Community/Common7/IDE/Extensions/Microsoft/CodeCoverage.Console/lld-link"
      - "D:/WaterSurfaceRendererScratch/vcpkg_installed/x64-windows/debug/Program Files (x86)/Windows Kits/10/bin/10.0.26100.0/x64/lld-link.com"
      - "D:/WaterSurfaceRendererScratch/vcpkg_installed/x64-windows/debug/Program Files (x86)/Windows Kits/10/bin/10.0.26100.0/x64/lld-link.exe"
      - "D:/WaterSurfaceRendererScratch/vcpkg_installed/x64-windows/debug/Program Files (x86)/Windows Kits/10/bin/10.0.26100.0/x64/lld-link"
      - "D:/WaterSurfaceRendererScratch/vcpkg_installed/x64-windows/debug/Program Files (x86)/Windows Kits/10/bin/x64/lld-link.com"
      - "D:/WaterSurfaceRendererScratch/vcpkg_installed/x64-windows/debug/Program Files (x86)/Windows Kits/10/bin/x64/lld-link.exe"
      - "D:/WaterSurfaceRendererScratch/vcpkg_installed/x64-windows/debug/Program Files (x86)/Windows Kits/10/bin/x64/lld-link"
      - "D:/WaterSurfaceRendererScratch/vcpkg_installed/x64-windows/debug/Microsoft Visual Studio/18/Community/MSBuild/Current/Bin/amd64/lld-link.com"
      - "D:/WaterSurfaceRendererScratch/vcpkg_installed/x64-windows/debug/Microsoft Visual Studio/18/Community/MSBuild/Current/Bin/amd64/lld-link.exe"
      - "D:/WaterSurfaceRendererScratch/vcpkg_installed/x64-windows/debug/Microsoft Visual Studio/18/Community/MSBuild/Current/Bin/amd64/lld-link"
      - "D:/WaterSurfaceRendererScratch/vcpkg_installed/x64-windows/debug/Windows/Microsoft.NET/Framework64/v4.0.30319/lld-link.com"
      - "D:/WaterSurfaceRendererScratch/vcpkg_installed/x64-windows/debug/Windows/Microsoft.NET/Framework64/v4.0.30319/lld-link.exe"
      - "D:/WaterSurfaceRendererScratch/vcpkg_installed/x64-windows/debug/Windows/Microsoft.NET/Framework64/v4.0.30319/lld-link"
      - "D:/WaterSurfaceRendererScratch/vcpkg_installed/x64-windows/debug/Microsoft Visual Studio/18/Community/Common7/IDE/lld-link.com"
      - "D:/WaterSurfaceRendererScratch/vcpkg_installed/x64-windows/debug/Microsoft Visual Studio/18/Community/Common7/IDE/lld-link.exe"
      - "D:/WaterSurfaceRendererScratch/vcpkg_installed/x64-windows/debug/Microsoft Visual Studio/18/Community/Common7/IDE/lld-link"
      - "D:/WaterSurfaceRendererScratch/vcpkg_installed/x64-windows/debug/Microsoft Visual Studio/18/Community/Common7/Tools/lld-link.com"
      - "D:/WaterSurfaceRendererScratch/vcpkg_installed/x64-windows/debug/Microsoft Visual Studio/18/Community/Common7/Tools/lld-link.exe"
      - "D:/WaterSurfaceRendererScratch/vcpkg_installed/x64-windows/debug/Microsoft Visual Studio/18/Community/Common7/Tools/lld-link"
      - "D:/WaterSurfaceRendererScratch/vcpkg_installed/x64-windows/debug/Users/xukeheng/AppData/Local/vcpkg/downloads/tools/powershell-core-7.5.4-windows/lld-link.com"
      - "D:/WaterSurfaceRendererScratch/vcpkg_installed/x64-windows/debug/Users/xukeheng/AppData/Local/vcpkg/downloads/tools/powershell-core-7.5.4-windows/lld-link.exe"
      - "D:/WaterSurfaceRendererScratch/vcpkg_installed/x64-windows/debug/Users/xukeheng/AppData/Local/vcpkg/downloads/tools/powershell-core-7.5.4-windows/lld-link"
      - "D:/WaterSurfaceRendererScratch/vcpkg_installed/x64-windows/debug/Windows/System32/lld-link.com"
      - "D:/WaterSurfaceRendererScratch/vcpkg_installed/x64-windows/debug/Windows/System32/lld-link.exe"
      - "D:/WaterSurfaceRendererScratch/vcpkg_installed/x64-windows/debug/Windows/System32/lld-link"
      - "D:/WaterSurfaceRendererScratch/vcpkg_installed/x64-windows/debug/Windows/lld-link.com"
      - "D:/WaterSurfaceRendererScratch/vcpkg_installed/x64-windows/debug/Windows/lld-link.exe"
      - "D:/WaterSurfaceRendererScratch/vcpkg_installed/x64-windows/debug/Windows/lld-link"
      - "D:/WaterSurfaceRendererScratch/vcpkg_installed/x64-windows/debug/Windows/System32/wbem/lld-link.com"
      - "D:/WaterSurfaceRendererScratch/vcpkg_installed/x64-windows/debug/Windows/System32/wbem/lld-link.exe"
      - "D:/WaterSurfaceRendererScratch/vcpkg_installed/x64-windows/debug/Windows/System32/wbem/lld-link"
      - "D:/WaterSurfaceRendererScratch/vcpkg_installed/x64-windows/debug/Windows/System32/WindowsPowerShell/v1.0/lld-link.com"
      - "D:/WaterSurfaceRendererScratch/vcpkg_installed/x64-windows/debug/Windows/System32/WindowsPowerShell/v1.0/lld-link.exe"
      - "D:/WaterSurfaceRendererScratch/vcpkg_installed/x64-windows/debug/Windows/System32/WindowsPowerShell/v1.0/lld-link"
      - "D:/WaterSurfaceRendererScratch/vcpkg_installed/x64-windows/debug/Windows/System32/OpenSSH/lld-link.com"
      - "D:/WaterSurfaceRendererScratch/vcpkg_installed/x64-windows/debug/Windows/System32/OpenSSH/lld-link.exe"
      - "D:/WaterSurfaceRendererScratch/vcpkg_installed/x64-windows/debug/Windows/System32/OpenSSH/lld-link"
      - "D:/WaterSurfaceRendererScratch/vcpkg_installed/x64-windows/debug/Microsoft Visual Studio/18/Community/Common7/IDE/CommonExtensions/Microsoft/CMake/CMake/bin/lld-link.com"
      - "D:/WaterSurfaceRendererScratch/vcpkg_installed/x64-windows/debug/Microsoft Visual Studio/18/Community/Common7/IDE/CommonExtensions/Microsoft/CMake/CMake/bin/lld-link.exe"
      - "D:/WaterSurfaceRendererScratch/vcpkg_installed/x64-windows/debug/Microsoft Visual Studio/18/Community/Common7/IDE/CommonExtensions/Microsoft/CMake/CMake/bin/lld-link"
      - "D:/WaterSurfaceRendererScratch/vcpkg_installed/x64-windows/debug/Microsoft Visual Studio/18/Community/Common7/IDE/CommonExtensions/Microsoft/CMake/Ninja/lld-link.com"
      - "D:/WaterSurfaceRendererScratch/vcpkg_installed/x64-windows/debug/Microsoft Visual Studio/18/Community/Common7/IDE/CommonExtensions/Microsoft/CMake/Ninja/lld-link.exe"
      - "D:/WaterSurfaceRendererScratch/vcpkg_installed/x64-windows/debug/Microsoft Visual Studio/18/Community/Common7/IDE/CommonExtensions/Microsoft/CMake/Ninja/lld-link"
      - "D:/WaterSurfaceRendererScratch/vcpkg_installed/x64-windows/debug/Microsoft Visual Studio/18/Community/Common7/IDE/VC/Linux/bin/ConnectionManagerExe/lld-link.com"
      - "D:/WaterSurfaceRendererScratch/vcpkg_installed/x64-windows/debug/Microsoft Visual Studio/18/Community/Common7/IDE/VC/Linux/bin/ConnectionManagerExe/lld-link.exe"
      - "D:/WaterSurfaceRendererScratch/vcpkg_installed/x64-windows/debug/Microsoft Visual Studio/18/Community/Common7/IDE/VC/Linux/bin/ConnectionManagerExe/lld-link"
      - "D:/WaterSurfaceRendererScratch/vcpkg_installed/x64-windows/debug/Microsoft Visual Studio/18/Community/VC/vcpkg/lld-link.com"
      - "D:/WaterSurfaceRendererScratch/vcpkg_installed/x64-windows/debug/Microsoft Visual Studio/18/Community/VC/vcpkg/lld-link.exe"
      - "D:/WaterSurfaceRendererScratch/vcpkg_installed/x64-windows/debug/Microsoft Visual Studio/18/Community/VC/vcpkg/lld-link"
      - "D:/WaterSurfaceRendererScratch/vcpkg_installed/x64-windows/Microsoft Visual Studio/18/Community/VC/Tools/MSVC/14.51.36231/bin/Hostx64/x64/lld-link.com"
      - "D:/WaterSurfaceRendererScratch/vcpkg_installed/x64-windows/Microsoft Visual Studio/18/Community/VC/Tools/MSVC/14.51.36231/bin/Hostx64/x64/lld-link.exe"
      - "D:/WaterSurfaceRendererScratch/vcpkg_installed/x64-windows/Microsoft Visual Studio/18/Community/VC/Tools/MSVC/14.51.36231/bin/Hostx64/x64/lld-link"
      - "D:/WaterSurfaceRendererScratch/vcpkg_installed/x64-windows/Microsoft Visual Studio/18/Community/Common7/IDE/VC/vcpackages/lld-link.com"
      - "D:/WaterSurfaceRendererScratch/vcpkg_installed/x64-windows/Microsoft Visual Studio/18/Community/Common7/IDE/VC/vcpackages/lld-link.exe"
      - "D:/WaterSurfaceRendererScratch/vcpkg_installed/x64-windows/Microsoft Visual Studio/18/Community/Common7/IDE/VC/vcpackages/lld-link"
      - "D:/WaterSurfaceRendererScratch/vcpkg_installed/x64-windows/Microsoft Visual Studio/18/Community/Common7/IDE/CommonExtensions/Microsoft/TestWindow/lld-link.com"
      - "D:/WaterSurfaceRendererScratch/vcpkg_installed/x64-windows/Microsoft Visual Studio/18/Community/Common7/IDE/CommonExtensions/Microsoft/TestWindow/lld-link.exe"
      - "D:/WaterSurfaceRendererScratch/vcpkg_installed/x64-windows/Microsoft Visual Studio/18/Community/Common7/IDE/CommonExtensions/Microsoft/TestWindow/lld-link"
      - "D:/WaterSurfaceRendererScratch/vcpkg_installed/x64-windows/Microsoft Visual Studio/18/Community/Common7/IDE/CommonExtensions/Microsoft/TeamFoundation/Team Explorer/lld-link.com"
      - "D:/WaterSurfaceRendererScratch/vcpkg_installed/x64-windows/Microsoft Visual Studio/18/Community/Common7/IDE/CommonExtensions/Microsoft/TeamFoundation/Team Explorer/lld-link.exe"
      - "D:/WaterSurfaceRendererScratch/vcpkg_installed/x64-windows/Microsoft Visual Studio/18/Community/Common7/IDE/CommonExtensions/Microsoft/TeamFoundation/Team Explorer/lld-link"
      - "D:/WaterSurfaceRendererScratch/vcpkg_installed/x64-windows/Microsoft Visual Studio/18/Community/MSBuild/Current/Bin/Roslyn/lld-link.com"
      - "D:/WaterSurfaceRendererScratch/vcpkg_installed/x64-windows/Microsoft Visual Studio/18/Community/MSBuild/Current/Bin/Roslyn/lld-link.exe"
      - "D:/WaterSurfaceRendererScratch/vcpkg_installed/x64-windows/Microsoft Visual Studio/18/Community/MSBuild/Current/Bin/Roslyn/lld-link"
      - "D:/WaterSurfaceRendererScratch/vcpkg_installed/x64-windows/Program Files (x86)/Microsoft SDKs/Windows/v10.0A/bin/NETFX 4.8 Tools/x64/lld-link.com"
      - "D:/WaterSurfaceRendererScratch/vcpkg_installed/x64-windows/Program Files (x86)/Microsoft SDKs/Windows/v10.0A/bin/NETFX 4.8 Tools/x64/lld-link.exe"
      - "D:/WaterSurfaceRendererScratch/vcpkg_installed/x64-windows/Program Files (x86)/Microsoft SDKs/Windows/v10.0A/bin/NETFX 4.8 Tools/x64/lld-link"
      - "D:/WaterSurfaceRendererScratch/vcpkg_installed/x64-windows/Microsoft Visual Studio/18/Community/Team Tools/DiagnosticsHub/Collector/lld-link.com"
      - "D:/WaterSurfaceRendererScratch/vcpkg_installed/x64-windows/Microsoft Visual Studio/18/Community/Team Tools/DiagnosticsHub/Collector/lld-link.exe"
      - "D:/WaterSurfaceRendererScratch/vcpkg_installed/x64-windows/Microsoft Visual Studio/18/Community/Team Tools/DiagnosticsHub/Collector/lld-link"
      - "D:/WaterSurfaceRendererScratch/vcpkg_installed/x64-windows/Microsoft Visual Studio/18/Community/Common7/IDE/Extensions/Microsoft/CodeCoverage.Console/lld-link.com"
      - "D:/WaterSurfaceRendererScratch/vcpkg_installed/x64-windows/Microsoft Visual Studio/18/Community/Common7/IDE/Extensions/Microsoft/CodeCoverage.Console/lld-link.exe"
      - "D:/WaterSurfaceRendererScratch/vcpkg_installed/x64-windows/Microsoft Visual Studio/18/Community/Common7/IDE/Extensions/Microsoft/CodeCoverage.Console/lld-link"
      - "D:/WaterSurfaceRendererScratch/vcpkg_installed/x64-windows/Program Files (x86)/Windows Kits/10/bin/10.0.26100.0/x64/lld-link.com"
      - "D:/WaterSurfaceRendererScratch/vcpkg_installed/x64-windows/Program Files (x86)/Windows Kits/10/bin/10.0.26100.0/x64/lld-link.exe"
      - "D:/WaterSurfaceRendererScratch/vcpkg_installed/x64-windows/Program Files (x86)/Windows Kits/10/bin/10.0.26100.0/x64/lld-link"
      - "D:/WaterSurfaceRendererScratch/vcpkg_installed/x64-windows/Program Files (x86)/Windows Kits/10/bin/x64/lld-link.com"
      - "D:/WaterSurfaceRendererScratch/vcpkg_installed/x64-windows/Program Files (x86)/Windows Kits/10/bin/x64/lld-link.exe"
      - "D:/WaterSurfaceRendererScratch/vcpkg_installed/x64-windows/Program Files (x86)/Windows Kits/10/bin/x64/lld-link"
      - "D:/WaterSurfaceRendererScratch/vcpkg_installed/x64-windows/Microsoft Visual Studio/18/Community/MSBuild/Current/Bin/amd64/lld-link.com"
      - "D:/WaterSurfaceRendererScratch/vcpkg_installed/x64-windows/Microsoft Visual Studio/18/Community/MSBuild/Current/Bin/amd64/lld-link.exe"
      - "D:/WaterSurfaceRendererScratch/vcpkg_installed/x64-windows/Microsoft Visual Studio/18/Community/MSBuild/Current/Bin/amd64/lld-link"
      - "D:/WaterSurfaceRendererScratch/vcpkg_installed/x64-windows/Windows/Microsoft.NET/Framework64/v4.0.30319/lld-link.com"
      - "D:/WaterSurfaceRendererScratch/vcpkg_installed/x64-windows/Windows/Microsoft.NET/Framework64/v4.0.30319/lld-link.exe"
      - "D:/WaterSurfaceRendererScratch/vcpkg_installed/x64-windows/Windows/Microsoft.NET/Framework64/v4.0.30319/lld-link"
      - "D:/WaterSurfaceRendererScratch/vcpkg_installed/x64-windows/Microsoft Visual Studio/18/Community/Common7/IDE/lld-link.com"
      - "D:/WaterSurfaceRendererScratch/vcpkg_installed/x64-windows/Microsoft Visual Studio/18/Community/Common7/IDE/lld-link.exe"
      - "D:/WaterSurfaceRendererScratch/vcpkg_installed/x64-windows/Microsoft Visual Studio/18/Community/Common7/IDE/lld-link"
      - "D:/WaterSurfaceRendererScratch/vcpkg_installed/x64-windows/Microsoft Visual Studio/18/Community/Common7/Tools/lld-link.com"
      - "D:/WaterSurfaceRendererScratch/vcpkg_installed/x64-windows/Microsoft Visual Studio/18/Community/Common7/Tools/lld-link.exe"
      - "D:/WaterSurfaceRendererScratch/vcpkg_installed/x64-windows/Microsoft Visual Studio/18/Community/Common7/Tools/lld-link"
      - "D:/WaterSurfaceRendererScratch/vcpkg_installed/x64-windows/Users/xukeheng/AppData/Local/vcpkg/downloads/tools/powershell-core-7.5.4-windows/lld-link.com"
      - "D:/WaterSurfaceRendererScratch/vcpkg_installed/x64-windows/Users/xukeheng/AppData/Local/vcpkg/downloads/tools/powershell-core-7.5.4-windows/lld-link.exe"
      - "D:/WaterSurfaceRendererScratch/vcpkg_installed/x64-windows/Users/xukeheng/AppData/Local/vcpkg/downloads/tools/powershell-core-7.5.4-windows/lld-link"
      - "D:/WaterSurfaceRendererScratch/vcpkg_installed/x64-windows/Windows/System32/lld-link.com"
      - "D:/WaterSurfaceRendererScratch/vcpkg_installed/x64-windows/Windows/System32/lld-link.exe"
      - "D:/WaterSurfaceRendererScratch/vcpkg_installed/x64-windows/Windows/System32/lld-link"
      - "D:/WaterSurfaceRendererScratch/vcpkg_installed/x64-windows/Windows/lld-link.com"
      - "D:/WaterSurfaceRendererScratch/vcpkg_installed/x64-windows/Windows/lld-link.exe"
      - "D:/WaterSurfaceRendererScratch/vcpkg_installed/x64-windows/Windows/lld-link"
      - "D:/WaterSurfaceRendererScratch/vcpkg_installed/x64-windows/Windows/System32/wbem/lld-link.com"
      - "D:/WaterSurfaceRendererScratch/vcpkg_installed/x64-windows/Windows/System32/wbem/lld-link.exe"
      - "D:/WaterSurfaceRendererScratch/vcpkg_installed/x64-windows/Windows/System32/wbem/lld-link"
      - "D:/WaterSurfaceRendererScratch/vcpkg_installed/x64-windows/Windows/System32/WindowsPowerShell/v1.0/lld-link.com"
      - "D:/WaterSurfaceRendererScratch/vcpkg_installed/x64-windows/Windows/System32/WindowsPowerShell/v1.0/lld-link.exe"
      - "D:/WaterSurfaceRendererScratch/vcpkg_installed/x64-windows/Windows/System32/WindowsPowerShell/v1.0/lld-link"
      - "D:/WaterSurfaceRendererScratch/vcpkg_installed/x64-windows/Windows/System32/OpenSSH/lld-link.com"
      - "D:/WaterSurfaceRendererScratch/vcpkg_installed/x64-windows/Windows/System32/OpenSSH/lld-link.exe"
      - "D:/WaterSurfaceRendererScratch/vcpkg_installed/x64-windows/Windows/System32/OpenSSH/lld-link"
      - "D:/WaterSurfaceRendererScratch/vcpkg_installed/x64-windows/Microsoft Visual Studio/18/Community/Common7/IDE/CommonExtensions/Microsoft/CMake/CMake/bin/lld-link.com"
      - "D:/WaterSurfaceRendererScratch/vcpkg_installed/x64-windows/Microsoft Visual Studio/18/Community/Common7/IDE/CommonExtensions/Microsoft/CMake/CMake/bin/lld-link.exe"
      - "D:/WaterSurfaceRendererScratch/vcpkg_installed/x64-windows/Microsoft Visual Studio/18/Community/Common7/IDE/CommonExtensions/Microsoft/CMake/CMake/bin/lld-link"
      - "D:/WaterSurfaceRendererScratch/vcpkg_installed/x64-windows/Microsoft Visual Studio/18/Community/Common7/IDE/CommonExtensions/Microsoft/CMake/Ninja/lld-link.com"
      - "D:/WaterSurfaceRendererScratch/vcpkg_installed/x64-windows/Microsoft Visual Studio/18/Community/Common7/IDE/CommonExtensions/Microsoft/CMake/Ninja/lld-link.exe"
      - "D:/WaterSurfaceRendererScratch/vcpkg_installed/x64-windows/Microsoft Visual Studio/18/Community/Common7/IDE/CommonExtensions/Microsoft/CMake/Ninja/lld-link"
      - "D:/WaterSurfaceRendererScratch/vcpkg_installed/x64-windows/Microsoft Visual Studio/18/Community/Common7/IDE/VC/Linux/bin/ConnectionManagerExe/lld-link.com"
      - "D:/WaterSurfaceRendererScratch/vcpkg_installed/x64-windows/Microsoft Visual Studio/18/Community/Common7/IDE/VC/Linux/bin/ConnectionManagerExe/lld-link.exe"
      - "D:/WaterSurfaceRendererScratch/vcpkg_installed/x64-windows/Microsoft Visual Studio/18/Community/Common7/IDE/VC/Linux/bin/ConnectionManagerExe/lld-link"
      - "D:/WaterSurfaceRendererScratch/vcpkg_installed/x64-windows/Microsoft Visual Studio/18/Community/VC/vcpkg/lld-link.com"
      - "D:/WaterSurfaceRendererScratch/vcpkg_installed/x64-windows/Microsoft Visual Studio/18/Community/VC/vcpkg/lld-link.exe"
      - "D:/WaterSurfaceRendererScratch/vcpkg_installed/x64-windows/Microsoft Visual Studio/18/Community/VC/vcpkg/lld-link"
      - "D:/Microsoft Visual Studio/18/Community/VC/Tools/MSVC/14.51.36231/bin/Hostx64/x64/lld-link.com"
      - "D:/Microsoft Visual Studio/18/Community/VC/Tools/MSVC/14.51.36231/bin/Hostx64/x64/lld-link.exe"
      - "D:/Microsoft Visual Studio/18/Community/VC/Tools/MSVC/14.51.36231/bin/Hostx64/x64/lld-link"
      - "D:/Microsoft Visual Studio/18/Community/Common7/IDE/VC/vcpackages/lld-link.com"
      - "D:/Microsoft Visual Studio/18/Community/Common7/IDE/VC/vcpackages/lld-link.exe"
      - "D:/Microsoft Visual Studio/18/Community/Common7/IDE/VC/vcpackages/lld-link"
      - "D:/Microsoft Visual Studio/18/Community/Common7/IDE/CommonExtensions/Microsoft/TestWindow/lld-link.com"
      - "D:/Microsoft Visual Studio/18/Community/Common7/IDE/CommonExtensions/Microsoft/TestWindow/lld-link.exe"
      - "D:/Microsoft Visual Studio/18/Community/Common7/IDE/CommonExtensions/Microsoft/TestWindow/lld-link"
      - "D:/Microsoft Visual Studio/18/Community/Common7/IDE/CommonExtensions/Microsoft/TeamFoundation/Team Explorer/lld-link.com"
      - "D:/Microsoft Visual Studio/18/Community/Common7/IDE/CommonExtensions/Microsoft/TeamFoundation/Team Explorer/lld-link.exe"
      - "D:/Microsoft Visual Studio/18/Community/Common7/IDE/CommonExtensions/Microsoft/TeamFoundation/Team Explorer/lld-link"
      - "D:/Microsoft Visual Studio/18/Community/MSBuild/Current/Bin/Roslyn/lld-link.com"
      - "D:/Microsoft Visual Studio/18/Community/MSBuild/Current/Bin/Roslyn/lld-link.exe"
      - "D:/Microsoft Visual Studio/18/Community/MSBuild/Current/Bin/Roslyn/lld-link"
      - "C:/Program Files (x86)/Microsoft SDKs/Windows/v10.0A/bin/NETFX 4.8 Tools/x64/lld-link.com"
      - "C:/Program Files (x86)/Microsoft SDKs/Windows/v10.0A/bin/NETFX 4.8 Tools/x64/lld-link.exe"
      - "C:/Program Files (x86)/Microsoft SDKs/Windows/v10.0A/bin/NETFX 4.8 Tools/x64/lld-link"
      - "D:/Microsoft Visual Studio/18/Community/Team Tools/DiagnosticsHub/Collector/lld-link.com"
      - "D:/Microsoft Visual Studio/18/Community/Team Tools/DiagnosticsHub/Collector/lld-link.exe"
      - "D:/Microsoft Visual Studio/18/Community/Team Tools/DiagnosticsHub/Collector/lld-link"
      - "D:/Microsoft Visual Studio/18/Community/Common7/IDE/Extensions/Microsoft/CodeCoverage.Console/lld-link.com"
      - "D:/Microsoft Visual Studio/18/Community/Common7/IDE/Extensions/Microsoft/CodeCoverage.Console/lld-link.exe"
      - "D:/Microsoft Visual Studio/18/Community/Common7/IDE/Extensions/Microsoft/CodeCoverage.Console/lld-link"
      - "C:/Program Files (x86)/Windows Kits/10/bin/10.0.26100.0/x64/lld-link.com"
      - "C:/Program Files (x86)/Windows Kits/10/bin/10.0.26100.0/x64/lld-link.exe"
      - "C:/Program Files (x86)/Windows Kits/10/bin/10.0.26100.0/x64/lld-link"
      - "C:/Program Files (x86)/Windows Kits/10/bin/x64/lld-link.com"
      - "C:/Program Files (x86)/Windows Kits/10/bin/x64/lld-link.exe"
      - "C:/Program Files (x86)/Windows Kits/10/bin/x64/lld-link"
      - "D:/Microsoft Visual Studio/18/Community/MSBuild/Current/Bin/amd64/lld-link.com"
      - "D:/Microsoft Visual Studio/18/Community/MSBuild/Current/Bin/amd64/lld-link.exe"
      - "D:/Microsoft Visual Studio/18/Community/MSBuild/Current/Bin/amd64/lld-link"
      - "C:/Windows/Microsoft.NET/Framework64/v4.0.30319/lld-link.com"
      - "C:/Windows/Microsoft.NET/Framework64/v4.0.30319/lld-link.exe"
      - "C:/Windows/Microsoft.NET/Framework64/v4.0.30319/lld-link"
      - "D:/Microsoft Visual Studio/18/Community/Common7/IDE/lld-link.com"
      - "D:/Microsoft Visual Studio/18/Community/Common7/IDE/lld-link.exe"
      - "D:/Microsoft Visual Studio/18/Community/Common7/IDE/lld-link"
      - "D:/Microsoft Visual Studio/18/Community/Common7/Tools/lld-link.com"
      - "D:/Microsoft Visual Studio/18/Community/Common7/Tools/lld-link.exe"
      - "D:/Microsoft Visual Studio/18/Community/Common7/Tools/lld-link"
      - "C:/Users/xukeheng/AppData/Local/vcpkg/downloads/tools/powershell-core-7.5.4-windows/lld-link.com"
      - "C:/Users/xukeheng/AppData/Local/vcpkg/downloads/tools/powershell-core-7.5.4-windows/lld-link.exe"
      - "C:/Users/xukeheng/AppData/Local/vcpkg/downloads/tools/powershell-core-7.5.4-windows/lld-link"
      - "C:/Windows/System32/lld-link.com"
      - "C:/Windows/System32/lld-link.exe"
      - "C:/Windows/System32/lld-link"
      - "C:/Windows/lld-link.com"
      - "C:/Windows/lld-link.exe"
      - "C:/Windows/lld-link"
      - "C:/Windows/System32/wbem/lld-link.com"
      - "C:/Windows/System32/wbem/lld-link.exe"
      - "C:/Windows/System32/wbem/lld-link"
      - "C:/Windows/System32/WindowsPowerShell/v1.0/lld-link.com"
      - "C:/Windows/System32/WindowsPowerShell/v1.0/lld-link.exe"
      - "C:/Windows/System32/WindowsPowerShell/v1.0/lld-link"
      - "C:/Windows/System32/OpenSSH/lld-link.com"
      - "C:/Windows/System32/OpenSSH/lld-link.exe"
      - "C:/Windows/System32/OpenSSH/lld-link"
      - "D:/Microsoft Visual Studio/18/Community/Common7/IDE/CommonExtensions/Microsoft/CMake/CMake/bin/lld-link.com"
      - "D:/Microsoft Visual Studio/18/Community/Common7/IDE/CommonExtensions/Microsoft/CMake/CMake/bin/lld-link.exe"
      - "D:/Microsoft Visual Studio/18/Community/Common7/IDE/CommonExtensions/Microsoft/CMake/CMake/bin/lld-link"
      - "D:/Microsoft Visual Studio/18/Community/Common7/IDE/CommonExtensions/Microsoft/CMake/Ninja/lld-link.com"
      - "D:/Microsoft Visual Studio/18/Community/Common7/IDE/CommonExtensions/Microsoft/CMake/Ninja/lld-link.exe"
      - "D:/Microsoft Visual Studio/18/Community/Common7/IDE/CommonExtensions/Microsoft/CMake/Ninja/lld-link"
      - "D:/Microsoft Visual Studio/18/Community/Common7/IDE/VC/Linux/bin/ConnectionManagerExe/lld-link.com"
      - "D:/Microsoft Visual Studio/18/Community/Common7/IDE/VC/Linux/bin/ConnectionManagerExe/lld-link.exe"
      - "D:/Microsoft Visual Studio/18/Community/Common7/IDE/VC/Linux/bin/ConnectionManagerExe/lld-link"
      - "D:/Microsoft Visual Studio/18/Community/VC/vcpkg/lld-link.com"
      - "D:/Microsoft Visual Studio/18/Community/VC/vcpkg/lld-link.exe"
      - "D:/Microsoft Visual Studio/18/Community/VC/vcpkg/lld-link"
    found: false
    search_context:
      CMAKE_PROGRAM_PATH:
        - "D:/WaterSurfaceRendererScratch/vcpkg_installed/x64-windows/tools"
      CMAKE_PREFIX_PATH:
        - "D:/WaterSurfaceRendererScratch/vcpkg_installed/x64-windows/debug"
        - "D:/WaterSurfaceRendererScratch/vcpkg_installed/x64-windows"
      ENV{PATH}:
        - "D:\\Microsoft Visual Studio\\18\\Community\\VC\\Tools\\MSVC\\14.51.36231\\bin\\HostX64\\x64"
        - "D:\\Microsoft Visual Studio\\18\\Community\\Common7\\IDE\\VC\\VCPackages"
        - "D:\\Microsoft Visual Studio\\18\\Community\\Common7\\IDE\\CommonExtensions\\Microsoft\\TestWindow"
        - "D:\\Microsoft Visual Studio\\18\\Community\\Common7\\IDE\\CommonExtensions\\Microsoft\\TeamFoundation\\Team Explorer"
        - "D:\\Microsoft Visual Studio\\18\\Community\\MSBuild\\Current\\bin\\Roslyn"
        - "C:\\Program Files (x86)\\Microsoft SDKs\\Windows\\v10.0A\\bin\\NETFX 4.8 Tools\\x64\\"
        - "D:\\Microsoft Visual Studio\\18\\Community\\Team Tools\\DiagnosticsHub\\Collector"
        - "D:\\Microsoft Visual Studio\\18\\Community\\Common7\\IDE\\Extensions\\Microsoft\\CodeCoverage.Console"
        - "C:\\Program Files (x86)\\Windows Kits\\10\\bin\\10.0.26100.0\\\\x64"
        - "C:\\Program Files (x86)\\Windows Kits\\10\\bin\\\\x64"
        - "D:\\Microsoft Visual Studio\\18\\Community\\\\MSBuild\\Current\\Bin\\amd64"
        - "C:\\Windows\\Microsoft.NET\\Framework64\\v4.0.30319"
        - "D:\\Microsoft Visual Studio\\18\\Community\\Common7\\IDE\\"
        - "D:\\Microsoft Visual Studio\\18\\Community\\Common7\\Tools\\"
        - "C:\\Users\\xukeheng\\AppData\\Local\\vcpkg\\downloads\\tools\\powershell-core-7.5.4-windows"
        - "C:\\windows\\system32"
        - "C:\\windows"
        - "C:\\windows\\system32\\Wbem"
        - "C:\\windows\\system32\\WindowsPowerShell\\v1.0\\"
        - "C:\\windows\\system32\\OpenSSH\\"
        - "D:\\Microsoft Visual Studio\\18\\Community\\Common7\\IDE\\CommonExtensions\\Microsoft\\CMake\\CMake\\bin"
        - "D:\\Microsoft Visual Studio\\18\\Community\\Common7\\IDE\\CommonExtensions\\Microsoft\\CMake\\Ninja"
        - "D:\\Microsoft Visual Studio\\18\\Community\\Common7\\IDE\\VC\\Linux\\bin\\ConnectionManagerExe"
        - "D:\\Microsoft Visual Studio\\18\\Community\\VC\\vcpkg"
        - "D:\\Microsoft Visual Studio\\18\\Community\\Common7\\IDE\\CommonExtensions\\Microsoft\\CMake\\Ninja"
        - "D:\\Microsoft Visual Studio\\18\\Community\\Common7\\IDE\\CommonExtensions\\Microsoft\\CMake\\Ninja"
      CMAKE_INSTALL_PREFIX: "D:/WaterSurfaceRendererScratch/vcpkg_installed/vcpkg/pkgs/fftw3_x64-windows/debug"
      CMAKE_FIND_ROOT_PATH: "D:/WaterSurfaceRendererScratch/vcpkg_installed/x64-windows/debug;D:/WaterSurfaceRendererScratch/vcpkg_installed/x64-windows"
  -
    kind: "find-v1"
    backtrace:
      - "D:/Microsoft Visual Studio/18/Community/Common7/IDE/CommonExtensions/Microsoft/CMake/CMake/share/cmake-4.3/Modules/CMakeDetermineRCCompiler.cmake:40 (find_program)"
      - "D:/Microsoft Visual Studio/18/Community/Common7/IDE/CommonExtensions/Microsoft/CMake/CMake/share/cmake-4.3/Modules/Platform/Windows-MSVC.cmake:596 (enable_language)"
      - "D:/Microsoft Visual Studio/18/Community/Common7/IDE/CommonExtensions/Microsoft/CMake/CMake/share/cmake-4.3/Modules/Platform/Windows-MSVC.cmake:569 (__windows_compiler_msvc_enable_rc)"
      - "D:/Microsoft Visual Studio/18/Community/Common7/IDE/CommonExtensions/Microsoft/CMake/CMake/share/cmake-4.3/Modules/Platform/Windows-MSVC-C.cmake:5 (__windows_compiler_msvc)"
      - "D:/Microsoft Visual Studio/18/Community/Common7/IDE/CommonExtensions/Microsoft/CMake/CMake/share/cmake-4.3/Modules/CMakeCInformation.cmake:48 (include)"
      - "CMakeLists.txt:7 (project)"
    mode: "program"
    variable: "CMAKE_RC_COMPILER"
    description: "RC compiler"
    settings:
      SearchFramework: "LAST"
      SearchAppBundle: "LAST"
      CMAKE_FIND_USE_CMAKE_PATH: true
      CMAKE_FIND_USE_CMAKE_ENVIRONMENT_PATH: true
      CMAKE_FIND_USE_SYSTEM_ENVIRONMENT_PATH: true
      CMAKE_FIND_USE_CMAKE_SYSTEM_PATH: true
      CMAKE_FIND_USE_INSTALL_PREFIX: true
    names:
      - "rc"
    candidate_directories:
      - "D:/WaterSurfaceRendererScratch/vcpkg_installed/x64-windows/debug/bin/"
      - "D:/WaterSurfaceRendererScratch/vcpkg_installed/x64-windows/debug/sbin/"
      - "D:/WaterSurfaceRendererScratch/vcpkg_installed/x64-windows/debug/"
      - "D:/WaterSurfaceRendererScratch/vcpkg_installed/x64-windows/debug/WaterSurfaceRendererScratch/vcpkg_installed/x64-windows/bin/"
      - "D:/WaterSurfaceRendererScratch/vcpkg_installed/x64-windows/debug/WaterSurfaceRendererScratch/vcpkg_installed/x64-windows/sbin/"
      - "D:/WaterSurfaceRendererScratch/vcpkg_installed/x64-windows/debug/WaterSurfaceRendererScratch/vcpkg_installed/x64-windows/"
      - "D:/WaterSurfaceRendererScratch/vcpkg_installed/x64-windows/debug/WaterSurfaceRendererScratch/vcpkg_installed/x64-windows/tools/"
      - "D:/WaterSurfaceRendererScratch/vcpkg_installed/x64-windows/debug/Microsoft Visual Studio/18/Community/VC/Tools/MSVC/14.51.36231/bin/Hostx64/x64/"
      - "D:/WaterSurfaceRendererScratch/vcpkg_installed/x64-windows/debug/Microsoft Visual Studio/18/Community/Common7/IDE/VC/vcpackages/"
      - "D:/WaterSurfaceRendererScratch/vcpkg_installed/x64-windows/debug/Microsoft Visual Studio/18/Community/Common7/IDE/CommonExtensions/Microsoft/TestWindow/"
      - "D:/WaterSurfaceRendererScratch/vcpkg_installed/x64-windows/debug/Microsoft Visual Studio/18/Community/Common7/IDE/CommonExtensions/Microsoft/TeamFoundation/Team Explorer/"
      - "D:/WaterSurfaceRendererScratch/vcpkg_installed/x64-windows/debug/Microsoft Visual Studio/18/Community/MSBuild/Current/Bin/Roslyn/"
      - "D:/WaterSurfaceRendererScratch/vcpkg_installed/x64-windows/debug/Program Files (x86)/Microsoft SDKs/Windows/v10.0A/bin/NETFX 4.8 Tools/x64/"
      - "D:/WaterSurfaceRendererScratch/vcpkg_installed/x64-windows/debug/Microsoft Visual Studio/18/Community/Team Tools/DiagnosticsHub/Collector/"
      - "D:/WaterSurfaceRendererScratch/vcpkg_installed/x64-windows/debug/Microsoft Visual Studio/18/Community/Common7/IDE/Extensions/Microsoft/CodeCoverage.Console/"
      - "D:/WaterSurfaceRendererScratch/vcpkg_installed/x64-windows/debug/Program Files (x86)/Windows Kits/10/bin/10.0.26100.0/x64/"
      - "D:/WaterSurfaceRendererScratch/vcpkg_installed/x64-windows/debug/Program Files (x86)/Windows Kits/10/bin/x64/"
      - "D:/WaterSurfaceRendererScratch/vcpkg_installed/x64-windows/debug/Microsoft Visual Studio/18/Community/MSBuild/Current/Bin/amd64/"
      - "D:/WaterSurfaceRendererScratch/vcpkg_installed/x64-windows/debug/Windows/Microsoft.NET/Framework64/v4.0.30319/"
      - "D:/WaterSurfaceRendererScratch/vcpkg_installed/x64-windows/debug/Microsoft Visual Studio/18/Community/Common7/IDE/"
      - "D:/WaterSurfaceRendererScratch/vcpkg_installed/x64-windows/debug/Microsoft Visual Studio/18/Community/Common7/Tools/"
      - "D:/WaterSurfaceRendererScratch/vcpkg_installed/x64-windows/debug/Users/xukeheng/AppData/Local/vcpkg/downloads/tools/powershell-core-7.5.4-windows/"
      - "D:/WaterSurfaceRendererScratch/vcpkg_installed/x64-windows/debug/Windows/System32/"
      - "D:/WaterSurfaceRendererScratch/vcpkg_installed/x64-windows/debug/Windows/"
      - "D:/WaterSurfaceRendererScratch/vcpkg_installed/x64-windows/debug/Windows/System32/wbem/"
      - "D:/WaterSurfaceRendererScratch/vcpkg_installed/x64-windows/debug/Windows/System32/WindowsPowerShell/v1.0/"
      - "D:/WaterSurfaceRendererScratch/vcpkg_installed/x64-windows/debug/Windows/System32/OpenSSH/"
      - "D:/WaterSurfaceRendererScratch/vcpkg_installed/x64-windows/debug/Microsoft Visual Studio/18/Community/Common7/IDE/CommonExtensions/Microsoft/CMake/CMake/bin/"
      - "D:/WaterSurfaceRendererScratch/vcpkg_installed/x64-windows/debug/Microsoft Visual Studio/18/Community/Common7/IDE/CommonExtensions/Microsoft/CMake/Ninja/"
      - "D:/WaterSurfaceRendererScratch/vcpkg_installed/x64-windows/debug/Microsoft Visual Studio/18/Community/Common7/IDE/VC/Linux/bin/ConnectionManagerExe/"
      - "D:/WaterSurfaceRendererScratch/vcpkg_installed/x64-windows/debug/Microsoft Visual Studio/18/Community/VC/vcpkg/"
      - "D:/WaterSurfaceRendererScratch/vcpkg_installed/x64-windows/debug/Program Files/bin/"
      - "D:/WaterSurfaceRendererScratch/vcpkg_installed/x64-windows/debug/Program Files/sbin/"
      - "D:/WaterSurfaceRendererScratch/vcpkg_installed/x64-windows/debug/Program Files/"
      - "D:/WaterSurfaceRendererScratch/vcpkg_installed/x64-windows/debug/Program Files (x86)/bin/"
      - "D:/WaterSurfaceRendererScratch/vcpkg_installed/x64-windows/debug/Program Files (x86)/sbin/"
      - "D:/WaterSurfaceRendererScratch/vcpkg_installed/x64-windows/debug/Program Files (x86)/"
      - "D:/WaterSurfaceRendererScratch/vcpkg_installed/x64-windows/debug/Microsoft Visual Studio/18/Community/Common7/IDE/CommonExtensions/Microsoft/CMake/CMake/bin/"
      - "D:/WaterSurfaceRendererScratch/vcpkg_installed/x64-windows/debug/Microsoft Visual Studio/18/Community/Common7/IDE/CommonExtensions/Microsoft/CMake/CMake/sbin/"
      - "D:/WaterSurfaceRendererScratch/vcpkg_installed/x64-windows/debug/Microsoft Visual Studio/18/Community/Common7/IDE/CommonExtensions/Microsoft/CMake/CMake/"
      - "D:/WaterSurfaceRendererScratch/vcpkg_installed/x64-windows/debug/WaterSurfaceRendererScratch/vcpkg_installed/vcpkg/pkgs/fftw3_x64-windows/debug/bin/"
      - "D:/WaterSurfaceRendererScratch/vcpkg_installed/x64-windows/debug/WaterSurfaceRendererScratch/vcpkg_installed/vcpkg/pkgs/fftw3_x64-windows/debug/sbin/"
      - "D:/WaterSurfaceRendererScratch/vcpkg_installed/x64-windows/debug/WaterSurfaceRendererScratch/vcpkg_installed/vcpkg/pkgs/fftw3_x64-windows/debug/"
      - "D:/WaterSurfaceRendererScratch/vcpkg_installed/x64-windows/debug/bin/"
      - "D:/WaterSurfaceRendererScratch/vcpkg_installed/x64-windows/debug/sbin/"
      - "D:/WaterSurfaceRendererScratch/vcpkg_installed/x64-windows/debug/"
      - "D:/WaterSurfaceRendererScratch/vcpkg_installed/x64-windows/bin/"
      - "D:/WaterSurfaceRendererScratch/vcpkg_installed/x64-windows/sbin/"
      - "D:/WaterSurfaceRendererScratch/vcpkg_installed/x64-windows/"
      - "D:/WaterSurfaceRendererScratch/vcpkg_installed/x64-windows/tools/"
      - "D:/WaterSurfaceRendererScratch/vcpkg_installed/x64-windows/Microsoft Visual Studio/18/Community/VC/Tools/MSVC/14.51.36231/bin/Hostx64/x64/"
      - "D:/WaterSurfaceRendererScratch/vcpkg_installed/x64-windows/Microsoft Visual Studio/18/Community/Common7/IDE/VC/vcpackages/"
      - "D:/WaterSurfaceRendererScratch/vcpkg_installed/x64-windows/Microsoft Visual Studio/18/Community/Common7/IDE/CommonExtensions/Microsoft/TestWindow/"
      - "D:/WaterSurfaceRendererScratch/vcpkg_installed/x64-windows/Microsoft Visual Studio/18/Community/Common7/IDE/CommonExtensions/Microsoft/TeamFoundation/Team Explorer/"
      - "D:/WaterSurfaceRendererScratch/vcpkg_installed/x64-windows/Microsoft Visual Studio/18/Community/MSBuild/Current/Bin/Roslyn/"
      - "D:/WaterSurfaceRendererScratch/vcpkg_installed/x64-windows/Program Files (x86)/Microsoft SDKs/Windows/v10.0A/bin/NETFX 4.8 Tools/x64/"
      - "D:/WaterSurfaceRendererScratch/vcpkg_installed/x64-windows/Microsoft Visual Studio/18/Community/Team Tools/DiagnosticsHub/Collector/"
      - "D:/WaterSurfaceRendererScratch/vcpkg_installed/x64-windows/Microsoft Visual Studio/18/Community/Common7/IDE/Extensions/Microsoft/CodeCoverage.Console/"
      - "D:/WaterSurfaceRendererScratch/vcpkg_installed/x64-windows/Program Files (x86)/Windows Kits/10/bin/10.0.26100.0/x64/"
      - "D:/WaterSurfaceRendererScratch/vcpkg_installed/x64-windows/Program Files (x86)/Windows Kits/10/bin/x64/"
      - "D:/WaterSurfaceRendererScratch/vcpkg_installed/x64-windows/Microsoft Visual Studio/18/Community/MSBuild/Current/Bin/amd64/"
      - "D:/WaterSurfaceRendererScratch/vcpkg_installed/x64-windows/Windows/Microsoft.NET/Framework64/v4.0.30319/"
      - "D:/WaterSurfaceRendererScratch/vcpkg_installed/x64-windows/Microsoft Visual Studio/18/Community/Common7/IDE/"
      - "D:/WaterSurfaceRendererScratch/vcpkg_installed/x64-windows/Microsoft Visual Studio/18/Community/Common7/Tools/"
      - "D:/WaterSurfaceRendererScratch/vcpkg_installed/x64-windows/Users/xukeheng/AppData/Local/vcpkg/downloads/tools/powershell-core-7.5.4-windows/"
      - "D:/WaterSurfaceRendererScratch/vcpkg_installed/x64-windows/Windows/System32/"
      - "D:/WaterSurfaceRendererScratch/vcpkg_installed/x64-windows/Windows/"
      - "D:/WaterSurfaceRendererScratch/vcpkg_installed/x64-windows/Windows/System32/wbem/"
      - "D:/WaterSurfaceRendererScratch/vcpkg_installed/x64-windows/Windows/System32/WindowsPowerShell/v1.0/"
      - "D:/WaterSurfaceRendererScratch/vcpkg_installed/x64-windows/Windows/System32/OpenSSH/"
      - "D:/WaterSurfaceRendererScratch/vcpkg_installed/x64-windows/Microsoft Visual Studio/18/Community/Common7/IDE/CommonExtensions/Microsoft/CMake/CMake/bin/"
      - "D:/WaterSurfaceRendererScratch/vcpkg_installed/x64-windows/Microsoft Visual Studio/18/Community/Common7/IDE/CommonExtensions/Microsoft/CMake/Ninja/"
      - "D:/WaterSurfaceRendererScratch/vcpkg_installed/x64-windows/Microsoft Visual Studio/18/Community/Common7/IDE/VC/Linux/bin/ConnectionManagerExe/"
      - "D:/WaterSurfaceRendererScratch/vcpkg_installed/x64-windows/Microsoft Visual Studio/18/Community/VC/vcpkg/"
      - "D:/WaterSurfaceRendererScratch/vcpkg_installed/x64-windows/Program Files/bin/"
      - "D:/WaterSurfaceRendererScratch/vcpkg_installed/x64-windows/Program Files/sbin/"
      - "D:/WaterSurfaceRendererScratch/vcpkg_installed/x64-windows/Program Files/"
      - "D:/WaterSurfaceRendererScratch/vcpkg_installed/x64-windows/Program Files (x86)/bin/"
      - "D:/WaterSurfaceRendererScratch/vcpkg_installed/x64-windows/Program Files (x86)/sbin/"
      - "D:/WaterSurfaceRendererScratch/vcpkg_installed/x64-windows/Program Files (x86)/"
      - "D:/WaterSurfaceRendererScratch/vcpkg_installed/x64-windows/Microsoft Visual Studio/18/Community/Common7/IDE/CommonExtensions/Microsoft/CMake/CMake/bin/"
      - "D:/WaterSurfaceRendererScratch/vcpkg_installed/x64-windows/Microsoft Visual Studio/18/Community/Common7/IDE/CommonExtensions/Microsoft/CMake/CMake/sbin/"
      - "D:/WaterSurfaceRendererScratch/vcpkg_installed/x64-windows/Microsoft Visual Studio/18/Community/Common7/IDE/CommonExtensions/Microsoft/CMake/CMake/"
      - "D:/WaterSurfaceRendererScratch/vcpkg_installed/x64-windows/WaterSurfaceRendererScratch/vcpkg_installed/vcpkg/pkgs/fftw3_x64-windows/debug/bin/"
      - "D:/WaterSurfaceRendererScratch/vcpkg_installed/x64-windows/WaterSurfaceRendererScratch/vcpkg_installed/vcpkg/pkgs/fftw3_x64-windows/debug/sbin/"
      - "D:/WaterSurfaceRendererScratch/vcpkg_installed/x64-windows/WaterSurfaceRendererScratch/vcpkg_installed/vcpkg/pkgs/fftw3_x64-windows/debug/"
      - "D:/WaterSurfaceRendererScratch/vcpkg_installed/x64-windows/debug/bin/"
      - "D:/WaterSurfaceRendererScratch/vcpkg_installed/x64-windows/debug/sbin/"
      - "D:/WaterSurfaceRendererScratch/vcpkg_installed/x64-windows/debug/"
      - "D:/WaterSurfaceRendererScratch/vcpkg_installed/x64-windows/bin/"
      - "D:/WaterSurfaceRendererScratch/vcpkg_installed/x64-windows/sbin/"
      - "D:/WaterSurfaceRendererScratch/vcpkg_installed/x64-windows/"
      - "D:/WaterSurfaceRendererScratch/vcpkg_installed/x64-windows/tools/"
      - "D:/Microsoft Visual Studio/18/Community/VC/Tools/MSVC/14.51.36231/bin/Hostx64/x64/"
      - "D:/Microsoft Visual Studio/18/Community/Common7/IDE/VC/vcpackages/"
      - "D:/Microsoft Visual Studio/18/Community/Common7/IDE/CommonExtensions/Microsoft/TestWindow/"
      - "D:/Microsoft Visual Studio/18/Community/Common7/IDE/CommonExtensions/Microsoft/TeamFoundation/Team Explorer/"
      - "D:/Microsoft Visual Studio/18/Community/MSBuild/Current/Bin/Roslyn/"
      - "C:/Program Files (x86)/Microsoft SDKs/Windows/v10.0A/bin/NETFX 4.8 Tools/x64/"
      - "D:/Microsoft Visual Studio/18/Community/Team Tools/DiagnosticsHub/Collector/"
      - "D:/Microsoft Visual Studio/18/Community/Common7/IDE/Extensions/Microsoft/CodeCoverage.Console/"
      - "C:/Program Files (x86)/Windows Kits/10/bin/10.0.26100.0/x64/"
      - "C:/Program Files (x86)/Windows Kits/10/bin/x64/"
      - "D:/Microsoft Visual Studio/18/Community/MSBuild/Current/Bin/amd64/"
      - "C:/Windows/Microsoft.NET/Framework64/v4.0.30319/"
      - "D:/Microsoft Visual Studio/18/Community/Common7/IDE/"
      - "D:/Microsoft Visual Studio/18/Community/Common7/Tools/"
      - "C:/Users/xukeheng/AppData/Local/vcpkg/downloads/tools/powershell-core-7.5.4-windows/"
      - "C:/Windows/System32/"
      - "C:/Windows/"
      - "C:/Windows/System32/wbem/"
      - "C:/Windows/System32/WindowsPowerShell/v1.0/"
      - "C:/Windows/System32/OpenSSH/"
      - "D:/Microsoft Visual Studio/18/Community/Common7/IDE/CommonExtensions/Microsoft/CMake/CMake/bin/"
      - "D:/Microsoft Visual Studio/18/Community/Common7/IDE/CommonExtensions/Microsoft/CMake/Ninja/"
      - "D:/Microsoft Visual Studio/18/Community/Common7/IDE/VC/Linux/bin/ConnectionManagerExe/"
      - "D:/Microsoft Visual Studio/18/Community/VC/vcpkg/"
      - "C:/Program Files/bin/"
      - "C:/Program Files/sbin/"
      - "C:/Program Files/"
      - "C:/Program Files (x86)/bin/"
      - "C:/Program Files (x86)/sbin/"
      - "C:/Program Files (x86)/"
      - "D:/Microsoft Visual Studio/18/Community/Common7/IDE/CommonExtensions/Microsoft/CMake/CMake/bin/"
      - "D:/Microsoft Visual Studio/18/Community/Common7/IDE/CommonExtensions/Microsoft/CMake/CMake/sbin/"
      - "D:/Microsoft Visual Studio/18/Community/Common7/IDE/CommonExtensions/Microsoft/CMake/CMake/"
      - "D:/WaterSurfaceRendererScratch/vcpkg_installed/vcpkg/pkgs/fftw3_x64-windows/debug/bin/"
      - "D:/WaterSurfaceRendererScratch/vcpkg_installed/vcpkg/pkgs/fftw3_x64-windows/debug/sbin/"
      - "D:/WaterSurfaceRendererScratch/vcpkg_installed/vcpkg/pkgs/fftw3_x64-windows/debug/"
    searched_directories:
      - "D:/WaterSurfaceRendererScratch/vcpkg_installed/x64-windows/debug/bin/rc.com"
      - "D:/WaterSurfaceRendererScratch/vcpkg_installed/x64-windows/debug/bin/rc.exe"
      - "D:/WaterSurfaceRendererScratch/vcpkg_installed/x64-windows/debug/bin/rc"
      - "D:/WaterSurfaceRendererScratch/vcpkg_installed/x64-windows/debug/sbin/rc.com"
      - "D:/WaterSurfaceRendererScratch/vcpkg_installed/x64-windows/debug/sbin/rc.exe"
      - "D:/WaterSurfaceRendererScratch/vcpkg_installed/x64-windows/debug/sbin/rc"
      - "D:/WaterSurfaceRendererScratch/vcpkg_installed/x64-windows/debug/rc.com"
      - "D:/WaterSurfaceRendererScratch/vcpkg_installed/x64-windows/debug/rc.exe"
      - "D:/WaterSurfaceRendererScratch/vcpkg_installed/x64-windows/debug/rc"
      - "D:/WaterSurfaceRendererScratch/vcpkg_installed/x64-windows/debug/WaterSurfaceRendererScratch/vcpkg_installed/x64-windows/bin/rc.com"
      - "D:/WaterSurfaceRendererScratch/vcpkg_installed/x64-windows/debug/WaterSurfaceRendererScratch/vcpkg_installed/x64-windows/bin/rc.exe"
      - "D:/WaterSurfaceRendererScratch/vcpkg_installed/x64-windows/debug/WaterSurfaceRendererScratch/vcpkg_installed/x64-windows/bin/rc"
      - "D:/WaterSurfaceRendererScratch/vcpkg_installed/x64-windows/debug/WaterSurfaceRendererScratch/vcpkg_installed/x64-windows/sbin/rc.com"
      - "D:/WaterSurfaceRendererScratch/vcpkg_installed/x64-windows/debug/WaterSurfaceRendererScratch/vcpkg_installed/x64-windows/sbin/rc.exe"
      - "D:/WaterSurfaceRendererScratch/vcpkg_installed/x64-windows/debug/WaterSurfaceRendererScratch/vcpkg_installed/x64-windows/sbin/rc"
      - "D:/WaterSurfaceRendererScratch/vcpkg_installed/x64-windows/debug/WaterSurfaceRendererScratch/vcpkg_installed/x64-windows/rc.com"
      - "D:/WaterSurfaceRendererScratch/vcpkg_installed/x64-windows/debug/WaterSurfaceRendererScratch/vcpkg_installed/x64-windows/rc.exe"
      - "D:/WaterSurfaceRendererScratch/vcpkg_installed/x64-windows/debug/WaterSurfaceRendererScratch/vcpkg_installed/x64-windows/rc"
      - "D:/WaterSurfaceRendererScratch/vcpkg_installed/x64-windows/debug/WaterSurfaceRendererScratch/vcpkg_installed/x64-windows/tools/rc.com"
      - "D:/WaterSurfaceRendererScratch/vcpkg_installed/x64-windows/debug/WaterSurfaceRendererScratch/vcpkg_installed/x64-windows/tools/rc.exe"
      - "D:/WaterSurfaceRendererScratch/vcpkg_installed/x64-windows/debug/WaterSurfaceRendererScratch/vcpkg_installed/x64-windows/tools/rc"
      - "D:/WaterSurfaceRendererScratch/vcpkg_installed/x64-windows/debug/Microsoft Visual Studio/18/Community/VC/Tools/MSVC/14.51.36231/bin/Hostx64/x64/rc.com"
      - "D:/WaterSurfaceRendererScratch/vcpkg_installed/x64-windows/debug/Microsoft Visual Studio/18/Community/VC/Tools/MSVC/14.51.36231/bin/Hostx64/x64/rc.exe"
      - "D:/WaterSurfaceRendererScratch/vcpkg_installed/x64-windows/debug/Microsoft Visual Studio/18/Community/VC/Tools/MSVC/14.51.36231/bin/Hostx64/x64/rc"
      - "D:/WaterSurfaceRendererScratch/vcpkg_installed/x64-windows/debug/Microsoft Visual Studio/18/Community/Common7/IDE/VC/vcpackages/rc.com"
      - "D:/WaterSurfaceRendererScratch/vcpkg_installed/x64-windows/debug/Microsoft Visual Studio/18/Community/Common7/IDE/VC/vcpackages/rc.exe"
      - "D:/WaterSurfaceRendererScratch/vcpkg_installed/x64-windows/debug/Microsoft Visual Studio/18/Community/Common7/IDE/VC/vcpackages/rc"
      - "D:/WaterSurfaceRendererScratch/vcpkg_installed/x64-windows/debug/Microsoft Visual Studio/18/Community/Common7/IDE/CommonExtensions/Microsoft/TestWindow/rc.com"
      - "D:/WaterSurfaceRendererScratch/vcpkg_installed/x64-windows/debug/Microsoft Visual Studio/18/Community/Common7/IDE/CommonExtensions/Microsoft/TestWindow/rc.exe"
      - "D:/WaterSurfaceRendererScratch/vcpkg_installed/x64-windows/debug/Microsoft Visual Studio/18/Community/Common7/IDE/CommonExtensions/Microsoft/TestWindow/rc"
      - "D:/WaterSurfaceRendererScratch/vcpkg_installed/x64-windows/debug/Microsoft Visual Studio/18/Community/Common7/IDE/CommonExtensions/Microsoft/TeamFoundation/Team Explorer/rc.com"
      - "D:/WaterSurfaceRendererScratch/vcpkg_installed/x64-windows/debug/Microsoft Visual Studio/18/Community/Common7/IDE/CommonExtensions/Microsoft/TeamFoundation/Team Explorer/rc.exe"
      - "D:/WaterSurfaceRendererScratch/vcpkg_installed/x64-windows/debug/Microsoft Visual Studio/18/Community/Common7/IDE/CommonExtensions/Microsoft/TeamFoundation/Team Explorer/rc"
      - "D:/WaterSurfaceRendererScratch/vcpkg_installed/x64-windows/debug/Microsoft Visual Studio/18/Community/MSBuild/Current/Bin/Roslyn/rc.com"
      - "D:/WaterSurfaceRendererScratch/vcpkg_installed/x64-windows/debug/Microsoft Visual Studio/18/Community/MSBuild/Current/Bin/Roslyn/rc.exe"
      - "D:/WaterSurfaceRendererScratch/vcpkg_installed/x64-windows/debug/Microsoft Visual Studio/18/Community/MSBuild/Current/Bin/Roslyn/rc"
      - "D:/WaterSurfaceRendererScratch/vcpkg_installed/x64-windows/debug/Program Files (x86)/Microsoft SDKs/Windows/v10.0A/bin/NETFX 4.8 Tools/x64/rc.com"
      - "D:/WaterSurfaceRendererScratch/vcpkg_installed/x64-windows/debug/Program Files (x86)/Microsoft SDKs/Windows/v10.0A/bin/NETFX 4.8 Tools/x64/rc.exe"
      - "D:/WaterSurfaceRendererScratch/vcpkg_installed/x64-windows/debug/Program Files (x86)/Microsoft SDKs/Windows/v10.0A/bin/NETFX 4.8 Tools/x64/rc"
      - "D:/WaterSurfaceRendererScratch/vcpkg_installed/x64-windows/debug/Microsoft Visual Studio/18/Community/Team Tools/DiagnosticsHub/Collector/rc.com"
      - "D:/WaterSurfaceRendererScratch/vcpkg_installed/x64-windows/debug/Microsoft Visual Studio/18/Community/Team Tools/DiagnosticsHub/Collector/rc.exe"
      - "D:/WaterSurfaceRendererScratch/vcpkg_installed/x64-windows/debug/Microsoft Visual Studio/18/Community/Team Tools/DiagnosticsHub/Collector/rc"
      - "D:/WaterSurfaceRendererScratch/vcpkg_installed/x64-windows/debug/Microsoft Visual Studio/18/Community/Common7/IDE/Extensions/Microsoft/CodeCoverage.Console/rc.com"
      - "D:/WaterSurfaceRendererScratch/vcpkg_installed/x64-windows/debug/Microsoft Visual Studio/18/Community/Common7/IDE/Extensions/Microsoft/CodeCoverage.Console/rc.exe"
      - "D:/WaterSurfaceRendererScratch/vcpkg_installed/x64-windows/debug/Microsoft Visual Studio/18/Community/Common7/IDE/Extensions/Microsoft/CodeCoverage.Console/rc"
      - "D:/WaterSurfaceRendererScratch/vcpkg_installed/x64-windows/debug/Program Files (x86)/Windows Kits/10/bin/10.0.26100.0/x64/rc.com"
      - "D:/WaterSurfaceRendererScratch/vcpkg_installed/x64-windows/debug/Program Files (x86)/Windows Kits/10/bin/10.0.26100.0/x64/rc.exe"
      - "D:/WaterSurfaceRendererScratch/vcpkg_installed/x64-windows/debug/Program Files (x86)/Windows Kits/10/bin/10.0.26100.0/x64/rc"
      - "D:/WaterSurfaceRendererScratch/vcpkg_installed/x64-windows/debug/Program Files (x86)/Windows Kits/10/bin/x64/rc.com"
      - "D:/WaterSurfaceRendererScratch/vcpkg_installed/x64-windows/debug/Program Files (x86)/Windows Kits/10/bin/x64/rc.exe"
      - "D:/WaterSurfaceRendererScratch/vcpkg_installed/x64-windows/debug/Program Files (x86)/Windows Kits/10/bin/x64/rc"
      - "D:/WaterSurfaceRendererScratch/vcpkg_installed/x64-windows/debug/Microsoft Visual Studio/18/Community/MSBuild/Current/Bin/amd64/rc.com"
      - "D:/WaterSurfaceRendererScratch/vcpkg_installed/x64-windows/debug/Microsoft Visual Studio/18/Community/MSBuild/Current/Bin/amd64/rc.exe"
      - "D:/WaterSurfaceRendererScratch/vcpkg_installed/x64-windows/debug/Microsoft Visual Studio/18/Community/MSBuild/Current/Bin/amd64/rc"
      - "D:/WaterSurfaceRendererScratch/vcpkg_installed/x64-windows/debug/Windows/Microsoft.NET/Framework64/v4.0.30319/rc.com"
      - "D:/WaterSurfaceRendererScratch/vcpkg_installed/x64-windows/debug/Windows/Microsoft.NET/Framework64/v4.0.30319/rc.exe"
      - "D:/WaterSurfaceRendererScratch/vcpkg_installed/x64-windows/debug/Windows/Microsoft.NET/Framework64/v4.0.30319/rc"
      - "D:/WaterSurfaceRendererScratch/vcpkg_installed/x64-windows/debug/Microsoft Visual Studio/18/Community/Common7/IDE/rc.com"
      - "D:/WaterSurfaceRendererScratch/vcpkg_installed/x64-windows/debug/Microsoft Visual Studio/18/Community/Common7/IDE/rc.exe"
      - "D:/WaterSurfaceRendererScratch/vcpkg_installed/x64-windows/debug/Microsoft Visual Studio/18/Community/Common7/IDE/rc"
      - "D:/WaterSurfaceRendererScratch/vcpkg_installed/x64-windows/debug/Microsoft Visual Studio/18/Community/Common7/Tools/rc.com"
      - "D:/WaterSurfaceRendererScratch/vcpkg_installed/x64-windows/debug/Microsoft Visual Studio/18/Community/Common7/Tools/rc.exe"
      - "D:/WaterSurfaceRendererScratch/vcpkg_installed/x64-windows/debug/Microsoft Visual Studio/18/Community/Common7/Tools/rc"
      - "D:/WaterSurfaceRendererScratch/vcpkg_installed/x64-windows/debug/Users/xukeheng/AppData/Local/vcpkg/downloads/tools/powershell-core-7.5.4-windows/rc.com"
      - "D:/WaterSurfaceRendererScratch/vcpkg_installed/x64-windows/debug/Users/xukeheng/AppData/Local/vcpkg/downloads/tools/powershell-core-7.5.4-windows/rc.exe"
      - "D:/WaterSurfaceRendererScratch/vcpkg_installed/x64-windows/debug/Users/xukeheng/AppData/Local/vcpkg/downloads/tools/powershell-core-7.5.4-windows/rc"
      - "D:/WaterSurfaceRendererScratch/vcpkg_installed/x64-windows/debug/Windows/System32/rc.com"
      - "D:/WaterSurfaceRendererScratch/vcpkg_installed/x64-windows/debug/Windows/System32/rc.exe"
      - "D:/WaterSurfaceRendererScratch/vcpkg_installed/x64-windows/debug/Windows/System32/rc"
      - "D:/WaterSurfaceRendererScratch/vcpkg_installed/x64-windows/debug/Windows/rc.com"
      - "D:/WaterSurfaceRendererScratch/vcpkg_installed/x64-windows/debug/Windows/rc.exe"
      - "D:/WaterSurfaceRendererScratch/vcpkg_installed/x64-windows/debug/Windows/rc"
      - "D:/WaterSurfaceRendererScratch/vcpkg_installed/x64-windows/debug/Windows/System32/wbem/rc.com"
      - "D:/WaterSurfaceRendererScratch/vcpkg_installed/x64-windows/debug/Windows/System32/wbem/rc.exe"
      - "D:/WaterSurfaceRendererScratch/vcpkg_installed/x64-windows/debug/Windows/System32/wbem/rc"
      - "D:/WaterSurfaceRendererScratch/vcpkg_installed/x64-windows/debug/Windows/System32/WindowsPowerShell/v1.0/rc.com"
      - "D:/WaterSurfaceRendererScratch/vcpkg_installed/x64-windows/debug/Windows/System32/WindowsPowerShell/v1.0/rc.exe"
      - "D:/WaterSurfaceRendererScratch/vcpkg_installed/x64-windows/debug/Windows/System32/WindowsPowerShell/v1.0/rc"
      - "D:/WaterSurfaceRendererScratch/vcpkg_installed/x64-windows/debug/Windows/System32/OpenSSH/rc.com"
      - "D:/WaterSurfaceRendererScratch/vcpkg_installed/x64-windows/debug/Windows/System32/OpenSSH/rc.exe"
      - "D:/WaterSurfaceRendererScratch/vcpkg_installed/x64-windows/debug/Windows/System32/OpenSSH/rc"
      - "D:/WaterSurfaceRendererScratch/vcpkg_installed/x64-windows/debug/Microsoft Visual Studio/18/Community/Common7/IDE/CommonExtensions/Microsoft/CMake/CMake/bin/rc.com"
      - "D:/WaterSurfaceRendererScratch/vcpkg_installed/x64-windows/debug/Microsoft Visual Studio/18/Community/Common7/IDE/CommonExtensions/Microsoft/CMake/CMake/bin/rc.exe"
      - "D:/WaterSurfaceRendererScratch/vcpkg_installed/x64-windows/debug/Microsoft Visual Studio/18/Community/Common7/IDE/CommonExtensions/Microsoft/CMake/CMake/bin/rc"
      - "D:/WaterSurfaceRendererScratch/vcpkg_installed/x64-windows/debug/Microsoft Visual Studio/18/Community/Common7/IDE/CommonExtensions/Microsoft/CMake/Ninja/rc.com"
      - "D:/WaterSurfaceRendererScratch/vcpkg_installed/x64-windows/debug/Microsoft Visual Studio/18/Community/Common7/IDE/CommonExtensions/Microsoft/CMake/Ninja/rc.exe"
      - "D:/WaterSurfaceRendererScratch/vcpkg_installed/x64-windows/debug/Microsoft Visual Studio/18/Community/Common7/IDE/CommonExtensions/Microsoft/CMake/Ninja/rc"
      - "D:/WaterSurfaceRendererScratch/vcpkg_installed/x64-windows/debug/Microsoft Visual Studio/18/Community/Common7/IDE/VC/Linux/bin/ConnectionManagerExe/rc.com"
      - "D:/WaterSurfaceRendererScratch/vcpkg_installed/x64-windows/debug/Microsoft Visual Studio/18/Community/Common7/IDE/VC/Linux/bin/ConnectionManagerExe/rc.exe"
      - "D:/WaterSurfaceRendererScratch/vcpkg_installed/x64-windows/debug/Microsoft Visual Studio/18/Community/Common7/IDE/VC/Linux/bin/ConnectionManagerExe/rc"
      - "D:/WaterSurfaceRendererScratch/vcpkg_installed/x64-windows/debug/Microsoft Visual Studio/18/Community/VC/vcpkg/rc.com"
      - "D:/WaterSurfaceRendererScratch/vcpkg_installed/x64-windows/debug/Microsoft Visual Studio/18/Community/VC/vcpkg/rc.exe"
      - "D:/WaterSurfaceRendererScratch/vcpkg_installed/x64-windows/debug/Microsoft Visual Studio/18/Community/VC/vcpkg/rc"
      - "D:/WaterSurfaceRendererScratch/vcpkg_installed/x64-windows/debug/Program Files/bin/rc.com"
      - "D:/WaterSurfaceRendererScratch/vcpkg_installed/x64-windows/debug/Program Files/bin/rc.exe"
      - "D:/WaterSurfaceRendererScratch/vcpkg_installed/x64-windows/debug/Program Files/bin/rc"
      - "D:/WaterSurfaceRendererScratch/vcpkg_installed/x64-windows/debug/Program Files/sbin/rc.com"
      - "D:/WaterSurfaceRendererScratch/vcpkg_installed/x64-windows/debug/Program Files/sbin/rc.exe"
      - "D:/WaterSurfaceRendererScratch/vcpkg_installed/x64-windows/debug/Program Files/sbin/rc"
      - "D:/WaterSurfaceRendererScratch/vcpkg_installed/x64-windows/debug/Program Files/rc.com"
      - "D:/WaterSurfaceRendererScratch/vcpkg_installed/x64-windows/debug/Program Files/rc.exe"
      - "D:/WaterSurfaceRendererScratch/vcpkg_installed/x64-windows/debug/Program Files/rc"
      - "D:/WaterSurfaceRendererScratch/vcpkg_installed/x64-windows/debug/Program Files (x86)/bin/rc.com"
      - "D:/WaterSurfaceRendererScratch/vcpkg_installed/x64-windows/debug/Program Files (x86)/bin/rc.exe"
      - "D:/WaterSurfaceRendererScratch/vcpkg_installed/x64-windows/debug/Program Files (x86)/bin/rc"
      - "D:/WaterSurfaceRendererScratch/vcpkg_installed/x64-windows/debug/Program Files (x86)/sbin/rc.com"
      - "D:/WaterSurfaceRendererScratch/vcpkg_installed/x64-windows/debug/Program Files (x86)/sbin/rc.exe"
      - "D:/WaterSurfaceRendererScratch/vcpkg_installed/x64-windows/debug/Program Files (x86)/sbin/rc"
      - "D:/WaterSurfaceRendererScratch/vcpkg_installed/x64-windows/debug/Program Files (x86)/rc.com"
      - "D:/WaterSurfaceRendererScratch/vcpkg_installed/x64-windows/debug/Program Files (x86)/rc.exe"
      - "D:/WaterSurfaceRendererScratch/vcpkg_installed/x64-windows/debug/Program Files (x86)/rc"
      - "D:/WaterSurfaceRendererScratch/vcpkg_installed/x64-windows/debug/Microsoft Visual Studio/18/Community/Common7/IDE/CommonExtensions/Microsoft/CMake/CMake/bin/rc.com"
      - "D:/WaterSurfaceRendererScratch/vcpkg_installed/x64-windows/debug/Microsoft Visual Studio/18/Community/Common7/IDE/CommonExtensions/Microsoft/CMake/CMake/bin/rc.exe"
      - "D:/WaterSurfaceRendererScratch/vcpkg_installed/x64-windows/debug/Microsoft Visual Studio/18/Community/Common7/IDE/CommonExtensions/Microsoft/CMake/CMake/bin/rc"
      - "D:/WaterSurfaceRendererScratch/vcpkg_installed/x64-windows/debug/Microsoft Visual Studio/18/Community/Common7/IDE/CommonExtensions/Microsoft/CMake/CMake/sbin/rc.com"
      - "D:/WaterSurfaceRendererScratch/vcpkg_installed/x64-windows/debug/Microsoft Visual Studio/18/Community/Common7/IDE/CommonExtensions/Microsoft/CMake/CMake/sbin/rc.exe"
      - "D:/WaterSurfaceRendererScratch/vcpkg_installed/x64-windows/debug/Microsoft Visual Studio/18/Community/Common7/IDE/CommonExtensions/Microsoft/CMake/CMake/sbin/rc"
      - "D:/WaterSurfaceRendererScratch/vcpkg_installed/x64-windows/debug/Microsoft Visual Studio/18/Community/Common7/IDE/CommonExtensions/Microsoft/CMake/CMake/rc.com"
      - "D:/WaterSurfaceRendererScratch/vcpkg_installed/x64-windows/debug/Microsoft Visual Studio/18/Community/Common7/IDE/CommonExtensions/Microsoft/CMake/CMake/rc.exe"
      - "D:/WaterSurfaceRendererScratch/vcpkg_installed/x64-windows/debug/Microsoft Visual Studio/18/Community/Common7/IDE/CommonExtensions/Microsoft/CMake/CMake/rc"
      - "D:/WaterSurfaceRendererScratch/vcpkg_installed/x64-windows/debug/WaterSurfaceRendererScratch/vcpkg_installed/vcpkg/pkgs/fftw3_x64-windows/debug/bin/rc.com"
      - "D:/WaterSurfaceRendererScratch/vcpkg_installed/x64-windows/debug/WaterSurfaceRendererScratch/vcpkg_installed/vcpkg/pkgs/fftw3_x64-windows/debug/bin/rc.exe"
      - "D:/WaterSurfaceRendererScratch/vcpkg_installed/x64-windows/debug/WaterSurfaceRendererScratch/vcpkg_installed/vcpkg/pkgs/fftw3_x64-windows/debug/bin/rc"
      - "D:/WaterSurfaceRendererScratch/vcpkg_installed/x64-windows/debug/WaterSurfaceRendererScratch/vcpkg_installed/vcpkg/pkgs/fftw3_x64-windows/debug/sbin/rc.com"
      - "D:/WaterSurfaceRendererScratch/vcpkg_installed/x64-windows/debug/WaterSurfaceRendererScratch/vcpkg_installed/vcpkg/pkgs/fftw3_x64-windows/debug/sbin/rc.exe"
      - "D:/WaterSurfaceRendererScratch/vcpkg_installed/x64-windows/debug/WaterSurfaceRendererScratch/vcpkg_installed/vcpkg/pkgs/fftw3_x64-windows/debug/sbin/rc"
      - "D:/WaterSurfaceRendererScratch/vcpkg_installed/x64-windows/debug/WaterSurfaceRendererScratch/vcpkg_installed/vcpkg/pkgs/fftw3_x64-windows/debug/rc.com"
      - "D:/WaterSurfaceRendererScratch/vcpkg_installed/x64-windows/debug/WaterSurfaceRendererScratch/vcpkg_installed/vcpkg/pkgs/fftw3_x64-windows/debug/rc.exe"
      - "D:/WaterSurfaceRendererScratch/vcpkg_installed/x64-windows/debug/WaterSurfaceRendererScratch/vcpkg_installed/vcpkg/pkgs/fftw3_x64-windows/debug/rc"
      - "D:/WaterSurfaceRendererScratch/vcpkg_installed/x64-windows/debug/bin/rc.com"
      - "D:/WaterSurfaceRendererScratch/vcpkg_installed/x64-windows/debug/bin/rc.exe"
      - "D:/WaterSurfaceRendererScratch/vcpkg_installed/x64-windows/debug/bin/rc"
      - "D:/WaterSurfaceRendererScratch/vcpkg_installed/x64-windows/debug/sbin/rc.com"
      - "D:/WaterSurfaceRendererScratch/vcpkg_installed/x64-windows/debug/sbin/rc.exe"
      - "D:/WaterSurfaceRendererScratch/vcpkg_installed/x64-windows/debug/sbin/rc"
      - "D:/WaterSurfaceRendererScratch/vcpkg_installed/x64-windows/debug/rc.com"
      - "D:/WaterSurfaceRendererScratch/vcpkg_installed/x64-windows/debug/rc.exe"
      - "D:/WaterSurfaceRendererScratch/vcpkg_installed/x64-windows/debug/rc"
      - "D:/WaterSurfaceRendererScratch/vcpkg_installed/x64-windows/bin/rc.com"
      - "D:/WaterSurfaceRendererScratch/vcpkg_installed/x64-windows/bin/rc.exe"
      - "D:/WaterSurfaceRendererScratch/vcpkg_installed/x64-windows/bin/rc"
      - "D:/WaterSurfaceRendererScratch/vcpkg_installed/x64-windows/sbin/rc.com"
      - "D:/WaterSurfaceRendererScratch/vcpkg_installed/x64-windows/sbin/rc.exe"
      - "D:/WaterSurfaceRendererScratch/vcpkg_installed/x64-windows/sbin/rc"
      - "D:/WaterSurfaceRendererScratch/vcpkg_installed/x64-windows/rc.com"
      - "D:/WaterSurfaceRendererScratch/vcpkg_installed/x64-windows/rc.exe"
      - "D:/WaterSurfaceRendererScratch/vcpkg_installed/x64-windows/rc"
      - "D:/WaterSurfaceRendererScratch/vcpkg_installed/x64-windows/tools/rc.com"
      - "D:/WaterSurfaceRendererScratch/vcpkg_installed/x64-windows/tools/rc.exe"
      - "D:/WaterSurfaceRendererScratch/vcpkg_installed/x64-windows/tools/rc"
      - "D:/WaterSurfaceRendererScratch/vcpkg_installed/x64-windows/Microsoft Visual Studio/18/Community/VC/Tools/MSVC/14.51.36231/bin/Hostx64/x64/rc.com"
      - "D:/WaterSurfaceRendererScratch/vcpkg_installed/x64-windows/Microsoft Visual Studio/18/Community/VC/Tools/MSVC/14.51.36231/bin/Hostx64/x64/rc.exe"
      - "D:/WaterSurfaceRendererScratch/vcpkg_installed/x64-windows/Microsoft Visual Studio/18/Community/VC/Tools/MSVC/14.51.36231/bin/Hostx64/x64/rc"
      - "D:/WaterSurfaceRendererScratch/vcpkg_installed/x64-windows/Microsoft Visual Studio/18/Community/Common7/IDE/VC/vcpackages/rc.com"
      - "D:/WaterSurfaceRendererScratch/vcpkg_installed/x64-windows/Microsoft Visual Studio/18/Community/Common7/IDE/VC/vcpackages/rc.exe"
      - "D:/WaterSurfaceRendererScratch/vcpkg_installed/x64-windows/Microsoft Visual Studio/18/Community/Common7/IDE/VC/vcpackages/rc"
      - "D:/WaterSurfaceRendererScratch/vcpkg_installed/x64-windows/Microsoft Visual Studio/18/Community/Common7/IDE/CommonExtensions/Microsoft/TestWindow/rc.com"
      - "D:/WaterSurfaceRendererScratch/vcpkg_installed/x64-windows/Microsoft Visual Studio/18/Community/Common7/IDE/CommonExtensions/Microsoft/TestWindow/rc.exe"
      - "D:/WaterSurfaceRendererScratch/vcpkg_installed/x64-windows/Microsoft Visual Studio/18/Community/Common7/IDE/CommonExtensions/Microsoft/TestWindow/rc"
      - "D:/WaterSurfaceRendererScratch/vcpkg_installed/x64-windows/Microsoft Visual Studio/18/Community/Common7/IDE/CommonExtensions/Microsoft/TeamFoundation/Team Explorer/rc.com"
      - "D:/WaterSurfaceRendererScratch/vcpkg_installed/x64-windows/Microsoft Visual Studio/18/Community/Common7/IDE/CommonExtensions/Microsoft/TeamFoundation/Team Explorer/rc.exe"
      - "D:/WaterSurfaceRendererScratch/vcpkg_installed/x64-windows/Microsoft Visual Studio/18/Community/Common7/IDE/CommonExtensions/Microsoft/TeamFoundation/Team Explorer/rc"
      - "D:/WaterSurfaceRendererScratch/vcpkg_installed/x64-windows/Microsoft Visual Studio/18/Community/MSBuild/Current/Bin/Roslyn/rc.com"
      - "D:/WaterSurfaceRendererScratch/vcpkg_installed/x64-windows/Microsoft Visual Studio/18/Community/MSBuild/Current/Bin/Roslyn/rc.exe"
      - "D:/WaterSurfaceRendererScratch/vcpkg_installed/x64-windows/Microsoft Visual Studio/18/Community/MSBuild/Current/Bin/Roslyn/rc"
      - "D:/WaterSurfaceRendererScratch/vcpkg_installed/x64-windows/Program Files (x86)/Microsoft SDKs/Windows/v10.0A/bin/NETFX 4.8 Tools/x64/rc.com"
      - "D:/WaterSurfaceRendererScratch/vcpkg_installed/x64-windows/Program Files (x86)/Microsoft SDKs/Windows/v10.0A/bin/NETFX 4.8 Tools/x64/rc.exe"
      - "D:/WaterSurfaceRendererScratch/vcpkg_installed/x64-windows/Program Files (x86)/Microsoft SDKs/Windows/v10.0A/bin/NETFX 4.8 Tools/x64/rc"
      - "D:/WaterSurfaceRendererScratch/vcpkg_installed/x64-windows/Microsoft Visual Studio/18/Community/Team Tools/DiagnosticsHub/Collector/rc.com"
      - "D:/WaterSurfaceRendererScratch/vcpkg_installed/x64-windows/Microsoft Visual Studio/18/Community/Team Tools/DiagnosticsHub/Collector/rc.exe"
      - "D:/WaterSurfaceRendererScratch/vcpkg_installed/x64-windows/Microsoft Visual Studio/18/Community/Team Tools/DiagnosticsHub/Collector/rc"
      - "D:/WaterSurfaceRendererScratch/vcpkg_installed/x64-windows/Microsoft Visual Studio/18/Community/Common7/IDE/Extensions/Microsoft/CodeCoverage.Console/rc.com"
      - "D:/WaterSurfaceRendererScratch/vcpkg_installed/x64-windows/Microsoft Visual Studio/18/Community/Common7/IDE/Extensions/Microsoft/CodeCoverage.Console/rc.exe"
      - "D:/WaterSurfaceRendererScratch/vcpkg_installed/x64-windows/Microsoft Visual Studio/18/Community/Common7/IDE/Extensions/Microsoft/CodeCoverage.Console/rc"
      - "D:/WaterSurfaceRendererScratch/vcpkg_installed/x64-windows/Program Files (x86)/Windows Kits/10/bin/10.0.26100.0/x64/rc.com"
      - "D:/WaterSurfaceRendererScratch/vcpkg_installed/x64-windows/Program Files (x86)/Windows Kits/10/bin/10.0.26100.0/x64/rc.exe"
      - "D:/WaterSurfaceRendererScratch/vcpkg_installed/x64-windows/Program Files (x86)/Windows Kits/10/bin/10.0.26100.0/x64/rc"
      - "D:/WaterSurfaceRendererScratch/vcpkg_installed/x64-windows/Program Files (x86)/Windows Kits/10/bin/x64/rc.com"
      - "D:/WaterSurfaceRendererScratch/vcpkg_installed/x64-windows/Program Files (x86)/Windows Kits/10/bin/x64/rc.exe"
      - "D:/WaterSurfaceRendererScratch/vcpkg_installed/x64-windows/Program Files (x86)/Windows Kits/10/bin/x64/rc"
      - "D:/WaterSurfaceRendererScratch/vcpkg_installed/x64-windows/Microsoft Visual Studio/18/Community/MSBuild/Current/Bin/amd64/rc.com"
      - "D:/WaterSurfaceRendererScratch/vcpkg_installed/x64-windows/Microsoft Visual Studio/18/Community/MSBuild/Current/Bin/amd64/rc.exe"
      - "D:/WaterSurfaceRendererScratch/vcpkg_installed/x64-windows/Microsoft Visual Studio/18/Community/MSBuild/Current/Bin/amd64/rc"
      - "D:/WaterSurfaceRendererScratch/vcpkg_installed/x64-windows/Windows/Microsoft.NET/Framework64/v4.0.30319/rc.com"
      - "D:/WaterSurfaceRendererScratch/vcpkg_installed/x64-windows/Windows/Microsoft.NET/Framework64/v4.0.30319/rc.exe"
      - "D:/WaterSurfaceRendererScratch/vcpkg_installed/x64-windows/Windows/Microsoft.NET/Framework64/v4.0.30319/rc"
      - "D:/WaterSurfaceRendererScratch/vcpkg_installed/x64-windows/Microsoft Visual Studio/18/Community/Common7/IDE/rc.com"
      - "D:/WaterSurfaceRendererScratch/vcpkg_installed/x64-windows/Microsoft Visual Studio/18/Community/Common7/IDE/rc.exe"
      - "D:/WaterSurfaceRendererScratch/vcpkg_installed/x64-windows/Microsoft Visual Studio/18/Community/Common7/IDE/rc"
      - "D:/WaterSurfaceRendererScratch/vcpkg_installed/x64-windows/Microsoft Visual Studio/18/Community/Common7/Tools/rc.com"
      - "D:/WaterSurfaceRendererScratch/vcpkg_installed/x64-windows/Microsoft Visual Studio/18/Community/Common7/Tools/rc.exe"
      - "D:/WaterSurfaceRendererScratch/vcpkg_installed/x64-windows/Microsoft Visual Studio/18/Community/Common7/Tools/rc"
      - "D:/WaterSurfaceRendererScratch/vcpkg_installed/x64-windows/Users/xukeheng/AppData/Local/vcpkg/downloads/tools/powershell-core-7.5.4-windows/rc.com"
      - "D:/WaterSurfaceRendererScratch/vcpkg_installed/x64-windows/Users/xukeheng/AppData/Local/vcpkg/downloads/tools/powershell-core-7.5.4-windows/rc.exe"
      - "D:/WaterSurfaceRendererScratch/vcpkg_installed/x64-windows/Users/xukeheng/AppData/Local/vcpkg/downloads/tools/powershell-core-7.5.4-windows/rc"
      - "D:/WaterSurfaceRendererScratch/vcpkg_installed/x64-windows/Windows/System32/rc.com"
      - "D:/WaterSurfaceRendererScratch/vcpkg_installed/x64-windows/Windows/System32/rc.exe"
      - "D:/WaterSurfaceRendererScratch/vcpkg_installed/x64-windows/Windows/System32/rc"
      - "D:/WaterSurfaceRendererScratch/vcpkg_installed/x64-windows/Windows/rc.com"
      - "D:/WaterSurfaceRendererScratch/vcpkg_installed/x64-windows/Windows/rc.exe"
      - "D:/WaterSurfaceRendererScratch/vcpkg_installed/x64-windows/Windows/rc"
      - "D:/WaterSurfaceRendererScratch/vcpkg_installed/x64-windows/Windows/System32/wbem/rc.com"
      - "D:/WaterSurfaceRendererScratch/vcpkg_installed/x64-windows/Windows/System32/wbem/rc.exe"
      - "D:/WaterSurfaceRendererScratch/vcpkg_installed/x64-windows/Windows/System32/wbem/rc"
      - "D:/WaterSurfaceRendererScratch/vcpkg_installed/x64-windows/Windows/System32/WindowsPowerShell/v1.0/rc.com"
      - "D:/WaterSurfaceRendererScratch/vcpkg_installed/x64-windows/Windows/System32/WindowsPowerShell/v1.0/rc.exe"
      - "D:/WaterSurfaceRendererScratch/vcpkg_installed/x64-windows/Windows/System32/WindowsPowerShell/v1.0/rc"
      - "D:/WaterSurfaceRendererScratch/vcpkg_installed/x64-windows/Windows/System32/OpenSSH/rc.com"
      - "D:/WaterSurfaceRendererScratch/vcpkg_installed/x64-windows/Windows/System32/OpenSSH/rc.exe"
      - "D:/WaterSurfaceRendererScratch/vcpkg_installed/x64-windows/Windows/System32/OpenSSH/rc"
      - "D:/WaterSurfaceRendererScratch/vcpkg_installed/x64-windows/Microsoft Visual Studio/18/Community/Common7/IDE/CommonExtensions/Microsoft/CMake/CMake/bin/rc.com"
      - "D:/WaterSurfaceRendererScratch/vcpkg_installed/x64-windows/Microsoft Visual Studio/18/Community/Common7/IDE/CommonExtensions/Microsoft/CMake/CMake/bin/rc.exe"
      - "D:/WaterSurfaceRendererScratch/vcpkg_installed/x64-windows/Microsoft Visual Studio/18/Community/Common7/IDE/CommonExtensions/Microsoft/CMake/CMake/bin/rc"
      - "D:/WaterSurfaceRendererScratch/vcpkg_installed/x64-windows/Microsoft Visual Studio/18/Community/Common7/IDE/CommonExtensions/Microsoft/CMake/Ninja/rc.com"
      - "D:/WaterSurfaceRendererScratch/vcpkg_installed/x64-windows/Microsoft Visual Studio/18/Community/Common7/IDE/CommonExtensions/Microsoft/CMake/Ninja/rc.exe"
      - "D:/WaterSurfaceRendererScratch/vcpkg_installed/x64-windows/Microsoft Visual Studio/18/Community/Common7/IDE/CommonExtensions/Microsoft/CMake/Ninja/rc"
      - "D:/WaterSurfaceRendererScratch/vcpkg_installed/x64-windows/Microsoft Visual Studio/18/Community/Common7/IDE/VC/Linux/bin/ConnectionManagerExe/rc.com"
      - "D:/WaterSurfaceRendererScratch/vcpkg_installed/x64-windows/Microsoft Visual Studio/18/Community/Common7/IDE/VC/Linux/bin/ConnectionManagerExe/rc.exe"
      - "D:/WaterSurfaceRendererScratch/vcpkg_installed/x64-windows/Microsoft Visual Studio/18/Community/Common7/IDE/VC/Linux/bin/ConnectionManagerExe/rc"
      - "D:/WaterSurfaceRendererScratch/vcpkg_installed/x64-windows/Microsoft Visual Studio/18/Community/VC/vcpkg/rc.com"
      - "D:/WaterSurfaceRendererScratch/vcpkg_installed/x64-windows/Microsoft Visual Studio/18/Community/VC/vcpkg/rc.exe"
      - "D:/WaterSurfaceRendererScratch/vcpkg_installed/x64-windows/Microsoft Visual Studio/18/Community/VC/vcpkg/rc"
      - "D:/WaterSurfaceRendererScratch/vcpkg_installed/x64-windows/Program Files/bin/rc.com"
      - "D:/WaterSurfaceRendererScratch/vcpkg_installed/x64-windows/Program Files/bin/rc.exe"
      - "D:/WaterSurfaceRendererScratch/vcpkg_installed/x64-windows/Program Files/bin/rc"
      - "D:/WaterSurfaceRendererScratch/vcpkg_installed/x64-windows/Program Files/sbin/rc.com"
      - "D:/WaterSurfaceRendererScratch/vcpkg_installed/x64-windows/Program Files/sbin/rc.exe"
      - "D:/WaterSurfaceRendererScratch/vcpkg_installed/x64-windows/Program Files/sbin/rc"
      - "D:/WaterSurfaceRendererScratch/vcpkg_installed/x64-windows/Program Files/rc.com"
      - "D:/WaterSurfaceRendererScratch/vcpkg_installed/x64-windows/Program Files/rc.exe"
      - "D:/WaterSurfaceRendererScratch/vcpkg_installed/x64-windows/Program Files/rc"
      - "D:/WaterSurfaceRendererScratch/vcpkg_installed/x64-windows/Program Files (x86)/bin/rc.com"
      - "D:/WaterSurfaceRendererScratch/vcpkg_installed/x64-windows/Program Files (x86)/bin/rc.exe"
      - "D:/WaterSurfaceRendererScratch/vcpkg_installed/x64-windows/Program Files (x86)/bin/rc"
      - "D:/WaterSurfaceRendererScratch/vcpkg_installed/x64-windows/Program Files (x86)/sbin/rc.com"
      - "D:/WaterSurfaceRendererScratch/vcpkg_installed/x64-windows/Program Files (x86)/sbin/rc.exe"
      - "D:/WaterSurfaceRendererScratch/vcpkg_installed/x64-windows/Program Files (x86)/sbin/rc"
      - "D:/WaterSurfaceRendererScratch/vcpkg_installed/x64-windows/Program Files (x86)/rc.com"
      - "D:/WaterSurfaceRendererScratch/vcpkg_installed/x64-windows/Program Files (x86)/rc.exe"
      - "D:/WaterSurfaceRendererScratch/vcpkg_installed/x64-windows/Program Files (x86)/rc"
      - "D:/WaterSurfaceRendererScratch/vcpkg_installed/x64-windows/Microsoft Visual Studio/18/Community/Common7/IDE/CommonExtensions/Microsoft/CMake/CMake/bin/rc.com"
      - "D:/WaterSurfaceRendererScratch/vcpkg_installed/x64-windows/Microsoft Visual Studio/18/Community/Common7/IDE/CommonExtensions/Microsoft/CMake/CMake/bin/rc.exe"
      - "D:/WaterSurfaceRendererScratch/vcpkg_installed/x64-windows/Microsoft Visual Studio/18/Community/Common7/IDE/CommonExtensions/Microsoft/CMake/CMake/bin/rc"
      - "D:/WaterSurfaceRendererScratch/vcpkg_installed/x64-windows/Microsoft Visual Studio/18/Community/Common7/IDE/CommonExtensions/Microsoft/CMake/CMake/sbin/rc.com"
      - "D:/WaterSurfaceRendererScratch/vcpkg_installed/x64-windows/Microsoft Visual Studio/18/Community/Common7/IDE/CommonExtensions/Microsoft/CMake/CMake/sbin/rc.exe"
      - "D:/WaterSurfaceRendererScratch/vcpkg_installed/x64-windows/Microsoft Visual Studio/18/Community/Common7/IDE/CommonExtensions/Microsoft/CMake/CMake/sbin/rc"
      - "D:/WaterSurfaceRendererScratch/vcpkg_installed/x64-windows/Microsoft Visual Studio/18/Community/Common7/IDE/CommonExtensions/Microsoft/CMake/CMake/rc.com"
      - "D:/WaterSurfaceRendererScratch/vcpkg_installed/x64-windows/Microsoft Visual Studio/18/Community/Common7/IDE/CommonExtensions/Microsoft/CMake/CMake/rc.exe"
      - "D:/WaterSurfaceRendererScratch/vcpkg_installed/x64-windows/Microsoft Visual Studio/18/Community/Common7/IDE/CommonExtensions/Microsoft/CMake/CMake/rc"
      - "D:/WaterSurfaceRendererScratch/vcpkg_installed/x64-windows/WaterSurfaceRendererScratch/vcpkg_installed/vcpkg/pkgs/fftw3_x64-windows/debug/bin/rc.com"
      - "D:/WaterSurfaceRendererScratch/vcpkg_installed/x64-windows/WaterSurfaceRendererScratch/vcpkg_installed/vcpkg/pkgs/fftw3_x64-windows/debug/bin/rc.exe"
      - "D:/WaterSurfaceRendererScratch/vcpkg_installed/x64-windows/WaterSurfaceRendererScratch/vcpkg_installed/vcpkg/pkgs/fftw3_x64-windows/debug/bin/rc"
      - "D:/WaterSurfaceRendererScratch/vcpkg_installed/x64-windows/WaterSurfaceRendererScratch/vcpkg_installed/vcpkg/pkgs/fftw3_x64-windows/debug/sbin/rc.com"
      - "D:/WaterSurfaceRendererScratch/vcpkg_installed/x64-windows/WaterSurfaceRendererScratch/vcpkg_installed/vcpkg/pkgs/fftw3_x64-windows/debug/sbin/rc.exe"
      - "D:/WaterSurfaceRendererScratch/vcpkg_installed/x64-windows/WaterSurfaceRendererScratch/vcpkg_installed/vcpkg/pkgs/fftw3_x64-windows/debug/sbin/rc"
      - "D:/WaterSurfaceRendererScratch/vcpkg_installed/x64-windows/WaterSurfaceRendererScratch/vcpkg_installed/vcpkg/pkgs/fftw3_x64-windows/debug/rc.com"
      - "D:/WaterSurfaceRendererScratch/vcpkg_installed/x64-windows/WaterSurfaceRendererScratch/vcpkg_installed/vcpkg/pkgs/fftw3_x64-windows/debug/rc.exe"
      - "D:/WaterSurfaceRendererScratch/vcpkg_installed/x64-windows/WaterSurfaceRendererScratch/vcpkg_installed/vcpkg/pkgs/fftw3_x64-windows/debug/rc"
      - "D:/WaterSurfaceRendererScratch/vcpkg_installed/x64-windows/debug/bin/rc.com"
      - "D:/WaterSurfaceRendererScratch/vcpkg_installed/x64-windows/debug/bin/rc.exe"
      - "D:/WaterSurfaceRendererScratch/vcpkg_installed/x64-windows/debug/bin/rc"
      - "D:/WaterSurfaceRendererScratch/vcpkg_installed/x64-windows/debug/sbin/rc.com"
      - "D:/WaterSurfaceRendererScratch/vcpkg_installed/x64-windows/debug/sbin/rc.exe"
      - "D:/WaterSurfaceRendererScratch/vcpkg_installed/x64-windows/debug/sbin/rc"
      - "D:/WaterSurfaceRendererScratch/vcpkg_installed/x64-windows/debug/rc.com"
      - "D:/WaterSurfaceRendererScratch/vcpkg_installed/x64-windows/debug/rc.exe"
      - "D:/WaterSurfaceRendererScratch/vcpkg_installed/x64-windows/debug/rc"
      - "D:/WaterSurfaceRendererScratch/vcpkg_installed/x64-windows/bin/rc.com"
      - "D:/WaterSurfaceRendererScratch/vcpkg_installed/x64-windows/bin/rc.exe"
      - "D:/WaterSurfaceRendererScratch/vcpkg_installed/x64-windows/bin/rc"
      - "D:/WaterSurfaceRendererScratch/vcpkg_installed/x64-windows/sbin/rc.com"
      - "D:/WaterSurfaceRendererScratch/vcpkg_installed/x64-windows/sbin/rc.exe"
      - "D:/WaterSurfaceRendererScratch/vcpkg_installed/x64-windows/sbin/rc"
      - "D:/WaterSurfaceRendererScratch/vcpkg_installed/x64-windows/rc.com"
      - "D:/WaterSurfaceRendererScratch/vcpkg_installed/x64-windows/rc.exe"
      - "D:/WaterSurfaceRendererScratch/vcpkg_installed/x64-windows/rc"
      - "D:/WaterSurfaceRendererScratch/vcpkg_installed/x64-windows/tools/rc.com"
      - "D:/WaterSurfaceRendererScratch/vcpkg_installed/x64-windows/tools/rc.exe"
      - "D:/WaterSurfaceRendererScratch/vcpkg_installed/x64-windows/tools/rc"
      - "D:/Microsoft Visual Studio/18/Community/VC/Tools/MSVC/14.51.36231/bin/Hostx64/x64/rc.com"
      - "D:/Microsoft Visual Studio/18/Community/VC/Tools/MSVC/14.51.36231/bin/Hostx64/x64/rc.exe"
      - "D:/Microsoft Visual Studio/18/Community/VC/Tools/MSVC/14.51.36231/bin/Hostx64/x64/rc"
      - "D:/Microsoft Visual Studio/18/Community/Common7/IDE/VC/vcpackages/rc.com"
      - "D:/Microsoft Visual Studio/18/Community/Common7/IDE/VC/vcpackages/rc.exe"
      - "D:/Microsoft Visual Studio/18/Community/Common7/IDE/VC/vcpackages/rc"
      - "D:/Microsoft Visual Studio/18/Community/Common7/IDE/CommonExtensions/Microsoft/TestWindow/rc.com"
      - "D:/Microsoft Visual Studio/18/Community/Common7/IDE/CommonExtensions/Microsoft/TestWindow/rc.exe"
      - "D:/Microsoft Visual Studio/18/Community/Common7/IDE/CommonExtensions/Microsoft/TestWindow/rc"
      - "D:/Microsoft Visual Studio/18/Community/Common7/IDE/CommonExtensions/Microsoft/TeamFoundation/Team Explorer/rc.com"
      - "D:/Microsoft Visual Studio/18/Community/Common7/IDE/CommonExtensions/Microsoft/TeamFoundation/Team Explorer/rc.exe"
      - "D:/Microsoft Visual Studio/18/Community/Common7/IDE/CommonExtensions/Microsoft/TeamFoundation/Team Explorer/rc"
      - "D:/Microsoft Visual Studio/18/Community/MSBuild/Current/Bin/Roslyn/rc.com"
      - "D:/Microsoft Visual Studio/18/Community/MSBuild/Current/Bin/Roslyn/rc.exe"
      - "D:/Microsoft Visual Studio/18/Community/MSBuild/Current/Bin/Roslyn/rc"
      - "C:/Program Files (x86)/Microsoft SDKs/Windows/v10.0A/bin/NETFX 4.8 Tools/x64/rc.com"
      - "C:/Program Files (x86)/Microsoft SDKs/Windows/v10.0A/bin/NETFX 4.8 Tools/x64/rc.exe"
      - "C:/Program Files (x86)/Microsoft SDKs/Windows/v10.0A/bin/NETFX 4.8 Tools/x64/rc"
      - "D:/Microsoft Visual Studio/18/Community/Team Tools/DiagnosticsHub/Collector/rc.com"
      - "D:/Microsoft Visual Studio/18/Community/Team Tools/DiagnosticsHub/Collector/rc.exe"
      - "D:/Microsoft Visual Studio/18/Community/Team Tools/DiagnosticsHub/Collector/rc"
      - "D:/Microsoft Visual Studio/18/Community/Common7/IDE/Extensions/Microsoft/CodeCoverage.Console/rc.com"
      - "D:/Microsoft Visual Studio/18/Community/Common7/IDE/Extensions/Microsoft/CodeCoverage.Console/rc.exe"
      - "D:/Microsoft Visual Studio/18/Community/Common7/IDE/Extensions/Microsoft/CodeCoverage.Console/rc"
      - "C:/Program Files (x86)/Windows Kits/10/bin/10.0.26100.0/x64/rc.com"
    found: "C:/Program Files (x86)/Windows Kits/10/bin/10.0.26100.0/x64/rc.exe"
    search_context:
      CMAKE_PROGRAM_PATH:
        - "D:/WaterSurfaceRendererScratch/vcpkg_installed/x64-windows/tools"
      CMAKE_PREFIX_PATH:
        - "D:/WaterSurfaceRendererScratch/vcpkg_installed/x64-windows/debug"
        - "D:/WaterSurfaceRendererScratch/vcpkg_installed/x64-windows"
      ENV{PATH}:
        - "D:\\Microsoft Visual Studio\\18\\Community\\VC\\Tools\\MSVC\\14.51.36231\\bin\\HostX64\\x64"
        - "D:\\Microsoft Visual Studio\\18\\Community\\Common7\\IDE\\VC\\VCPackages"
        - "D:\\Microsoft Visual Studio\\18\\Community\\Common7\\IDE\\CommonExtensions\\Microsoft\\TestWindow"
        - "D:\\Microsoft Visual Studio\\18\\Community\\Common7\\IDE\\CommonExtensions\\Microsoft\\TeamFoundation\\Team Explorer"
        - "D:\\Microsoft Visual Studio\\18\\Community\\MSBuild\\Current\\bin\\Roslyn"
        - "C:\\Program Files (x86)\\Microsoft SDKs\\Windows\\v10.0A\\bin\\NETFX 4.8 Tools\\x64\\"
        - "D:\\Microsoft Visual Studio\\18\\Community\\Team Tools\\DiagnosticsHub\\Collector"
        - "D:\\Microsoft Visual Studio\\18\\Community\\Common7\\IDE\\Extensions\\Microsoft\\CodeCoverage.Console"
        - "C:\\Program Files (x86)\\Windows Kits\\10\\bin\\10.0.26100.0\\\\x64"
        - "C:\\Program Files (x86)\\Windows Kits\\10\\bin\\\\x64"
        - "D:\\Microsoft Visual Studio\\18\\Community\\\\MSBuild\\Current\\Bin\\amd64"
        - "C:\\Windows\\Microsoft.NET\\Framework64\\v4.0.30319"
        - "D:\\Microsoft Visual Studio\\18\\Community\\Common7\\IDE\\"
        - "D:\\Microsoft Visual Studio\\18\\Community\\Common7\\Tools\\"
        - "C:\\Users\\xukeheng\\AppData\\Local\\vcpkg\\downloads\\tools\\powershell-core-7.5.4-windows"
        - "C:\\windows\\system32"
        - "C:\\windows"
        - "C:\\windows\\system32\\Wbem"
        - "C:\\windows\\system32\\WindowsPowerShell\\v1.0\\"
        - "C:\\windows\\system32\\OpenSSH\\"
        - "D:\\Microsoft Visual Studio\\18\\Community\\Common7\\IDE\\CommonExtensions\\Microsoft\\CMake\\CMake\\bin"
        - "D:\\Microsoft Visual Studio\\18\\Community\\Common7\\IDE\\CommonExtensions\\Microsoft\\CMake\\Ninja"
        - "D:\\Microsoft Visual Studio\\18\\Community\\Common7\\IDE\\VC\\Linux\\bin\\ConnectionManagerExe"
        - "D:\\Microsoft Visual Studio\\18\\Community\\VC\\vcpkg"
        - "D:\\Microsoft Visual Studio\\18\\Community\\Common7\\IDE\\CommonExtensions\\Microsoft\\CMake\\Ninja"
        - "D:\\Microsoft Visual Studio\\18\\Community\\Common7\\IDE\\CommonExtensions\\Microsoft\\CMake\\Ninja"
      CMAKE_INSTALL_PREFIX: "D:/WaterSurfaceRendererScratch/vcpkg_installed/vcpkg/pkgs/fftw3_x64-windows/debug"
      CMAKE_SYSTEM_PREFIX_PATH:
        - "C:/Program Files"
        - "C:/Program Files (x86)"
        - "D:/Microsoft Visual Studio/18/Community/Common7/IDE/CommonExtensions/Microsoft/CMake/CMake"
        - "D:/WaterSurfaceRendererScratch/vcpkg_installed/vcpkg/pkgs/fftw3_x64-windows/debug"
      CMAKE_FIND_ROOT_PATH: "D:/WaterSurfaceRendererScratch/vcpkg_installed/x64-windows/debug;D:/WaterSurfaceRendererScratch/vcpkg_installed/x64-windows"
  -
    kind: "try_compile-v1"
    backtrace:
      - "D:/Microsoft Visual Studio/18/Community/Common7/IDE/CommonExtensions/Microsoft/CMake/CMake/share/cmake-4.3/Modules/CMakeDetermineCompilerABI.cmake:83 (try_compile)"
      - "D:/Microsoft Visual Studio/18/Community/Common7/IDE/CommonExtensions/Microsoft/CMake/CMake/share/cmake-4.3/Modules/CMakeTestCCompiler.cmake:26 (CMAKE_DETERMINE_COMPILER_ABI)"
      - "CMakeLists.txt:7 (project)"
    checks:
      - "Detecting C compiler ABI info"
    directories:
      source: "D:/WaterSurfaceRendererScratch/vcpkg_installed/vcpkg/blds/fftw3/x64-windows-dbg/CMakeFiles/CMakeScratch/TryCompile-1lp90v"
      binary: "D:/WaterSurfaceRendererScratch/vcpkg_installed/vcpkg/blds/fftw3/x64-windows-dbg/CMakeFiles/CMakeScratch/TryCompile-1lp90v"
    cmakeVariables:
      CMAKE_CXX_STDLIB_MODULES_JSON: ""
      CMAKE_C_FLAGS: " /nologo /DWIN32 /D_WINDOWS /utf-8 /MP "
      CMAKE_EXE_LINKER_FLAGS: "/machine:x64"
      CMAKE_MSVC_DEBUG_INFORMATION_FORMAT: ""
      CMAKE_MSVC_RUNTIME_LIBRARY: "MultiThreaded$<$<CONFIG:Debug>:Debug>$<$<STREQUAL:dynamic,dynamic>:DLL>"
      VCPKG_CHAINLOAD_TOOLCHAIN_FILE: "D:/Microsoft Visual Studio/18/Community/VC/vcpkg/scripts/toolchains/windows.cmake"
      VCPKG_CRT_LINKAGE: "dynamic"
      VCPKG_CXX_FLAGS: ""
      VCPKG_CXX_FLAGS_DEBUG: ""
      VCPKG_CXX_FLAGS_RELEASE: ""
      VCPKG_C_FLAGS: ""
      VCPKG_C_FLAGS_DEBUG: ""
      VCPKG_C_FLAGS_RELEASE: ""
      VCPKG_INSTALLED_DIR: "D:/WaterSurfaceRendererScratch/vcpkg_installed"
      VCPKG_LINKER_FLAGS: ""
      VCPKG_LINKER_FLAGS_DEBUG: ""
      VCPKG_LINKER_FLAGS_RELEASE: ""
      VCPKG_PLATFORM_TOOLSET: "v145"
      VCPKG_PREFER_SYSTEM_LIBS: "OFF"
      VCPKG_SET_CHARSET_FLAG: "ON"
      VCPKG_TARGET_ARCHITECTURE: "x64"
      VCPKG_TARGET_TRIPLET: "x64-windows"
      Z_VCPKG_ROOT_DIR: "D:/Microsoft Visual Studio/18/Community/VC/vcpkg"
    buildResult:
      variable: "CMAKE_C_ABI_COMPILED"
      cached: true
      stdout: |
        Change Dir: 'D:/WaterSurfaceRendererScratch/vcpkg_installed/vcpkg/blds/fftw3/x64-windows-dbg/CMakeFiles/CMakeScratch/TryCompile-1lp90v'
        
        Run Build Command(s): "D:/Microsoft Visual Studio/18/Community/Common7/IDE/CommonExtensions/Microsoft/CMake/Ninja/ninja.exe" -v cmTC_beb4e
        [1/2] "D:\\Microsoft Visual Studio\\18\\Community\\VC\\Tools\\MSVC\\14.51.36231\\bin\\Hostx64\\x64\\cl.exe"  /nologo -D_MBCS  /nologo /DWIN32 /D_WINDOWS /utf-8 /MP   /MDd /Z7 /Ob0 /Od /RTC1 /showIncludes /FoCMakeFiles\\cmTC_beb4e.dir\\CMakeCCompilerABI.c.obj /FdCMakeFiles\\cmTC_beb4e.dir\\ /FS -c "D:\\Microsoft Visual Studio\\18\\Community\\Common7\\IDE\\CommonExtensions\\Microsoft\\CMake\\CMake\\share\\cmake-4.3\\Modules\\CMakeCCompilerABI.c"
        [2/2] C:\\windows\\system32\\cmd.exe /C "cd . && "D:\\Microsoft Visual Studio\\18\\Community\\Common7\\IDE\\CommonExtensions\\Microsoft\\CMake\\CMake\\bin\\cmake.exe" -E vs_link_exe --msvc-ver=1951 --intdir=CMakeFiles\\cmTC_beb4e.dir --rc=C:\\PROGRA~2\\WI3CF2~1\\10\\bin\\100261~1.0\\x64\\rc.exe --mt=C:\\PROGRA~2\\WI3CF2~1\\10\\bin\\100261~1.0\\x64\\mt.exe --manifests  -- "D:\\Microsoft Visual Studio\\18\\Community\\VC\\Tools\\MSVC\\14.51.36231\\bin\\Hostx64\\x64\\link.exe" /nologo CMakeFiles\\cmTC_beb4e.dir\\CMakeCCompilerABI.c.obj  /out:cmTC_beb4e.exe /implib:cmTC_beb4e.lib /pdb:cmTC_beb4e.pdb /version:0.0 /machine:x64 /nologo /debug /INCREMENTAL /subsystem:console  kernel32.lib user32.lib gdi32.lib winspool.lib shell32.lib ole32.lib oleaut32.lib uuid.lib comdlg32.lib advapi32.lib && cd ."
        
      exitCode: 0
  -
    kind: "message-v1"
    backtrace:
      - "D:/Microsoft Visual Studio/18/Community/Common7/IDE/CommonExtensions/Microsoft/CMake/CMake/share/cmake-4.3/Modules/CMakeDetermineCompilerABI.cmake:253 (message)"
      - "D:/Microsoft Visual Studio/18/Community/Common7/IDE/CommonExtensions/Microsoft/CMake/CMake/share/cmake-4.3/Modules/CMakeTestCCompiler.cmake:26 (CMAKE_DETERMINE_COMPILER_ABI)"
      - "CMakeLists.txt:7 (project)"
    message: |
      Parsed C implicit link information:
        link line regex: [^( *|.*[/\\])(ld[0-9]*(|\\.[a-rt-z][a-z]*|\\.s[a-np-z][a-z]*|\\.so[a-z]+)|link\\.exe|lld-link(\\.exe)?|CMAKE_LINK_STARTFILE-NOTFOUND|([^/\\]+-)?ld|collect2)[^/\\]*( |$)]
        linker tool regex: [^[ 	]*(->|"|[0-9]+>[ 	-]*Build:[ 	0-9]+ ms[ 	]*)?[ 	]*(([^"]*[/\\])?(ld[0-9]*(|\\.[a-rt-z][a-z]*|\\.s[a-np-z][a-z]*|\\.so[a-z]+)|link\\.exe|lld-link(\\.exe)?))("|,| |$)]
        implicit libs: []
        implicit objs: []
        implicit dirs: []
        implicit fwks: []
      
      
  -
    kind: "try_compile-v1"
    backtrace:
      - "D:/Microsoft Visual Studio/18/Community/Common7/IDE/CommonExtensions/Microsoft/CMake/CMake/share/cmake-4.3/Modules/CMakeDetermineCompilerABI.cmake:83 (try_compile)"
      - "D:/Microsoft Visual Studio/18/Community/Common7/IDE/CommonExtensions/Microsoft/CMake/CMake/share/cmake-4.3/Modules/CMakeTestCXXCompiler.cmake:26 (CMAKE_DETERMINE_COMPILER_ABI)"
      - "CMakeLists.txt:7 (project)"
    checks:
      - "Detecting CXX compiler ABI info"
    directories:
      source: "D:/WaterSurfaceRendererScratch/vcpkg_installed/vcpkg/blds/fftw3/x64-windows-dbg/CMakeFiles/CMakeScratch/TryCompile-e9dpfv"
      binary: "D:/WaterSurfaceRendererScratch/vcpkg_installed/vcpkg/blds/fftw3/x64-windows-dbg/CMakeFiles/CMakeScratch/TryCompile-e9dpfv"
    cmakeVariables:
      CMAKE_CXX_FLAGS: " /nologo /DWIN32 /D_WINDOWS /utf-8 /GR /EHsc /MP "
      CMAKE_CXX_SCAN_FOR_MODULES: "OFF"
      CMAKE_CXX_STDLIB_MODULES_JSON: ""
      CMAKE_EXE_LINKER_FLAGS: "/machine:x64"
      CMAKE_MSVC_DEBUG_INFORMATION_FORMAT: ""
      CMAKE_MSVC_RUNTIME_LIBRARY: "MultiThreaded$<$<CONFIG:Debug>:Debug>$<$<STREQUAL:dynamic,dynamic>:DLL>"
      VCPKG_CHAINLOAD_TOOLCHAIN_FILE: "D:/Microsoft Visual Studio/18/Community/VC/vcpkg/scripts/toolchains/windows.cmake"
      VCPKG_CRT_LINKAGE: "dynamic"
      VCPKG_CXX_FLAGS: ""
      VCPKG_CXX_FLAGS_DEBUG: ""
      VCPKG_CXX_FLAGS_RELEASE: ""
      VCPKG_C_FLAGS: ""
      VCPKG_C_FLAGS_DEBUG: ""
      VCPKG_C_FLAGS_RELEASE: ""
      VCPKG_INSTALLED_DIR: "D:/WaterSurfaceRendererScratch/vcpkg_installed"
      VCPKG_LINKER_FLAGS: ""
      VCPKG_LINKER_FLAGS_DEBUG: ""
      VCPKG_LINKER_FLAGS_RELEASE: ""
      VCPKG_PLATFORM_TOOLSET: "v145"
      VCPKG_PREFER_SYSTEM_LIBS: "OFF"
      VCPKG_SET_CHARSET_FLAG: "ON"
      VCPKG_TARGET_ARCHITECTURE: "x64"
      VCPKG_TARGET_TRIPLET: "x64-windows"
      Z_VCPKG_ROOT_DIR: "D:/Microsoft Visual Studio/18/Community/VC/vcpkg"
    buildResult:
      variable: "CMAKE_CXX_ABI_COMPILED"
      cached: true
      stdout: |
        Change Dir: 'D:/WaterSurfaceRendererScratch/vcpkg_installed/vcpkg/blds/fftw3/x64-windows-dbg/CMakeFiles/CMakeScratch/TryCompile-e9dpfv'
        
        Run Build Command(s): "D:/Microsoft Visual Studio/18/Community/Common7/IDE/CommonExtensions/Microsoft/CMake/Ninja/ninja.exe" -v cmTC_2ab15
        [1/2] "D:\\Microsoft Visual Studio\\18\\Community\\VC\\Tools\\MSVC\\14.51.36231\\bin\\Hostx64\\x64\\cl.exe"  /nologo /TP -D_MBCS  /nologo /DWIN32 /D_WINDOWS /utf-8 /GR /EHsc /MP   /MDd /Z7 /Ob0 /Od /RTC1 /showIncludes /FoCMakeFiles\\cmTC_2ab15.dir\\CMakeCXXCompilerABI.cpp.obj /FdCMakeFiles\\cmTC_2ab15.dir\\ /FS -c "D:\\Microsoft Visual Studio\\18\\Community\\Common7\\IDE\\CommonExtensions\\Microsoft\\CMake\\CMake\\share\\cmake-4.3\\Modules\\CMakeCXXCompilerABI.cpp"
        [2/2] C:\\windows\\system32\\cmd.exe /C "cd . && "D:\\Microsoft Visual Studio\\18\\Community\\Common7\\IDE\\CommonExtensions\\Microsoft\\CMake\\CMake\\bin\\cmake.exe" -E vs_link_exe --msvc-ver=1951 --intdir=CMakeFiles\\cmTC_2ab15.dir --rc=C:\\PROGRA~2\\WI3CF2~1\\10\\bin\\100261~1.0\\x64\\rc.exe --mt=C:\\PROGRA~2\\WI3CF2~1\\10\\bin\\100261~1.0\\x64\\mt.exe --manifests  -- "D:\\Microsoft Visual Studio\\18\\Community\\VC\\Tools\\MSVC\\14.51.36231\\bin\\Hostx64\\x64\\link.exe" /nologo CMakeFiles\\cmTC_2ab15.dir\\CMakeCXXCompilerABI.cpp.obj  /out:cmTC_2ab15.exe /implib:cmTC_2ab15.lib /pdb:cmTC_2ab15.pdb /version:0.0 /machine:x64 /nologo /debug /INCREMENTAL /subsystem:console  kernel32.lib user32.lib gdi32.lib winspool.lib shell32.lib ole32.lib oleaut32.lib uuid.lib comdlg32.lib advapi32.lib && cd ."
        
      exitCode: 0
  -
    kind: "message-v1"
    backtrace:
      - "D:/Microsoft Visual Studio/18/Community/Common7/IDE/CommonExtensions/Microsoft/CMake/CMake/share/cmake-4.3/Modules/CMakeDetermineCompilerABI.cmake:253 (message)"
      - "D:/Microsoft Visual Studio/18/Community/Common7/IDE/CommonExtensions/Microsoft/CMake/CMake/share/cmake-4.3/Modules/CMakeTestCXXCompiler.cmake:26 (CMAKE_DETERMINE_COMPILER_ABI)"
      - "CMakeLists.txt:7 (project)"
    message: |
      Parsed CXX implicit link information:
        link line regex: [^( *|.*[/\\])(ld[0-9]*(|\\.[a-rt-z][a-z]*|\\.s[a-np-z][a-z]*|\\.so[a-z]+)|link\\.exe|lld-link(\\.exe)?|CMAKE_LINK_STARTFILE-NOTFOUND|([^/\\]+-)?ld|collect2)[^/\\]*( |$)]
        linker tool regex: [^[ 	]*(->|"|[0-9]+>[ 	-]*Build:[ 	0-9]+ ms[ 	]*)?[ 	]*(([^"]*[/\\])?(ld[0-9]*(|\\.[a-rt-z][a-z]*|\\.s[a-np-z][a-z]*|\\.so[a-z]+)|link\\.exe|lld-link(\\.exe)?))("|,| |$)]
        implicit libs: []
        implicit objs: []
        implicit dirs: []
        implicit fwks: []
      
      
  -
    kind: "try_compile-v1"
    backtrace:
      - "D:/Microsoft Visual Studio/18/Community/Common7/IDE/CommonExtensions/Microsoft/CMake/CMake/share/cmake-4.3/Modules/CheckIncludeFile.cmake:174 (try_compile)"
      - "CMakeLists.txt:36 (check_include_file)"
    checks:
      - "Looking for alloca.h"
    directories:
      source: "D:/WaterSurfaceRendererScratch/vcpkg_installed/vcpkg/blds/fftw3/x64-windows-dbg/CMakeFiles/CMakeScratch/TryCompile-49ckpn"
      binary: "D:/WaterSurfaceRendererScratch/vcpkg_installed/vcpkg/blds/fftw3/x64-windows-dbg/CMakeFiles/CMakeScratch/TryCompile-49ckpn"
    cmakeVariables:
      CMAKE_CXX_STDLIB_MODULES_JSON: ""
      CMAKE_C_FLAGS: " /nologo /DWIN32 /D_WINDOWS /utf-8 /MP "
      CMAKE_EXE_LINKER_FLAGS: "/machine:x64"
      CMAKE_MSVC_DEBUG_INFORMATION_FORMAT: ""
      CMAKE_MSVC_RUNTIME_LIBRARY: "MultiThreaded$<$<CONFIG:Debug>:Debug>$<$<STREQUAL:dynamic,dynamic>:DLL>"
      VCPKG_CHAINLOAD_TOOLCHAIN_FILE: "D:/Microsoft Visual Studio/18/Community/VC/vcpkg/scripts/toolchains/windows.cmake"
      VCPKG_CRT_LINKAGE: "dynamic"
      VCPKG_CXX_FLAGS: ""
      VCPKG_CXX_FLAGS_DEBUG: ""
      VCPKG_CXX_FLAGS_RELEASE: ""
      VCPKG_C_FLAGS: ""
      VCPKG_C_FLAGS_DEBUG: ""
      VCPKG_C_FLAGS_RELEASE: ""
      VCPKG_INSTALLED_DIR: "D:/WaterSurfaceRendererScratch/vcpkg_installed"
      VCPKG_LINKER_FLAGS: ""
      VCPKG_LINKER_FLAGS_DEBUG: ""
      VCPKG_LINKER_FLAGS_RELEASE: ""
      VCPKG_PLATFORM_TOOLSET: "v145"
      VCPKG_PREFER_SYSTEM_LIBS: "OFF"
      VCPKG_SET_CHARSET_FLAG: "ON"
      VCPKG_TARGET_ARCHITECTURE: "x64"
      VCPKG_TARGET_TRIPLET: "x64-windows"
      Z_VCPKG_ROOT_DIR: "D:/Microsoft Visual Studio/18/Community/VC/vcpkg"
    buildResult:
      variable: "HAVE_ALLOCA_H"
      cached: true
      stdout: |
        Change Dir: 'D:/WaterSurfaceRendererScratch/vcpkg_installed/vcpkg/blds/fftw3/x64-windows-dbg/CMakeFiles/CMakeScratch/TryCompile-49ckpn'
        
        Run Build Command(s): "D:/Microsoft Visual Studio/18/Community/Common7/IDE/CommonExtensions/Microsoft/CMake/Ninja/ninja.exe" -v cmTC_d5612
        [1/2] "D:\\Microsoft Visual Studio\\18\\Community\\VC\\Tools\\MSVC\\14.51.36231\\bin\\Hostx64\\x64\\cl.exe"  /nologo -D_MBCS  /nologo /DWIN32 /D_WINDOWS /utf-8 /MP   /MDd /Z7 /Ob0 /Od /RTC1 /showIncludes /FoCMakeFiles\\cmTC_d5612.dir\\CheckIncludeFile.c.obj /FdCMakeFiles\\cmTC_d5612.dir\\ /FS -c D:\\WaterSurfaceRendererScratch\\vcpkg_installed\\vcpkg\\blds\\fftw3\\x64-windows-dbg\\CMakeFiles\\CMakeScratch\\TryCompile-49ckpn\\CheckIncludeFile.c
        FAILED: [code=2] CMakeFiles/cmTC_d5612.dir/CheckIncludeFile.c.obj 
        "D:\\Microsoft Visual Studio\\18\\Community\\VC\\Tools\\MSVC\\14.51.36231\\bin\\Hostx64\\x64\\cl.exe"  /nologo -D_MBCS  /nologo /DWIN32 /D_WINDOWS /utf-8 /MP   /MDd /Z7 /Ob0 /Od /RTC1 /showIncludes /FoCMakeFiles\\cmTC_d5612.dir\\CheckIncludeFile.c.obj /FdCMakeFiles\\cmTC_d5612.dir\\ /FS -c D:\\WaterSurfaceRendererScratch\\vcpkg_installed\\vcpkg\\blds\\fftw3\\x64-windows-dbg\\CMakeFiles\\CMakeScratch\\TryCompile-49ckpn\\CheckIncludeFile.c
        D:\\WaterSurfaceRendererScratch\\vcpkg_installed\\vcpkg\\blds\\fftw3\\x64-windows-dbg\\CMakeFiles\\CMakeScratch\\TryCompile-49ckpn\\CheckIncludeFile.c(1): fatal error C1083: 无法打开包括文件: “alloca.h”: No such file or directory
        ninja: build stopped: subcommand failed.
        
      exitCode: 2
  -
    kind: "try_compile-v1"
    backtrace:
      - "D:/Microsoft Visual Studio/18/Community/Common7/IDE/CommonExtensions/Microsoft/CMake/CMake/share/cmake-4.3/Modules/CheckIncludeFile.cmake:174 (try_compile)"
      - "CMakeLists.txt:37 (check_include_file)"
    checks:
      - "Looking for altivec.h"
    directories:
      source: "D:/WaterSurfaceRendererScratch/vcpkg_installed/vcpkg/blds/fftw3/x64-windows-dbg/CMakeFiles/CMakeScratch/TryCompile-i4s8o7"
      binary: "D:/WaterSurfaceRendererScratch/vcpkg_installed/vcpkg/blds/fftw3/x64-windows-dbg/CMakeFiles/CMakeScratch/TryCompile-i4s8o7"
    cmakeVariables:
      CMAKE_CXX_STDLIB_MODULES_JSON: ""
      CMAKE_C_FLAGS: " /nologo /DWIN32 /D_WINDOWS /utf-8 /MP "
      CMAKE_EXE_LINKER_FLAGS: "/machine:x64"
      CMAKE_MSVC_DEBUG_INFORMATION_FORMAT: ""
      CMAKE_MSVC_RUNTIME_LIBRARY: "MultiThreaded$<$<CONFIG:Debug>:Debug>$<$<STREQUAL:dynamic,dynamic>:DLL>"
      VCPKG_CHAINLOAD_TOOLCHAIN_FILE: "D:/Microsoft Visual Studio/18/Community/VC/vcpkg/scripts/toolchains/windows.cmake"
      VCPKG_CRT_LINKAGE: "dynamic"
      VCPKG_CXX_FLAGS: ""
      VCPKG_CXX_FLAGS_DEBUG: ""
      VCPKG_CXX_FLAGS_RELEASE: ""
      VCPKG_C_FLAGS: ""
      VCPKG_C_FLAGS_DEBUG: ""
      VCPKG_C_FLAGS_RELEASE: ""
      VCPKG_INSTALLED_DIR: "D:/WaterSurfaceRendererScratch/vcpkg_installed"
      VCPKG_LINKER_FLAGS: ""
      VCPKG_LINKER_FLAGS_DEBUG: ""
      VCPKG_LINKER_FLAGS_RELEASE: ""
      VCPKG_PLATFORM_TOOLSET: "v145"
      VCPKG_PREFER_SYSTEM_LIBS: "OFF"
      VCPKG_SET_CHARSET_FLAG: "ON"
      VCPKG_TARGET_ARCHITECTURE: "x64"
      VCPKG_TARGET_TRIPLET: "x64-windows"
      Z_VCPKG_ROOT_DIR: "D:/Microsoft Visual Studio/18/Community/VC/vcpkg"
    buildResult:
      variable: "HAVE_ALTIVEC_H"
      cached: true
      stdout: |
        Change Dir: 'D:/WaterSurfaceRendererScratch/vcpkg_installed/vcpkg/blds/fftw3/x64-windows-dbg/CMakeFiles/CMakeScratch/TryCompile-i4s8o7'
        
        Run Build Command(s): "D:/Microsoft Visual Studio/18/Community/Common7/IDE/CommonExtensions/Microsoft/CMake/Ninja/ninja.exe" -v cmTC_b0d6e
        [1/2] "D:\\Microsoft Visual Studio\\18\\Community\\VC\\Tools\\MSVC\\14.51.36231\\bin\\Hostx64\\x64\\cl.exe"  /nologo -D_MBCS  /nologo /DWIN32 /D_WINDOWS /utf-8 /MP   /MDd /Z7 /Ob0 /Od /RTC1 /showIncludes /FoCMakeFiles\\cmTC_b0d6e.dir\\CheckIncludeFile.c.obj /FdCMakeFiles\\cmTC_b0d6e.dir\\ /FS -c D:\\WaterSurfaceRendererScratch\\vcpkg_installed\\vcpkg\\blds\\fftw3\\x64-windows-dbg\\CMakeFiles\\CMakeScratch\\TryCompile-i4s8o7\\CheckIncludeFile.c
        FAILED: [code=2] CMakeFiles/cmTC_b0d6e.dir/CheckIncludeFile.c.obj 
        "D:\\Microsoft Visual Studio\\18\\Community\\VC\\Tools\\MSVC\\14.51.36231\\bin\\Hostx64\\x64\\cl.exe"  /nologo -D_MBCS  /nologo /DWIN32 /D_WINDOWS /utf-8 /MP   /MDd /Z7 /Ob0 /Od /RTC1 /showIncludes /FoCMakeFiles\\cmTC_b0d6e.dir\\CheckIncludeFile.c.obj /FdCMakeFiles\\cmTC_b0d6e.dir\\ /FS -c D:\\WaterSurfaceRendererScratch\\vcpkg_installed\\vcpkg\\blds\\fftw3\\x64-windows-dbg\\CMakeFiles\\CMakeScratch\\TryCompile-i4s8o7\\CheckIncludeFile.c
        D:\\WaterSurfaceRendererScratch\\vcpkg_installed\\vcpkg\\blds\\fftw3\\x64-windows-dbg\\CMakeFiles\\CMakeScratch\\TryCompile-i4s8o7\\CheckIncludeFile.c(1): fatal error C1083: 无法打开包括文件: “altivec.h”: No such file or directory
        ninja: build stopped: subcommand failed.
        
      exitCode: 2
  -
    kind: "try_compile-v1"
    backtrace:
      - "D:/Microsoft Visual Studio/18/Community/Common7/IDE/CommonExtensions/Microsoft/CMake/CMake/share/cmake-4.3/Modules/CheckIncludeFile.cmake:174 (try_compile)"
      - "CMakeLists.txt:38 (check_include_file)"
    checks:
      - "Looking for c_asm.h"
    directories:
      source: "D:/WaterSurfaceRendererScratch/vcpkg_installed/vcpkg/blds/fftw3/x64-windows-dbg/CMakeFiles/CMakeScratch/TryCompile-g2v17m"
      binary: "D:/WaterSurfaceRendererScratch/vcpkg_installed/vcpkg/blds/fftw3/x64-windows-dbg/CMakeFiles/CMakeScratch/TryCompile-g2v17m"
    cmakeVariables:
      CMAKE_CXX_STDLIB_MODULES_JSON: ""
      CMAKE_C_FLAGS: " /nologo /DWIN32 /D_WINDOWS /utf-8 /MP "
      CMAKE_EXE_LINKER_FLAGS: "/machine:x64"
      CMAKE_MSVC_DEBUG_INFORMATION_FORMAT: ""
      CMAKE_MSVC_RUNTIME_LIBRARY: "MultiThreaded$<$<CONFIG:Debug>:Debug>$<$<STREQUAL:dynamic,dynamic>:DLL>"
      VCPKG_CHAINLOAD_TOOLCHAIN_FILE: "D:/Microsoft Visual Studio/18/Community/VC/vcpkg/scripts/toolchains/windows.cmake"
      VCPKG_CRT_LINKAGE: "dynamic"
      VCPKG_CXX_FLAGS: ""
      VCPKG_CXX_FLAGS_DEBUG: ""
      VCPKG_CXX_FLAGS_RELEASE: ""
      VCPKG_C_FLAGS: ""
      VCPKG_C_FLAGS_DEBUG: ""
      VCPKG_C_FLAGS_RELEASE: ""
      VCPKG_INSTALLED_DIR: "D:/WaterSurfaceRendererScratch/vcpkg_installed"
      VCPKG_LINKER_FLAGS: ""
      VCPKG_LINKER_FLAGS_DEBUG: ""
      VCPKG_LINKER_FLAGS_RELEASE: ""
      VCPKG_PLATFORM_TOOLSET: "v145"
      VCPKG_PREFER_SYSTEM_LIBS: "OFF"
      VCPKG_SET_CHARSET_FLAG: "ON"
      VCPKG_TARGET_ARCHITECTURE: "x64"
      VCPKG_TARGET_TRIPLET: "x64-windows"
      Z_VCPKG_ROOT_DIR: "D:/Microsoft Visual Studio/18/Community/VC/vcpkg"
    buildResult:
      variable: "HAVE_C_ASM_H"
      cached: true
      stdout: |
        Change Dir: 'D:/WaterSurfaceRendererScratch/vcpkg_installed/vcpkg/blds/fftw3/x64-windows-dbg/CMakeFiles/CMakeScratch/TryCompile-g2v17m'
        
        Run Build Command(s): "D:/Microsoft Visual Studio/18/Community/Common7/IDE/CommonExtensions/Microsoft/CMake/Ninja/ninja.exe" -v cmTC_e93da
        [1/2] "D:\\Microsoft Visual Studio\\18\\Community\\VC\\Tools\\MSVC\\14.51.36231\\bin\\Hostx64\\x64\\cl.exe"  /nologo -D_MBCS  /nologo /DWIN32 /D_WINDOWS /utf-8 /MP   /MDd /Z7 /Ob0 /Od /RTC1 /showIncludes /FoCMakeFiles\\cmTC_e93da.dir\\CheckIncludeFile.c.obj /FdCMakeFiles\\cmTC_e93da.dir\\ /FS -c D:\\WaterSurfaceRendererScratch\\vcpkg_installed\\vcpkg\\blds\\fftw3\\x64-windows-dbg\\CMakeFiles\\CMakeScratch\\TryCompile-g2v17m\\CheckIncludeFile.c
        FAILED: [code=2] CMakeFiles/cmTC_e93da.dir/CheckIncludeFile.c.obj 
        "D:\\Microsoft Visual Studio\\18\\Community\\VC\\Tools\\MSVC\\14.51.36231\\bin\\Hostx64\\x64\\cl.exe"  /nologo -D_MBCS  /nologo /DWIN32 /D_WINDOWS /utf-8 /MP   /MDd /Z7 /Ob0 /Od /RTC1 /showIncludes /FoCMakeFiles\\cmTC_e93da.dir\\CheckIncludeFile.c.obj /FdCMakeFiles\\cmTC_e93da.dir\\ /FS -c D:\\WaterSurfaceRendererScratch\\vcpkg_installed\\vcpkg\\blds\\fftw3\\x64-windows-dbg\\CMakeFiles\\CMakeScratch\\TryCompile-g2v17m\\CheckIncludeFile.c
        D:\\WaterSurfaceRendererScratch\\vcpkg_installed\\vcpkg\\blds\\fftw3\\x64-windows-dbg\\CMakeFiles\\CMakeScratch\\TryCompile-g2v17m\\CheckIncludeFile.c(1): fatal error C1083: 无法打开包括文件: “c_asm.h”: No such file or directory
        ninja: build stopped: subcommand failed.
        
      exitCode: 2
  -
    kind: "try_compile-v1"
    backtrace:
      - "D:/Microsoft Visual Studio/18/Community/Common7/IDE/CommonExtensions/Microsoft/CMake/CMake/share/cmake-4.3/Modules/CheckIncludeFile.cmake:174 (try_compile)"
      - "CMakeLists.txt:39 (check_include_file)"
    checks:
      - "Looking for dlfcn.h"
    directories:
      source: "D:/WaterSurfaceRendererScratch/vcpkg_installed/vcpkg/blds/fftw3/x64-windows-dbg/CMakeFiles/CMakeScratch/TryCompile-8jb2j9"
      binary: "D:/WaterSurfaceRendererScratch/vcpkg_installed/vcpkg/blds/fftw3/x64-windows-dbg/CMakeFiles/CMakeScratch/TryCompile-8jb2j9"
    cmakeVariables:
      CMAKE_CXX_STDLIB_MODULES_JSON: ""
      CMAKE_C_FLAGS: " /nologo /DWIN32 /D_WINDOWS /utf-8 /MP "
      CMAKE_EXE_LINKER_FLAGS: "/machine:x64"
      CMAKE_MSVC_DEBUG_INFORMATION_FORMAT: ""
      CMAKE_MSVC_RUNTIME_LIBRARY: "MultiThreaded$<$<CONFIG:Debug>:Debug>$<$<STREQUAL:dynamic,dynamic>:DLL>"
      VCPKG_CHAINLOAD_TOOLCHAIN_FILE: "D:/Microsoft Visual Studio/18/Community/VC/vcpkg/scripts/toolchains/windows.cmake"
      VCPKG_CRT_LINKAGE: "dynamic"
      VCPKG_CXX_FLAGS: ""
      VCPKG_CXX_FLAGS_DEBUG: ""
      VCPKG_CXX_FLAGS_RELEASE: ""
      VCPKG_C_FLAGS: ""
      VCPKG_C_FLAGS_DEBUG: ""
      VCPKG_C_FLAGS_RELEASE: ""
      VCPKG_INSTALLED_DIR: "D:/WaterSurfaceRendererScratch/vcpkg_installed"
      VCPKG_LINKER_FLAGS: ""
      VCPKG_LINKER_FLAGS_DEBUG: ""
      VCPKG_LINKER_FLAGS_RELEASE: ""
      VCPKG_PLATFORM_TOOLSET: "v145"
      VCPKG_PREFER_SYSTEM_LIBS: "OFF"
      VCPKG_SET_CHARSET_FLAG: "ON"
      VCPKG_TARGET_ARCHITECTURE: "x64"
      VCPKG_TARGET_TRIPLET: "x64-windows"
      Z_VCPKG_ROOT_DIR: "D:/Microsoft Visual Studio/18/Community/VC/vcpkg"
    buildResult:
      variable: "HAVE_DLFCN_H"
      cached: true
      stdout: |
        Change Dir: 'D:/WaterSurfaceRendererScratch/vcpkg_installed/vcpkg/blds/fftw3/x64-windows-dbg/CMakeFiles/CMakeScratch/TryCompile-8jb2j9'
        
        Run Build Command(s): "D:/Microsoft Visual Studio/18/Community/Common7/IDE/CommonExtensions/Microsoft/CMake/Ninja/ninja.exe" -v cmTC_3aecf
        [1/2] "D:\\Microsoft Visual Studio\\18\\Community\\VC\\Tools\\MSVC\\14.51.36231\\bin\\Hostx64\\x64\\cl.exe"  /nologo -D_MBCS  /nologo /DWIN32 /D_WINDOWS /utf-8 /MP   /MDd /Z7 /Ob0 /Od /RTC1 /showIncludes /FoCMakeFiles\\cmTC_3aecf.dir\\CheckIncludeFile.c.obj /FdCMakeFiles\\cmTC_3aecf.dir\\ /FS -c D:\\WaterSurfaceRendererScratch\\vcpkg_installed\\vcpkg\\blds\\fftw3\\x64-windows-dbg\\CMakeFiles\\CMakeScratch\\TryCompile-8jb2j9\\CheckIncludeFile.c
        FAILED: [code=2] CMakeFiles/cmTC_3aecf.dir/CheckIncludeFile.c.obj 
        "D:\\Microsoft Visual Studio\\18\\Community\\VC\\Tools\\MSVC\\14.51.36231\\bin\\Hostx64\\x64\\cl.exe"  /nologo -D_MBCS  /nologo /DWIN32 /D_WINDOWS /utf-8 /MP   /MDd /Z7 /Ob0 /Od /RTC1 /showIncludes /FoCMakeFiles\\cmTC_3aecf.dir\\CheckIncludeFile.c.obj /FdCMakeFiles\\cmTC_3aecf.dir\\ /FS -c D:\\WaterSurfaceRendererScratch\\vcpkg_installed\\vcpkg\\blds\\fftw3\\x64-windows-dbg\\CMakeFiles\\CMakeScratch\\TryCompile-8jb2j9\\CheckIncludeFile.c
        D:\\WaterSurfaceRendererScratch\\vcpkg_installed\\vcpkg\\blds\\fftw3\\x64-windows-dbg\\CMakeFiles\\CMakeScratch\\TryCompile-8jb2j9\\CheckIncludeFile.c(1): fatal error C1083: 无法打开包括文件: “dlfcn.h”: No such file or directory
        ninja: build stopped: subcommand failed.
        
      exitCode: 2
  -
    kind: "try_compile-v1"
    backtrace:
      - "D:/Microsoft Visual Studio/18/Community/Common7/IDE/CommonExtensions/Microsoft/CMake/CMake/share/cmake-4.3/Modules/CheckIncludeFile.cmake:174 (try_compile)"
      - "CMakeLists.txt:40 (check_include_file)"
    checks:
      - "Looking for intrinsics.h"
    directories:
      source: "D:/WaterSurfaceRendererScratch/vcpkg_installed/vcpkg/blds/fftw3/x64-windows-dbg/CMakeFiles/CMakeScratch/TryCompile-mv6jm4"
      binary: "D:/WaterSurfaceRendererScratch/vcpkg_installed/vcpkg/blds/fftw3/x64-windows-dbg/CMakeFiles/CMakeScratch/TryCompile-mv6jm4"
    cmakeVariables:
      CMAKE_CXX_STDLIB_MODULES_JSON: ""
      CMAKE_C_FLAGS: " /nologo /DWIN32 /D_WINDOWS /utf-8 /MP "
      CMAKE_EXE_LINKER_FLAGS: "/machine:x64"
      CMAKE_MSVC_DEBUG_INFORMATION_FORMAT: ""
      CMAKE_MSVC_RUNTIME_LIBRARY: "MultiThreaded$<$<CONFIG:Debug>:Debug>$<$<STREQUAL:dynamic,dynamic>:DLL>"
      VCPKG_CHAINLOAD_TOOLCHAIN_FILE: "D:/Microsoft Visual Studio/18/Community/VC/vcpkg/scripts/toolchains/windows.cmake"
      VCPKG_CRT_LINKAGE: "dynamic"
      VCPKG_CXX_FLAGS: ""
      VCPKG_CXX_FLAGS_DEBUG: ""
      VCPKG_CXX_FLAGS_RELEASE: ""
      VCPKG_C_FLAGS: ""
      VCPKG_C_FLAGS_DEBUG: ""
      VCPKG_C_FLAGS_RELEASE: ""
      VCPKG_INSTALLED_DIR: "D:/WaterSurfaceRendererScratch/vcpkg_installed"
      VCPKG_LINKER_FLAGS: ""
      VCPKG_LINKER_FLAGS_DEBUG: ""
      VCPKG_LINKER_FLAGS_RELEASE: ""
      VCPKG_PLATFORM_TOOLSET: "v145"
      VCPKG_PREFER_SYSTEM_LIBS: "OFF"
      VCPKG_SET_CHARSET_FLAG: "ON"
      VCPKG_TARGET_ARCHITECTURE: "x64"
      VCPKG_TARGET_TRIPLET: "x64-windows"
      Z_VCPKG_ROOT_DIR: "D:/Microsoft Visual Studio/18/Community/VC/vcpkg"
    buildResult:
      variable: "HAVE_INTRINSICS_H"
      cached: true
      stdout: |
        Change Dir: 'D:/WaterSurfaceRendererScratch/vcpkg_installed/vcpkg/blds/fftw3/x64-windows-dbg/CMakeFiles/CMakeScratch/TryCompile-mv6jm4'
        
        Run Build Command(s): "D:/Microsoft Visual Studio/18/Community/Common7/IDE/CommonExtensions/Microsoft/CMake/Ninja/ninja.exe" -v cmTC_4cb6b
        [1/2] "D:\\Microsoft Visual Studio\\18\\Community\\VC\\Tools\\MSVC\\14.51.36231\\bin\\Hostx64\\x64\\cl.exe"  /nologo -D_MBCS  /nologo /DWIN32 /D_WINDOWS /utf-8 /MP   /MDd /Z7 /Ob0 /Od /RTC1 /showIncludes /FoCMakeFiles\\cmTC_4cb6b.dir\\CheckIncludeFile.c.obj /FdCMakeFiles\\cmTC_4cb6b.dir\\ /FS -c D:\\WaterSurfaceRendererScratch\\vcpkg_installed\\vcpkg\\blds\\fftw3\\x64-windows-dbg\\CMakeFiles\\CMakeScratch\\TryCompile-mv6jm4\\CheckIncludeFile.c
        FAILED: [code=2] CMakeFiles/cmTC_4cb6b.dir/CheckIncludeFile.c.obj 
        "D:\\Microsoft Visual Studio\\18\\Community\\VC\\Tools\\MSVC\\14.51.36231\\bin\\Hostx64\\x64\\cl.exe"  /nologo -D_MBCS  /nologo /DWIN32 /D_WINDOWS /utf-8 /MP   /MDd /Z7 /Ob0 /Od /RTC1 /showIncludes /FoCMakeFiles\\cmTC_4cb6b.dir\\CheckIncludeFile.c.obj /FdCMakeFiles\\cmTC_4cb6b.dir\\ /FS -c D:\\WaterSurfaceRendererScratch\\vcpkg_installed\\vcpkg\\blds\\fftw3\\x64-windows-dbg\\CMakeFiles\\CMakeScratch\\TryCompile-mv6jm4\\CheckIncludeFile.c
        D:\\WaterSurfaceRendererScratch\\vcpkg_installed\\vcpkg\\blds\\fftw3\\x64-windows-dbg\\CMakeFiles\\CMakeScratch\\TryCompile-mv6jm4\\CheckIncludeFile.c(1): fatal error C1083: 无法打开包括文件: “intrinsics.h”: No such file or directory
        ninja: build stopped: subcommand failed.
        
      exitCode: 2
  -
    kind: "try_compile-v1"
    backtrace:
      - "D:/Microsoft Visual Studio/18/Community/Common7/IDE/CommonExtensions/Microsoft/CMake/CMake/share/cmake-4.3/Modules/CheckIncludeFile.cmake:174 (try_compile)"
      - "CMakeLists.txt:41 (check_include_file)"
    checks:
      - "Looking for inttypes.h"
    directories:
      source: "D:/WaterSurfaceRendererScratch/vcpkg_installed/vcpkg/blds/fftw3/x64-windows-dbg/CMakeFiles/CMakeScratch/TryCompile-cebn3k"
      binary: "D:/WaterSurfaceRendererScratch/vcpkg_installed/vcpkg/blds/fftw3/x64-windows-dbg/CMakeFiles/CMakeScratch/TryCompile-cebn3k"
    cmakeVariables:
      CMAKE_CXX_STDLIB_MODULES_JSON: ""
      CMAKE_C_FLAGS: " /nologo /DWIN32 /D_WINDOWS /utf-8 /MP "
      CMAKE_EXE_LINKER_FLAGS: "/machine:x64"
      CMAKE_MSVC_DEBUG_INFORMATION_FORMAT: ""
      CMAKE_MSVC_RUNTIME_LIBRARY: "MultiThreaded$<$<CONFIG:Debug>:Debug>$<$<STREQUAL:dynamic,dynamic>:DLL>"
      VCPKG_CHAINLOAD_TOOLCHAIN_FILE: "D:/Microsoft Visual Studio/18/Community/VC/vcpkg/scripts/toolchains/windows.cmake"
      VCPKG_CRT_LINKAGE: "dynamic"
      VCPKG_CXX_FLAGS: ""
      VCPKG_CXX_FLAGS_DEBUG: ""
      VCPKG_CXX_FLAGS_RELEASE: ""
      VCPKG_C_FLAGS: ""
      VCPKG_C_FLAGS_DEBUG: ""
      VCPKG_C_FLAGS_RELEASE: ""
      VCPKG_INSTALLED_DIR: "D:/WaterSurfaceRendererScratch/vcpkg_installed"
      VCPKG_LINKER_FLAGS: ""
      VCPKG_LINKER_FLAGS_DEBUG: ""
      VCPKG_LINKER_FLAGS_RELEASE: ""
      VCPKG_PLATFORM_TOOLSET: "v145"
      VCPKG_PREFER_SYSTEM_LIBS: "OFF"
      VCPKG_SET_CHARSET_FLAG: "ON"
      VCPKG_TARGET_ARCHITECTURE: "x64"
      VCPKG_TARGET_TRIPLET: "x64-windows"
      Z_VCPKG_ROOT_DIR: "D:/Microsoft Visual Studio/18/Community/VC/vcpkg"
    buildResult:
      variable: "HAVE_INTTYPES_H"
      cached: true
      stdout: |
        Change Dir: 'D:/WaterSurfaceRendererScratch/vcpkg_installed/vcpkg/blds/fftw3/x64-windows-dbg/CMakeFiles/CMakeScratch/TryCompile-cebn3k'
        
        Run Build Command(s): "D:/Microsoft Visual Studio/18/Community/Common7/IDE/CommonExtensions/Microsoft/CMake/Ninja/ninja.exe" -v cmTC_60902
        [1/2] "D:\\Microsoft Visual Studio\\18\\Community\\VC\\Tools\\MSVC\\14.51.36231\\bin\\Hostx64\\x64\\cl.exe"  /nologo -D_MBCS  /nologo /DWIN32 /D_WINDOWS /utf-8 /MP   /MDd /Z7 /Ob0 /Od /RTC1 /showIncludes /FoCMakeFiles\\cmTC_60902.dir\\CheckIncludeFile.c.obj /FdCMakeFiles\\cmTC_60902.dir\\ /FS -c D:\\WaterSurfaceRendererScratch\\vcpkg_installed\\vcpkg\\blds\\fftw3\\x64-windows-dbg\\CMakeFiles\\CMakeScratch\\TryCompile-cebn3k\\CheckIncludeFile.c
        [2/2] C:\\windows\\system32\\cmd.exe /C "cd . && "D:\\Microsoft Visual Studio\\18\\Community\\Common7\\IDE\\CommonExtensions\\Microsoft\\CMake\\CMake\\bin\\cmake.exe" -E vs_link_exe --msvc-ver=1951 --intdir=CMakeFiles\\cmTC_60902.dir --rc=C:\\PROGRA~2\\WI3CF2~1\\10\\bin\\100261~1.0\\x64\\rc.exe --mt=C:\\PROGRA~2\\WI3CF2~1\\10\\bin\\100261~1.0\\x64\\mt.exe --manifests  -- "D:\\Microsoft Visual Studio\\18\\Community\\VC\\Tools\\MSVC\\14.51.36231\\bin\\Hostx64\\x64\\link.exe" /nologo CMakeFiles\\cmTC_60902.dir\\CheckIncludeFile.c.obj  /out:cmTC_60902.exe /implib:cmTC_60902.lib /pdb:cmTC_60902.pdb /version:0.0 /machine:x64 /nologo /debug /INCREMENTAL /subsystem:console  kernel32.lib user32.lib gdi32.lib winspool.lib shell32.lib ole32.lib oleaut32.lib uuid.lib comdlg32.lib advapi32.lib && cd ."
        
      exitCode: 0
  -
    kind: "try_compile-v1"
    backtrace:
      - "D:/Microsoft Visual Studio/18/Community/Common7/IDE/CommonExtensions/Microsoft/CMake/CMake/share/cmake-4.3/Modules/CheckIncludeFile.cmake:174 (try_compile)"
      - "CMakeLists.txt:42 (check_include_file)"
    checks:
      - "Looking for libintl.h"
    directories:
      source: "D:/WaterSurfaceRendererScratch/vcpkg_installed/vcpkg/blds/fftw3/x64-windows-dbg/CMakeFiles/CMakeScratch/TryCompile-2tf4jp"
      binary: "D:/WaterSurfaceRendererScratch/vcpkg_installed/vcpkg/blds/fftw3/x64-windows-dbg/CMakeFiles/CMakeScratch/TryCompile-2tf4jp"
    cmakeVariables:
      CMAKE_CXX_STDLIB_MODULES_JSON: ""
      CMAKE_C_FLAGS: " /nologo /DWIN32 /D_WINDOWS /utf-8 /MP "
      CMAKE_EXE_LINKER_FLAGS: "/machine:x64"
      CMAKE_MSVC_DEBUG_INFORMATION_FORMAT: ""
      CMAKE_MSVC_RUNTIME_LIBRARY: "MultiThreaded$<$<CONFIG:Debug>:Debug>$<$<STREQUAL:dynamic,dynamic>:DLL>"
      VCPKG_CHAINLOAD_TOOLCHAIN_FILE: "D:/Microsoft Visual Studio/18/Community/VC/vcpkg/scripts/toolchains/windows.cmake"
      VCPKG_CRT_LINKAGE: "dynamic"
      VCPKG_CXX_FLAGS: ""
      VCPKG_CXX_FLAGS_DEBUG: ""
      VCPKG_CXX_FLAGS_RELEASE: ""
      VCPKG_C_FLAGS: ""
      VCPKG_C_FLAGS_DEBUG: ""
      VCPKG_C_FLAGS_RELEASE: ""
      VCPKG_INSTALLED_DIR: "D:/WaterSurfaceRendererScratch/vcpkg_installed"
      VCPKG_LINKER_FLAGS: ""
      VCPKG_LINKER_FLAGS_DEBUG: ""
      VCPKG_LINKER_FLAGS_RELEASE: ""
      VCPKG_PLATFORM_TOOLSET: "v145"
      VCPKG_PREFER_SYSTEM_LIBS: "OFF"
      VCPKG_SET_CHARSET_FLAG: "ON"
      VCPKG_TARGET_ARCHITECTURE: "x64"
      VCPKG_TARGET_TRIPLET: "x64-windows"
      Z_VCPKG_ROOT_DIR: "D:/Microsoft Visual Studio/18/Community/VC/vcpkg"
    buildResult:
      variable: "HAVE_LIBINTL_H"
      cached: true
      stdout: |
        Change Dir: 'D:/WaterSurfaceRendererScratch/vcpkg_installed/vcpkg/blds/fftw3/x64-windows-dbg/CMakeFiles/CMakeScratch/TryCompile-2tf4jp'
        
        Run Build Command(s): "D:/Microsoft Visual Studio/18/Community/Common7/IDE/CommonExtensions/Microsoft/CMake/Ninja/ninja.exe" -v cmTC_c65c8
        [1/2] "D:\\Microsoft Visual Studio\\18\\Community\\VC\\Tools\\MSVC\\14.51.36231\\bin\\Hostx64\\x64\\cl.exe"  /nologo -D_MBCS  /nologo /DWIN32 /D_WINDOWS /utf-8 /MP   /MDd /Z7 /Ob0 /Od /RTC1 /showIncludes /FoCMakeFiles\\cmTC_c65c8.dir\\CheckIncludeFile.c.obj /FdCMakeFiles\\cmTC_c65c8.dir\\ /FS -c D:\\WaterSurfaceRendererScratch\\vcpkg_installed\\vcpkg\\blds\\fftw3\\x64-windows-dbg\\CMakeFiles\\CMakeScratch\\TryCompile-2tf4jp\\CheckIncludeFile.c
        FAILED: [code=2] CMakeFiles/cmTC_c65c8.dir/CheckIncludeFile.c.obj 
        "D:\\Microsoft Visual Studio\\18\\Community\\VC\\Tools\\MSVC\\14.51.36231\\bin\\Hostx64\\x64\\cl.exe"  /nologo -D_MBCS  /nologo /DWIN32 /D_WINDOWS /utf-8 /MP   /MDd /Z7 /Ob0 /Od /RTC1 /showIncludes /FoCMakeFiles\\cmTC_c65c8.dir\\CheckIncludeFile.c.obj /FdCMakeFiles\\cmTC_c65c8.dir\\ /FS -c D:\\WaterSurfaceRendererScratch\\vcpkg_installed\\vcpkg\\blds\\fftw3\\x64-windows-dbg\\CMakeFiles\\CMakeScratch\\TryCompile-2tf4jp\\CheckIncludeFile.c
        D:\\WaterSurfaceRendererScratch\\vcpkg_installed\\vcpkg\\blds\\fftw3\\x64-windows-dbg\\CMakeFiles\\CMakeScratch\\TryCompile-2tf4jp\\CheckIncludeFile.c(1): fatal error C1083: 无法打开包括文件: “libintl.h”: No such file or directory
        ninja: build stopped: subcommand failed.
        
      exitCode: 2
  -
    kind: "try_compile-v1"
    backtrace:
      - "D:/Microsoft Visual Studio/18/Community/Common7/IDE/CommonExtensions/Microsoft/CMake/CMake/share/cmake-4.3/Modules/CheckIncludeFile.cmake:174 (try_compile)"
      - "CMakeLists.txt:43 (check_include_file)"
    checks:
      - "Looking for limits.h"
    directories:
      source: "D:/WaterSurfaceRendererScratch/vcpkg_installed/vcpkg/blds/fftw3/x64-windows-dbg/CMakeFiles/CMakeScratch/TryCompile-hx3b71"
      binary: "D:/WaterSurfaceRendererScratch/vcpkg_installed/vcpkg/blds/fftw3/x64-windows-dbg/CMakeFiles/CMakeScratch/TryCompile-hx3b71"
    cmakeVariables:
      CMAKE_CXX_STDLIB_MODULES_JSON: ""
      CMAKE_C_FLAGS: " /nologo /DWIN32 /D_WINDOWS /utf-8 /MP "
      CMAKE_EXE_LINKER_FLAGS: "/machine:x64"
      CMAKE_MSVC_DEBUG_INFORMATION_FORMAT: ""
      CMAKE_MSVC_RUNTIME_LIBRARY: "MultiThreaded$<$<CONFIG:Debug>:Debug>$<$<STREQUAL:dynamic,dynamic>:DLL>"
      VCPKG_CHAINLOAD_TOOLCHAIN_FILE: "D:/Microsoft Visual Studio/18/Community/VC/vcpkg/scripts/toolchains/windows.cmake"
      VCPKG_CRT_LINKAGE: "dynamic"
      VCPKG_CXX_FLAGS: ""
      VCPKG_CXX_FLAGS_DEBUG: ""
      VCPKG_CXX_FLAGS_RELEASE: ""
      VCPKG_C_FLAGS: ""
      VCPKG_C_FLAGS_DEBUG: ""
      VCPKG_C_FLAGS_RELEASE: ""
      VCPKG_INSTALLED_DIR: "D:/WaterSurfaceRendererScratch/vcpkg_installed"
      VCPKG_LINKER_FLAGS: ""
      VCPKG_LINKER_FLAGS_DEBUG: ""
      VCPKG_LINKER_FLAGS_RELEASE: ""
      VCPKG_PLATFORM_TOOLSET: "v145"
      VCPKG_PREFER_SYSTEM_LIBS: "OFF"
      VCPKG_SET_CHARSET_FLAG: "ON"
      VCPKG_TARGET_ARCHITECTURE: "x64"
      VCPKG_TARGET_TRIPLET: "x64-windows"
      Z_VCPKG_ROOT_DIR: "D:/Microsoft Visual Studio/18/Community/VC/vcpkg"
    buildResult:
      variable: "HAVE_LIMITS_H"
      cached: true
      stdout: |
        Change Dir: 'D:/WaterSurfaceRendererScratch/vcpkg_installed/vcpkg/blds/fftw3/x64-windows-dbg/CMakeFiles/CMakeScratch/TryCompile-hx3b71'
        
        Run Build Command(s): "D:/Microsoft Visual Studio/18/Community/Common7/IDE/CommonExtensions/Microsoft/CMake/Ninja/ninja.exe" -v cmTC_0db38
        [1/2] "D:\\Microsoft Visual Studio\\18\\Community\\VC\\Tools\\MSVC\\14.51.36231\\bin\\Hostx64\\x64\\cl.exe"  /nologo -D_MBCS  /nologo /DWIN32 /D_WINDOWS /utf-8 /MP   /MDd /Z7 /Ob0 /Od /RTC1 /showIncludes /FoCMakeFiles\\cmTC_0db38.dir\\CheckIncludeFile.c.obj /FdCMakeFiles\\cmTC_0db38.dir\\ /FS -c D:\\WaterSurfaceRendererScratch\\vcpkg_installed\\vcpkg\\blds\\fftw3\\x64-windows-dbg\\CMakeFiles\\CMakeScratch\\TryCompile-hx3b71\\CheckIncludeFile.c
        [2/2] C:\\windows\\system32\\cmd.exe /C "cd . && "D:\\Microsoft Visual Studio\\18\\Community\\Common7\\IDE\\CommonExtensions\\Microsoft\\CMake\\CMake\\bin\\cmake.exe" -E vs_link_exe --msvc-ver=1951 --intdir=CMakeFiles\\cmTC_0db38.dir --rc=C:\\PROGRA~2\\WI3CF2~1\\10\\bin\\100261~1.0\\x64\\rc.exe --mt=C:\\PROGRA~2\\WI3CF2~1\\10\\bin\\100261~1.0\\x64\\mt.exe --manifests  -- "D:\\Microsoft Visual Studio\\18\\Community\\VC\\Tools\\MSVC\\14.51.36231\\bin\\Hostx64\\x64\\link.exe" /nologo CMakeFiles\\cmTC_0db38.dir\\CheckIncludeFile.c.obj  /out:cmTC_0db38.exe /implib:cmTC_0db38.lib /pdb:cmTC_0db38.pdb /version:0.0 /machine:x64 /nologo /debug /INCREMENTAL /subsystem:console  kernel32.lib user32.lib gdi32.lib winspool.lib shell32.lib ole32.lib oleaut32.lib uuid.lib comdlg32.lib advapi32.lib && cd ."
        
      exitCode: 0
  -
    kind: "try_compile-v1"
    backtrace:
      - "D:/Microsoft Visual Studio/18/Community/Common7/IDE/CommonExtensions/Microsoft/CMake/CMake/share/cmake-4.3/Modules/CheckIncludeFile.cmake:174 (try_compile)"
      - "CMakeLists.txt:44 (check_include_file)"
    checks:
      - "Looking for mach/mach_time.h"
    directories:
      source: "D:/WaterSurfaceRendererScratch/vcpkg_installed/vcpkg/blds/fftw3/x64-windows-dbg/CMakeFiles/CMakeScratch/TryCompile-s0obg8"
      binary: "D:/WaterSurfaceRendererScratch/vcpkg_installed/vcpkg/blds/fftw3/x64-windows-dbg/CMakeFiles/CMakeScratch/TryCompile-s0obg8"
    cmakeVariables:
      CMAKE_CXX_STDLIB_MODULES_JSON: ""
      CMAKE_C_FLAGS: " /nologo /DWIN32 /D_WINDOWS /utf-8 /MP "
      CMAKE_EXE_LINKER_FLAGS: "/machine:x64"
      CMAKE_MSVC_DEBUG_INFORMATION_FORMAT: ""
      CMAKE_MSVC_RUNTIME_LIBRARY: "MultiThreaded$<$<CONFIG:Debug>:Debug>$<$<STREQUAL:dynamic,dynamic>:DLL>"
      VCPKG_CHAINLOAD_TOOLCHAIN_FILE: "D:/Microsoft Visual Studio/18/Community/VC/vcpkg/scripts/toolchains/windows.cmake"
      VCPKG_CRT_LINKAGE: "dynamic"
      VCPKG_CXX_FLAGS: ""
      VCPKG_CXX_FLAGS_DEBUG: ""
      VCPKG_CXX_FLAGS_RELEASE: ""
      VCPKG_C_FLAGS: ""
      VCPKG_C_FLAGS_DEBUG: ""
      VCPKG_C_FLAGS_RELEASE: ""
      VCPKG_INSTALLED_DIR: "D:/WaterSurfaceRendererScratch/vcpkg_installed"
      VCPKG_LINKER_FLAGS: ""
      VCPKG_LINKER_FLAGS_DEBUG: ""
      VCPKG_LINKER_FLAGS_RELEASE: ""
      VCPKG_PLATFORM_TOOLSET: "v145"
      VCPKG_PREFER_SYSTEM_LIBS: "OFF"
      VCPKG_SET_CHARSET_FLAG: "ON"
      VCPKG_TARGET_ARCHITECTURE: "x64"
      VCPKG_TARGET_TRIPLET: "x64-windows"
      Z_VCPKG_ROOT_DIR: "D:/Microsoft Visual Studio/18/Community/VC/vcpkg"
    buildResult:
      variable: "HAVE_MACH_MACH_TIME_H"
      cached: true
      stdout: |
        Change Dir: 'D:/WaterSurfaceRendererScratch/vcpkg_installed/vcpkg/blds/fftw3/x64-windows-dbg/CMakeFiles/CMakeScratch/TryCompile-s0obg8'
        
        Run Build Command(s): "D:/Microsoft Visual Studio/18/Community/Common7/IDE/CommonExtensions/Microsoft/CMake/Ninja/ninja.exe" -v cmTC_ae4d4
        [1/2] "D:\\Microsoft Visual Studio\\18\\Community\\VC\\Tools\\MSVC\\14.51.36231\\bin\\Hostx64\\x64\\cl.exe"  /nologo -D_MBCS  /nologo /DWIN32 /D_WINDOWS /utf-8 /MP   /MDd /Z7 /Ob0 /Od /RTC1 /showIncludes /FoCMakeFiles\\cmTC_ae4d4.dir\\CheckIncludeFile.c.obj /FdCMakeFiles\\cmTC_ae4d4.dir\\ /FS -c D:\\WaterSurfaceRendererScratch\\vcpkg_installed\\vcpkg\\blds\\fftw3\\x64-windows-dbg\\CMakeFiles\\CMakeScratch\\TryCompile-s0obg8\\CheckIncludeFile.c
        FAILED: [code=2] CMakeFiles/cmTC_ae4d4.dir/CheckIncludeFile.c.obj 
        "D:\\Microsoft Visual Studio\\18\\Community\\VC\\Tools\\MSVC\\14.51.36231\\bin\\Hostx64\\x64\\cl.exe"  /nologo -D_MBCS  /nologo /DWIN32 /D_WINDOWS /utf-8 /MP   /MDd /Z7 /Ob0 /Od /RTC1 /showIncludes /FoCMakeFiles\\cmTC_ae4d4.dir\\CheckIncludeFile.c.obj /FdCMakeFiles\\cmTC_ae4d4.dir\\ /FS -c D:\\WaterSurfaceRendererScratch\\vcpkg_installed\\vcpkg\\blds\\fftw3\\x64-windows-dbg\\CMakeFiles\\CMakeScratch\\TryCompile-s0obg8\\CheckIncludeFile.c
        D:\\WaterSurfaceRendererScratch\\vcpkg_installed\\vcpkg\\blds\\fftw3\\x64-windows-dbg\\CMakeFiles\\CMakeScratch\\TryCompile-s0obg8\\CheckIncludeFile.c(1): fatal error C1083: 无法打开包括文件: “mach/mach_time.h”: No such file or directory
        ninja: build stopped: subcommand failed.
        
      exitCode: 2
  -
    kind: "try_compile-v1"
    backtrace:
      - "D:/Microsoft Visual Studio/18/Community/Common7/IDE/CommonExtensions/Microsoft/CMake/CMake/share/cmake-4.3/Modules/CheckIncludeFile.cmake:174 (try_compile)"
      - "CMakeLists.txt:45 (check_include_file)"
    checks:
      - "Looking for malloc.h"
    directories:
      source: "D:/WaterSurfaceRendererScratch/vcpkg_installed/vcpkg/blds/fftw3/x64-windows-dbg/CMakeFiles/CMakeScratch/TryCompile-u86gcb"
      binary: "D:/WaterSurfaceRendererScratch/vcpkg_installed/vcpkg/blds/fftw3/x64-windows-dbg/CMakeFiles/CMakeScratch/TryCompile-u86gcb"
    cmakeVariables:
      CMAKE_CXX_STDLIB_MODULES_JSON: ""
      CMAKE_C_FLAGS: " /nologo /DWIN32 /D_WINDOWS /utf-8 /MP "
      CMAKE_EXE_LINKER_FLAGS: "/machine:x64"
      CMAKE_MSVC_DEBUG_INFORMATION_FORMAT: ""
      CMAKE_MSVC_RUNTIME_LIBRARY: "MultiThreaded$<$<CONFIG:Debug>:Debug>$<$<STREQUAL:dynamic,dynamic>:DLL>"
      VCPKG_CHAINLOAD_TOOLCHAIN_FILE: "D:/Microsoft Visual Studio/18/Community/VC/vcpkg/scripts/toolchains/windows.cmake"
      VCPKG_CRT_LINKAGE: "dynamic"
      VCPKG_CXX_FLAGS: ""
      VCPKG_CXX_FLAGS_DEBUG: ""
      VCPKG_CXX_FLAGS_RELEASE: ""
      VCPKG_C_FLAGS: ""
      VCPKG_C_FLAGS_DEBUG: ""
      VCPKG_C_FLAGS_RELEASE: ""
      VCPKG_INSTALLED_DIR: "D:/WaterSurfaceRendererScratch/vcpkg_installed"
      VCPKG_LINKER_FLAGS: ""
      VCPKG_LINKER_FLAGS_DEBUG: ""
      VCPKG_LINKER_FLAGS_RELEASE: ""
      VCPKG_PLATFORM_TOOLSET: "v145"
      VCPKG_PREFER_SYSTEM_LIBS: "OFF"
      VCPKG_SET_CHARSET_FLAG: "ON"
      VCPKG_TARGET_ARCHITECTURE: "x64"
      VCPKG_TARGET_TRIPLET: "x64-windows"
      Z_VCPKG_ROOT_DIR: "D:/Microsoft Visual Studio/18/Community/VC/vcpkg"
    buildResult:
      variable: "HAVE_MALLOC_H"
      cached: true
      stdout: |
        Change Dir: 'D:/WaterSurfaceRendererScratch/vcpkg_installed/vcpkg/blds/fftw3/x64-windows-dbg/CMakeFiles/CMakeScratch/TryCompile-u86gcb'
        
        Run Build Command(s): "D:/Microsoft Visual Studio/18/Community/Common7/IDE/CommonExtensions/Microsoft/CMake/Ninja/ninja.exe" -v cmTC_33127
        [1/2] "D:\\Microsoft Visual Studio\\18\\Community\\VC\\Tools\\MSVC\\14.51.36231\\bin\\Hostx64\\x64\\cl.exe"  /nologo -D_MBCS  /nologo /DWIN32 /D_WINDOWS /utf-8 /MP   /MDd /Z7 /Ob0 /Od /RTC1 /showIncludes /FoCMakeFiles\\cmTC_33127.dir\\CheckIncludeFile.c.obj /FdCMakeFiles\\cmTC_33127.dir\\ /FS -c D:\\WaterSurfaceRendererScratch\\vcpkg_installed\\vcpkg\\blds\\fftw3\\x64-windows-dbg\\CMakeFiles\\CMakeScratch\\TryCompile-u86gcb\\CheckIncludeFile.c
        [2/2] C:\\windows\\system32\\cmd.exe /C "cd . && "D:\\Microsoft Visual Studio\\18\\Community\\Common7\\IDE\\CommonExtensions\\Microsoft\\CMake\\CMake\\bin\\cmake.exe" -E vs_link_exe --msvc-ver=1951 --intdir=CMakeFiles\\cmTC_33127.dir --rc=C:\\PROGRA~2\\WI3CF2~1\\10\\bin\\100261~1.0\\x64\\rc.exe --mt=C:\\PROGRA~2\\WI3CF2~1\\10\\bin\\100261~1.0\\x64\\mt.exe --manifests  -- "D:\\Microsoft Visual Studio\\18\\Community\\VC\\Tools\\MSVC\\14.51.36231\\bin\\Hostx64\\x64\\link.exe" /nologo CMakeFiles\\cmTC_33127.dir\\CheckIncludeFile.c.obj  /out:cmTC_33127.exe /implib:cmTC_33127.lib /pdb:cmTC_33127.pdb /version:0.0 /machine:x64 /nologo /debug /INCREMENTAL /subsystem:console  kernel32.lib user32.lib gdi32.lib winspool.lib shell32.lib ole32.lib oleaut32.lib uuid.lib comdlg32.lib advapi32.lib && cd ."
        
      exitCode: 0
  -
    kind: "try_compile-v1"
    backtrace:
      - "D:/Microsoft Visual Studio/18/Community/Common7/IDE/CommonExtensions/Microsoft/CMake/CMake/share/cmake-4.3/Modules/CheckIncludeFile.cmake:174 (try_compile)"
      - "CMakeLists.txt:46 (check_include_file)"
    checks:
      - "Looking for memory.h"
    directories:
      source: "D:/WaterSurfaceRendererScratch/vcpkg_installed/vcpkg/blds/fftw3/x64-windows-dbg/CMakeFiles/CMakeScratch/TryCompile-c0y7yk"
      binary: "D:/WaterSurfaceRendererScratch/vcpkg_installed/vcpkg/blds/fftw3/x64-windows-dbg/CMakeFiles/CMakeScratch/TryCompile-c0y7yk"
    cmakeVariables:
      CMAKE_CXX_STDLIB_MODULES_JSON: ""
      CMAKE_C_FLAGS: " /nologo /DWIN32 /D_WINDOWS /utf-8 /MP "
      CMAKE_EXE_LINKER_FLAGS: "/machine:x64"
      CMAKE_MSVC_DEBUG_INFORMATION_FORMAT: ""
      CMAKE_MSVC_RUNTIME_LIBRARY: "MultiThreaded$<$<CONFIG:Debug>:Debug>$<$<STREQUAL:dynamic,dynamic>:DLL>"
      VCPKG_CHAINLOAD_TOOLCHAIN_FILE: "D:/Microsoft Visual Studio/18/Community/VC/vcpkg/scripts/toolchains/windows.cmake"
      VCPKG_CRT_LINKAGE: "dynamic"
      VCPKG_CXX_FLAGS: ""
      VCPKG_CXX_FLAGS_DEBUG: ""
      VCPKG_CXX_FLAGS_RELEASE: ""
      VCPKG_C_FLAGS: ""
      VCPKG_C_FLAGS_DEBUG: ""
      VCPKG_C_FLAGS_RELEASE: ""
      VCPKG_INSTALLED_DIR: "D:/WaterSurfaceRendererScratch/vcpkg_installed"
      VCPKG_LINKER_FLAGS: ""
      VCPKG_LINKER_FLAGS_DEBUG: ""
      VCPKG_LINKER_FLAGS_RELEASE: ""
      VCPKG_PLATFORM_TOOLSET: "v145"
      VCPKG_PREFER_SYSTEM_LIBS: "OFF"
      VCPKG_SET_CHARSET_FLAG: "ON"
      VCPKG_TARGET_ARCHITECTURE: "x64"
      VCPKG_TARGET_TRIPLET: "x64-windows"
      Z_VCPKG_ROOT_DIR: "D:/Microsoft Visual Studio/18/Community/VC/vcpkg"
    buildResult:
      variable: "HAVE_MEMORY_H"
      cached: true
      stdout: |
        Change Dir: 'D:/WaterSurfaceRendererScratch/vcpkg_installed/vcpkg/blds/fftw3/x64-windows-dbg/CMakeFiles/CMakeScratch/TryCompile-c0y7yk'
        
        Run Build Command(s): "D:/Microsoft Visual Studio/18/Community/Common7/IDE/CommonExtensions/Microsoft/CMake/Ninja/ninja.exe" -v cmTC_6538a
        [1/2] "D:\\Microsoft Visual Studio\\18\\Community\\VC\\Tools\\MSVC\\14.51.36231\\bin\\Hostx64\\x64\\cl.exe"  /nologo -D_MBCS  /nologo /DWIN32 /D_WINDOWS /utf-8 /MP   /MDd /Z7 /Ob0 /Od /RTC1 /showIncludes /FoCMakeFiles\\cmTC_6538a.dir\\CheckIncludeFile.c.obj /FdCMakeFiles\\cmTC_6538a.dir\\ /FS -c D:\\WaterSurfaceRendererScratch\\vcpkg_installed\\vcpkg\\blds\\fftw3\\x64-windows-dbg\\CMakeFiles\\CMakeScratch\\TryCompile-c0y7yk\\CheckIncludeFile.c
        [2/2] C:\\windows\\system32\\cmd.exe /C "cd . && "D:\\Microsoft Visual Studio\\18\\Community\\Common7\\IDE\\CommonExtensions\\Microsoft\\CMake\\CMake\\bin\\cmake.exe" -E vs_link_exe --msvc-ver=1951 --intdir=CMakeFiles\\cmTC_6538a.dir --rc=C:\\PROGRA~2\\WI3CF2~1\\10\\bin\\100261~1.0\\x64\\rc.exe --mt=C:\\PROGRA~2\\WI3CF2~1\\10\\bin\\100261~1.0\\x64\\mt.exe --manifests  -- "D:\\Microsoft Visual Studio\\18\\Community\\VC\\Tools\\MSVC\\14.51.36231\\bin\\Hostx64\\x64\\link.exe" /nologo CMakeFiles\\cmTC_6538a.dir\\CheckIncludeFile.c.obj  /out:cmTC_6538a.exe /implib:cmTC_6538a.lib /pdb:cmTC_6538a.pdb /version:0.0 /machine:x64 /nologo /debug /INCREMENTAL /subsystem:console  kernel32.lib user32.lib gdi32.lib winspool.lib shell32.lib ole32.lib oleaut32.lib uuid.lib comdlg32.lib advapi32.lib && cd ."
        
      exitCode: 0
  -
    kind: "try_compile-v1"
    backtrace:
      - "D:/Microsoft Visual Studio/18/Community/Common7/IDE/CommonExtensions/Microsoft/CMake/CMake/share/cmake-4.3/Modules/CheckIncludeFile.cmake:174 (try_compile)"
      - "CMakeLists.txt:47 (check_include_file)"
    checks:
      - "Looking for stddef.h"
    directories:
      source: "D:/WaterSurfaceRendererScratch/vcpkg_installed/vcpkg/blds/fftw3/x64-windows-dbg/CMakeFiles/CMakeScratch/TryCompile-zb185o"
      binary: "D:/WaterSurfaceRendererScratch/vcpkg_installed/vcpkg/blds/fftw3/x64-windows-dbg/CMakeFiles/CMakeScratch/TryCompile-zb185o"
    cmakeVariables:
      CMAKE_CXX_STDLIB_MODULES_JSON: ""
      CMAKE_C_FLAGS: " /nologo /DWIN32 /D_WINDOWS /utf-8 /MP "
      CMAKE_EXE_LINKER_FLAGS: "/machine:x64"
      CMAKE_MSVC_DEBUG_INFORMATION_FORMAT: ""
      CMAKE_MSVC_RUNTIME_LIBRARY: "MultiThreaded$<$<CONFIG:Debug>:Debug>$<$<STREQUAL:dynamic,dynamic>:DLL>"
      VCPKG_CHAINLOAD_TOOLCHAIN_FILE: "D:/Microsoft Visual Studio/18/Community/VC/vcpkg/scripts/toolchains/windows.cmake"
      VCPKG_CRT_LINKAGE: "dynamic"
      VCPKG_CXX_FLAGS: ""
      VCPKG_CXX_FLAGS_DEBUG: ""
      VCPKG_CXX_FLAGS_RELEASE: ""
      VCPKG_C_FLAGS: ""
      VCPKG_C_FLAGS_DEBUG: ""
      VCPKG_C_FLAGS_RELEASE: ""
      VCPKG_INSTALLED_DIR: "D:/WaterSurfaceRendererScratch/vcpkg_installed"
      VCPKG_LINKER_FLAGS: ""
      VCPKG_LINKER_FLAGS_DEBUG: ""
      VCPKG_LINKER_FLAGS_RELEASE: ""
      VCPKG_PLATFORM_TOOLSET: "v145"
      VCPKG_PREFER_SYSTEM_LIBS: "OFF"
      VCPKG_SET_CHARSET_FLAG: "ON"
      VCPKG_TARGET_ARCHITECTURE: "x64"
      VCPKG_TARGET_TRIPLET: "x64-windows"
      Z_VCPKG_ROOT_DIR: "D:/Microsoft Visual Studio/18/Community/VC/vcpkg"
    buildResult:
      variable: "HAVE_STDDEF_H"
      cached: true
      stdout: |
        Change Dir: 'D:/WaterSurfaceRendererScratch/vcpkg_installed/vcpkg/blds/fftw3/x64-windows-dbg/CMakeFiles/CMakeScratch/TryCompile-zb185o'
        
        Run Build Command(s): "D:/Microsoft Visual Studio/18/Community/Common7/IDE/CommonExtensions/Microsoft/CMake/Ninja/ninja.exe" -v cmTC_98822
        [1/2] "D:\\Microsoft Visual Studio\\18\\Community\\VC\\Tools\\MSVC\\14.51.36231\\bin\\Hostx64\\x64\\cl.exe"  /nologo -D_MBCS  /nologo /DWIN32 /D_WINDOWS /utf-8 /MP   /MDd /Z7 /Ob0 /Od /RTC1 /showIncludes /FoCMakeFiles\\cmTC_98822.dir\\CheckIncludeFile.c.obj /FdCMakeFiles\\cmTC_98822.dir\\ /FS -c D:\\WaterSurfaceRendererScratch\\vcpkg_installed\\vcpkg\\blds\\fftw3\\x64-windows-dbg\\CMakeFiles\\CMakeScratch\\TryCompile-zb185o\\CheckIncludeFile.c
        [2/2] C:\\windows\\system32\\cmd.exe /C "cd . && "D:\\Microsoft Visual Studio\\18\\Community\\Common7\\IDE\\CommonExtensions\\Microsoft\\CMake\\CMake\\bin\\cmake.exe" -E vs_link_exe --msvc-ver=1951 --intdir=CMakeFiles\\cmTC_98822.dir --rc=C:\\PROGRA~2\\WI3CF2~1\\10\\bin\\100261~1.0\\x64\\rc.exe --mt=C:\\PROGRA~2\\WI3CF2~1\\10\\bin\\100261~1.0\\x64\\mt.exe --manifests  -- "D:\\Microsoft Visual Studio\\18\\Community\\VC\\Tools\\MSVC\\14.51.36231\\bin\\Hostx64\\x64\\link.exe" /nologo CMakeFiles\\cmTC_98822.dir\\CheckIncludeFile.c.obj  /out:cmTC_98822.exe /implib:cmTC_98822.lib /pdb:cmTC_98822.pdb /version:0.0 /machine:x64 /nologo /debug /INCREMENTAL /subsystem:console  kernel32.lib user32.lib gdi32.lib winspool.lib shell32.lib ole32.lib oleaut32.lib uuid.lib comdlg32.lib advapi32.lib && cd ."
        
      exitCode: 0
  -
    kind: "try_compile-v1"
    backtrace:
      - "D:/Microsoft Visual Studio/18/Community/Common7/IDE/CommonExtensions/Microsoft/CMake/CMake/share/cmake-4.3/Modules/CheckIncludeFile.cmake:174 (try_compile)"
      - "CMakeLists.txt:48 (check_include_file)"
    checks:
      - "Looking for stdint.h"
    directories:
      source: "D:/WaterSurfaceRendererScratch/vcpkg_installed/vcpkg/blds/fftw3/x64-windows-dbg/CMakeFiles/CMakeScratch/TryCompile-g9f3oc"
      binary: "D:/WaterSurfaceRendererScratch/vcpkg_installed/vcpkg/blds/fftw3/x64-windows-dbg/CMakeFiles/CMakeScratch/TryCompile-g9f3oc"
    cmakeVariables:
      CMAKE_CXX_STDLIB_MODULES_JSON: ""
      CMAKE_C_FLAGS: " /nologo /DWIN32 /D_WINDOWS /utf-8 /MP "
      CMAKE_EXE_LINKER_FLAGS: "/machine:x64"
      CMAKE_MSVC_DEBUG_INFORMATION_FORMAT: ""
      CMAKE_MSVC_RUNTIME_LIBRARY: "MultiThreaded$<$<CONFIG:Debug>:Debug>$<$<STREQUAL:dynamic,dynamic>:DLL>"
      VCPKG_CHAINLOAD_TOOLCHAIN_FILE: "D:/Microsoft Visual Studio/18/Community/VC/vcpkg/scripts/toolchains/windows.cmake"
      VCPKG_CRT_LINKAGE: "dynamic"
      VCPKG_CXX_FLAGS: ""
      VCPKG_CXX_FLAGS_DEBUG: ""
      VCPKG_CXX_FLAGS_RELEASE: ""
      VCPKG_C_FLAGS: ""
      VCPKG_C_FLAGS_DEBUG: ""
      VCPKG_C_FLAGS_RELEASE: ""
      VCPKG_INSTALLED_DIR: "D:/WaterSurfaceRendererScratch/vcpkg_installed"
      VCPKG_LINKER_FLAGS: ""
      VCPKG_LINKER_FLAGS_DEBUG: ""
      VCPKG_LINKER_FLAGS_RELEASE: ""
      VCPKG_PLATFORM_TOOLSET: "v145"
      VCPKG_PREFER_SYSTEM_LIBS: "OFF"
      VCPKG_SET_CHARSET_FLAG: "ON"
      VCPKG_TARGET_ARCHITECTURE: "x64"
      VCPKG_TARGET_TRIPLET: "x64-windows"
      Z_VCPKG_ROOT_DIR: "D:/Microsoft Visual Studio/18/Community/VC/vcpkg"
    buildResult:
      variable: "HAVE_STDINT_H"
      cached: true
      stdout: |
        Change Dir: 'D:/WaterSurfaceRendererScratch/vcpkg_installed/vcpkg/blds/fftw3/x64-windows-dbg/CMakeFiles/CMakeScratch/TryCompile-g9f3oc'
        
        Run Build Command(s): "D:/Microsoft Visual Studio/18/Community/Common7/IDE/CommonExtensions/Microsoft/CMake/Ninja/ninja.exe" -v cmTC_23a81
        [1/2] "D:\\Microsoft Visual Studio\\18\\Community\\VC\\Tools\\MSVC\\14.51.36231\\bin\\Hostx64\\x64\\cl.exe"  /nologo -D_MBCS  /nologo /DWIN32 /D_WINDOWS /utf-8 /MP   /MDd /Z7 /Ob0 /Od /RTC1 /showIncludes /FoCMakeFiles\\cmTC_23a81.dir\\CheckIncludeFile.c.obj /FdCMakeFiles\\cmTC_23a81.dir\\ /FS -c D:\\WaterSurfaceRendererScratch\\vcpkg_installed\\vcpkg\\blds\\fftw3\\x64-windows-dbg\\CMakeFiles\\CMakeScratch\\TryCompile-g9f3oc\\CheckIncludeFile.c
        [2/2] C:\\windows\\system32\\cmd.exe /C "cd . && "D:\\Microsoft Visual Studio\\18\\Community\\Common7\\IDE\\CommonExtensions\\Microsoft\\CMake\\CMake\\bin\\cmake.exe" -E vs_link_exe --msvc-ver=1951 --intdir=CMakeFiles\\cmTC_23a81.dir --rc=C:\\PROGRA~2\\WI3CF2~1\\10\\bin\\100261~1.0\\x64\\rc.exe --mt=C:\\PROGRA~2\\WI3CF2~1\\10\\bin\\100261~1.0\\x64\\mt.exe --manifests  -- "D:\\Microsoft Visual Studio\\18\\Community\\VC\\Tools\\MSVC\\14.51.36231\\bin\\Hostx64\\x64\\link.exe" /nologo CMakeFiles\\cmTC_23a81.dir\\CheckIncludeFile.c.obj  /out:cmTC_23a81.exe /implib:cmTC_23a81.lib /pdb:cmTC_23a81.pdb /version:0.0 /machine:x64 /nologo /debug /INCREMENTAL /subsystem:console  kernel32.lib user32.lib gdi32.lib winspool.lib shell32.lib ole32.lib oleaut32.lib uuid.lib comdlg32.lib advapi32.lib && cd ."
        
      exitCode: 0
  -
    kind: "try_compile-v1"
    backtrace:
      - "D:/Microsoft Visual Studio/18/Community/Common7/IDE/CommonExtensions/Microsoft/CMake/CMake/share/cmake-4.3/Modules/CheckIncludeFile.cmake:174 (try_compile)"
      - "CMakeLists.txt:49 (check_include_file)"
    checks:
      - "Looking for stdlib.h"
    directories:
      source: "D:/WaterSurfaceRendererScratch/vcpkg_installed/vcpkg/blds/fftw3/x64-windows-dbg/CMakeFiles/CMakeScratch/TryCompile-31osjn"
      binary: "D:/WaterSurfaceRendererScratch/vcpkg_installed/vcpkg/blds/fftw3/x64-windows-dbg/CMakeFiles/CMakeScratch/TryCompile-31osjn"
    cmakeVariables:
      CMAKE_CXX_STDLIB_MODULES_JSON: ""
      CMAKE_C_FLAGS: " /nologo /DWIN32 /D_WINDOWS /utf-8 /MP "
      CMAKE_EXE_LINKER_FLAGS: "/machine:x64"
      CMAKE_MSVC_DEBUG_INFORMATION_FORMAT: ""
      CMAKE_MSVC_RUNTIME_LIBRARY: "MultiThreaded$<$<CONFIG:Debug>:Debug>$<$<STREQUAL:dynamic,dynamic>:DLL>"
      VCPKG_CHAINLOAD_TOOLCHAIN_FILE: "D:/Microsoft Visual Studio/18/Community/VC/vcpkg/scripts/toolchains/windows.cmake"
      VCPKG_CRT_LINKAGE: "dynamic"
      VCPKG_CXX_FLAGS: ""
      VCPKG_CXX_FLAGS_DEBUG: ""
      VCPKG_CXX_FLAGS_RELEASE: ""
      VCPKG_C_FLAGS: ""
      VCPKG_C_FLAGS_DEBUG: ""
      VCPKG_C_FLAGS_RELEASE: ""
      VCPKG_INSTALLED_DIR: "D:/WaterSurfaceRendererScratch/vcpkg_installed"
      VCPKG_LINKER_FLAGS: ""
      VCPKG_LINKER_FLAGS_DEBUG: ""
      VCPKG_LINKER_FLAGS_RELEASE: ""
      VCPKG_PLATFORM_TOOLSET: "v145"
      VCPKG_PREFER_SYSTEM_LIBS: "OFF"
      VCPKG_SET_CHARSET_FLAG: "ON"
      VCPKG_TARGET_ARCHITECTURE: "x64"
      VCPKG_TARGET_TRIPLET: "x64-windows"
      Z_VCPKG_ROOT_DIR: "D:/Microsoft Visual Studio/18/Community/VC/vcpkg"
    buildResult:
      variable: "HAVE_STDLIB_H"
      cached: true
      stdout: |
        Change Dir: 'D:/WaterSurfaceRendererScratch/vcpkg_installed/vcpkg/blds/fftw3/x64-windows-dbg/CMakeFiles/CMakeScratch/TryCompile-31osjn'
        
        Run Build Command(s): "D:/Microsoft Visual Studio/18/Community/Common7/IDE/CommonExtensions/Microsoft/CMake/Ninja/ninja.exe" -v cmTC_5466a
        [1/2] "D:\\Microsoft Visual Studio\\18\\Community\\VC\\Tools\\MSVC\\14.51.36231\\bin\\Hostx64\\x64\\cl.exe"  /nologo -D_MBCS  /nologo /DWIN32 /D_WINDOWS /utf-8 /MP   /MDd /Z7 /Ob0 /Od /RTC1 /showIncludes /FoCMakeFiles\\cmTC_5466a.dir\\CheckIncludeFile.c.obj /FdCMakeFiles\\cmTC_5466a.dir\\ /FS -c D:\\WaterSurfaceRendererScratch\\vcpkg_installed\\vcpkg\\blds\\fftw3\\x64-windows-dbg\\CMakeFiles\\CMakeScratch\\TryCompile-31osjn\\CheckIncludeFile.c
        [2/2] C:\\windows\\system32\\cmd.exe /C "cd . && "D:\\Microsoft Visual Studio\\18\\Community\\Common7\\IDE\\CommonExtensions\\Microsoft\\CMake\\CMake\\bin\\cmake.exe" -E vs_link_exe --msvc-ver=1951 --intdir=CMakeFiles\\cmTC_5466a.dir --rc=C:\\PROGRA~2\\WI3CF2~1\\10\\bin\\100261~1.0\\x64\\rc.exe --mt=C:\\PROGRA~2\\WI3CF2~1\\10\\bin\\100261~1.0\\x64\\mt.exe --manifests  -- "D:\\Microsoft Visual Studio\\18\\Community\\VC\\Tools\\MSVC\\14.51.36231\\bin\\Hostx64\\x64\\link.exe" /nologo CMakeFiles\\cmTC_5466a.dir\\CheckIncludeFile.c.obj  /out:cmTC_5466a.exe /implib:cmTC_5466a.lib /pdb:cmTC_5466a.pdb /version:0.0 /machine:x64 /nologo /debug /INCREMENTAL /subsystem:console  kernel32.lib user32.lib gdi32.lib winspool.lib shell32.lib ole32.lib oleaut32.lib uuid.lib comdlg32.lib advapi32.lib && cd ."
        
      exitCode: 0
  -
    kind: "try_compile-v1"
    backtrace:
      - "D:/Microsoft Visual Studio/18/Community/Common7/IDE/CommonExtensions/Microsoft/CMake/CMake/share/cmake-4.3/Modules/CheckIncludeFile.cmake:174 (try_compile)"
      - "CMakeLists.txt:50 (check_include_file)"
    checks:
      - "Looking for string.h"
    directories:
      source: "D:/WaterSurfaceRendererScratch/vcpkg_installed/vcpkg/blds/fftw3/x64-windows-dbg/CMakeFiles/CMakeScratch/TryCompile-9wlrgn"
      binary: "D:/WaterSurfaceRendererScratch/vcpkg_installed/vcpkg/blds/fftw3/x64-windows-dbg/CMakeFiles/CMakeScratch/TryCompile-9wlrgn"
    cmakeVariables:
      CMAKE_CXX_STDLIB_MODULES_JSON: ""
      CMAKE_C_FLAGS: " /nologo /DWIN32 /D_WINDOWS /utf-8 /MP "
      CMAKE_EXE_LINKER_FLAGS: "/machine:x64"
      CMAKE_MSVC_DEBUG_INFORMATION_FORMAT: ""
      CMAKE_MSVC_RUNTIME_LIBRARY: "MultiThreaded$<$<CONFIG:Debug>:Debug>$<$<STREQUAL:dynamic,dynamic>:DLL>"
      VCPKG_CHAINLOAD_TOOLCHAIN_FILE: "D:/Microsoft Visual Studio/18/Community/VC/vcpkg/scripts/toolchains/windows.cmake"
      VCPKG_CRT_LINKAGE: "dynamic"
      VCPKG_CXX_FLAGS: ""
      VCPKG_CXX_FLAGS_DEBUG: ""
      VCPKG_CXX_FLAGS_RELEASE: ""
      VCPKG_C_FLAGS: ""
      VCPKG_C_FLAGS_DEBUG: ""
      VCPKG_C_FLAGS_RELEASE: ""
      VCPKG_INSTALLED_DIR: "D:/WaterSurfaceRendererScratch/vcpkg_installed"
      VCPKG_LINKER_FLAGS: ""
      VCPKG_LINKER_FLAGS_DEBUG: ""
      VCPKG_LINKER_FLAGS_RELEASE: ""
      VCPKG_PLATFORM_TOOLSET: "v145"
      VCPKG_PREFER_SYSTEM_LIBS: "OFF"
      VCPKG_SET_CHARSET_FLAG: "ON"
      VCPKG_TARGET_ARCHITECTURE: "x64"
      VCPKG_TARGET_TRIPLET: "x64-windows"
      Z_VCPKG_ROOT_DIR: "D:/Microsoft Visual Studio/18/Community/VC/vcpkg"
    buildResult:
      variable: "HAVE_STRING_H"
      cached: true
      stdout: |
        Change Dir: 'D:/WaterSurfaceRendererScratch/vcpkg_installed/vcpkg/blds/fftw3/x64-windows-dbg/CMakeFiles/CMakeScratch/TryCompile-9wlrgn'
        
        Run Build Command(s): "D:/Microsoft Visual Studio/18/Community/Common7/IDE/CommonExtensions/Microsoft/CMake/Ninja/ninja.exe" -v cmTC_f2c9b
        [1/2] "D:\\Microsoft Visual Studio\\18\\Community\\VC\\Tools\\MSVC\\14.51.36231\\bin\\Hostx64\\x64\\cl.exe"  /nologo -D_MBCS  /nologo /DWIN32 /D_WINDOWS /utf-8 /MP   /MDd /Z7 /Ob0 /Od /RTC1 /showIncludes /FoCMakeFiles\\cmTC_f2c9b.dir\\CheckIncludeFile.c.obj /FdCMakeFiles\\cmTC_f2c9b.dir\\ /FS -c D:\\WaterSurfaceRendererScratch\\vcpkg_installed\\vcpkg\\blds\\fftw3\\x64-windows-dbg\\CMakeFiles\\CMakeScratch\\TryCompile-9wlrgn\\CheckIncludeFile.c
        [2/2] C:\\windows\\system32\\cmd.exe /C "cd . && "D:\\Microsoft Visual Studio\\18\\Community\\Common7\\IDE\\CommonExtensions\\Microsoft\\CMake\\CMake\\bin\\cmake.exe" -E vs_link_exe --msvc-ver=1951 --intdir=CMakeFiles\\cmTC_f2c9b.dir --rc=C:\\PROGRA~2\\WI3CF2~1\\10\\bin\\100261~1.0\\x64\\rc.exe --mt=C:\\PROGRA~2\\WI3CF2~1\\10\\bin\\100261~1.0\\x64\\mt.exe --manifests  -- "D:\\Microsoft Visual Studio\\18\\Community\\VC\\Tools\\MSVC\\14.51.36231\\bin\\Hostx64\\x64\\link.exe" /nologo CMakeFiles\\cmTC_f2c9b.dir\\CheckIncludeFile.c.obj  /out:cmTC_f2c9b.exe /implib:cmTC_f2c9b.lib /pdb:cmTC_f2c9b.pdb /version:0.0 /machine:x64 /nologo /debug /INCREMENTAL /subsystem:console  kernel32.lib user32.lib gdi32.lib winspool.lib shell32.lib ole32.lib oleaut32.lib uuid.lib comdlg32.lib advapi32.lib && cd ."
        
      exitCode: 0
  -
    kind: "try_compile-v1"
    backtrace:
      - "D:/Microsoft Visual Studio/18/Community/Common7/IDE/CommonExtensions/Microsoft/CMake/CMake/share/cmake-4.3/Modules/CheckIncludeFile.cmake:174 (try_compile)"
      - "CMakeLists.txt:51 (check_include_file)"
    checks:
      - "Looking for strings.h"
    directories:
      source: "D:/WaterSurfaceRendererScratch/vcpkg_installed/vcpkg/blds/fftw3/x64-windows-dbg/CMakeFiles/CMakeScratch/TryCompile-gtbxnx"
      binary: "D:/WaterSurfaceRendererScratch/vcpkg_installed/vcpkg/blds/fftw3/x64-windows-dbg/CMakeFiles/CMakeScratch/TryCompile-gtbxnx"
    cmakeVariables:
      CMAKE_CXX_STDLIB_MODULES_JSON: ""
      CMAKE_C_FLAGS: " /nologo /DWIN32 /D_WINDOWS /utf-8 /MP "
      CMAKE_EXE_LINKER_FLAGS: "/machine:x64"
      CMAKE_MSVC_DEBUG_INFORMATION_FORMAT: ""
      CMAKE_MSVC_RUNTIME_LIBRARY: "MultiThreaded$<$<CONFIG:Debug>:Debug>$<$<STREQUAL:dynamic,dynamic>:DLL>"
      VCPKG_CHAINLOAD_TOOLCHAIN_FILE: "D:/Microsoft Visual Studio/18/Community/VC/vcpkg/scripts/toolchains/windows.cmake"
      VCPKG_CRT_LINKAGE: "dynamic"
      VCPKG_CXX_FLAGS: ""
      VCPKG_CXX_FLAGS_DEBUG: ""
      VCPKG_CXX_FLAGS_RELEASE: ""
      VCPKG_C_FLAGS: ""
      VCPKG_C_FLAGS_DEBUG: ""
      VCPKG_C_FLAGS_RELEASE: ""
      VCPKG_INSTALLED_DIR: "D:/WaterSurfaceRendererScratch/vcpkg_installed"
      VCPKG_LINKER_FLAGS: ""
      VCPKG_LINKER_FLAGS_DEBUG: ""
      VCPKG_LINKER_FLAGS_RELEASE: ""
      VCPKG_PLATFORM_TOOLSET: "v145"
      VCPKG_PREFER_SYSTEM_LIBS: "OFF"
      VCPKG_SET_CHARSET_FLAG: "ON"
      VCPKG_TARGET_ARCHITECTURE: "x64"
      VCPKG_TARGET_TRIPLET: "x64-windows"
      Z_VCPKG_ROOT_DIR: "D:/Microsoft Visual Studio/18/Community/VC/vcpkg"
    buildResult:
      variable: "HAVE_STRINGS_H"
      cached: true
      stdout: |
        Change Dir: 'D:/WaterSurfaceRendererScratch/vcpkg_installed/vcpkg/blds/fftw3/x64-windows-dbg/CMakeFiles/CMakeScratch/TryCompile-gtbxnx'
        
        Run Build Command(s): "D:/Microsoft Visual Studio/18/Community/Common7/IDE/CommonExtensions/Microsoft/CMake/Ninja/ninja.exe" -v cmTC_fb25a
        [1/2] "D:\\Microsoft Visual Studio\\18\\Community\\VC\\Tools\\MSVC\\14.51.36231\\bin\\Hostx64\\x64\\cl.exe"  /nologo -D_MBCS  /nologo /DWIN32 /D_WINDOWS /utf-8 /MP   /MDd /Z7 /Ob0 /Od /RTC1 /showIncludes /FoCMakeFiles\\cmTC_fb25a.dir\\CheckIncludeFile.c.obj /FdCMakeFiles\\cmTC_fb25a.dir\\ /FS -c D:\\WaterSurfaceRendererScratch\\vcpkg_installed\\vcpkg\\blds\\fftw3\\x64-windows-dbg\\CMakeFiles\\CMakeScratch\\TryCompile-gtbxnx\\CheckIncludeFile.c
        FAILED: [code=2] CMakeFiles/cmTC_fb25a.dir/CheckIncludeFile.c.obj 
        "D:\\Microsoft Visual Studio\\18\\Community\\VC\\Tools\\MSVC\\14.51.36231\\bin\\Hostx64\\x64\\cl.exe"  /nologo -D_MBCS  /nologo /DWIN32 /D_WINDOWS /utf-8 /MP   /MDd /Z7 /Ob0 /Od /RTC1 /showIncludes /FoCMakeFiles\\cmTC_fb25a.dir\\CheckIncludeFile.c.obj /FdCMakeFiles\\cmTC_fb25a.dir\\ /FS -c D:\\WaterSurfaceRendererScratch\\vcpkg_installed\\vcpkg\\blds\\fftw3\\x64-windows-dbg\\CMakeFiles\\CMakeScratch\\TryCompile-gtbxnx\\CheckIncludeFile.c
        D:\\WaterSurfaceRendererScratch\\vcpkg_installed\\vcpkg\\blds\\fftw3\\x64-windows-dbg\\CMakeFiles\\CMakeScratch\\TryCompile-gtbxnx\\CheckIncludeFile.c(1): fatal error C1083: 无法打开包括文件: “strings.h”: No such file or directory
        ninja: build stopped: subcommand failed.
        
      exitCode: 2
  -
    kind: "try_compile-v1"
    backtrace:
      - "D:/Microsoft Visual Studio/18/Community/Common7/IDE/CommonExtensions/Microsoft/CMake/CMake/share/cmake-4.3/Modules/CheckIncludeFile.cmake:174 (try_compile)"
      - "CMakeLists.txt:52 (check_include_file)"
    checks:
      - "Looking for sys/types.h"
    directories:
      source: "D:/WaterSurfaceRendererScratch/vcpkg_installed/vcpkg/blds/fftw3/x64-windows-dbg/CMakeFiles/CMakeScratch/TryCompile-hz22k2"
      binary: "D:/WaterSurfaceRendererScratch/vcpkg_installed/vcpkg/blds/fftw3/x64-windows-dbg/CMakeFiles/CMakeScratch/TryCompile-hz22k2"
    cmakeVariables:
      CMAKE_CXX_STDLIB_MODULES_JSON: ""
      CMAKE_C_FLAGS: " /nologo /DWIN32 /D_WINDOWS /utf-8 /MP "
      CMAKE_EXE_LINKER_FLAGS: "/machine:x64"
      CMAKE_MSVC_DEBUG_INFORMATION_FORMAT: ""
      CMAKE_MSVC_RUNTIME_LIBRARY: "MultiThreaded$<$<CONFIG:Debug>:Debug>$<$<STREQUAL:dynamic,dynamic>:DLL>"
      VCPKG_CHAINLOAD_TOOLCHAIN_FILE: "D:/Microsoft Visual Studio/18/Community/VC/vcpkg/scripts/toolchains/windows.cmake"
      VCPKG_CRT_LINKAGE: "dynamic"
      VCPKG_CXX_FLAGS: ""
      VCPKG_CXX_FLAGS_DEBUG: ""
      VCPKG_CXX_FLAGS_RELEASE: ""
      VCPKG_C_FLAGS: ""
      VCPKG_C_FLAGS_DEBUG: ""
      VCPKG_C_FLAGS_RELEASE: ""
      VCPKG_INSTALLED_DIR: "D:/WaterSurfaceRendererScratch/vcpkg_installed"
      VCPKG_LINKER_FLAGS: ""
      VCPKG_LINKER_FLAGS_DEBUG: ""
      VCPKG_LINKER_FLAGS_RELEASE: ""
      VCPKG_PLATFORM_TOOLSET: "v145"
      VCPKG_PREFER_SYSTEM_LIBS: "OFF"
      VCPKG_SET_CHARSET_FLAG: "ON"
      VCPKG_TARGET_ARCHITECTURE: "x64"
      VCPKG_TARGET_TRIPLET: "x64-windows"
      Z_VCPKG_ROOT_DIR: "D:/Microsoft Visual Studio/18/Community/VC/vcpkg"
    buildResult:
      variable: "HAVE_SYS_TYPES_H"
      cached: true
      stdout: |
        Change Dir: 'D:/WaterSurfaceRendererScratch/vcpkg_installed/vcpkg/blds/fftw3/x64-windows-dbg/CMakeFiles/CMakeScratch/TryCompile-hz22k2'
        
        Run Build Command(s): "D:/Microsoft Visual Studio/18/Community/Common7/IDE/CommonExtensions/Microsoft/CMake/Ninja/ninja.exe" -v cmTC_850d8
        [1/2] "D:\\Microsoft Visual Studio\\18\\Community\\VC\\Tools\\MSVC\\14.51.36231\\bin\\Hostx64\\x64\\cl.exe"  /nologo -D_MBCS  /nologo /DWIN32 /D_WINDOWS /utf-8 /MP   /MDd /Z7 /Ob0 /Od /RTC1 /showIncludes /FoCMakeFiles\\cmTC_850d8.dir\\CheckIncludeFile.c.obj /FdCMakeFiles\\cmTC_850d8.dir\\ /FS -c D:\\WaterSurfaceRendererScratch\\vcpkg_installed\\vcpkg\\blds\\fftw3\\x64-windows-dbg\\CMakeFiles\\CMakeScratch\\TryCompile-hz22k2\\CheckIncludeFile.c
        [2/2] C:\\windows\\system32\\cmd.exe /C "cd . && "D:\\Microsoft Visual Studio\\18\\Community\\Common7\\IDE\\CommonExtensions\\Microsoft\\CMake\\CMake\\bin\\cmake.exe" -E vs_link_exe --msvc-ver=1951 --intdir=CMakeFiles\\cmTC_850d8.dir --rc=C:\\PROGRA~2\\WI3CF2~1\\10\\bin\\100261~1.0\\x64\\rc.exe --mt=C:\\PROGRA~2\\WI3CF2~1\\10\\bin\\100261~1.0\\x64\\mt.exe --manifests  -- "D:\\Microsoft Visual Studio\\18\\Community\\VC\\Tools\\MSVC\\14.51.36231\\bin\\Hostx64\\x64\\link.exe" /nologo CMakeFiles\\cmTC_850d8.dir\\CheckIncludeFile.c.obj  /out:cmTC_850d8.exe /implib:cmTC_850d8.lib /pdb:cmTC_850d8.pdb /version:0.0 /machine:x64 /nologo /debug /INCREMENTAL /subsystem:console  kernel32.lib user32.lib gdi32.lib winspool.lib shell32.lib ole32.lib oleaut32.lib uuid.lib comdlg32.lib advapi32.lib && cd ."
        
      exitCode: 0
  -
    kind: "try_compile-v1"
    backtrace:
      - "D:/Microsoft Visual Studio/18/Community/Common7/IDE/CommonExtensions/Microsoft/CMake/CMake/share/cmake-4.3/Modules/CheckIncludeFile.cmake:174 (try_compile)"
      - "CMakeLists.txt:53 (check_include_file)"
    checks:
      - "Looking for sys/time.h"
    directories:
      source: "D:/WaterSurfaceRendererScratch/vcpkg_installed/vcpkg/blds/fftw3/x64-windows-dbg/CMakeFiles/CMakeScratch/TryCompile-n9xrgz"
      binary: "D:/WaterSurfaceRendererScratch/vcpkg_installed/vcpkg/blds/fftw3/x64-windows-dbg/CMakeFiles/CMakeScratch/TryCompile-n9xrgz"
    cmakeVariables:
      CMAKE_CXX_STDLIB_MODULES_JSON: ""
      CMAKE_C_FLAGS: " /nologo /DWIN32 /D_WINDOWS /utf-8 /MP "
      CMAKE_EXE_LINKER_FLAGS: "/machine:x64"
      CMAKE_MSVC_DEBUG_INFORMATION_FORMAT: ""
      CMAKE_MSVC_RUNTIME_LIBRARY: "MultiThreaded$<$<CONFIG:Debug>:Debug>$<$<STREQUAL:dynamic,dynamic>:DLL>"
      VCPKG_CHAINLOAD_TOOLCHAIN_FILE: "D:/Microsoft Visual Studio/18/Community/VC/vcpkg/scripts/toolchains/windows.cmake"
      VCPKG_CRT_LINKAGE: "dynamic"
      VCPKG_CXX_FLAGS: ""
      VCPKG_CXX_FLAGS_DEBUG: ""
      VCPKG_CXX_FLAGS_RELEASE: ""
      VCPKG_C_FLAGS: ""
      VCPKG_C_FLAGS_DEBUG: ""
      VCPKG_C_FLAGS_RELEASE: ""
      VCPKG_INSTALLED_DIR: "D:/WaterSurfaceRendererScratch/vcpkg_installed"
      VCPKG_LINKER_FLAGS: ""
      VCPKG_LINKER_FLAGS_DEBUG: ""
      VCPKG_LINKER_FLAGS_RELEASE: ""
      VCPKG_PLATFORM_TOOLSET: "v145"
      VCPKG_PREFER_SYSTEM_LIBS: "OFF"
      VCPKG_SET_CHARSET_FLAG: "ON"
      VCPKG_TARGET_ARCHITECTURE: "x64"
      VCPKG_TARGET_TRIPLET: "x64-windows"
      Z_VCPKG_ROOT_DIR: "D:/Microsoft Visual Studio/18/Community/VC/vcpkg"
    buildResult:
      variable: "HAVE_SYS_TIME_H"
      cached: true
      stdout: |
        Change Dir: 'D:/WaterSurfaceRendererScratch/vcpkg_installed/vcpkg/blds/fftw3/x64-windows-dbg/CMakeFiles/CMakeScratch/TryCompile-n9xrgz'
        
        Run Build Command(s): "D:/Microsoft Visual Studio/18/Community/Common7/IDE/CommonExtensions/Microsoft/CMake/Ninja/ninja.exe" -v cmTC_c913f
        [1/2] "D:\\Microsoft Visual Studio\\18\\Community\\VC\\Tools\\MSVC\\14.51.36231\\bin\\Hostx64\\x64\\cl.exe"  /nologo -D_MBCS  /nologo /DWIN32 /D_WINDOWS /utf-8 /MP   /MDd /Z7 /Ob0 /Od /RTC1 /showIncludes /FoCMakeFiles\\cmTC_c913f.dir\\CheckIncludeFile.c.obj /FdCMakeFiles\\cmTC_c913f.dir\\ /FS -c D:\\WaterSurfaceRendererScratch\\vcpkg_installed\\vcpkg\\blds\\fftw3\\x64-windows-dbg\\CMakeFiles\\CMakeScratch\\TryCompile-n9xrgz\\CheckIncludeFile.c
        FAILED: [code=2] CMakeFiles/cmTC_c913f.dir/CheckIncludeFile.c.obj 
        "D:\\Microsoft Visual Studio\\18\\Community\\VC\\Tools\\MSVC\\14.51.36231\\bin\\Hostx64\\x64\\cl.exe"  /nologo -D_MBCS  /nologo /DWIN32 /D_WINDOWS /utf-8 /MP   /MDd /Z7 /Ob0 /Od /RTC1 /showIncludes /FoCMakeFiles\\cmTC_c913f.dir\\CheckIncludeFile.c.obj /FdCMakeFiles\\cmTC_c913f.dir\\ /FS -c D:\\WaterSurfaceRendererScratch\\vcpkg_installed\\vcpkg\\blds\\fftw3\\x64-windows-dbg\\CMakeFiles\\CMakeScratch\\TryCompile-n9xrgz\\CheckIncludeFile.c
        D:\\WaterSurfaceRendererScratch\\vcpkg_installed\\vcpkg\\blds\\fftw3\\x64-windows-dbg\\CMakeFiles\\CMakeScratch\\TryCompile-n9xrgz\\CheckIncludeFile.c(1): fatal error C1083: 无法打开包括文件: “sys/time.h”: No such file or directory
        ninja: build stopped: subcommand failed.
        
      exitCode: 2
  -
    kind: "try_compile-v1"
    backtrace:
      - "D:/Microsoft Visual Studio/18/Community/Common7/IDE/CommonExtensions/Microsoft/CMake/CMake/share/cmake-4.3/Modules/CheckIncludeFile.cmake:174 (try_compile)"
      - "CMakeLists.txt:54 (check_include_file)"
    checks:
      - "Looking for sys/stat.h"
    directories:
      source: "D:/WaterSurfaceRendererScratch/vcpkg_installed/vcpkg/blds/fftw3/x64-windows-dbg/CMakeFiles/CMakeScratch/TryCompile-na7hgy"
      binary: "D:/WaterSurfaceRendererScratch/vcpkg_installed/vcpkg/blds/fftw3/x64-windows-dbg/CMakeFiles/CMakeScratch/TryCompile-na7hgy"
    cmakeVariables:
      CMAKE_CXX_STDLIB_MODULES_JSON: ""
      CMAKE_C_FLAGS: " /nologo /DWIN32 /D_WINDOWS /utf-8 /MP "
      CMAKE_EXE_LINKER_FLAGS: "/machine:x64"
      CMAKE_MSVC_DEBUG_INFORMATION_FORMAT: ""
      CMAKE_MSVC_RUNTIME_LIBRARY: "MultiThreaded$<$<CONFIG:Debug>:Debug>$<$<STREQUAL:dynamic,dynamic>:DLL>"
      VCPKG_CHAINLOAD_TOOLCHAIN_FILE: "D:/Microsoft Visual Studio/18/Community/VC/vcpkg/scripts/toolchains/windows.cmake"
      VCPKG_CRT_LINKAGE: "dynamic"
      VCPKG_CXX_FLAGS: ""
      VCPKG_CXX_FLAGS_DEBUG: ""
      VCPKG_CXX_FLAGS_RELEASE: ""
      VCPKG_C_FLAGS: ""
      VCPKG_C_FLAGS_DEBUG: ""
      VCPKG_C_FLAGS_RELEASE: ""
      VCPKG_INSTALLED_DIR: "D:/WaterSurfaceRendererScratch/vcpkg_installed"
      VCPKG_LINKER_FLAGS: ""
      VCPKG_LINKER_FLAGS_DEBUG: ""
      VCPKG_LINKER_FLAGS_RELEASE: ""
      VCPKG_PLATFORM_TOOLSET: "v145"
      VCPKG_PREFER_SYSTEM_LIBS: "OFF"
      VCPKG_SET_CHARSET_FLAG: "ON"
      VCPKG_TARGET_ARCHITECTURE: "x64"
      VCPKG_TARGET_TRIPLET: "x64-windows"
      Z_VCPKG_ROOT_DIR: "D:/Microsoft Visual Studio/18/Community/VC/vcpkg"
    buildResult:
      variable: "HAVE_SYS_STAT_H"
      cached: true
      stdout: |
        Change Dir: 'D:/WaterSurfaceRendererScratch/vcpkg_installed/vcpkg/blds/fftw3/x64-windows-dbg/CMakeFiles/CMakeScratch/TryCompile-na7hgy'
        
        Run Build Command(s): "D:/Microsoft Visual Studio/18/Community/Common7/IDE/CommonExtensions/Microsoft/CMake/Ninja/ninja.exe" -v cmTC_6fb1f
        [1/2] "D:\\Microsoft Visual Studio\\18\\Community\\VC\\Tools\\MSVC\\14.51.36231\\bin\\Hostx64\\x64\\cl.exe"  /nologo -D_MBCS  /nologo /DWIN32 /D_WINDOWS /utf-8 /MP   /MDd /Z7 /Ob0 /Od /RTC1 /showIncludes /FoCMakeFiles\\cmTC_6fb1f.dir\\CheckIncludeFile.c.obj /FdCMakeFiles\\cmTC_6fb1f.dir\\ /FS -c D:\\WaterSurfaceRendererScratch\\vcpkg_installed\\vcpkg\\blds\\fftw3\\x64-windows-dbg\\CMakeFiles\\CMakeScratch\\TryCompile-na7hgy\\CheckIncludeFile.c
        [2/2] C:\\windows\\system32\\cmd.exe /C "cd . && "D:\\Microsoft Visual Studio\\18\\Community\\Common7\\IDE\\CommonExtensions\\Microsoft\\CMake\\CMake\\bin\\cmake.exe" -E vs_link_exe --msvc-ver=1951 --intdir=CMakeFiles\\cmTC_6fb1f.dir --rc=C:\\PROGRA~2\\WI3CF2~1\\10\\bin\\100261~1.0\\x64\\rc.exe --mt=C:\\PROGRA~2\\WI3CF2~1\\10\\bin\\100261~1.0\\x64\\mt.exe --manifests  -- "D:\\Microsoft Visual Studio\\18\\Community\\VC\\Tools\\MSVC\\14.51.36231\\bin\\Hostx64\\x64\\link.exe" /nologo CMakeFiles\\cmTC_6fb1f.dir\\CheckIncludeFile.c.obj  /out:cmTC_6fb1f.exe /implib:cmTC_6fb1f.lib /pdb:cmTC_6fb1f.pdb /version:0.0 /machine:x64 /nologo /debug /INCREMENTAL /subsystem:console  kernel32.lib user32.lib gdi32.lib winspool.lib shell32.lib ole32.lib oleaut32.lib uuid.lib comdlg32.lib advapi32.lib && cd ."
        
      exitCode: 0
  -
    kind: "try_compile-v1"
    backtrace:
      - "D:/Microsoft Visual Studio/18/Community/Common7/IDE/CommonExtensions/Microsoft/CMake/CMake/share/cmake-4.3/Modules/CheckIncludeFile.cmake:174 (try_compile)"
      - "CMakeLists.txt:55 (check_include_file)"
    checks:
      - "Looking for sys/sysctl.h"
    directories:
      source: "D:/WaterSurfaceRendererScratch/vcpkg_installed/vcpkg/blds/fftw3/x64-windows-dbg/CMakeFiles/CMakeScratch/TryCompile-kc2ejm"
      binary: "D:/WaterSurfaceRendererScratch/vcpkg_installed/vcpkg/blds/fftw3/x64-windows-dbg/CMakeFiles/CMakeScratch/TryCompile-kc2ejm"
    cmakeVariables:
      CMAKE_CXX_STDLIB_MODULES_JSON: ""
      CMAKE_C_FLAGS: " /nologo /DWIN32 /D_WINDOWS /utf-8 /MP "
      CMAKE_EXE_LINKER_FLAGS: "/machine:x64"
      CMAKE_MSVC_DEBUG_INFORMATION_FORMAT: ""
      CMAKE_MSVC_RUNTIME_LIBRARY: "MultiThreaded$<$<CONFIG:Debug>:Debug>$<$<STREQUAL:dynamic,dynamic>:DLL>"
      VCPKG_CHAINLOAD_TOOLCHAIN_FILE: "D:/Microsoft Visual Studio/18/Community/VC/vcpkg/scripts/toolchains/windows.cmake"
      VCPKG_CRT_LINKAGE: "dynamic"
      VCPKG_CXX_FLAGS: ""
      VCPKG_CXX_FLAGS_DEBUG: ""
      VCPKG_CXX_FLAGS_RELEASE: ""
      VCPKG_C_FLAGS: ""
      VCPKG_C_FLAGS_DEBUG: ""
      VCPKG_C_FLAGS_RELEASE: ""
      VCPKG_INSTALLED_DIR: "D:/WaterSurfaceRendererScratch/vcpkg_installed"
      VCPKG_LINKER_FLAGS: ""
      VCPKG_LINKER_FLAGS_DEBUG: ""
      VCPKG_LINKER_FLAGS_RELEASE: ""
      VCPKG_PLATFORM_TOOLSET: "v145"
      VCPKG_PREFER_SYSTEM_LIBS: "OFF"
      VCPKG_SET_CHARSET_FLAG: "ON"
      VCPKG_TARGET_ARCHITECTURE: "x64"
      VCPKG_TARGET_TRIPLET: "x64-windows"
      Z_VCPKG_ROOT_DIR: "D:/Microsoft Visual Studio/18/Community/VC/vcpkg"
    buildResult:
      variable: "HAVE_SYS_SYSCTL_H"
      cached: true
      stdout: |
        Change Dir: 'D:/WaterSurfaceRendererScratch/vcpkg_installed/vcpkg/blds/fftw3/x64-windows-dbg/CMakeFiles/CMakeScratch/TryCompile-kc2ejm'
        
        Run Build Command(s): "D:/Microsoft Visual Studio/18/Community/Common7/IDE/CommonExtensions/Microsoft/CMake/Ninja/ninja.exe" -v cmTC_7637d
        [1/2] "D:\\Microsoft Visual Studio\\18\\Community\\VC\\Tools\\MSVC\\14.51.36231\\bin\\Hostx64\\x64\\cl.exe"  /nologo -D_MBCS  /nologo /DWIN32 /D_WINDOWS /utf-8 /MP   /MDd /Z7 /Ob0 /Od /RTC1 /showIncludes /FoCMakeFiles\\cmTC_7637d.dir\\CheckIncludeFile.c.obj /FdCMakeFiles\\cmTC_7637d.dir\\ /FS -c D:\\WaterSurfaceRendererScratch\\vcpkg_installed\\vcpkg\\blds\\fftw3\\x64-windows-dbg\\CMakeFiles\\CMakeScratch\\TryCompile-kc2ejm\\CheckIncludeFile.c
        FAILED: [code=2] CMakeFiles/cmTC_7637d.dir/CheckIncludeFile.c.obj 
        "D:\\Microsoft Visual Studio\\18\\Community\\VC\\Tools\\MSVC\\14.51.36231\\bin\\Hostx64\\x64\\cl.exe"  /nologo -D_MBCS  /nologo /DWIN32 /D_WINDOWS /utf-8 /MP   /MDd /Z7 /Ob0 /Od /RTC1 /showIncludes /FoCMakeFiles\\cmTC_7637d.dir\\CheckIncludeFile.c.obj /FdCMakeFiles\\cmTC_7637d.dir\\ /FS -c D:\\WaterSurfaceRendererScratch\\vcpkg_installed\\vcpkg\\blds\\fftw3\\x64-windows-dbg\\CMakeFiles\\CMakeScratch\\TryCompile-kc2ejm\\CheckIncludeFile.c
        D:\\WaterSurfaceRendererScratch\\vcpkg_installed\\vcpkg\\blds\\fftw3\\x64-windows-dbg\\CMakeFiles\\CMakeScratch\\TryCompile-kc2ejm\\CheckIncludeFile.c(1): fatal error C1083: 无法打开包括文件: “sys/sysctl.h”: No such file or directory
        ninja: build stopped: subcommand failed.
        
      exitCode: 2
  -
    kind: "try_compile-v1"
    backtrace:
      - "D:/Microsoft Visual Studio/18/Community/Common7/IDE/CommonExtensions/Microsoft/CMake/CMake/share/cmake-4.3/Modules/CheckIncludeFile.cmake:174 (try_compile)"
      - "CMakeLists.txt:56 (check_include_file)"
    checks:
      - "Looking for time.h"
    directories:
      source: "D:/WaterSurfaceRendererScratch/vcpkg_installed/vcpkg/blds/fftw3/x64-windows-dbg/CMakeFiles/CMakeScratch/TryCompile-i927fg"
      binary: "D:/WaterSurfaceRendererScratch/vcpkg_installed/vcpkg/blds/fftw3/x64-windows-dbg/CMakeFiles/CMakeScratch/TryCompile-i927fg"
    cmakeVariables:
      CMAKE_CXX_STDLIB_MODULES_JSON: ""
      CMAKE_C_FLAGS: " /nologo /DWIN32 /D_WINDOWS /utf-8 /MP "
      CMAKE_EXE_LINKER_FLAGS: "/machine:x64"
      CMAKE_MSVC_DEBUG_INFORMATION_FORMAT: ""
      CMAKE_MSVC_RUNTIME_LIBRARY: "MultiThreaded$<$<CONFIG:Debug>:Debug>$<$<STREQUAL:dynamic,dynamic>:DLL>"
      VCPKG_CHAINLOAD_TOOLCHAIN_FILE: "D:/Microsoft Visual Studio/18/Community/VC/vcpkg/scripts/toolchains/windows.cmake"
      VCPKG_CRT_LINKAGE: "dynamic"
      VCPKG_CXX_FLAGS: ""
      VCPKG_CXX_FLAGS_DEBUG: ""
      VCPKG_CXX_FLAGS_RELEASE: ""
      VCPKG_C_FLAGS: ""
      VCPKG_C_FLAGS_DEBUG: ""
      VCPKG_C_FLAGS_RELEASE: ""
      VCPKG_INSTALLED_DIR: "D:/WaterSurfaceRendererScratch/vcpkg_installed"
      VCPKG_LINKER_FLAGS: ""
      VCPKG_LINKER_FLAGS_DEBUG: ""
      VCPKG_LINKER_FLAGS_RELEASE: ""
      VCPKG_PLATFORM_TOOLSET: "v145"
      VCPKG_PREFER_SYSTEM_LIBS: "OFF"
      VCPKG_SET_CHARSET_FLAG: "ON"
      VCPKG_TARGET_ARCHITECTURE: "x64"
      VCPKG_TARGET_TRIPLET: "x64-windows"
      Z_VCPKG_ROOT_DIR: "D:/Microsoft Visual Studio/18/Community/VC/vcpkg"
    buildResult:
      variable: "HAVE_TIME_H"
      cached: true
      stdout: |
        Change Dir: 'D:/WaterSurfaceRendererScratch/vcpkg_installed/vcpkg/blds/fftw3/x64-windows-dbg/CMakeFiles/CMakeScratch/TryCompile-i927fg'
        
        Run Build Command(s): "D:/Microsoft Visual Studio/18/Community/Common7/IDE/CommonExtensions/Microsoft/CMake/Ninja/ninja.exe" -v cmTC_f02d9
        [1/2] "D:\\Microsoft Visual Studio\\18\\Community\\VC\\Tools\\MSVC\\14.51.36231\\bin\\Hostx64\\x64\\cl.exe"  /nologo -D_MBCS  /nologo /DWIN32 /D_WINDOWS /utf-8 /MP   /MDd /Z7 /Ob0 /Od /RTC1 /showIncludes /FoCMakeFiles\\cmTC_f02d9.dir\\CheckIncludeFile.c.obj /FdCMakeFiles\\cmTC_f02d9.dir\\ /FS -c D:\\WaterSurfaceRendererScratch\\vcpkg_installed\\vcpkg\\blds\\fftw3\\x64-windows-dbg\\CMakeFiles\\CMakeScratch\\TryCompile-i927fg\\CheckIncludeFile.c
        [2/2] C:\\windows\\system32\\cmd.exe /C "cd . && "D:\\Microsoft Visual Studio\\18\\Community\\Common7\\IDE\\CommonExtensions\\Microsoft\\CMake\\CMake\\bin\\cmake.exe" -E vs_link_exe --msvc-ver=1951 --intdir=CMakeFiles\\cmTC_f02d9.dir --rc=C:\\PROGRA~2\\WI3CF2~1\\10\\bin\\100261~1.0\\x64\\rc.exe --mt=C:\\PROGRA~2\\WI3CF2~1\\10\\bin\\100261~1.0\\x64\\mt.exe --manifests  -- "D:\\Microsoft Visual Studio\\18\\Community\\VC\\Tools\\MSVC\\14.51.36231\\bin\\Hostx64\\x64\\link.exe" /nologo CMakeFiles\\cmTC_f02d9.dir\\CheckIncludeFile.c.obj  /out:cmTC_f02d9.exe /implib:cmTC_f02d9.lib /pdb:cmTC_f02d9.pdb /version:0.0 /machine:x64 /nologo /debug /INCREMENTAL /subsystem:console  kernel32.lib user32.lib gdi32.lib winspool.lib shell32.lib ole32.lib oleaut32.lib uuid.lib comdlg32.lib advapi32.lib && cd ."
        
      exitCode: 0
  -
    kind: "try_compile-v1"
    backtrace:
      - "D:/Microsoft Visual Studio/18/Community/Common7/IDE/CommonExtensions/Microsoft/CMake/CMake/share/cmake-4.3/Modules/CheckIncludeFile.cmake:174 (try_compile)"
      - "CMakeLists.txt:57 (check_include_file)"
    checks:
      - "Looking for uintptr.h"
    directories:
      source: "D:/WaterSurfaceRendererScratch/vcpkg_installed/vcpkg/blds/fftw3/x64-windows-dbg/CMakeFiles/CMakeScratch/TryCompile-tmeycs"
      binary: "D:/WaterSurfaceRendererScratch/vcpkg_installed/vcpkg/blds/fftw3/x64-windows-dbg/CMakeFiles/CMakeScratch/TryCompile-tmeycs"
    cmakeVariables:
      CMAKE_CXX_STDLIB_MODULES_JSON: ""
      CMAKE_C_FLAGS: " /nologo /DWIN32 /D_WINDOWS /utf-8 /MP "
      CMAKE_EXE_LINKER_FLAGS: "/machine:x64"
      CMAKE_MSVC_DEBUG_INFORMATION_FORMAT: ""
      CMAKE_MSVC_RUNTIME_LIBRARY: "MultiThreaded$<$<CONFIG:Debug>:Debug>$<$<STREQUAL:dynamic,dynamic>:DLL>"
      VCPKG_CHAINLOAD_TOOLCHAIN_FILE: "D:/Microsoft Visual Studio/18/Community/VC/vcpkg/scripts/toolchains/windows.cmake"
      VCPKG_CRT_LINKAGE: "dynamic"
      VCPKG_CXX_FLAGS: ""
      VCPKG_CXX_FLAGS_DEBUG: ""
      VCPKG_CXX_FLAGS_RELEASE: ""
      VCPKG_C_FLAGS: ""
      VCPKG_C_FLAGS_DEBUG: ""
      VCPKG_C_FLAGS_RELEASE: ""
      VCPKG_INSTALLED_DIR: "D:/WaterSurfaceRendererScratch/vcpkg_installed"
      VCPKG_LINKER_FLAGS: ""
      VCPKG_LINKER_FLAGS_DEBUG: ""
      VCPKG_LINKER_FLAGS_RELEASE: ""
      VCPKG_PLATFORM_TOOLSET: "v145"
      VCPKG_PREFER_SYSTEM_LIBS: "OFF"
      VCPKG_SET_CHARSET_FLAG: "ON"
      VCPKG_TARGET_ARCHITECTURE: "x64"
      VCPKG_TARGET_TRIPLET: "x64-windows"
      Z_VCPKG_ROOT_DIR: "D:/Microsoft Visual Studio/18/Community/VC/vcpkg"
    buildResult:
      variable: "HAVE_UINTPTR_H"
      cached: true
      stdout: |
        Change Dir: 'D:/WaterSurfaceRendererScratch/vcpkg_installed/vcpkg/blds/fftw3/x64-windows-dbg/CMakeFiles/CMakeScratch/TryCompile-tmeycs'
        
        Run Build Command(s): "D:/Microsoft Visual Studio/18/Community/Common7/IDE/CommonExtensions/Microsoft/CMake/Ninja/ninja.exe" -v cmTC_cb0a0
        [1/2] "D:\\Microsoft Visual Studio\\18\\Community\\VC\\Tools\\MSVC\\14.51.36231\\bin\\Hostx64\\x64\\cl.exe"  /nologo -D_MBCS  /nologo /DWIN32 /D_WINDOWS /utf-8 /MP   /MDd /Z7 /Ob0 /Od /RTC1 /showIncludes /FoCMakeFiles\\cmTC_cb0a0.dir\\CheckIncludeFile.c.obj /FdCMakeFiles\\cmTC_cb0a0.dir\\ /FS -c D:\\WaterSurfaceRendererScratch\\vcpkg_installed\\vcpkg\\blds\\fftw3\\x64-windows-dbg\\CMakeFiles\\CMakeScratch\\TryCompile-tmeycs\\CheckIncludeFile.c
        FAILED: [code=2] CMakeFiles/cmTC_cb0a0.dir/CheckIncludeFile.c.obj 
        "D:\\Microsoft Visual Studio\\18\\Community\\VC\\Tools\\MSVC\\14.51.36231\\bin\\Hostx64\\x64\\cl.exe"  /nologo -D_MBCS  /nologo /DWIN32 /D_WINDOWS /utf-8 /MP   /MDd /Z7 /Ob0 /Od /RTC1 /showIncludes /FoCMakeFiles\\cmTC_cb0a0.dir\\CheckIncludeFile.c.obj /FdCMakeFiles\\cmTC_cb0a0.dir\\ /FS -c D:\\WaterSurfaceRendererScratch\\vcpkg_installed\\vcpkg\\blds\\fftw3\\x64-windows-dbg\\CMakeFiles\\CMakeScratch\\TryCompile-tmeycs\\CheckIncludeFile.c
        D:\\WaterSurfaceRendererScratch\\vcpkg_installed\\vcpkg\\blds\\fftw3\\x64-windows-dbg\\CMakeFiles\\CMakeScratch\\TryCompile-tmeycs\\CheckIncludeFile.c(1): fatal error C1083: 无法打开包括文件: “uintptr.h”: No such file or directory
        ninja: build stopped: subcommand failed.
        
      exitCode: 2
  -
    kind: "try_compile-v1"
    backtrace:
      - "D:/Microsoft Visual Studio/18/Community/Common7/IDE/CommonExtensions/Microsoft/CMake/CMake/share/cmake-4.3/Modules/CheckIncludeFile.cmake:174 (try_compile)"
      - "CMakeLists.txt:58 (check_include_file)"
    checks:
      - "Looking for unistd.h"
    directories:
      source: "D:/WaterSurfaceRendererScratch/vcpkg_installed/vcpkg/blds/fftw3/x64-windows-dbg/CMakeFiles/CMakeScratch/TryCompile-oqobgl"
      binary: "D:/WaterSurfaceRendererScratch/vcpkg_installed/vcpkg/blds/fftw3/x64-windows-dbg/CMakeFiles/CMakeScratch/TryCompile-oqobgl"
    cmakeVariables:
      CMAKE_CXX_STDLIB_MODULES_JSON: ""
      CMAKE_C_FLAGS: " /nologo /DWIN32 /D_WINDOWS /utf-8 /MP "
      CMAKE_EXE_LINKER_FLAGS: "/machine:x64"
      CMAKE_MSVC_DEBUG_INFORMATION_FORMAT: ""
      CMAKE_MSVC_RUNTIME_LIBRARY: "MultiThreaded$<$<CONFIG:Debug>:Debug>$<$<STREQUAL:dynamic,dynamic>:DLL>"
      VCPKG_CHAINLOAD_TOOLCHAIN_FILE: "D:/Microsoft Visual Studio/18/Community/VC/vcpkg/scripts/toolchains/windows.cmake"
      VCPKG_CRT_LINKAGE: "dynamic"
      VCPKG_CXX_FLAGS: ""
      VCPKG_CXX_FLAGS_DEBUG: ""
      VCPKG_CXX_FLAGS_RELEASE: ""
      VCPKG_C_FLAGS: ""
      VCPKG_C_FLAGS_DEBUG: ""
      VCPKG_C_FLAGS_RELEASE: ""
      VCPKG_INSTALLED_DIR: "D:/WaterSurfaceRendererScratch/vcpkg_installed"
      VCPKG_LINKER_FLAGS: ""
      VCPKG_LINKER_FLAGS_DEBUG: ""
      VCPKG_LINKER_FLAGS_RELEASE: ""
      VCPKG_PLATFORM_TOOLSET: "v145"
      VCPKG_PREFER_SYSTEM_LIBS: "OFF"
      VCPKG_SET_CHARSET_FLAG: "ON"
      VCPKG_TARGET_ARCHITECTURE: "x64"
      VCPKG_TARGET_TRIPLET: "x64-windows"
      Z_VCPKG_ROOT_DIR: "D:/Microsoft Visual Studio/18/Community/VC/vcpkg"
    buildResult:
      variable: "HAVE_UNISTD_H"
      cached: true
      stdout: |
        Change Dir: 'D:/WaterSurfaceRendererScratch/vcpkg_installed/vcpkg/blds/fftw3/x64-windows-dbg/CMakeFiles/CMakeScratch/TryCompile-oqobgl'
        
        Run Build Command(s): "D:/Microsoft Visual Studio/18/Community/Common7/IDE/CommonExtensions/Microsoft/CMake/Ninja/ninja.exe" -v cmTC_9529f
        [1/2] "D:\\Microsoft Visual Studio\\18\\Community\\VC\\Tools\\MSVC\\14.51.36231\\bin\\Hostx64\\x64\\cl.exe"  /nologo -D_MBCS  /nologo /DWIN32 /D_WINDOWS /utf-8 /MP   /MDd /Z7 /Ob0 /Od /RTC1 /showIncludes /FoCMakeFiles\\cmTC_9529f.dir\\CheckIncludeFile.c.obj /FdCMakeFiles\\cmTC_9529f.dir\\ /FS -c D:\\WaterSurfaceRendererScratch\\vcpkg_installed\\vcpkg\\blds\\fftw3\\x64-windows-dbg\\CMakeFiles\\CMakeScratch\\TryCompile-oqobgl\\CheckIncludeFile.c
        FAILED: [code=2] CMakeFiles/cmTC_9529f.dir/CheckIncludeFile.c.obj 
        "D:\\Microsoft Visual Studio\\18\\Community\\VC\\Tools\\MSVC\\14.51.36231\\bin\\Hostx64\\x64\\cl.exe"  /nologo -D_MBCS  /nologo /DWIN32 /D_WINDOWS /utf-8 /MP   /MDd /Z7 /Ob0 /Od /RTC1 /showIncludes /FoCMakeFiles\\cmTC_9529f.dir\\CheckIncludeFile.c.obj /FdCMakeFiles\\cmTC_9529f.dir\\ /FS -c D:\\WaterSurfaceRendererScratch\\vcpkg_installed\\vcpkg\\blds\\fftw3\\x64-windows-dbg\\CMakeFiles\\CMakeScratch\\TryCompile-oqobgl\\CheckIncludeFile.c
        D:\\WaterSurfaceRendererScratch\\vcpkg_installed\\vcpkg\\blds\\fftw3\\x64-windows-dbg\\CMakeFiles\\CMakeScratch\\TryCompile-oqobgl\\CheckIncludeFile.c(1): fatal error C1083: 无法打开包括文件: “unistd.h”: No such file or directory
        ninja: build stopped: subcommand failed.
        
      exitCode: 2
  -
    kind: "try_compile-v1"
    backtrace:
      - "D:/Microsoft Visual Studio/18/Community/Common7/IDE/CommonExtensions/Microsoft/CMake/CMake/share/cmake-4.3/Modules/CheckPrototypeDefinition.cmake:145 (try_compile)"
      - "CMakeLists.txt:64 (check_prototype_definition)"
    checks:
      - "Checking prototype drand48 for HAVE_DECL_DRAND48"
    directories:
      source: "D:/WaterSurfaceRendererScratch/vcpkg_installed/vcpkg/blds/fftw3/x64-windows-dbg/CMakeFiles/CMakeScratch/TryCompile-4n0ky8"
      binary: "D:/WaterSurfaceRendererScratch/vcpkg_installed/vcpkg/blds/fftw3/x64-windows-dbg/CMakeFiles/CMakeScratch/TryCompile-4n0ky8"
    cmakeVariables:
      CMAKE_CXX_STDLIB_MODULES_JSON: ""
      CMAKE_C_FLAGS: " /nologo /DWIN32 /D_WINDOWS /utf-8 /MP "
      CMAKE_EXE_LINKER_FLAGS: "/machine:x64"
      CMAKE_MSVC_DEBUG_INFORMATION_FORMAT: ""
      CMAKE_MSVC_RUNTIME_LIBRARY: "MultiThreaded$<$<CONFIG:Debug>:Debug>$<$<STREQUAL:dynamic,dynamic>:DLL>"
      VCPKG_CHAINLOAD_TOOLCHAIN_FILE: "D:/Microsoft Visual Studio/18/Community/VC/vcpkg/scripts/toolchains/windows.cmake"
      VCPKG_CRT_LINKAGE: "dynamic"
      VCPKG_CXX_FLAGS: ""
      VCPKG_CXX_FLAGS_DEBUG: ""
      VCPKG_CXX_FLAGS_RELEASE: ""
      VCPKG_C_FLAGS: ""
      VCPKG_C_FLAGS_DEBUG: ""
      VCPKG_C_FLAGS_RELEASE: ""
      VCPKG_INSTALLED_DIR: "D:/WaterSurfaceRendererScratch/vcpkg_installed"
      VCPKG_LINKER_FLAGS: ""
      VCPKG_LINKER_FLAGS_DEBUG: ""
      VCPKG_LINKER_FLAGS_RELEASE: ""
      VCPKG_PLATFORM_TOOLSET: "v145"
      VCPKG_PREFER_SYSTEM_LIBS: "OFF"
      VCPKG_SET_CHARSET_FLAG: "ON"
      VCPKG_TARGET_ARCHITECTURE: "x64"
      VCPKG_TARGET_TRIPLET: "x64-windows"
      Z_VCPKG_ROOT_DIR: "D:/Microsoft Visual Studio/18/Community/VC/vcpkg"
    buildResult:
      variable: "HAVE_DECL_DRAND48"
      cached: true
      stdout: |
        Change Dir: 'D:/WaterSurfaceRendererScratch/vcpkg_installed/vcpkg/blds/fftw3/x64-windows-dbg/CMakeFiles/CMakeScratch/TryCompile-4n0ky8'
        
        Run Build Command(s): "D:/Microsoft Visual Studio/18/Community/Common7/IDE/CommonExtensions/Microsoft/CMake/Ninja/ninja.exe" -v cmTC_c4378
        [1/2] "D:\\Microsoft Visual Studio\\18\\Community\\VC\\Tools\\MSVC\\14.51.36231\\bin\\Hostx64\\x64\\cl.exe"  /nologo -D_MBCS  /nologo /DWIN32 /D_WINDOWS /utf-8 /MP   /MDd /Z7 /Ob0 /Od /RTC1 /showIncludes /FoCMakeFiles\\cmTC_c4378.dir\\CheckPrototypeDefinition.c.obj /FdCMakeFiles\\cmTC_c4378.dir\\ /FS -c D:\\WaterSurfaceRendererScratch\\vcpkg_installed\\vcpkg\\blds\\fftw3\\x64-windows-dbg\\CMakeFiles\\CMakeScratch\\TryCompile-4n0ky8\\CheckPrototypeDefinition.c
        FAILED: [code=2] CMakeFiles/cmTC_c4378.dir/CheckPrototypeDefinition.c.obj 
        "D:\\Microsoft Visual Studio\\18\\Community\\VC\\Tools\\MSVC\\14.51.36231\\bin\\Hostx64\\x64\\cl.exe"  /nologo -D_MBCS  /nologo /DWIN32 /D_WINDOWS /utf-8 /MP   /MDd /Z7 /Ob0 /Od /RTC1 /showIncludes /FoCMakeFiles\\cmTC_c4378.dir\\CheckPrototypeDefinition.c.obj /FdCMakeFiles\\cmTC_c4378.dir\\ /FS -c D:\\WaterSurfaceRendererScratch\\vcpkg_installed\\vcpkg\\blds\\fftw3\\x64-windows-dbg\\CMakeFiles\\CMakeScratch\\TryCompile-4n0ky8\\CheckPrototypeDefinition.c
        D:\\WaterSurfaceRendererScratch\\vcpkg_installed\\vcpkg\\blds\\fftw3\\x64-windows-dbg\\CMakeFiles\\CMakeScratch\\TryCompile-4n0ky8\\CheckPrototypeDefinition.c(10): error C2065: “drand48”: 未声明的标识符
        ninja: build stopped: subcommand failed.
        
      exitCode: 2
  -
    kind: "try_compile-v1"
    backtrace:
      - "D:/Microsoft Visual Studio/18/Community/Common7/IDE/CommonExtensions/Microsoft/CMake/CMake/share/cmake-4.3/Modules/CheckPrototypeDefinition.cmake:145 (try_compile)"
      - "CMakeLists.txt:65 (check_prototype_definition)"
    checks:
      - "Checking prototype srand48 for HAVE_DECL_SRAND48"
    directories:
      source: "D:/WaterSurfaceRendererScratch/vcpkg_installed/vcpkg/blds/fftw3/x64-windows-dbg/CMakeFiles/CMakeScratch/TryCompile-ksj5k1"
      binary: "D:/WaterSurfaceRendererScratch/vcpkg_installed/vcpkg/blds/fftw3/x64-windows-dbg/CMakeFiles/CMakeScratch/TryCompile-ksj5k1"
    cmakeVariables:
      CMAKE_CXX_STDLIB_MODULES_JSON: ""
      CMAKE_C_FLAGS: " /nologo /DWIN32 /D_WINDOWS /utf-8 /MP "
      CMAKE_EXE_LINKER_FLAGS: "/machine:x64"
      CMAKE_MSVC_DEBUG_INFORMATION_FORMAT: ""
      CMAKE_MSVC_RUNTIME_LIBRARY: "MultiThreaded$<$<CONFIG:Debug>:Debug>$<$<STREQUAL:dynamic,dynamic>:DLL>"
      VCPKG_CHAINLOAD_TOOLCHAIN_FILE: "D:/Microsoft Visual Studio/18/Community/VC/vcpkg/scripts/toolchains/windows.cmake"
      VCPKG_CRT_LINKAGE: "dynamic"
      VCPKG_CXX_FLAGS: ""
      VCPKG_CXX_FLAGS_DEBUG: ""
      VCPKG_CXX_FLAGS_RELEASE: ""
      VCPKG_C_FLAGS: ""
      VCPKG_C_FLAGS_DEBUG: ""
      VCPKG_C_FLAGS_RELEASE: ""
      VCPKG_INSTALLED_DIR: "D:/WaterSurfaceRendererScratch/vcpkg_installed"
      VCPKG_LINKER_FLAGS: ""
      VCPKG_LINKER_FLAGS_DEBUG: ""
      VCPKG_LINKER_FLAGS_RELEASE: ""
      VCPKG_PLATFORM_TOOLSET: "v145"
      VCPKG_PREFER_SYSTEM_LIBS: "OFF"
      VCPKG_SET_CHARSET_FLAG: "ON"
      VCPKG_TARGET_ARCHITECTURE: "x64"
      VCPKG_TARGET_TRIPLET: "x64-windows"
      Z_VCPKG_ROOT_DIR: "D:/Microsoft Visual Studio/18/Community/VC/vcpkg"
    buildResult:
      variable: "HAVE_DECL_SRAND48"
      cached: true
      stdout: |
        Change Dir: 'D:/WaterSurfaceRendererScratch/vcpkg_installed/vcpkg/blds/fftw3/x64-windows-dbg/CMakeFiles/CMakeScratch/TryCompile-ksj5k1'
        
        Run Build Command(s): "D:/Microsoft Visual Studio/18/Community/Common7/IDE/CommonExtensions/Microsoft/CMake/Ninja/ninja.exe" -v cmTC_ee56e
        [1/2] "D:\\Microsoft Visual Studio\\18\\Community\\VC\\Tools\\MSVC\\14.51.36231\\bin\\Hostx64\\x64\\cl.exe"  /nologo -D_MBCS  /nologo /DWIN32 /D_WINDOWS /utf-8 /MP   /MDd /Z7 /Ob0 /Od /RTC1 /showIncludes /FoCMakeFiles\\cmTC_ee56e.dir\\CheckPrototypeDefinition.c.obj /FdCMakeFiles\\cmTC_ee56e.dir\\ /FS -c D:\\WaterSurfaceRendererScratch\\vcpkg_installed\\vcpkg\\blds\\fftw3\\x64-windows-dbg\\CMakeFiles\\CMakeScratch\\TryCompile-ksj5k1\\CheckPrototypeDefinition.c
        FAILED: [code=2] CMakeFiles/cmTC_ee56e.dir/CheckPrototypeDefinition.c.obj 
        "D:\\Microsoft Visual Studio\\18\\Community\\VC\\Tools\\MSVC\\14.51.36231\\bin\\Hostx64\\x64\\cl.exe"  /nologo -D_MBCS  /nologo /DWIN32 /D_WINDOWS /utf-8 /MP   /MDd /Z7 /Ob0 /Od /RTC1 /showIncludes /FoCMakeFiles\\cmTC_ee56e.dir\\CheckPrototypeDefinition.c.obj /FdCMakeFiles\\cmTC_ee56e.dir\\ /FS -c D:\\WaterSurfaceRendererScratch\\vcpkg_installed\\vcpkg\\blds\\fftw3\\x64-windows-dbg\\CMakeFiles\\CMakeScratch\\TryCompile-ksj5k1\\CheckPrototypeDefinition.c
        D:\\WaterSurfaceRendererScratch\\vcpkg_installed\\vcpkg\\blds\\fftw3\\x64-windows-dbg\\CMakeFiles\\CMakeScratch\\TryCompile-ksj5k1\\CheckPrototypeDefinition.c(10): error C2065: “srand48”: 未声明的标识符
        D:\\WaterSurfaceRendererScratch\\vcpkg_installed\\vcpkg\\blds\\fftw3\\x64-windows-dbg\\CMakeFiles\\CMakeScratch\\TryCompile-ksj5k1\\CheckPrototypeDefinition.c(15): warning C4098: “srand48”:“void”函数返回值
        ninja: build stopped: subcommand failed.
        
      exitCode: 2
  -
    kind: "try_compile-v1"
    backtrace:
      - "D:/Microsoft Visual Studio/18/Community/Common7/IDE/CommonExtensions/Microsoft/CMake/CMake/share/cmake-4.3/Modules/CheckPrototypeDefinition.cmake:145 (try_compile)"
      - "CMakeLists.txt:66 (check_prototype_definition)"
    checks:
      - "Checking prototype cosl for HAVE_DECL_COSL"
    directories:
      source: "D:/WaterSurfaceRendererScratch/vcpkg_installed/vcpkg/blds/fftw3/x64-windows-dbg/CMakeFiles/CMakeScratch/TryCompile-uudppw"
      binary: "D:/WaterSurfaceRendererScratch/vcpkg_installed/vcpkg/blds/fftw3/x64-windows-dbg/CMakeFiles/CMakeScratch/TryCompile-uudppw"
    cmakeVariables:
      CMAKE_CXX_STDLIB_MODULES_JSON: ""
      CMAKE_C_FLAGS: " /nologo /DWIN32 /D_WINDOWS /utf-8 /MP "
      CMAKE_EXE_LINKER_FLAGS: "/machine:x64"
      CMAKE_MSVC_DEBUG_INFORMATION_FORMAT: ""
      CMAKE_MSVC_RUNTIME_LIBRARY: "MultiThreaded$<$<CONFIG:Debug>:Debug>$<$<STREQUAL:dynamic,dynamic>:DLL>"
      VCPKG_CHAINLOAD_TOOLCHAIN_FILE: "D:/Microsoft Visual Studio/18/Community/VC/vcpkg/scripts/toolchains/windows.cmake"
      VCPKG_CRT_LINKAGE: "dynamic"
      VCPKG_CXX_FLAGS: ""
      VCPKG_CXX_FLAGS_DEBUG: ""
      VCPKG_CXX_FLAGS_RELEASE: ""
      VCPKG_C_FLAGS: ""
      VCPKG_C_FLAGS_DEBUG: ""
      VCPKG_C_FLAGS_RELEASE: ""
      VCPKG_INSTALLED_DIR: "D:/WaterSurfaceRendererScratch/vcpkg_installed"
      VCPKG_LINKER_FLAGS: ""
      VCPKG_LINKER_FLAGS_DEBUG: ""
      VCPKG_LINKER_FLAGS_RELEASE: ""
      VCPKG_PLATFORM_TOOLSET: "v145"
      VCPKG_PREFER_SYSTEM_LIBS: "OFF"
      VCPKG_SET_CHARSET_FLAG: "ON"
      VCPKG_TARGET_ARCHITECTURE: "x64"
      VCPKG_TARGET_TRIPLET: "x64-windows"
      Z_VCPKG_ROOT_DIR: "D:/Microsoft Visual Studio/18/Community/VC/vcpkg"
    buildResult:
      variable: "HAVE_DECL_COSL"
      cached: true
      stdout: |
        Change Dir: 'D:/WaterSurfaceRendererScratch/vcpkg_installed/vcpkg/blds/fftw3/x64-windows-dbg/CMakeFiles/CMakeScratch/TryCompile-uudppw'
        
        Run Build Command(s): "D:/Microsoft Visual Studio/18/Community/Common7/IDE/CommonExtensions/Microsoft/CMake/Ninja/ninja.exe" -v cmTC_46b6d
        [1/2] "D:\\Microsoft Visual Studio\\18\\Community\\VC\\Tools\\MSVC\\14.51.36231\\bin\\Hostx64\\x64\\cl.exe"  /nologo -D_MBCS  /nologo /DWIN32 /D_WINDOWS /utf-8 /MP   /MDd /Z7 /Ob0 /Od /RTC1 /showIncludes /FoCMakeFiles\\cmTC_46b6d.dir\\CheckPrototypeDefinition.c.obj /FdCMakeFiles\\cmTC_46b6d.dir\\ /FS -c D:\\WaterSurfaceRendererScratch\\vcpkg_installed\\vcpkg\\blds\\fftw3\\x64-windows-dbg\\CMakeFiles\\CMakeScratch\\TryCompile-uudppw\\CheckPrototypeDefinition.c
        FAILED: [code=2] CMakeFiles/cmTC_46b6d.dir/CheckPrototypeDefinition.c.obj 
        "D:\\Microsoft Visual Studio\\18\\Community\\VC\\Tools\\MSVC\\14.51.36231\\bin\\Hostx64\\x64\\cl.exe"  /nologo -D_MBCS  /nologo /DWIN32 /D_WINDOWS /utf-8 /MP   /MDd /Z7 /Ob0 /Od /RTC1 /showIncludes /FoCMakeFiles\\cmTC_46b6d.dir\\CheckPrototypeDefinition.c.obj /FdCMakeFiles\\cmTC_46b6d.dir\\ /FS -c D:\\WaterSurfaceRendererScratch\\vcpkg_installed\\vcpkg\\blds\\fftw3\\x64-windows-dbg\\CMakeFiles\\CMakeScratch\\TryCompile-uudppw\\CheckPrototypeDefinition.c
        D:\\WaterSurfaceRendererScratch\\vcpkg_installed\\vcpkg\\blds\\fftw3\\x64-windows-dbg\\CMakeFiles\\CMakeScratch\\TryCompile-uudppw\\CheckPrototypeDefinition.c(14): error C2084: 函数“long double cosl(long double)”已有主体
        C:\\Program Files (x86)\\Windows Kits\\10\\include\\10.0.26100.0\\ucrt\\corecrt_math.h(864): note: 参见“cosl”的前一个定义
        ninja: build stopped: subcommand failed.
        
      exitCode: 2
  -
    kind: "try_compile-v1"
    backtrace:
      - "D:/Microsoft Visual Studio/18/Community/Common7/IDE/CommonExtensions/Microsoft/CMake/CMake/share/cmake-4.3/Modules/CheckPrototypeDefinition.cmake:145 (try_compile)"
      - "CMakeLists.txt:67 (check_prototype_definition)"
    checks:
      - "Checking prototype sinl for HAVE_DECL_SINL"
    directories:
      source: "D:/WaterSurfaceRendererScratch/vcpkg_installed/vcpkg/blds/fftw3/x64-windows-dbg/CMakeFiles/CMakeScratch/TryCompile-etz4gr"
      binary: "D:/WaterSurfaceRendererScratch/vcpkg_installed/vcpkg/blds/fftw3/x64-windows-dbg/CMakeFiles/CMakeScratch/TryCompile-etz4gr"
    cmakeVariables:
      CMAKE_CXX_STDLIB_MODULES_JSON: ""
      CMAKE_C_FLAGS: " /nologo /DWIN32 /D_WINDOWS /utf-8 /MP "
      CMAKE_EXE_LINKER_FLAGS: "/machine:x64"
      CMAKE_MSVC_DEBUG_INFORMATION_FORMAT: ""
      CMAKE_MSVC_RUNTIME_LIBRARY: "MultiThreaded$<$<CONFIG:Debug>:Debug>$<$<STREQUAL:dynamic,dynamic>:DLL>"
      VCPKG_CHAINLOAD_TOOLCHAIN_FILE: "D:/Microsoft Visual Studio/18/Community/VC/vcpkg/scripts/toolchains/windows.cmake"
      VCPKG_CRT_LINKAGE: "dynamic"
      VCPKG_CXX_FLAGS: ""
      VCPKG_CXX_FLAGS_DEBUG: ""
      VCPKG_CXX_FLAGS_RELEASE: ""
      VCPKG_C_FLAGS: ""
      VCPKG_C_FLAGS_DEBUG: ""
      VCPKG_C_FLAGS_RELEASE: ""
      VCPKG_INSTALLED_DIR: "D:/WaterSurfaceRendererScratch/vcpkg_installed"
      VCPKG_LINKER_FLAGS: ""
      VCPKG_LINKER_FLAGS_DEBUG: ""
      VCPKG_LINKER_FLAGS_RELEASE: ""
      VCPKG_PLATFORM_TOOLSET: "v145"
      VCPKG_PREFER_SYSTEM_LIBS: "OFF"
      VCPKG_SET_CHARSET_FLAG: "ON"
      VCPKG_TARGET_ARCHITECTURE: "x64"
      VCPKG_TARGET_TRIPLET: "x64-windows"
      Z_VCPKG_ROOT_DIR: "D:/Microsoft Visual Studio/18/Community/VC/vcpkg"
    buildResult:
      variable: "HAVE_DECL_SINL"
      cached: true
      stdout: |
        Change Dir: 'D:/WaterSurfaceRendererScratch/vcpkg_installed/vcpkg/blds/fftw3/x64-windows-dbg/CMakeFiles/CMakeScratch/TryCompile-etz4gr'
        
        Run Build Command(s): "D:/Microsoft Visual Studio/18/Community/Common7/IDE/CommonExtensions/Microsoft/CMake/Ninja/ninja.exe" -v cmTC_de281
        [1/2] "D:\\Microsoft Visual Studio\\18\\Community\\VC\\Tools\\MSVC\\14.51.36231\\bin\\Hostx64\\x64\\cl.exe"  /nologo -D_MBCS  /nologo /DWIN32 /D_WINDOWS /utf-8 /MP   /MDd /Z7 /Ob0 /Od /RTC1 /showIncludes /FoCMakeFiles\\cmTC_de281.dir\\CheckPrototypeDefinition.c.obj /FdCMakeFiles\\cmTC_de281.dir\\ /FS -c D:\\WaterSurfaceRendererScratch\\vcpkg_installed\\vcpkg\\blds\\fftw3\\x64-windows-dbg\\CMakeFiles\\CMakeScratch\\TryCompile-etz4gr\\CheckPrototypeDefinition.c
        FAILED: [code=2] CMakeFiles/cmTC_de281.dir/CheckPrototypeDefinition.c.obj 
        "D:\\Microsoft Visual Studio\\18\\Community\\VC\\Tools\\MSVC\\14.51.36231\\bin\\Hostx64\\x64\\cl.exe"  /nologo -D_MBCS  /nologo /DWIN32 /D_WINDOWS /utf-8 /MP   /MDd /Z7 /Ob0 /Od /RTC1 /showIncludes /FoCMakeFiles\\cmTC_de281.dir\\CheckPrototypeDefinition.c.obj /FdCMakeFiles\\cmTC_de281.dir\\ /FS -c D:\\WaterSurfaceRendererScratch\\vcpkg_installed\\vcpkg\\blds\\fftw3\\x64-windows-dbg\\CMakeFiles\\CMakeScratch\\TryCompile-etz4gr\\CheckPrototypeDefinition.c
        D:\\WaterSurfaceRendererScratch\\vcpkg_installed\\vcpkg\\blds\\fftw3\\x64-windows-dbg\\CMakeFiles\\CMakeScratch\\TryCompile-etz4gr\\CheckPrototypeDefinition.c(14): error C2084: 函数“long double sinl(long double)”已有主体
        C:\\Program Files (x86)\\Windows Kits\\10\\include\\10.0.26100.0\\ucrt\\corecrt_math.h(973): note: 参见“sinl”的前一个定义
        ninja: build stopped: subcommand failed.
        
      exitCode: 2
  -
    kind: "try_compile-v1"
    backtrace:
      - "D:/Microsoft Visual Studio/18/Community/Common7/IDE/CommonExtensions/Microsoft/CMake/CMake/share/cmake-4.3/Modules/CheckPrototypeDefinition.cmake:145 (try_compile)"
      - "CMakeLists.txt:68 (check_prototype_definition)"
    checks:
      - "Checking prototype memalign for HAVE_DECL_MEMALIGN"
    directories:
      source: "D:/WaterSurfaceRendererScratch/vcpkg_installed/vcpkg/blds/fftw3/x64-windows-dbg/CMakeFiles/CMakeScratch/TryCompile-rrg99j"
      binary: "D:/WaterSurfaceRendererScratch/vcpkg_installed/vcpkg/blds/fftw3/x64-windows-dbg/CMakeFiles/CMakeScratch/TryCompile-rrg99j"
    cmakeVariables:
      CMAKE_CXX_STDLIB_MODULES_JSON: ""
      CMAKE_C_FLAGS: " /nologo /DWIN32 /D_WINDOWS /utf-8 /MP "
      CMAKE_EXE_LINKER_FLAGS: "/machine:x64"
      CMAKE_MSVC_DEBUG_INFORMATION_FORMAT: ""
      CMAKE_MSVC_RUNTIME_LIBRARY: "MultiThreaded$<$<CONFIG:Debug>:Debug>$<$<STREQUAL:dynamic,dynamic>:DLL>"
      VCPKG_CHAINLOAD_TOOLCHAIN_FILE: "D:/Microsoft Visual Studio/18/Community/VC/vcpkg/scripts/toolchains/windows.cmake"
      VCPKG_CRT_LINKAGE: "dynamic"
      VCPKG_CXX_FLAGS: ""
      VCPKG_CXX_FLAGS_DEBUG: ""
      VCPKG_CXX_FLAGS_RELEASE: ""
      VCPKG_C_FLAGS: ""
      VCPKG_C_FLAGS_DEBUG: ""
      VCPKG_C_FLAGS_RELEASE: ""
      VCPKG_INSTALLED_DIR: "D:/WaterSurfaceRendererScratch/vcpkg_installed"
      VCPKG_LINKER_FLAGS: ""
      VCPKG_LINKER_FLAGS_DEBUG: ""
      VCPKG_LINKER_FLAGS_RELEASE: ""
      VCPKG_PLATFORM_TOOLSET: "v145"
      VCPKG_PREFER_SYSTEM_LIBS: "OFF"
      VCPKG_SET_CHARSET_FLAG: "ON"
      VCPKG_TARGET_ARCHITECTURE: "x64"
      VCPKG_TARGET_TRIPLET: "x64-windows"
      Z_VCPKG_ROOT_DIR: "D:/Microsoft Visual Studio/18/Community/VC/vcpkg"
    buildResult:
      variable: "HAVE_DECL_MEMALIGN"
      cached: true
      stdout: |
        Change Dir: 'D:/WaterSurfaceRendererScratch/vcpkg_installed/vcpkg/blds/fftw3/x64-windows-dbg/CMakeFiles/CMakeScratch/TryCompile-rrg99j'
        
        Run Build Command(s): "D:/Microsoft Visual Studio/18/Community/Common7/IDE/CommonExtensions/Microsoft/CMake/Ninja/ninja.exe" -v cmTC_73855
        [1/2] "D:\\Microsoft Visual Studio\\18\\Community\\VC\\Tools\\MSVC\\14.51.36231\\bin\\Hostx64\\x64\\cl.exe"  /nologo -D_MBCS  /nologo /DWIN32 /D_WINDOWS /utf-8 /MP   /MDd /Z7 /Ob0 /Od /RTC1 /showIncludes /FoCMakeFiles\\cmTC_73855.dir\\CheckPrototypeDefinition.c.obj /FdCMakeFiles\\cmTC_73855.dir\\ /FS -c D:\\WaterSurfaceRendererScratch\\vcpkg_installed\\vcpkg\\blds\\fftw3\\x64-windows-dbg\\CMakeFiles\\CMakeScratch\\TryCompile-rrg99j\\CheckPrototypeDefinition.c
        FAILED: [code=2] CMakeFiles/cmTC_73855.dir/CheckPrototypeDefinition.c.obj 
        "D:\\Microsoft Visual Studio\\18\\Community\\VC\\Tools\\MSVC\\14.51.36231\\bin\\Hostx64\\x64\\cl.exe"  /nologo -D_MBCS  /nologo /DWIN32 /D_WINDOWS /utf-8 /MP   /MDd /Z7 /Ob0 /Od /RTC1 /showIncludes /FoCMakeFiles\\cmTC_73855.dir\\CheckPrototypeDefinition.c.obj /FdCMakeFiles\\cmTC_73855.dir\\ /FS -c D:\\WaterSurfaceRendererScratch\\vcpkg_installed\\vcpkg\\blds\\fftw3\\x64-windows-dbg\\CMakeFiles\\CMakeScratch\\TryCompile-rrg99j\\CheckPrototypeDefinition.c
        D:\\WaterSurfaceRendererScratch\\vcpkg_installed\\vcpkg\\blds\\fftw3\\x64-windows-dbg\\CMakeFiles\\CMakeScratch\\TryCompile-rrg99j\\CheckPrototypeDefinition.c(10): error C2065: “memalign”: 未声明的标识符
        ninja: build stopped: subcommand failed.
        
      exitCode: 2
  -
    kind: "try_compile-v1"
    backtrace:
      - "D:/Microsoft Visual Studio/18/Community/Common7/IDE/CommonExtensions/Microsoft/CMake/CMake/share/cmake-4.3/Modules/CheckPrototypeDefinition.cmake:145 (try_compile)"
      - "CMakeLists.txt:69 (check_prototype_definition)"
    checks:
      - "Checking prototype posix_memalign for HAVE_DECL_POSIX_MEMALIGN"
    directories:
      source: "D:/WaterSurfaceRendererScratch/vcpkg_installed/vcpkg/blds/fftw3/x64-windows-dbg/CMakeFiles/CMakeScratch/TryCompile-eqxcbn"
      binary: "D:/WaterSurfaceRendererScratch/vcpkg_installed/vcpkg/blds/fftw3/x64-windows-dbg/CMakeFiles/CMakeScratch/TryCompile-eqxcbn"
    cmakeVariables:
      CMAKE_CXX_STDLIB_MODULES_JSON: ""
      CMAKE_C_FLAGS: " /nologo /DWIN32 /D_WINDOWS /utf-8 /MP "
      CMAKE_EXE_LINKER_FLAGS: "/machine:x64"
      CMAKE_MSVC_DEBUG_INFORMATION_FORMAT: ""
      CMAKE_MSVC_RUNTIME_LIBRARY: "MultiThreaded$<$<CONFIG:Debug>:Debug>$<$<STREQUAL:dynamic,dynamic>:DLL>"
      VCPKG_CHAINLOAD_TOOLCHAIN_FILE: "D:/Microsoft Visual Studio/18/Community/VC/vcpkg/scripts/toolchains/windows.cmake"
      VCPKG_CRT_LINKAGE: "dynamic"
      VCPKG_CXX_FLAGS: ""
      VCPKG_CXX_FLAGS_DEBUG: ""
      VCPKG_CXX_FLAGS_RELEASE: ""
      VCPKG_C_FLAGS: ""
      VCPKG_C_FLAGS_DEBUG: ""
      VCPKG_C_FLAGS_RELEASE: ""
      VCPKG_INSTALLED_DIR: "D:/WaterSurfaceRendererScratch/vcpkg_installed"
      VCPKG_LINKER_FLAGS: ""
      VCPKG_LINKER_FLAGS_DEBUG: ""
      VCPKG_LINKER_FLAGS_RELEASE: ""
      VCPKG_PLATFORM_TOOLSET: "v145"
      VCPKG_PREFER_SYSTEM_LIBS: "OFF"
      VCPKG_SET_CHARSET_FLAG: "ON"
      VCPKG_TARGET_ARCHITECTURE: "x64"
      VCPKG_TARGET_TRIPLET: "x64-windows"
      Z_VCPKG_ROOT_DIR: "D:/Microsoft Visual Studio/18/Community/VC/vcpkg"
    buildResult:
      variable: "HAVE_DECL_POSIX_MEMALIGN"
      cached: true
      stdout: |
        Change Dir: 'D:/WaterSurfaceRendererScratch/vcpkg_installed/vcpkg/blds/fftw3/x64-windows-dbg/CMakeFiles/CMakeScratch/TryCompile-eqxcbn'
        
        Run Build Command(s): "D:/Microsoft Visual Studio/18/Community/Common7/IDE/CommonExtensions/Microsoft/CMake/Ninja/ninja.exe" -v cmTC_1173b
        [1/2] "D:\\Microsoft Visual Studio\\18\\Community\\VC\\Tools\\MSVC\\14.51.36231\\bin\\Hostx64\\x64\\cl.exe"  /nologo -D_MBCS  /nologo /DWIN32 /D_WINDOWS /utf-8 /MP   /MDd /Z7 /Ob0 /Od /RTC1 /showIncludes /FoCMakeFiles\\cmTC_1173b.dir\\CheckPrototypeDefinition.c.obj /FdCMakeFiles\\cmTC_1173b.dir\\ /FS -c D:\\WaterSurfaceRendererScratch\\vcpkg_installed\\vcpkg\\blds\\fftw3\\x64-windows-dbg\\CMakeFiles\\CMakeScratch\\TryCompile-eqxcbn\\CheckPrototypeDefinition.c
        FAILED: [code=2] CMakeFiles/cmTC_1173b.dir/CheckPrototypeDefinition.c.obj 
        "D:\\Microsoft Visual Studio\\18\\Community\\VC\\Tools\\MSVC\\14.51.36231\\bin\\Hostx64\\x64\\cl.exe"  /nologo -D_MBCS  /nologo /DWIN32 /D_WINDOWS /utf-8 /MP   /MDd /Z7 /Ob0 /Od /RTC1 /showIncludes /FoCMakeFiles\\cmTC_1173b.dir\\CheckPrototypeDefinition.c.obj /FdCMakeFiles\\cmTC_1173b.dir\\ /FS -c D:\\WaterSurfaceRendererScratch\\vcpkg_installed\\vcpkg\\blds\\fftw3\\x64-windows-dbg\\CMakeFiles\\CMakeScratch\\TryCompile-eqxcbn\\CheckPrototypeDefinition.c
        D:\\WaterSurfaceRendererScratch\\vcpkg_installed\\vcpkg\\blds\\fftw3\\x64-windows-dbg\\CMakeFiles\\CMakeScratch\\TryCompile-eqxcbn\\CheckPrototypeDefinition.c(10): error C2065: “posix_memalign”: 未声明的标识符
        ninja: build stopped: subcommand failed.
        
      exitCode: 2
  -
    kind: "try_compile-v1"
    backtrace:
      - "D:/Microsoft Visual Studio/18/Community/Common7/IDE/CommonExtensions/Microsoft/CMake/CMake/share/cmake-4.3/Modules/CheckPrototypeDefinition.cmake:145 (try_compile)"
      - "CMakeLists.txt:70 (check_prototype_definition)"
    checks:
      - "Checking prototype _aligned_malloc for HAVE_DECL_ALIGNED_MALLOC"
    directories:
      source: "D:/WaterSurfaceRendererScratch/vcpkg_installed/vcpkg/blds/fftw3/x64-windows-dbg/CMakeFiles/CMakeScratch/TryCompile-xion7w"
      binary: "D:/WaterSurfaceRendererScratch/vcpkg_installed/vcpkg/blds/fftw3/x64-windows-dbg/CMakeFiles/CMakeScratch/TryCompile-xion7w"
    cmakeVariables:
      CMAKE_CXX_STDLIB_MODULES_JSON: ""
      CMAKE_C_FLAGS: " /nologo /DWIN32 /D_WINDOWS /utf-8 /MP "
      CMAKE_EXE_LINKER_FLAGS: "/machine:x64"
      CMAKE_MSVC_DEBUG_INFORMATION_FORMAT: ""
      CMAKE_MSVC_RUNTIME_LIBRARY: "MultiThreaded$<$<CONFIG:Debug>:Debug>$<$<STREQUAL:dynamic,dynamic>:DLL>"
      VCPKG_CHAINLOAD_TOOLCHAIN_FILE: "D:/Microsoft Visual Studio/18/Community/VC/vcpkg/scripts/toolchains/windows.cmake"
      VCPKG_CRT_LINKAGE: "dynamic"
      VCPKG_CXX_FLAGS: ""
      VCPKG_CXX_FLAGS_DEBUG: ""
      VCPKG_CXX_FLAGS_RELEASE: ""
      VCPKG_C_FLAGS: ""
      VCPKG_C_FLAGS_DEBUG: ""
      VCPKG_C_FLAGS_RELEASE: ""
      VCPKG_INSTALLED_DIR: "D:/WaterSurfaceRendererScratch/vcpkg_installed"
      VCPKG_LINKER_FLAGS: ""
      VCPKG_LINKER_FLAGS_DEBUG: ""
      VCPKG_LINKER_FLAGS_RELEASE: ""
      VCPKG_PLATFORM_TOOLSET: "v145"
      VCPKG_PREFER_SYSTEM_LIBS: "OFF"
      VCPKG_SET_CHARSET_FLAG: "ON"
      VCPKG_TARGET_ARCHITECTURE: "x64"
      VCPKG_TARGET_TRIPLET: "x64-windows"
      Z_VCPKG_ROOT_DIR: "D:/Microsoft Visual Studio/18/Community/VC/vcpkg"
    buildResult:
      variable: "HAVE_DECL_ALIGNED_MALLOC"
      cached: true
      stdout: |
        Change Dir: 'D:/WaterSurfaceRendererScratch/vcpkg_installed/vcpkg/blds/fftw3/x64-windows-dbg/CMakeFiles/CMakeScratch/TryCompile-xion7w'
        
        Run Build Command(s): "D:/Microsoft Visual Studio/18/Community/Common7/IDE/CommonExtensions/Microsoft/CMake/Ninja/ninja.exe" -v cmTC_456ea
        [1/2] "D:\\Microsoft Visual Studio\\18\\Community\\VC\\Tools\\MSVC\\14.51.36231\\bin\\Hostx64\\x64\\cl.exe"  /nologo -D_MBCS  /nologo /DWIN32 /D_WINDOWS /utf-8 /MP   /MDd /Z7 /Ob0 /Od /RTC1 /showIncludes /FoCMakeFiles\\cmTC_456ea.dir\\CheckPrototypeDefinition.c.obj /FdCMakeFiles\\cmTC_456ea.dir\\ /FS -c D:\\WaterSurfaceRendererScratch\\vcpkg_installed\\vcpkg\\blds\\fftw3\\x64-windows-dbg\\CMakeFiles\\CMakeScratch\\TryCompile-xion7w\\CheckPrototypeDefinition.c
        D:\\WaterSurfaceRendererScratch\\vcpkg_installed\\vcpkg\\blds\\fftw3\\x64-windows-dbg\\CMakeFiles\\CMakeScratch\\TryCompile-xion7w\\CheckPrototypeDefinition.c(14): warning C4273: “_aligned_malloc”: dll 链接不一致
        C:\\Program Files (x86)\\Windows Kits\\10\\include\\10.0.26100.0\\ucrt\\corecrt_malloc.h(154): note: 参见“_aligned_malloc”的前一个定义
        [2/2] C:\\windows\\system32\\cmd.exe /C "cd . && "D:\\Microsoft Visual Studio\\18\\Community\\Common7\\IDE\\CommonExtensions\\Microsoft\\CMake\\CMake\\bin\\cmake.exe" -E vs_link_exe --msvc-ver=1951 --intdir=CMakeFiles\\cmTC_456ea.dir --rc=C:\\PROGRA~2\\WI3CF2~1\\10\\bin\\100261~1.0\\x64\\rc.exe --mt=C:\\PROGRA~2\\WI3CF2~1\\10\\bin\\100261~1.0\\x64\\mt.exe --manifests  -- "D:\\Microsoft Visual Studio\\18\\Community\\VC\\Tools\\MSVC\\14.51.36231\\bin\\Hostx64\\x64\\link.exe" /nologo CMakeFiles\\cmTC_456ea.dir\\CheckPrototypeDefinition.c.obj  /out:cmTC_456ea.exe /implib:cmTC_456ea.lib /pdb:cmTC_456ea.pdb /version:0.0 /machine:x64 /nologo /debug /INCREMENTAL /subsystem:console  kernel32.lib user32.lib gdi32.lib winspool.lib shell32.lib ole32.lib oleaut32.lib uuid.lib comdlg32.lib advapi32.lib && cd ."
        
      exitCode: 0
  -
    kind: "try_compile-v1"
    backtrace:
      - "D:/Microsoft Visual Studio/18/Community/Common7/IDE/CommonExtensions/Microsoft/CMake/CMake/share/cmake-4.3/Modules/CheckSymbolExists.cmake:193 (try_compile)"
      - "D:/Microsoft Visual Studio/18/Community/Common7/IDE/CommonExtensions/Microsoft/CMake/CMake/share/cmake-4.3/Modules/CheckSymbolExists.cmake:98 (__CHECK_SYMBOL_EXISTS_IMPL)"
      - "CMakeLists.txt:73 (check_symbol_exists)"
    checks:
      - "Looking for clock_gettime"
    directories:
      source: "D:/WaterSurfaceRendererScratch/vcpkg_installed/vcpkg/blds/fftw3/x64-windows-dbg/CMakeFiles/CMakeScratch/TryCompile-vkytnk"
      binary: "D:/WaterSurfaceRendererScratch/vcpkg_installed/vcpkg/blds/fftw3/x64-windows-dbg/CMakeFiles/CMakeScratch/TryCompile-vkytnk"
    cmakeVariables:
      CMAKE_CXX_STDLIB_MODULES_JSON: ""
      CMAKE_C_FLAGS: " /nologo /DWIN32 /D_WINDOWS /utf-8 /MP "
      CMAKE_EXE_LINKER_FLAGS: "/machine:x64"
      CMAKE_MSVC_DEBUG_INFORMATION_FORMAT: ""
      CMAKE_MSVC_RUNTIME_LIBRARY: "MultiThreaded$<$<CONFIG:Debug>:Debug>$<$<STREQUAL:dynamic,dynamic>:DLL>"
      VCPKG_CHAINLOAD_TOOLCHAIN_FILE: "D:/Microsoft Visual Studio/18/Community/VC/vcpkg/scripts/toolchains/windows.cmake"
      VCPKG_CRT_LINKAGE: "dynamic"
      VCPKG_CXX_FLAGS: ""
      VCPKG_CXX_FLAGS_DEBUG: ""
      VCPKG_CXX_FLAGS_RELEASE: ""
      VCPKG_C_FLAGS: ""
      VCPKG_C_FLAGS_DEBUG: ""
      VCPKG_C_FLAGS_RELEASE: ""
      VCPKG_INSTALLED_DIR: "D:/WaterSurfaceRendererScratch/vcpkg_installed"
      VCPKG_LINKER_FLAGS: ""
      VCPKG_LINKER_FLAGS_DEBUG: ""
      VCPKG_LINKER_FLAGS_RELEASE: ""
      VCPKG_PLATFORM_TOOLSET: "v145"
      VCPKG_PREFER_SYSTEM_LIBS: "OFF"
      VCPKG_SET_CHARSET_FLAG: "ON"
      VCPKG_TARGET_ARCHITECTURE: "x64"
      VCPKG_TARGET_TRIPLET: "x64-windows"
      Z_VCPKG_ROOT_DIR: "D:/Microsoft Visual Studio/18/Community/VC/vcpkg"
    buildResult:
      variable: "HAVE_CLOCK_GETTIME"
      cached: true
      stdout: |
        Change Dir: 'D:/WaterSurfaceRendererScratch/vcpkg_installed/vcpkg/blds/fftw3/x64-windows-dbg/CMakeFiles/CMakeScratch/TryCompile-vkytnk'
        
        Run Build Command(s): "D:/Microsoft Visual Studio/18/Community/Common7/IDE/CommonExtensions/Microsoft/CMake/Ninja/ninja.exe" -v cmTC_7561c
        [1/2] "D:\\Microsoft Visual Studio\\18\\Community\\VC\\Tools\\MSVC\\14.51.36231\\bin\\Hostx64\\x64\\cl.exe"  /nologo -D_MBCS  /nologo /DWIN32 /D_WINDOWS /utf-8 /MP   /MDd /Z7 /Ob0 /Od /RTC1 /showIncludes /FoCMakeFiles\\cmTC_7561c.dir\\CheckSymbolExists.c.obj /FdCMakeFiles\\cmTC_7561c.dir\\ /FS -c D:\\WaterSurfaceRendererScratch\\vcpkg_installed\\vcpkg\\blds\\fftw3\\x64-windows-dbg\\CMakeFiles\\CMakeScratch\\TryCompile-vkytnk\\CheckSymbolExists.c
        FAILED: [code=2] CMakeFiles/cmTC_7561c.dir/CheckSymbolExists.c.obj 
        "D:\\Microsoft Visual Studio\\18\\Community\\VC\\Tools\\MSVC\\14.51.36231\\bin\\Hostx64\\x64\\cl.exe"  /nologo -D_MBCS  /nologo /DWIN32 /D_WINDOWS /utf-8 /MP   /MDd /Z7 /Ob0 /Od /RTC1 /showIncludes /FoCMakeFiles\\cmTC_7561c.dir\\CheckSymbolExists.c.obj /FdCMakeFiles\\cmTC_7561c.dir\\ /FS -c D:\\WaterSurfaceRendererScratch\\vcpkg_installed\\vcpkg\\blds\\fftw3\\x64-windows-dbg\\CMakeFiles\\CMakeScratch\\TryCompile-vkytnk\\CheckSymbolExists.c
        D:\\WaterSurfaceRendererScratch\\vcpkg_installed\\vcpkg\\blds\\fftw3\\x64-windows-dbg\\CMakeFiles\\CMakeScratch\\TryCompile-vkytnk\\CheckSymbolExists.c(8): error C2065: “clock_gettime”: 未声明的标识符
        ninja: build stopped: subcommand failed.
        
      exitCode: 2
  -
    kind: "try_compile-v1"
    backtrace:
      - "D:/Microsoft Visual Studio/18/Community/Common7/IDE/CommonExtensions/Microsoft/CMake/CMake/share/cmake-4.3/Modules/CheckSymbolExists.cmake:193 (try_compile)"
      - "D:/Microsoft Visual Studio/18/Community/Common7/IDE/CommonExtensions/Microsoft/CMake/CMake/share/cmake-4.3/Modules/CheckSymbolExists.cmake:98 (__CHECK_SYMBOL_EXISTS_IMPL)"
      - "CMakeLists.txt:74 (check_symbol_exists)"
    checks:
      - "Looking for gettimeofday"
    directories:
      source: "D:/WaterSurfaceRendererScratch/vcpkg_installed/vcpkg/blds/fftw3/x64-windows-dbg/CMakeFiles/CMakeScratch/TryCompile-ibbynj"
      binary: "D:/WaterSurfaceRendererScratch/vcpkg_installed/vcpkg/blds/fftw3/x64-windows-dbg/CMakeFiles/CMakeScratch/TryCompile-ibbynj"
    cmakeVariables:
      CMAKE_CXX_STDLIB_MODULES_JSON: ""
      CMAKE_C_FLAGS: " /nologo /DWIN32 /D_WINDOWS /utf-8 /MP "
      CMAKE_EXE_LINKER_FLAGS: "/machine:x64"
      CMAKE_MSVC_DEBUG_INFORMATION_FORMAT: ""
      CMAKE_MSVC_RUNTIME_LIBRARY: "MultiThreaded$<$<CONFIG:Debug>:Debug>$<$<STREQUAL:dynamic,dynamic>:DLL>"
      VCPKG_CHAINLOAD_TOOLCHAIN_FILE: "D:/Microsoft Visual Studio/18/Community/VC/vcpkg/scripts/toolchains/windows.cmake"
      VCPKG_CRT_LINKAGE: "dynamic"
      VCPKG_CXX_FLAGS: ""
      VCPKG_CXX_FLAGS_DEBUG: ""
      VCPKG_CXX_FLAGS_RELEASE: ""
      VCPKG_C_FLAGS: ""
      VCPKG_C_FLAGS_DEBUG: ""
      VCPKG_C_FLAGS_RELEASE: ""
      VCPKG_INSTALLED_DIR: "D:/WaterSurfaceRendererScratch/vcpkg_installed"
      VCPKG_LINKER_FLAGS: ""
      VCPKG_LINKER_FLAGS_DEBUG: ""
      VCPKG_LINKER_FLAGS_RELEASE: ""
      VCPKG_PLATFORM_TOOLSET: "v145"
      VCPKG_PREFER_SYSTEM_LIBS: "OFF"
      VCPKG_SET_CHARSET_FLAG: "ON"
      VCPKG_TARGET_ARCHITECTURE: "x64"
      VCPKG_TARGET_TRIPLET: "x64-windows"
      Z_VCPKG_ROOT_DIR: "D:/Microsoft Visual Studio/18/Community/VC/vcpkg"
    buildResult:
      variable: "HAVE_GETTIMEOFDAY"
      cached: true
      stdout: |
        Change Dir: 'D:/WaterSurfaceRendererScratch/vcpkg_installed/vcpkg/blds/fftw3/x64-windows-dbg/CMakeFiles/CMakeScratch/TryCompile-ibbynj'
        
        Run Build Command(s): "D:/Microsoft Visual Studio/18/Community/Common7/IDE/CommonExtensions/Microsoft/CMake/Ninja/ninja.exe" -v cmTC_9199d
        [1/2] "D:\\Microsoft Visual Studio\\18\\Community\\VC\\Tools\\MSVC\\14.51.36231\\bin\\Hostx64\\x64\\cl.exe"  /nologo -D_MBCS  /nologo /DWIN32 /D_WINDOWS /utf-8 /MP   /MDd /Z7 /Ob0 /Od /RTC1 /showIncludes /FoCMakeFiles\\cmTC_9199d.dir\\CheckSymbolExists.c.obj /FdCMakeFiles\\cmTC_9199d.dir\\ /FS -c D:\\WaterSurfaceRendererScratch\\vcpkg_installed\\vcpkg\\blds\\fftw3\\x64-windows-dbg\\CMakeFiles\\CMakeScratch\\TryCompile-ibbynj\\CheckSymbolExists.c
        FAILED: [code=2] CMakeFiles/cmTC_9199d.dir/CheckSymbolExists.c.obj 
        "D:\\Microsoft Visual Studio\\18\\Community\\VC\\Tools\\MSVC\\14.51.36231\\bin\\Hostx64\\x64\\cl.exe"  /nologo -D_MBCS  /nologo /DWIN32 /D_WINDOWS /utf-8 /MP   /MDd /Z7 /Ob0 /Od /RTC1 /showIncludes /FoCMakeFiles\\cmTC_9199d.dir\\CheckSymbolExists.c.obj /FdCMakeFiles\\cmTC_9199d.dir\\ /FS -c D:\\WaterSurfaceRendererScratch\\vcpkg_installed\\vcpkg\\blds\\fftw3\\x64-windows-dbg\\CMakeFiles\\CMakeScratch\\TryCompile-ibbynj\\CheckSymbolExists.c
        D:\\WaterSurfaceRendererScratch\\vcpkg_installed\\vcpkg\\blds\\fftw3\\x64-windows-dbg\\CMakeFiles\\CMakeScratch\\TryCompile-ibbynj\\CheckSymbolExists.c(2): fatal error C1083: 无法打开包括文件: “sys/time.h”: No such file or directory
        ninja: build stopped: subcommand failed.
        
      exitCode: 2
  -
    kind: "try_compile-v1"
    backtrace:
      - "D:/Microsoft Visual Studio/18/Community/Common7/IDE/CommonExtensions/Microsoft/CMake/CMake/share/cmake-4.3/Modules/CheckSymbolExists.cmake:193 (try_compile)"
      - "D:/Microsoft Visual Studio/18/Community/Common7/IDE/CommonExtensions/Microsoft/CMake/CMake/share/cmake-4.3/Modules/CheckSymbolExists.cmake:98 (__CHECK_SYMBOL_EXISTS_IMPL)"
      - "CMakeLists.txt:75 (check_symbol_exists)"
    checks:
      - "Looking for getpagesize"
    directories:
      source: "D:/WaterSurfaceRendererScratch/vcpkg_installed/vcpkg/blds/fftw3/x64-windows-dbg/CMakeFiles/CMakeScratch/TryCompile-zf2raq"
      binary: "D:/WaterSurfaceRendererScratch/vcpkg_installed/vcpkg/blds/fftw3/x64-windows-dbg/CMakeFiles/CMakeScratch/TryCompile-zf2raq"
    cmakeVariables:
      CMAKE_CXX_STDLIB_MODULES_JSON: ""
      CMAKE_C_FLAGS: " /nologo /DWIN32 /D_WINDOWS /utf-8 /MP "
      CMAKE_EXE_LINKER_FLAGS: "/machine:x64"
      CMAKE_MSVC_DEBUG_INFORMATION_FORMAT: ""
      CMAKE_MSVC_RUNTIME_LIBRARY: "MultiThreaded$<$<CONFIG:Debug>:Debug>$<$<STREQUAL:dynamic,dynamic>:DLL>"
      VCPKG_CHAINLOAD_TOOLCHAIN_FILE: "D:/Microsoft Visual Studio/18/Community/VC/vcpkg/scripts/toolchains/windows.cmake"
      VCPKG_CRT_LINKAGE: "dynamic"
      VCPKG_CXX_FLAGS: ""
      VCPKG_CXX_FLAGS_DEBUG: ""
      VCPKG_CXX_FLAGS_RELEASE: ""
      VCPKG_C_FLAGS: ""
      VCPKG_C_FLAGS_DEBUG: ""
      VCPKG_C_FLAGS_RELEASE: ""
      VCPKG_INSTALLED_DIR: "D:/WaterSurfaceRendererScratch/vcpkg_installed"
      VCPKG_LINKER_FLAGS: ""
      VCPKG_LINKER_FLAGS_DEBUG: ""
      VCPKG_LINKER_FLAGS_RELEASE: ""
      VCPKG_PLATFORM_TOOLSET: "v145"
      VCPKG_PREFER_SYSTEM_LIBS: "OFF"
      VCPKG_SET_CHARSET_FLAG: "ON"
      VCPKG_TARGET_ARCHITECTURE: "x64"
      VCPKG_TARGET_TRIPLET: "x64-windows"
      Z_VCPKG_ROOT_DIR: "D:/Microsoft Visual Studio/18/Community/VC/vcpkg"
    buildResult:
      variable: "HAVE_GETPAGESIZE"
      cached: true
      stdout: |
        Change Dir: 'D:/WaterSurfaceRendererScratch/vcpkg_installed/vcpkg/blds/fftw3/x64-windows-dbg/CMakeFiles/CMakeScratch/TryCompile-zf2raq'
        
        Run Build Command(s): "D:/Microsoft Visual Studio/18/Community/Common7/IDE/CommonExtensions/Microsoft/CMake/Ninja/ninja.exe" -v cmTC_f76aa
        [1/2] "D:\\Microsoft Visual Studio\\18\\Community\\VC\\Tools\\MSVC\\14.51.36231\\bin\\Hostx64\\x64\\cl.exe"  /nologo -D_MBCS  /nologo /DWIN32 /D_WINDOWS /utf-8 /MP   /MDd /Z7 /Ob0 /Od /RTC1 /showIncludes /FoCMakeFiles\\cmTC_f76aa.dir\\CheckSymbolExists.c.obj /FdCMakeFiles\\cmTC_f76aa.dir\\ /FS -c D:\\WaterSurfaceRendererScratch\\vcpkg_installed\\vcpkg\\blds\\fftw3\\x64-windows-dbg\\CMakeFiles\\CMakeScratch\\TryCompile-zf2raq\\CheckSymbolExists.c
        FAILED: [code=2] CMakeFiles/cmTC_f76aa.dir/CheckSymbolExists.c.obj 
        "D:\\Microsoft Visual Studio\\18\\Community\\VC\\Tools\\MSVC\\14.51.36231\\bin\\Hostx64\\x64\\cl.exe"  /nologo -D_MBCS  /nologo /DWIN32 /D_WINDOWS /utf-8 /MP   /MDd /Z7 /Ob0 /Od /RTC1 /showIncludes /FoCMakeFiles\\cmTC_f76aa.dir\\CheckSymbolExists.c.obj /FdCMakeFiles\\cmTC_f76aa.dir\\ /FS -c D:\\WaterSurfaceRendererScratch\\vcpkg_installed\\vcpkg\\blds\\fftw3\\x64-windows-dbg\\CMakeFiles\\CMakeScratch\\TryCompile-zf2raq\\CheckSymbolExists.c
        D:\\WaterSurfaceRendererScratch\\vcpkg_installed\\vcpkg\\blds\\fftw3\\x64-windows-dbg\\CMakeFiles\\CMakeScratch\\TryCompile-zf2raq\\CheckSymbolExists.c(2): fatal error C1083: 无法打开包括文件: “unistd.h”: No such file or directory
        ninja: build stopped: subcommand failed.
        
      exitCode: 2
  -
    kind: "try_compile-v1"
    backtrace:
      - "D:/Microsoft Visual Studio/18/Community/Common7/IDE/CommonExtensions/Microsoft/CMake/CMake/share/cmake-4.3/Modules/CheckSymbolExists.cmake:193 (try_compile)"
      - "D:/Microsoft Visual Studio/18/Community/Common7/IDE/CommonExtensions/Microsoft/CMake/CMake/share/cmake-4.3/Modules/CheckSymbolExists.cmake:98 (__CHECK_SYMBOL_EXISTS_IMPL)"
      - "CMakeLists.txt:76 (check_symbol_exists)"
    checks:
      - "Looking for drand48"
    directories:
      source: "D:/WaterSurfaceRendererScratch/vcpkg_installed/vcpkg/blds/fftw3/x64-windows-dbg/CMakeFiles/CMakeScratch/TryCompile-hr0ljg"
      binary: "D:/WaterSurfaceRendererScratch/vcpkg_installed/vcpkg/blds/fftw3/x64-windows-dbg/CMakeFiles/CMakeScratch/TryCompile-hr0ljg"
    cmakeVariables:
      CMAKE_CXX_STDLIB_MODULES_JSON: ""
      CMAKE_C_FLAGS: " /nologo /DWIN32 /D_WINDOWS /utf-8 /MP "
      CMAKE_EXE_LINKER_FLAGS: "/machine:x64"
      CMAKE_MSVC_DEBUG_INFORMATION_FORMAT: ""
      CMAKE_MSVC_RUNTIME_LIBRARY: "MultiThreaded$<$<CONFIG:Debug>:Debug>$<$<STREQUAL:dynamic,dynamic>:DLL>"
      VCPKG_CHAINLOAD_TOOLCHAIN_FILE: "D:/Microsoft Visual Studio/18/Community/VC/vcpkg/scripts/toolchains/windows.cmake"
      VCPKG_CRT_LINKAGE: "dynamic"
      VCPKG_CXX_FLAGS: ""
      VCPKG_CXX_FLAGS_DEBUG: ""
      VCPKG_CXX_FLAGS_RELEASE: ""
      VCPKG_C_FLAGS: ""
      VCPKG_C_FLAGS_DEBUG: ""
      VCPKG_C_FLAGS_RELEASE: ""
      VCPKG_INSTALLED_DIR: "D:/WaterSurfaceRendererScratch/vcpkg_installed"
      VCPKG_LINKER_FLAGS: ""
      VCPKG_LINKER_FLAGS_DEBUG: ""
      VCPKG_LINKER_FLAGS_RELEASE: ""
      VCPKG_PLATFORM_TOOLSET: "v145"
      VCPKG_PREFER_SYSTEM_LIBS: "OFF"
      VCPKG_SET_CHARSET_FLAG: "ON"
      VCPKG_TARGET_ARCHITECTURE: "x64"
      VCPKG_TARGET_TRIPLET: "x64-windows"
      Z_VCPKG_ROOT_DIR: "D:/Microsoft Visual Studio/18/Community/VC/vcpkg"
    buildResult:
      variable: "HAVE_DRAND48"
      cached: true
      stdout: |
        Change Dir: 'D:/WaterSurfaceRendererScratch/vcpkg_installed/vcpkg/blds/fftw3/x64-windows-dbg/CMakeFiles/CMakeScratch/TryCompile-hr0ljg'
        
        Run Build Command(s): "D:/Microsoft Visual Studio/18/Community/Common7/IDE/CommonExtensions/Microsoft/CMake/Ninja/ninja.exe" -v cmTC_cbec7
        [1/2] "D:\\Microsoft Visual Studio\\18\\Community\\VC\\Tools\\MSVC\\14.51.36231\\bin\\Hostx64\\x64\\cl.exe"  /nologo -D_MBCS  /nologo /DWIN32 /D_WINDOWS /utf-8 /MP   /MDd /Z7 /Ob0 /Od /RTC1 /showIncludes /FoCMakeFiles\\cmTC_cbec7.dir\\CheckSymbolExists.c.obj /FdCMakeFiles\\cmTC_cbec7.dir\\ /FS -c D:\\WaterSurfaceRendererScratch\\vcpkg_installed\\vcpkg\\blds\\fftw3\\x64-windows-dbg\\CMakeFiles\\CMakeScratch\\TryCompile-hr0ljg\\CheckSymbolExists.c
        FAILED: [code=2] CMakeFiles/cmTC_cbec7.dir/CheckSymbolExists.c.obj 
        "D:\\Microsoft Visual Studio\\18\\Community\\VC\\Tools\\MSVC\\14.51.36231\\bin\\Hostx64\\x64\\cl.exe"  /nologo -D_MBCS  /nologo /DWIN32 /D_WINDOWS /utf-8 /MP   /MDd /Z7 /Ob0 /Od /RTC1 /showIncludes /FoCMakeFiles\\cmTC_cbec7.dir\\CheckSymbolExists.c.obj /FdCMakeFiles\\cmTC_cbec7.dir\\ /FS -c D:\\WaterSurfaceRendererScratch\\vcpkg_installed\\vcpkg\\blds\\fftw3\\x64-windows-dbg\\CMakeFiles\\CMakeScratch\\TryCompile-hr0ljg\\CheckSymbolExists.c
        D:\\WaterSurfaceRendererScratch\\vcpkg_installed\\vcpkg\\blds\\fftw3\\x64-windows-dbg\\CMakeFiles\\CMakeScratch\\TryCompile-hr0ljg\\CheckSymbolExists.c(8): error C2065: “drand48”: 未声明的标识符
        ninja: build stopped: subcommand failed.
        
      exitCode: 2
  -
    kind: "try_compile-v1"
    backtrace:
      - "D:/Microsoft Visual Studio/18/Community/Common7/IDE/CommonExtensions/Microsoft/CMake/CMake/share/cmake-4.3/Modules/CheckSymbolExists.cmake:193 (try_compile)"
      - "D:/Microsoft Visual Studio/18/Community/Common7/IDE/CommonExtensions/Microsoft/CMake/CMake/share/cmake-4.3/Modules/CheckSymbolExists.cmake:98 (__CHECK_SYMBOL_EXISTS_IMPL)"
      - "CMakeLists.txt:77 (check_symbol_exists)"
    checks:
      - "Looking for srand48"
    directories:
      source: "D:/WaterSurfaceRendererScratch/vcpkg_installed/vcpkg/blds/fftw3/x64-windows-dbg/CMakeFiles/CMakeScratch/TryCompile-by9pg7"
      binary: "D:/WaterSurfaceRendererScratch/vcpkg_installed/vcpkg/blds/fftw3/x64-windows-dbg/CMakeFiles/CMakeScratch/TryCompile-by9pg7"
    cmakeVariables:
      CMAKE_CXX_STDLIB_MODULES_JSON: ""
      CMAKE_C_FLAGS: " /nologo /DWIN32 /D_WINDOWS /utf-8 /MP "
      CMAKE_EXE_LINKER_FLAGS: "/machine:x64"
      CMAKE_MSVC_DEBUG_INFORMATION_FORMAT: ""
      CMAKE_MSVC_RUNTIME_LIBRARY: "MultiThreaded$<$<CONFIG:Debug>:Debug>$<$<STREQUAL:dynamic,dynamic>:DLL>"
      VCPKG_CHAINLOAD_TOOLCHAIN_FILE: "D:/Microsoft Visual Studio/18/Community/VC/vcpkg/scripts/toolchains/windows.cmake"
      VCPKG_CRT_LINKAGE: "dynamic"
      VCPKG_CXX_FLAGS: ""
      VCPKG_CXX_FLAGS_DEBUG: ""
      VCPKG_CXX_FLAGS_RELEASE: ""
      VCPKG_C_FLAGS: ""
      VCPKG_C_FLAGS_DEBUG: ""
      VCPKG_C_FLAGS_RELEASE: ""
      VCPKG_INSTALLED_DIR: "D:/WaterSurfaceRendererScratch/vcpkg_installed"
      VCPKG_LINKER_FLAGS: ""
      VCPKG_LINKER_FLAGS_DEBUG: ""
      VCPKG_LINKER_FLAGS_RELEASE: ""
      VCPKG_PLATFORM_TOOLSET: "v145"
      VCPKG_PREFER_SYSTEM_LIBS: "OFF"
      VCPKG_SET_CHARSET_FLAG: "ON"
      VCPKG_TARGET_ARCHITECTURE: "x64"
      VCPKG_TARGET_TRIPLET: "x64-windows"
      Z_VCPKG_ROOT_DIR: "D:/Microsoft Visual Studio/18/Community/VC/vcpkg"
    buildResult:
      variable: "HAVE_SRAND48"
      cached: true
      stdout: |
        Change Dir: 'D:/WaterSurfaceRendererScratch/vcpkg_installed/vcpkg/blds/fftw3/x64-windows-dbg/CMakeFiles/CMakeScratch/TryCompile-by9pg7'
        
        Run Build Command(s): "D:/Microsoft Visual Studio/18/Community/Common7/IDE/CommonExtensions/Microsoft/CMake/Ninja/ninja.exe" -v cmTC_ccb49
        [1/2] "D:\\Microsoft Visual Studio\\18\\Community\\VC\\Tools\\MSVC\\14.51.36231\\bin\\Hostx64\\x64\\cl.exe"  /nologo -D_MBCS  /nologo /DWIN32 /D_WINDOWS /utf-8 /MP   /MDd /Z7 /Ob0 /Od /RTC1 /showIncludes /FoCMakeFiles\\cmTC_ccb49.dir\\CheckSymbolExists.c.obj /FdCMakeFiles\\cmTC_ccb49.dir\\ /FS -c D:\\WaterSurfaceRendererScratch\\vcpkg_installed\\vcpkg\\blds\\fftw3\\x64-windows-dbg\\CMakeFiles\\CMakeScratch\\TryCompile-by9pg7\\CheckSymbolExists.c
        FAILED: [code=2] CMakeFiles/cmTC_ccb49.dir/CheckSymbolExists.c.obj 
        "D:\\Microsoft Visual Studio\\18\\Community\\VC\\Tools\\MSVC\\14.51.36231\\bin\\Hostx64\\x64\\cl.exe"  /nologo -D_MBCS  /nologo /DWIN32 /D_WINDOWS /utf-8 /MP   /MDd /Z7 /Ob0 /Od /RTC1 /showIncludes /FoCMakeFiles\\cmTC_ccb49.dir\\CheckSymbolExists.c.obj /FdCMakeFiles\\cmTC_ccb49.dir\\ /FS -c D:\\WaterSurfaceRendererScratch\\vcpkg_installed\\vcpkg\\blds\\fftw3\\x64-windows-dbg\\CMakeFiles\\CMakeScratch\\TryCompile-by9pg7\\CheckSymbolExists.c
        D:\\WaterSurfaceRendererScratch\\vcpkg_installed\\vcpkg\\blds\\fftw3\\x64-windows-dbg\\CMakeFiles\\CMakeScratch\\TryCompile-by9pg7\\CheckSymbolExists.c(8): error C2065: “srand48”: 未声明的标识符
        ninja: build stopped: subcommand failed.
        
      exitCode: 2
  -
    kind: "try_compile-v1"
    backtrace:
      - "D:/Microsoft Visual Studio/18/Community/Common7/IDE/CommonExtensions/Microsoft/CMake/CMake/share/cmake-4.3/Modules/CheckSymbolExists.cmake:193 (try_compile)"
      - "D:/Microsoft Visual Studio/18/Community/Common7/IDE/CommonExtensions/Microsoft/CMake/CMake/share/cmake-4.3/Modules/CheckSymbolExists.cmake:98 (__CHECK_SYMBOL_EXISTS_IMPL)"
      - "CMakeLists.txt:78 (check_symbol_exists)"
    checks:
      - "Looking for memalign"
    directories:
      source: "D:/WaterSurfaceRendererScratch/vcpkg_installed/vcpkg/blds/fftw3/x64-windows-dbg/CMakeFiles/CMakeScratch/TryCompile-unp7am"
      binary: "D:/WaterSurfaceRendererScratch/vcpkg_installed/vcpkg/blds/fftw3/x64-windows-dbg/CMakeFiles/CMakeScratch/TryCompile-unp7am"
    cmakeVariables:
      CMAKE_CXX_STDLIB_MODULES_JSON: ""
      CMAKE_C_FLAGS: " /nologo /DWIN32 /D_WINDOWS /utf-8 /MP "
      CMAKE_EXE_LINKER_FLAGS: "/machine:x64"
      CMAKE_MSVC_DEBUG_INFORMATION_FORMAT: ""
      CMAKE_MSVC_RUNTIME_LIBRARY: "MultiThreaded$<$<CONFIG:Debug>:Debug>$<$<STREQUAL:dynamic,dynamic>:DLL>"
      VCPKG_CHAINLOAD_TOOLCHAIN_FILE: "D:/Microsoft Visual Studio/18/Community/VC/vcpkg/scripts/toolchains/windows.cmake"
      VCPKG_CRT_LINKAGE: "dynamic"
      VCPKG_CXX_FLAGS: ""
      VCPKG_CXX_FLAGS_DEBUG: ""
      VCPKG_CXX_FLAGS_RELEASE: ""
      VCPKG_C_FLAGS: ""
      VCPKG_C_FLAGS_DEBUG: ""
      VCPKG_C_FLAGS_RELEASE: ""
      VCPKG_INSTALLED_DIR: "D:/WaterSurfaceRendererScratch/vcpkg_installed"
      VCPKG_LINKER_FLAGS: ""
      VCPKG_LINKER_FLAGS_DEBUG: ""
      VCPKG_LINKER_FLAGS_RELEASE: ""
      VCPKG_PLATFORM_TOOLSET: "v145"
      VCPKG_PREFER_SYSTEM_LIBS: "OFF"
      VCPKG_SET_CHARSET_FLAG: "ON"
      VCPKG_TARGET_ARCHITECTURE: "x64"
      VCPKG_TARGET_TRIPLET: "x64-windows"
      Z_VCPKG_ROOT_DIR: "D:/Microsoft Visual Studio/18/Community/VC/vcpkg"
    buildResult:
      variable: "HAVE_MEMALIGN"
      cached: true
      stdout: |
        Change Dir: 'D:/WaterSurfaceRendererScratch/vcpkg_installed/vcpkg/blds/fftw3/x64-windows-dbg/CMakeFiles/CMakeScratch/TryCompile-unp7am'
        
        Run Build Command(s): "D:/Microsoft Visual Studio/18/Community/Common7/IDE/CommonExtensions/Microsoft/CMake/Ninja/ninja.exe" -v cmTC_fb7d0
        [1/2] "D:\\Microsoft Visual Studio\\18\\Community\\VC\\Tools\\MSVC\\14.51.36231\\bin\\Hostx64\\x64\\cl.exe"  /nologo -D_MBCS  /nologo /DWIN32 /D_WINDOWS /utf-8 /MP   /MDd /Z7 /Ob0 /Od /RTC1 /showIncludes /FoCMakeFiles\\cmTC_fb7d0.dir\\CheckSymbolExists.c.obj /FdCMakeFiles\\cmTC_fb7d0.dir\\ /FS -c D:\\WaterSurfaceRendererScratch\\vcpkg_installed\\vcpkg\\blds\\fftw3\\x64-windows-dbg\\CMakeFiles\\CMakeScratch\\TryCompile-unp7am\\CheckSymbolExists.c
        FAILED: [code=2] CMakeFiles/cmTC_fb7d0.dir/CheckSymbolExists.c.obj 
        "D:\\Microsoft Visual Studio\\18\\Community\\VC\\Tools\\MSVC\\14.51.36231\\bin\\Hostx64\\x64\\cl.exe"  /nologo -D_MBCS  /nologo /DWIN32 /D_WINDOWS /utf-8 /MP   /MDd /Z7 /Ob0 /Od /RTC1 /showIncludes /FoCMakeFiles\\cmTC_fb7d0.dir\\CheckSymbolExists.c.obj /FdCMakeFiles\\cmTC_fb7d0.dir\\ /FS -c D:\\WaterSurfaceRendererScratch\\vcpkg_installed\\vcpkg\\blds\\fftw3\\x64-windows-dbg\\CMakeFiles\\CMakeScratch\\TryCompile-unp7am\\CheckSymbolExists.c
        D:\\WaterSurfaceRendererScratch\\vcpkg_installed\\vcpkg\\blds\\fftw3\\x64-windows-dbg\\CMakeFiles\\CMakeScratch\\TryCompile-unp7am\\CheckSymbolExists.c(8): error C2065: “memalign”: 未声明的标识符
        ninja: build stopped: subcommand failed.
        
      exitCode: 2
  -
    kind: "try_compile-v1"
    backtrace:
      - "D:/Microsoft Visual Studio/18/Community/Common7/IDE/CommonExtensions/Microsoft/CMake/CMake/share/cmake-4.3/Modules/CheckSymbolExists.cmake:193 (try_compile)"
      - "D:/Microsoft Visual Studio/18/Community/Common7/IDE/CommonExtensions/Microsoft/CMake/CMake/share/cmake-4.3/Modules/CheckSymbolExists.cmake:98 (__CHECK_SYMBOL_EXISTS_IMPL)"
      - "CMakeLists.txt:79 (check_symbol_exists)"
    checks:
      - "Looking for posix_memalign"
    directories:
      source: "D:/WaterSurfaceRendererScratch/vcpkg_installed/vcpkg/blds/fftw3/x64-windows-dbg/CMakeFiles/CMakeScratch/TryCompile-6xmpem"
      binary: "D:/WaterSurfaceRendererScratch/vcpkg_installed/vcpkg/blds/fftw3/x64-windows-dbg/CMakeFiles/CMakeScratch/TryCompile-6xmpem"
    cmakeVariables:
      CMAKE_CXX_STDLIB_MODULES_JSON: ""
      CMAKE_C_FLAGS: " /nologo /DWIN32 /D_WINDOWS /utf-8 /MP "
      CMAKE_EXE_LINKER_FLAGS: "/machine:x64"
      CMAKE_MSVC_DEBUG_INFORMATION_FORMAT: ""
      CMAKE_MSVC_RUNTIME_LIBRARY: "MultiThreaded$<$<CONFIG:Debug>:Debug>$<$<STREQUAL:dynamic,dynamic>:DLL>"
      VCPKG_CHAINLOAD_TOOLCHAIN_FILE: "D:/Microsoft Visual Studio/18/Community/VC/vcpkg/scripts/toolchains/windows.cmake"
      VCPKG_CRT_LINKAGE: "dynamic"
      VCPKG_CXX_FLAGS: ""
      VCPKG_CXX_FLAGS_DEBUG: ""
      VCPKG_CXX_FLAGS_RELEASE: ""
      VCPKG_C_FLAGS: ""
      VCPKG_C_FLAGS_DEBUG: ""
      VCPKG_C_FLAGS_RELEASE: ""
      VCPKG_INSTALLED_DIR: "D:/WaterSurfaceRendererScratch/vcpkg_installed"
      VCPKG_LINKER_FLAGS: ""
      VCPKG_LINKER_FLAGS_DEBUG: ""
      VCPKG_LINKER_FLAGS_RELEASE: ""
      VCPKG_PLATFORM_TOOLSET: "v145"
      VCPKG_PREFER_SYSTEM_LIBS: "OFF"
      VCPKG_SET_CHARSET_FLAG: "ON"
      VCPKG_TARGET_ARCHITECTURE: "x64"
      VCPKG_TARGET_TRIPLET: "x64-windows"
      Z_VCPKG_ROOT_DIR: "D:/Microsoft Visual Studio/18/Community/VC/vcpkg"
    buildResult:
      variable: "HAVE_POSIX_MEMALIGN"
      cached: true
      stdout: |
        Change Dir: 'D:/WaterSurfaceRendererScratch/vcpkg_installed/vcpkg/blds/fftw3/x64-windows-dbg/CMakeFiles/CMakeScratch/TryCompile-6xmpem'
        
        Run Build Command(s): "D:/Microsoft Visual Studio/18/Community/Common7/IDE/CommonExtensions/Microsoft/CMake/Ninja/ninja.exe" -v cmTC_e5b45
        [1/2] "D:\\Microsoft Visual Studio\\18\\Community\\VC\\Tools\\MSVC\\14.51.36231\\bin\\Hostx64\\x64\\cl.exe"  /nologo -D_MBCS  /nologo /DWIN32 /D_WINDOWS /utf-8 /MP   /MDd /Z7 /Ob0 /Od /RTC1 /showIncludes /FoCMakeFiles\\cmTC_e5b45.dir\\CheckSymbolExists.c.obj /FdCMakeFiles\\cmTC_e5b45.dir\\ /FS -c D:\\WaterSurfaceRendererScratch\\vcpkg_installed\\vcpkg\\blds\\fftw3\\x64-windows-dbg\\CMakeFiles\\CMakeScratch\\TryCompile-6xmpem\\CheckSymbolExists.c
        FAILED: [code=2] CMakeFiles/cmTC_e5b45.dir/CheckSymbolExists.c.obj 
        "D:\\Microsoft Visual Studio\\18\\Community\\VC\\Tools\\MSVC\\14.51.36231\\bin\\Hostx64\\x64\\cl.exe"  /nologo -D_MBCS  /nologo /DWIN32 /D_WINDOWS /utf-8 /MP   /MDd /Z7 /Ob0 /Od /RTC1 /showIncludes /FoCMakeFiles\\cmTC_e5b45.dir\\CheckSymbolExists.c.obj /FdCMakeFiles\\cmTC_e5b45.dir\\ /FS -c D:\\WaterSurfaceRendererScratch\\vcpkg_installed\\vcpkg\\blds\\fftw3\\x64-windows-dbg\\CMakeFiles\\CMakeScratch\\TryCompile-6xmpem\\CheckSymbolExists.c
        D:\\WaterSurfaceRendererScratch\\vcpkg_installed\\vcpkg\\blds\\fftw3\\x64-windows-dbg\\CMakeFiles\\CMakeScratch\\TryCompile-6xmpem\\CheckSymbolExists.c(8): error C2065: “posix_memalign”: 未声明的标识符
        ninja: build stopped: subcommand failed.
        
      exitCode: 2
  -
    kind: "try_compile-v1"
    backtrace:
      - "D:/Microsoft Visual Studio/18/Community/Common7/IDE/CommonExtensions/Microsoft/CMake/CMake/share/cmake-4.3/Modules/CheckSymbolExists.cmake:193 (try_compile)"
      - "D:/Microsoft Visual Studio/18/Community/Common7/IDE/CommonExtensions/Microsoft/CMake/CMake/share/cmake-4.3/Modules/CheckSymbolExists.cmake:98 (__CHECK_SYMBOL_EXISTS_IMPL)"
      - "CMakeLists.txt:80 (check_symbol_exists)"
    checks:
      - "Looking for _aligned_malloc"
    directories:
      source: "D:/WaterSurfaceRendererScratch/vcpkg_installed/vcpkg/blds/fftw3/x64-windows-dbg/CMakeFiles/CMakeScratch/TryCompile-602mwu"
      binary: "D:/WaterSurfaceRendererScratch/vcpkg_installed/vcpkg/blds/fftw3/x64-windows-dbg/CMakeFiles/CMakeScratch/TryCompile-602mwu"
    cmakeVariables:
      CMAKE_CXX_STDLIB_MODULES_JSON: ""
      CMAKE_C_FLAGS: " /nologo /DWIN32 /D_WINDOWS /utf-8 /MP "
      CMAKE_EXE_LINKER_FLAGS: "/machine:x64"
      CMAKE_MSVC_DEBUG_INFORMATION_FORMAT: ""
      CMAKE_MSVC_RUNTIME_LIBRARY: "MultiThreaded$<$<CONFIG:Debug>:Debug>$<$<STREQUAL:dynamic,dynamic>:DLL>"
      VCPKG_CHAINLOAD_TOOLCHAIN_FILE: "D:/Microsoft Visual Studio/18/Community/VC/vcpkg/scripts/toolchains/windows.cmake"
      VCPKG_CRT_LINKAGE: "dynamic"
      VCPKG_CXX_FLAGS: ""
      VCPKG_CXX_FLAGS_DEBUG: ""
      VCPKG_CXX_FLAGS_RELEASE: ""
      VCPKG_C_FLAGS: ""
      VCPKG_C_FLAGS_DEBUG: ""
      VCPKG_C_FLAGS_RELEASE: ""
      VCPKG_INSTALLED_DIR: "D:/WaterSurfaceRendererScratch/vcpkg_installed"
      VCPKG_LINKER_FLAGS: ""
      VCPKG_LINKER_FLAGS_DEBUG: ""
      VCPKG_LINKER_FLAGS_RELEASE: ""
      VCPKG_PLATFORM_TOOLSET: "v145"
      VCPKG_PREFER_SYSTEM_LIBS: "OFF"
      VCPKG_SET_CHARSET_FLAG: "ON"
      VCPKG_TARGET_ARCHITECTURE: "x64"
      VCPKG_TARGET_TRIPLET: "x64-windows"
      Z_VCPKG_ROOT_DIR: "D:/Microsoft Visual Studio/18/Community/VC/vcpkg"
    buildResult:
      variable: "HAVE_ALIGNED_MALLOC"
      cached: true
      stdout: |
        Change Dir: 'D:/WaterSurfaceRendererScratch/vcpkg_installed/vcpkg/blds/fftw3/x64-windows-dbg/CMakeFiles/CMakeScratch/TryCompile-602mwu'
        
        Run Build Command(s): "D:/Microsoft Visual Studio/18/Community/Common7/IDE/CommonExtensions/Microsoft/CMake/Ninja/ninja.exe" -v cmTC_ef101
        [1/2] "D:\\Microsoft Visual Studio\\18\\Community\\VC\\Tools\\MSVC\\14.51.36231\\bin\\Hostx64\\x64\\cl.exe"  /nologo -D_MBCS  /nologo /DWIN32 /D_WINDOWS /utf-8 /MP   /MDd /Z7 /Ob0 /Od /RTC1 /showIncludes /FoCMakeFiles\\cmTC_ef101.dir\\CheckSymbolExists.c.obj /FdCMakeFiles\\cmTC_ef101.dir\\ /FS -c D:\\WaterSurfaceRendererScratch\\vcpkg_installed\\vcpkg\\blds\\fftw3\\x64-windows-dbg\\CMakeFiles\\CMakeScratch\\TryCompile-602mwu\\CheckSymbolExists.c
        [2/2] C:\\windows\\system32\\cmd.exe /C "cd . && "D:\\Microsoft Visual Studio\\18\\Community\\Common7\\IDE\\CommonExtensions\\Microsoft\\CMake\\CMake\\bin\\cmake.exe" -E vs_link_exe --msvc-ver=1951 --intdir=CMakeFiles\\cmTC_ef101.dir --rc=C:\\PROGRA~2\\WI3CF2~1\\10\\bin\\100261~1.0\\x64\\rc.exe --mt=C:\\PROGRA~2\\WI3CF2~1\\10\\bin\\100261~1.0\\x64\\mt.exe --manifests  -- "D:\\Microsoft Visual Studio\\18\\Community\\VC\\Tools\\MSVC\\14.51.36231\\bin\\Hostx64\\x64\\link.exe" /nologo CMakeFiles\\cmTC_ef101.dir\\CheckSymbolExists.c.obj  /out:cmTC_ef101.exe /implib:cmTC_ef101.lib /pdb:cmTC_ef101.pdb /version:0.0 /machine:x64 /nologo /debug /INCREMENTAL /subsystem:console  kernel32.lib user32.lib gdi32.lib winspool.lib shell32.lib ole32.lib oleaut32.lib uuid.lib comdlg32.lib advapi32.lib && cd ."
        
      exitCode: 0
  -
    kind: "try_compile-v1"
    backtrace:
      - "D:/Microsoft Visual Studio/18/Community/Common7/IDE/CommonExtensions/Microsoft/CMake/CMake/share/cmake-4.3/Modules/CheckSymbolExists.cmake:193 (try_compile)"
      - "D:/Microsoft Visual Studio/18/Community/Common7/IDE/CommonExtensions/Microsoft/CMake/CMake/share/cmake-4.3/Modules/CheckSymbolExists.cmake:98 (__CHECK_SYMBOL_EXISTS_IMPL)"
      - "CMakeLists.txt:81 (check_symbol_exists)"
    checks:
      - "Looking for mach_absolute_time"
    directories:
      source: "D:/WaterSurfaceRendererScratch/vcpkg_installed/vcpkg/blds/fftw3/x64-windows-dbg/CMakeFiles/CMakeScratch/TryCompile-60lwap"
      binary: "D:/WaterSurfaceRendererScratch/vcpkg_installed/vcpkg/blds/fftw3/x64-windows-dbg/CMakeFiles/CMakeScratch/TryCompile-60lwap"
    cmakeVariables:
      CMAKE_CXX_STDLIB_MODULES_JSON: ""
      CMAKE_C_FLAGS: " /nologo /DWIN32 /D_WINDOWS /utf-8 /MP "
      CMAKE_EXE_LINKER_FLAGS: "/machine:x64"
      CMAKE_MSVC_DEBUG_INFORMATION_FORMAT: ""
      CMAKE_MSVC_RUNTIME_LIBRARY: "MultiThreaded$<$<CONFIG:Debug>:Debug>$<$<STREQUAL:dynamic,dynamic>:DLL>"
      VCPKG_CHAINLOAD_TOOLCHAIN_FILE: "D:/Microsoft Visual Studio/18/Community/VC/vcpkg/scripts/toolchains/windows.cmake"
      VCPKG_CRT_LINKAGE: "dynamic"
      VCPKG_CXX_FLAGS: ""
      VCPKG_CXX_FLAGS_DEBUG: ""
      VCPKG_CXX_FLAGS_RELEASE: ""
      VCPKG_C_FLAGS: ""
      VCPKG_C_FLAGS_DEBUG: ""
      VCPKG_C_FLAGS_RELEASE: ""
      VCPKG_INSTALLED_DIR: "D:/WaterSurfaceRendererScratch/vcpkg_installed"
      VCPKG_LINKER_FLAGS: ""
      VCPKG_LINKER_FLAGS_DEBUG: ""
      VCPKG_LINKER_FLAGS_RELEASE: ""
      VCPKG_PLATFORM_TOOLSET: "v145"
      VCPKG_PREFER_SYSTEM_LIBS: "OFF"
      VCPKG_SET_CHARSET_FLAG: "ON"
      VCPKG_TARGET_ARCHITECTURE: "x64"
      VCPKG_TARGET_TRIPLET: "x64-windows"
      Z_VCPKG_ROOT_DIR: "D:/Microsoft Visual Studio/18/Community/VC/vcpkg"
    buildResult:
      variable: "HAVE_MACH_ABSOLUTE_TIME"
      cached: true
      stdout: |
        Change Dir: 'D:/WaterSurfaceRendererScratch/vcpkg_installed/vcpkg/blds/fftw3/x64-windows-dbg/CMakeFiles/CMakeScratch/TryCompile-60lwap'
        
        Run Build Command(s): "D:/Microsoft Visual Studio/18/Community/Common7/IDE/CommonExtensions/Microsoft/CMake/Ninja/ninja.exe" -v cmTC_02e9a
        [1/2] "D:\\Microsoft Visual Studio\\18\\Community\\VC\\Tools\\MSVC\\14.51.36231\\bin\\Hostx64\\x64\\cl.exe"  /nologo -D_MBCS  /nologo /DWIN32 /D_WINDOWS /utf-8 /MP   /MDd /Z7 /Ob0 /Od /RTC1 /showIncludes /FoCMakeFiles\\cmTC_02e9a.dir\\CheckSymbolExists.c.obj /FdCMakeFiles\\cmTC_02e9a.dir\\ /FS -c D:\\WaterSurfaceRendererScratch\\vcpkg_installed\\vcpkg\\blds\\fftw3\\x64-windows-dbg\\CMakeFiles\\CMakeScratch\\TryCompile-60lwap\\CheckSymbolExists.c
        FAILED: [code=2] CMakeFiles/cmTC_02e9a.dir/CheckSymbolExists.c.obj 
        "D:\\Microsoft Visual Studio\\18\\Community\\VC\\Tools\\MSVC\\14.51.36231\\bin\\Hostx64\\x64\\cl.exe"  /nologo -D_MBCS  /nologo /DWIN32 /D_WINDOWS /utf-8 /MP   /MDd /Z7 /Ob0 /Od /RTC1 /showIncludes /FoCMakeFiles\\cmTC_02e9a.dir\\CheckSymbolExists.c.obj /FdCMakeFiles\\cmTC_02e9a.dir\\ /FS -c D:\\WaterSurfaceRendererScratch\\vcpkg_installed\\vcpkg\\blds\\fftw3\\x64-windows-dbg\\CMakeFiles\\CMakeScratch\\TryCompile-60lwap\\CheckSymbolExists.c
        D:\\WaterSurfaceRendererScratch\\vcpkg_installed\\vcpkg\\blds\\fftw3\\x64-windows-dbg\\CMakeFiles\\CMakeScratch\\TryCompile-60lwap\\CheckSymbolExists.c(2): fatal error C1083: 无法打开包括文件: “mach/mach_time.h”: No such file or directory
        ninja: build stopped: subcommand failed.
        
      exitCode: 2
  -
    kind: "try_compile-v1"
    backtrace:
      - "D:/Microsoft Visual Studio/18/Community/Common7/IDE/CommonExtensions/Microsoft/CMake/CMake/share/cmake-4.3/Modules/CheckSymbolExists.cmake:193 (try_compile)"
      - "D:/Microsoft Visual Studio/18/Community/Common7/IDE/CommonExtensions/Microsoft/CMake/CMake/share/cmake-4.3/Modules/CheckSymbolExists.cmake:98 (__CHECK_SYMBOL_EXISTS_IMPL)"
      - "CMakeLists.txt:82 (check_symbol_exists)"
    checks:
      - "Looking for alloca"
    directories:
      source: "D:/WaterSurfaceRendererScratch/vcpkg_installed/vcpkg/blds/fftw3/x64-windows-dbg/CMakeFiles/CMakeScratch/TryCompile-9y6md7"
      binary: "D:/WaterSurfaceRendererScratch/vcpkg_installed/vcpkg/blds/fftw3/x64-windows-dbg/CMakeFiles/CMakeScratch/TryCompile-9y6md7"
    cmakeVariables:
      CMAKE_CXX_STDLIB_MODULES_JSON: ""
      CMAKE_C_FLAGS: " /nologo /DWIN32 /D_WINDOWS /utf-8 /MP "
      CMAKE_EXE_LINKER_FLAGS: "/machine:x64"
      CMAKE_MSVC_DEBUG_INFORMATION_FORMAT: ""
      CMAKE_MSVC_RUNTIME_LIBRARY: "MultiThreaded$<$<CONFIG:Debug>:Debug>$<$<STREQUAL:dynamic,dynamic>:DLL>"
      VCPKG_CHAINLOAD_TOOLCHAIN_FILE: "D:/Microsoft Visual Studio/18/Community/VC/vcpkg/scripts/toolchains/windows.cmake"
      VCPKG_CRT_LINKAGE: "dynamic"
      VCPKG_CXX_FLAGS: ""
      VCPKG_CXX_FLAGS_DEBUG: ""
      VCPKG_CXX_FLAGS_RELEASE: ""
      VCPKG_C_FLAGS: ""
      VCPKG_C_FLAGS_DEBUG: ""
      VCPKG_C_FLAGS_RELEASE: ""
      VCPKG_INSTALLED_DIR: "D:/WaterSurfaceRendererScratch/vcpkg_installed"
      VCPKG_LINKER_FLAGS: ""
      VCPKG_LINKER_FLAGS_DEBUG: ""
      VCPKG_LINKER_FLAGS_RELEASE: ""
      VCPKG_PLATFORM_TOOLSET: "v145"
      VCPKG_PREFER_SYSTEM_LIBS: "OFF"
      VCPKG_SET_CHARSET_FLAG: "ON"
      VCPKG_TARGET_ARCHITECTURE: "x64"
      VCPKG_TARGET_TRIPLET: "x64-windows"
      Z_VCPKG_ROOT_DIR: "D:/Microsoft Visual Studio/18/Community/VC/vcpkg"
    buildResult:
      variable: "HAVE_ALLOCA"
      cached: true
      stdout: |
        Change Dir: 'D:/WaterSurfaceRendererScratch/vcpkg_installed/vcpkg/blds/fftw3/x64-windows-dbg/CMakeFiles/CMakeScratch/TryCompile-9y6md7'
        
        Run Build Command(s): "D:/Microsoft Visual Studio/18/Community/Common7/IDE/CommonExtensions/Microsoft/CMake/Ninja/ninja.exe" -v cmTC_429ea
        [1/2] "D:\\Microsoft Visual Studio\\18\\Community\\VC\\Tools\\MSVC\\14.51.36231\\bin\\Hostx64\\x64\\cl.exe"  /nologo -D_MBCS  /nologo /DWIN32 /D_WINDOWS /utf-8 /MP   /MDd /Z7 /Ob0 /Od /RTC1 /showIncludes /FoCMakeFiles\\cmTC_429ea.dir\\CheckSymbolExists.c.obj /FdCMakeFiles\\cmTC_429ea.dir\\ /FS -c D:\\WaterSurfaceRendererScratch\\vcpkg_installed\\vcpkg\\blds\\fftw3\\x64-windows-dbg\\CMakeFiles\\CMakeScratch\\TryCompile-9y6md7\\CheckSymbolExists.c
        FAILED: [code=2] CMakeFiles/cmTC_429ea.dir/CheckSymbolExists.c.obj 
        "D:\\Microsoft Visual Studio\\18\\Community\\VC\\Tools\\MSVC\\14.51.36231\\bin\\Hostx64\\x64\\cl.exe"  /nologo -D_MBCS  /nologo /DWIN32 /D_WINDOWS /utf-8 /MP   /MDd /Z7 /Ob0 /Od /RTC1 /showIncludes /FoCMakeFiles\\cmTC_429ea.dir\\CheckSymbolExists.c.obj /FdCMakeFiles\\cmTC_429ea.dir\\ /FS -c D:\\WaterSurfaceRendererScratch\\vcpkg_installed\\vcpkg\\blds\\fftw3\\x64-windows-dbg\\CMakeFiles\\CMakeScratch\\TryCompile-9y6md7\\CheckSymbolExists.c
        D:\\WaterSurfaceRendererScratch\\vcpkg_installed\\vcpkg\\blds\\fftw3\\x64-windows-dbg\\CMakeFiles\\CMakeScratch\\TryCompile-9y6md7\\CheckSymbolExists.c(2): fatal error C1083: 无法打开包括文件: “alloca.h”: No such file or directory
        ninja: build stopped: subcommand failed.
        
      exitCode: 2
  -
    kind: "try_compile-v1"
    backtrace:
      - "D:/Microsoft Visual Studio/18/Community/Common7/IDE/CommonExtensions/Microsoft/CMake/CMake/share/cmake-4.3/Modules/CheckSymbolExists.cmake:193 (try_compile)"
      - "D:/Microsoft Visual Studio/18/Community/Common7/IDE/CommonExtensions/Microsoft/CMake/CMake/share/cmake-4.3/Modules/CheckSymbolExists.cmake:98 (__CHECK_SYMBOL_EXISTS_IMPL)"
      - "CMakeLists.txt:85 (check_symbol_exists)"
    checks:
      - "Looking for alloca"
    directories:
      source: "D:/WaterSurfaceRendererScratch/vcpkg_installed/vcpkg/blds/fftw3/x64-windows-dbg/CMakeFiles/CMakeScratch/TryCompile-pkgajt"
      binary: "D:/WaterSurfaceRendererScratch/vcpkg_installed/vcpkg/blds/fftw3/x64-windows-dbg/CMakeFiles/CMakeScratch/TryCompile-pkgajt"
    cmakeVariables:
      CMAKE_CXX_STDLIB_MODULES_JSON: ""
      CMAKE_C_FLAGS: " /nologo /DWIN32 /D_WINDOWS /utf-8 /MP "
      CMAKE_EXE_LINKER_FLAGS: "/machine:x64"
      CMAKE_MSVC_DEBUG_INFORMATION_FORMAT: ""
      CMAKE_MSVC_RUNTIME_LIBRARY: "MultiThreaded$<$<CONFIG:Debug>:Debug>$<$<STREQUAL:dynamic,dynamic>:DLL>"
      VCPKG_CHAINLOAD_TOOLCHAIN_FILE: "D:/Microsoft Visual Studio/18/Community/VC/vcpkg/scripts/toolchains/windows.cmake"
      VCPKG_CRT_LINKAGE: "dynamic"
      VCPKG_CXX_FLAGS: ""
      VCPKG_CXX_FLAGS_DEBUG: ""
      VCPKG_CXX_FLAGS_RELEASE: ""
      VCPKG_C_FLAGS: ""
      VCPKG_C_FLAGS_DEBUG: ""
      VCPKG_C_FLAGS_RELEASE: ""
      VCPKG_INSTALLED_DIR: "D:/WaterSurfaceRendererScratch/vcpkg_installed"
      VCPKG_LINKER_FLAGS: ""
      VCPKG_LINKER_FLAGS_DEBUG: ""
      VCPKG_LINKER_FLAGS_RELEASE: ""
      VCPKG_PLATFORM_TOOLSET: "v145"
      VCPKG_PREFER_SYSTEM_LIBS: "OFF"
      VCPKG_SET_CHARSET_FLAG: "ON"
      VCPKG_TARGET_ARCHITECTURE: "x64"
      VCPKG_TARGET_TRIPLET: "x64-windows"
      Z_VCPKG_ROOT_DIR: "D:/Microsoft Visual Studio/18/Community/VC/vcpkg"
    buildResult:
      variable: "HAVE_ALLOCA"
      cached: true
      stdout: |
        Change Dir: 'D:/WaterSurfaceRendererScratch/vcpkg_installed/vcpkg/blds/fftw3/x64-windows-dbg/CMakeFiles/CMakeScratch/TryCompile-pkgajt'
        
        Run Build Command(s): "D:/Microsoft Visual Studio/18/Community/Common7/IDE/CommonExtensions/Microsoft/CMake/Ninja/ninja.exe" -v cmTC_68286
        [1/2] "D:\\Microsoft Visual Studio\\18\\Community\\VC\\Tools\\MSVC\\14.51.36231\\bin\\Hostx64\\x64\\cl.exe"  /nologo -D_MBCS  /nologo /DWIN32 /D_WINDOWS /utf-8 /MP   /MDd /Z7 /Ob0 /Od /RTC1 /showIncludes /FoCMakeFiles\\cmTC_68286.dir\\CheckSymbolExists.c.obj /FdCMakeFiles\\cmTC_68286.dir\\ /FS -c D:\\WaterSurfaceRendererScratch\\vcpkg_installed\\vcpkg\\blds\\fftw3\\x64-windows-dbg\\CMakeFiles\\CMakeScratch\\TryCompile-pkgajt\\CheckSymbolExists.c
        [2/2] C:\\windows\\system32\\cmd.exe /C "cd . && "D:\\Microsoft Visual Studio\\18\\Community\\Common7\\IDE\\CommonExtensions\\Microsoft\\CMake\\CMake\\bin\\cmake.exe" -E vs_link_exe --msvc-ver=1951 --intdir=CMakeFiles\\cmTC_68286.dir --rc=C:\\PROGRA~2\\WI3CF2~1\\10\\bin\\100261~1.0\\x64\\rc.exe --mt=C:\\PROGRA~2\\WI3CF2~1\\10\\bin\\100261~1.0\\x64\\mt.exe --manifests  -- "D:\\Microsoft Visual Studio\\18\\Community\\VC\\Tools\\MSVC\\14.51.36231\\bin\\Hostx64\\x64\\link.exe" /nologo CMakeFiles\\cmTC_68286.dir\\CheckSymbolExists.c.obj  /out:cmTC_68286.exe /implib:cmTC_68286.lib /pdb:cmTC_68286.pdb /version:0.0 /machine:x64 /nologo /debug /INCREMENTAL /subsystem:console  kernel32.lib user32.lib gdi32.lib winspool.lib shell32.lib ole32.lib oleaut32.lib uuid.lib comdlg32.lib advapi32.lib && cd ."
        
      exitCode: 0
  -
    kind: "try_compile-v1"
    backtrace:
      - "D:/Microsoft Visual Studio/18/Community/Common7/IDE/CommonExtensions/Microsoft/CMake/CMake/share/cmake-4.3/Modules/CheckSymbolExists.cmake:193 (try_compile)"
      - "D:/Microsoft Visual Studio/18/Community/Common7/IDE/CommonExtensions/Microsoft/CMake/CMake/share/cmake-4.3/Modules/CheckSymbolExists.cmake:98 (__CHECK_SYMBOL_EXISTS_IMPL)"
      - "CMakeLists.txt:87 (check_symbol_exists)"
    checks:
      - "Looking for isnan"
    directories:
      source: "D:/WaterSurfaceRendererScratch/vcpkg_installed/vcpkg/blds/fftw3/x64-windows-dbg/CMakeFiles/CMakeScratch/TryCompile-wdjrg3"
      binary: "D:/WaterSurfaceRendererScratch/vcpkg_installed/vcpkg/blds/fftw3/x64-windows-dbg/CMakeFiles/CMakeScratch/TryCompile-wdjrg3"
    cmakeVariables:
      CMAKE_CXX_STDLIB_MODULES_JSON: ""
      CMAKE_C_FLAGS: " /nologo /DWIN32 /D_WINDOWS /utf-8 /MP "
      CMAKE_EXE_LINKER_FLAGS: "/machine:x64"
      CMAKE_MSVC_DEBUG_INFORMATION_FORMAT: ""
      CMAKE_MSVC_RUNTIME_LIBRARY: "MultiThreaded$<$<CONFIG:Debug>:Debug>$<$<STREQUAL:dynamic,dynamic>:DLL>"
      VCPKG_CHAINLOAD_TOOLCHAIN_FILE: "D:/Microsoft Visual Studio/18/Community/VC/vcpkg/scripts/toolchains/windows.cmake"
      VCPKG_CRT_LINKAGE: "dynamic"
      VCPKG_CXX_FLAGS: ""
      VCPKG_CXX_FLAGS_DEBUG: ""
      VCPKG_CXX_FLAGS_RELEASE: ""
      VCPKG_C_FLAGS: ""
      VCPKG_C_FLAGS_DEBUG: ""
      VCPKG_C_FLAGS_RELEASE: ""
      VCPKG_INSTALLED_DIR: "D:/WaterSurfaceRendererScratch/vcpkg_installed"
      VCPKG_LINKER_FLAGS: ""
      VCPKG_LINKER_FLAGS_DEBUG: ""
      VCPKG_LINKER_FLAGS_RELEASE: ""
      VCPKG_PLATFORM_TOOLSET: "v145"
      VCPKG_PREFER_SYSTEM_LIBS: "OFF"
      VCPKG_SET_CHARSET_FLAG: "ON"
      VCPKG_TARGET_ARCHITECTURE: "x64"
      VCPKG_TARGET_TRIPLET: "x64-windows"
      Z_VCPKG_ROOT_DIR: "D:/Microsoft Visual Studio/18/Community/VC/vcpkg"
    buildResult:
      variable: "HAVE_ISNAN"
      cached: true
      stdout: |
        Change Dir: 'D:/WaterSurfaceRendererScratch/vcpkg_installed/vcpkg/blds/fftw3/x64-windows-dbg/CMakeFiles/CMakeScratch/TryCompile-wdjrg3'
        
        Run Build Command(s): "D:/Microsoft Visual Studio/18/Community/Common7/IDE/CommonExtensions/Microsoft/CMake/Ninja/ninja.exe" -v cmTC_643f3
        [1/2] "D:\\Microsoft Visual Studio\\18\\Community\\VC\\Tools\\MSVC\\14.51.36231\\bin\\Hostx64\\x64\\cl.exe"  /nologo -D_MBCS  /nologo /DWIN32 /D_WINDOWS /utf-8 /MP   /MDd /Z7 /Ob0 /Od /RTC1 /showIncludes /FoCMakeFiles\\cmTC_643f3.dir\\CheckSymbolExists.c.obj /FdCMakeFiles\\cmTC_643f3.dir\\ /FS -c D:\\WaterSurfaceRendererScratch\\vcpkg_installed\\vcpkg\\blds\\fftw3\\x64-windows-dbg\\CMakeFiles\\CMakeScratch\\TryCompile-wdjrg3\\CheckSymbolExists.c
        [2/2] C:\\windows\\system32\\cmd.exe /C "cd . && "D:\\Microsoft Visual Studio\\18\\Community\\Common7\\IDE\\CommonExtensions\\Microsoft\\CMake\\CMake\\bin\\cmake.exe" -E vs_link_exe --msvc-ver=1951 --intdir=CMakeFiles\\cmTC_643f3.dir --rc=C:\\PROGRA~2\\WI3CF2~1\\10\\bin\\100261~1.0\\x64\\rc.exe --mt=C:\\PROGRA~2\\WI3CF2~1\\10\\bin\\100261~1.0\\x64\\mt.exe --manifests  -- "D:\\Microsoft Visual Studio\\18\\Community\\VC\\Tools\\MSVC\\14.51.36231\\bin\\Hostx64\\x64\\link.exe" /nologo CMakeFiles\\cmTC_643f3.dir\\CheckSymbolExists.c.obj  /out:cmTC_643f3.exe /implib:cmTC_643f3.lib /pdb:cmTC_643f3.pdb /version:0.0 /machine:x64 /nologo /debug /INCREMENTAL /subsystem:console  kernel32.lib user32.lib gdi32.lib winspool.lib shell32.lib ole32.lib oleaut32.lib uuid.lib comdlg32.lib advapi32.lib && cd ."
        
      exitCode: 0
  -
    kind: "try_compile-v1"
    backtrace:
      - "D:/Microsoft Visual Studio/18/Community/Common7/IDE/CommonExtensions/Microsoft/CMake/CMake/share/cmake-4.3/Modules/CheckSymbolExists.cmake:193 (try_compile)"
      - "D:/Microsoft Visual Studio/18/Community/Common7/IDE/CommonExtensions/Microsoft/CMake/CMake/share/cmake-4.3/Modules/CheckSymbolExists.cmake:98 (__CHECK_SYMBOL_EXISTS_IMPL)"
      - "CMakeLists.txt:88 (check_symbol_exists)"
    checks:
      - "Looking for snprintf"
    directories:
      source: "D:/WaterSurfaceRendererScratch/vcpkg_installed/vcpkg/blds/fftw3/x64-windows-dbg/CMakeFiles/CMakeScratch/TryCompile-paa8ff"
      binary: "D:/WaterSurfaceRendererScratch/vcpkg_installed/vcpkg/blds/fftw3/x64-windows-dbg/CMakeFiles/CMakeScratch/TryCompile-paa8ff"
    cmakeVariables:
      CMAKE_CXX_STDLIB_MODULES_JSON: ""
      CMAKE_C_FLAGS: " /nologo /DWIN32 /D_WINDOWS /utf-8 /MP "
      CMAKE_EXE_LINKER_FLAGS: "/machine:x64"
      CMAKE_MSVC_DEBUG_INFORMATION_FORMAT: ""
      CMAKE_MSVC_RUNTIME_LIBRARY: "MultiThreaded$<$<CONFIG:Debug>:Debug>$<$<STREQUAL:dynamic,dynamic>:DLL>"
      VCPKG_CHAINLOAD_TOOLCHAIN_FILE: "D:/Microsoft Visual Studio/18/Community/VC/vcpkg/scripts/toolchains/windows.cmake"
      VCPKG_CRT_LINKAGE: "dynamic"
      VCPKG_CXX_FLAGS: ""
      VCPKG_CXX_FLAGS_DEBUG: ""
      VCPKG_CXX_FLAGS_RELEASE: ""
      VCPKG_C_FLAGS: ""
      VCPKG_C_FLAGS_DEBUG: ""
      VCPKG_C_FLAGS_RELEASE: ""
      VCPKG_INSTALLED_DIR: "D:/WaterSurfaceRendererScratch/vcpkg_installed"
      VCPKG_LINKER_FLAGS: ""
      VCPKG_LINKER_FLAGS_DEBUG: ""
      VCPKG_LINKER_FLAGS_RELEASE: ""
      VCPKG_PLATFORM_TOOLSET: "v145"
      VCPKG_PREFER_SYSTEM_LIBS: "OFF"
      VCPKG_SET_CHARSET_FLAG: "ON"
      VCPKG_TARGET_ARCHITECTURE: "x64"
      VCPKG_TARGET_TRIPLET: "x64-windows"
      Z_VCPKG_ROOT_DIR: "D:/Microsoft Visual Studio/18/Community/VC/vcpkg"
    buildResult:
      variable: "HAVE_SNPRINTF"
      cached: true
      stdout: |
        Change Dir: 'D:/WaterSurfaceRendererScratch/vcpkg_installed/vcpkg/blds/fftw3/x64-windows-dbg/CMakeFiles/CMakeScratch/TryCompile-paa8ff'
        
        Run Build Command(s): "D:/Microsoft Visual Studio/18/Community/Common7/IDE/CommonExtensions/Microsoft/CMake/Ninja/ninja.exe" -v cmTC_5349b
        [1/2] "D:\\Microsoft Visual Studio\\18\\Community\\VC\\Tools\\MSVC\\14.51.36231\\bin\\Hostx64\\x64\\cl.exe"  /nologo -D_MBCS  /nologo /DWIN32 /D_WINDOWS /utf-8 /MP   /MDd /Z7 /Ob0 /Od /RTC1 /showIncludes /FoCMakeFiles\\cmTC_5349b.dir\\CheckSymbolExists.c.obj /FdCMakeFiles\\cmTC_5349b.dir\\ /FS -c D:\\WaterSurfaceRendererScratch\\vcpkg_installed\\vcpkg\\blds\\fftw3\\x64-windows-dbg\\CMakeFiles\\CMakeScratch\\TryCompile-paa8ff\\CheckSymbolExists.c
        [2/2] C:\\windows\\system32\\cmd.exe /C "cd . && "D:\\Microsoft Visual Studio\\18\\Community\\Common7\\IDE\\CommonExtensions\\Microsoft\\CMake\\CMake\\bin\\cmake.exe" -E vs_link_exe --msvc-ver=1951 --intdir=CMakeFiles\\cmTC_5349b.dir --rc=C:\\PROGRA~2\\WI3CF2~1\\10\\bin\\100261~1.0\\x64\\rc.exe --mt=C:\\PROGRA~2\\WI3CF2~1\\10\\bin\\100261~1.0\\x64\\mt.exe --manifests  -- "D:\\Microsoft Visual Studio\\18\\Community\\VC\\Tools\\MSVC\\14.51.36231\\bin\\Hostx64\\x64\\link.exe" /nologo CMakeFiles\\cmTC_5349b.dir\\CheckSymbolExists.c.obj  /out:cmTC_5349b.exe /implib:cmTC_5349b.lib /pdb:cmTC_5349b.pdb /version:0.0 /machine:x64 /nologo /debug /INCREMENTAL /subsystem:console  kernel32.lib user32.lib gdi32.lib winspool.lib shell32.lib ole32.lib oleaut32.lib uuid.lib comdlg32.lib advapi32.lib && cd ."
        
      exitCode: 0
  -
    kind: "try_compile-v1"
    backtrace:
      - "D:/Microsoft Visual Studio/18/Community/Common7/IDE/CommonExtensions/Microsoft/CMake/CMake/share/cmake-4.3/Modules/CheckSymbolExists.cmake:193 (try_compile)"
      - "D:/Microsoft Visual Studio/18/Community/Common7/IDE/CommonExtensions/Microsoft/CMake/CMake/share/cmake-4.3/Modules/CheckSymbolExists.cmake:98 (__CHECK_SYMBOL_EXISTS_IMPL)"
      - "CMakeLists.txt:89 (check_symbol_exists)"
    checks:
      - "Looking for strchr"
    directories:
      source: "D:/WaterSurfaceRendererScratch/vcpkg_installed/vcpkg/blds/fftw3/x64-windows-dbg/CMakeFiles/CMakeScratch/TryCompile-6fopub"
      binary: "D:/WaterSurfaceRendererScratch/vcpkg_installed/vcpkg/blds/fftw3/x64-windows-dbg/CMakeFiles/CMakeScratch/TryCompile-6fopub"
    cmakeVariables:
      CMAKE_CXX_STDLIB_MODULES_JSON: ""
      CMAKE_C_FLAGS: " /nologo /DWIN32 /D_WINDOWS /utf-8 /MP "
      CMAKE_EXE_LINKER_FLAGS: "/machine:x64"
      CMAKE_MSVC_DEBUG_INFORMATION_FORMAT: ""
      CMAKE_MSVC_RUNTIME_LIBRARY: "MultiThreaded$<$<CONFIG:Debug>:Debug>$<$<STREQUAL:dynamic,dynamic>:DLL>"
      VCPKG_CHAINLOAD_TOOLCHAIN_FILE: "D:/Microsoft Visual Studio/18/Community/VC/vcpkg/scripts/toolchains/windows.cmake"
      VCPKG_CRT_LINKAGE: "dynamic"
      VCPKG_CXX_FLAGS: ""
      VCPKG_CXX_FLAGS_DEBUG: ""
      VCPKG_CXX_FLAGS_RELEASE: ""
      VCPKG_C_FLAGS: ""
      VCPKG_C_FLAGS_DEBUG: ""
      VCPKG_C_FLAGS_RELEASE: ""
      VCPKG_INSTALLED_DIR: "D:/WaterSurfaceRendererScratch/vcpkg_installed"
      VCPKG_LINKER_FLAGS: ""
      VCPKG_LINKER_FLAGS_DEBUG: ""
      VCPKG_LINKER_FLAGS_RELEASE: ""
      VCPKG_PLATFORM_TOOLSET: "v145"
      VCPKG_PREFER_SYSTEM_LIBS: "OFF"
      VCPKG_SET_CHARSET_FLAG: "ON"
      VCPKG_TARGET_ARCHITECTURE: "x64"
      VCPKG_TARGET_TRIPLET: "x64-windows"
      Z_VCPKG_ROOT_DIR: "D:/Microsoft Visual Studio/18/Community/VC/vcpkg"
    buildResult:
      variable: "HAVE_STRCHR"
      cached: true
      stdout: |
        Change Dir: 'D:/WaterSurfaceRendererScratch/vcpkg_installed/vcpkg/blds/fftw3/x64-windows-dbg/CMakeFiles/CMakeScratch/TryCompile-6fopub'
        
        Run Build Command(s): "D:/Microsoft Visual Studio/18/Community/Common7/IDE/CommonExtensions/Microsoft/CMake/Ninja/ninja.exe" -v cmTC_2dccb
        [1/2] "D:\\Microsoft Visual Studio\\18\\Community\\VC\\Tools\\MSVC\\14.51.36231\\bin\\Hostx64\\x64\\cl.exe"  /nologo -D_MBCS  /nologo /DWIN32 /D_WINDOWS /utf-8 /MP   /MDd /Z7 /Ob0 /Od /RTC1 /showIncludes /FoCMakeFiles\\cmTC_2dccb.dir\\CheckSymbolExists.c.obj /FdCMakeFiles\\cmTC_2dccb.dir\\ /FS -c D:\\WaterSurfaceRendererScratch\\vcpkg_installed\\vcpkg\\blds\\fftw3\\x64-windows-dbg\\CMakeFiles\\CMakeScratch\\TryCompile-6fopub\\CheckSymbolExists.c
        [2/2] C:\\windows\\system32\\cmd.exe /C "cd . && "D:\\Microsoft Visual Studio\\18\\Community\\Common7\\IDE\\CommonExtensions\\Microsoft\\CMake\\CMake\\bin\\cmake.exe" -E vs_link_exe --msvc-ver=1951 --intdir=CMakeFiles\\cmTC_2dccb.dir --rc=C:\\PROGRA~2\\WI3CF2~1\\10\\bin\\100261~1.0\\x64\\rc.exe --mt=C:\\PROGRA~2\\WI3CF2~1\\10\\bin\\100261~1.0\\x64\\mt.exe --manifests  -- "D:\\Microsoft Visual Studio\\18\\Community\\VC\\Tools\\MSVC\\14.51.36231\\bin\\Hostx64\\x64\\link.exe" /nologo CMakeFiles\\cmTC_2dccb.dir\\CheckSymbolExists.c.obj  /out:cmTC_2dccb.exe /implib:cmTC_2dccb.lib /pdb:cmTC_2dccb.pdb /version:0.0 /machine:x64 /nologo /debug /INCREMENTAL /subsystem:console  kernel32.lib user32.lib gdi32.lib winspool.lib shell32.lib ole32.lib oleaut32.lib uuid.lib comdlg32.lib advapi32.lib && cd ."
        
      exitCode: 0
  -
    kind: "try_compile-v1"
    backtrace:
      - "D:/Microsoft Visual Studio/18/Community/Common7/IDE/CommonExtensions/Microsoft/CMake/CMake/share/cmake-4.3/Modules/CheckSymbolExists.cmake:193 (try_compile)"
      - "D:/Microsoft Visual Studio/18/Community/Common7/IDE/CommonExtensions/Microsoft/CMake/CMake/share/cmake-4.3/Modules/CheckSymbolExists.cmake:98 (__CHECK_SYMBOL_EXISTS_IMPL)"
      - "CMakeLists.txt:90 (check_symbol_exists)"
    checks:
      - "Looking for sysctl"
    directories:
      source: "D:/WaterSurfaceRendererScratch/vcpkg_installed/vcpkg/blds/fftw3/x64-windows-dbg/CMakeFiles/CMakeScratch/TryCompile-a92012"
      binary: "D:/WaterSurfaceRendererScratch/vcpkg_installed/vcpkg/blds/fftw3/x64-windows-dbg/CMakeFiles/CMakeScratch/TryCompile-a92012"
    cmakeVariables:
      CMAKE_CXX_STDLIB_MODULES_JSON: ""
      CMAKE_C_FLAGS: " /nologo /DWIN32 /D_WINDOWS /utf-8 /MP "
      CMAKE_EXE_LINKER_FLAGS: "/machine:x64"
      CMAKE_MSVC_DEBUG_INFORMATION_FORMAT: ""
      CMAKE_MSVC_RUNTIME_LIBRARY: "MultiThreaded$<$<CONFIG:Debug>:Debug>$<$<STREQUAL:dynamic,dynamic>:DLL>"
      VCPKG_CHAINLOAD_TOOLCHAIN_FILE: "D:/Microsoft Visual Studio/18/Community/VC/vcpkg/scripts/toolchains/windows.cmake"
      VCPKG_CRT_LINKAGE: "dynamic"
      VCPKG_CXX_FLAGS: ""
      VCPKG_CXX_FLAGS_DEBUG: ""
      VCPKG_CXX_FLAGS_RELEASE: ""
      VCPKG_C_FLAGS: ""
      VCPKG_C_FLAGS_DEBUG: ""
      VCPKG_C_FLAGS_RELEASE: ""
      VCPKG_INSTALLED_DIR: "D:/WaterSurfaceRendererScratch/vcpkg_installed"
      VCPKG_LINKER_FLAGS: ""
      VCPKG_LINKER_FLAGS_DEBUG: ""
      VCPKG_LINKER_FLAGS_RELEASE: ""
      VCPKG_PLATFORM_TOOLSET: "v145"
      VCPKG_PREFER_SYSTEM_LIBS: "OFF"
      VCPKG_SET_CHARSET_FLAG: "ON"
      VCPKG_TARGET_ARCHITECTURE: "x64"
      VCPKG_TARGET_TRIPLET: "x64-windows"
      Z_VCPKG_ROOT_DIR: "D:/Microsoft Visual Studio/18/Community/VC/vcpkg"
    buildResult:
      variable: "HAVE_SYSCTL"
      cached: true
      stdout: |
        Change Dir: 'D:/WaterSurfaceRendererScratch/vcpkg_installed/vcpkg/blds/fftw3/x64-windows-dbg/CMakeFiles/CMakeScratch/TryCompile-a92012'
        
        Run Build Command(s): "D:/Microsoft Visual Studio/18/Community/Common7/IDE/CommonExtensions/Microsoft/CMake/Ninja/ninja.exe" -v cmTC_0cd50
        [1/2] "D:\\Microsoft Visual Studio\\18\\Community\\VC\\Tools\\MSVC\\14.51.36231\\bin\\Hostx64\\x64\\cl.exe"  /nologo -D_MBCS  /nologo /DWIN32 /D_WINDOWS /utf-8 /MP   /MDd /Z7 /Ob0 /Od /RTC1 /showIncludes /FoCMakeFiles\\cmTC_0cd50.dir\\CheckSymbolExists.c.obj /FdCMakeFiles\\cmTC_0cd50.dir\\ /FS -c D:\\WaterSurfaceRendererScratch\\vcpkg_installed\\vcpkg\\blds\\fftw3\\x64-windows-dbg\\CMakeFiles\\CMakeScratch\\TryCompile-a92012\\CheckSymbolExists.c
        FAILED: [code=2] CMakeFiles/cmTC_0cd50.dir/CheckSymbolExists.c.obj 
        "D:\\Microsoft Visual Studio\\18\\Community\\VC\\Tools\\MSVC\\14.51.36231\\bin\\Hostx64\\x64\\cl.exe"  /nologo -D_MBCS  /nologo /DWIN32 /D_WINDOWS /utf-8 /MP   /MDd /Z7 /Ob0 /Od /RTC1 /showIncludes /FoCMakeFiles\\cmTC_0cd50.dir\\CheckSymbolExists.c.obj /FdCMakeFiles\\cmTC_0cd50.dir\\ /FS -c D:\\WaterSurfaceRendererScratch\\vcpkg_installed\\vcpkg\\blds\\fftw3\\x64-windows-dbg\\CMakeFiles\\CMakeScratch\\TryCompile-a92012\\CheckSymbolExists.c
        D:\\WaterSurfaceRendererScratch\\vcpkg_installed\\vcpkg\\blds\\fftw3\\x64-windows-dbg\\CMakeFiles\\CMakeScratch\\TryCompile-a92012\\CheckSymbolExists.c(2): fatal error C1083: 无法打开包括文件: “unistd.h”: No such file or directory
        ninja: build stopped: subcommand failed.
        
      exitCode: 2
  -
    kind: "try_compile-v1"
    backtrace:
      - "D:/Microsoft Visual Studio/18/Community/Common7/IDE/CommonExtensions/Microsoft/CMake/CMake/share/cmake-4.3/Modules/CheckSymbolExists.cmake:193 (try_compile)"
      - "D:/Microsoft Visual Studio/18/Community/Common7/IDE/CommonExtensions/Microsoft/CMake/CMake/share/cmake-4.3/Modules/CheckSymbolExists.cmake:98 (__CHECK_SYMBOL_EXISTS_IMPL)"
      - "CMakeLists.txt:95 (check_symbol_exists)"
    checks:
      - "Looking for cosl"
    directories:
      source: "D:/WaterSurfaceRendererScratch/vcpkg_installed/vcpkg/blds/fftw3/x64-windows-dbg/CMakeFiles/CMakeScratch/TryCompile-090nwe"
      binary: "D:/WaterSurfaceRendererScratch/vcpkg_installed/vcpkg/blds/fftw3/x64-windows-dbg/CMakeFiles/CMakeScratch/TryCompile-090nwe"
    cmakeVariables:
      CMAKE_CXX_STDLIB_MODULES_JSON: ""
      CMAKE_C_FLAGS: " /nologo /DWIN32 /D_WINDOWS /utf-8 /MP "
      CMAKE_EXE_LINKER_FLAGS: "/machine:x64"
      CMAKE_MSVC_DEBUG_INFORMATION_FORMAT: ""
      CMAKE_MSVC_RUNTIME_LIBRARY: "MultiThreaded$<$<CONFIG:Debug>:Debug>$<$<STREQUAL:dynamic,dynamic>:DLL>"
      VCPKG_CHAINLOAD_TOOLCHAIN_FILE: "D:/Microsoft Visual Studio/18/Community/VC/vcpkg/scripts/toolchains/windows.cmake"
      VCPKG_CRT_LINKAGE: "dynamic"
      VCPKG_CXX_FLAGS: ""
      VCPKG_CXX_FLAGS_DEBUG: ""
      VCPKG_CXX_FLAGS_RELEASE: ""
      VCPKG_C_FLAGS: ""
      VCPKG_C_FLAGS_DEBUG: ""
      VCPKG_C_FLAGS_RELEASE: ""
      VCPKG_INSTALLED_DIR: "D:/WaterSurfaceRendererScratch/vcpkg_installed"
      VCPKG_LINKER_FLAGS: ""
      VCPKG_LINKER_FLAGS_DEBUG: ""
      VCPKG_LINKER_FLAGS_RELEASE: ""
      VCPKG_PLATFORM_TOOLSET: "v145"
      VCPKG_PREFER_SYSTEM_LIBS: "OFF"
      VCPKG_SET_CHARSET_FLAG: "ON"
      VCPKG_TARGET_ARCHITECTURE: "x64"
      VCPKG_TARGET_TRIPLET: "x64-windows"
      Z_VCPKG_ROOT_DIR: "D:/Microsoft Visual Studio/18/Community/VC/vcpkg"
    buildResult:
      variable: "HAVE_COSL"
      cached: true
      stdout: |
        Change Dir: 'D:/WaterSurfaceRendererScratch/vcpkg_installed/vcpkg/blds/fftw3/x64-windows-dbg/CMakeFiles/CMakeScratch/TryCompile-090nwe'
        
        Run Build Command(s): "D:/Microsoft Visual Studio/18/Community/Common7/IDE/CommonExtensions/Microsoft/CMake/Ninja/ninja.exe" -v cmTC_c0462
        [1/2] "D:\\Microsoft Visual Studio\\18\\Community\\VC\\Tools\\MSVC\\14.51.36231\\bin\\Hostx64\\x64\\cl.exe"  /nologo -D_MBCS  /nologo /DWIN32 /D_WINDOWS /utf-8 /MP   /MDd /Z7 /Ob0 /Od /RTC1 /showIncludes /FoCMakeFiles\\cmTC_c0462.dir\\CheckSymbolExists.c.obj /FdCMakeFiles\\cmTC_c0462.dir\\ /FS -c D:\\WaterSurfaceRendererScratch\\vcpkg_installed\\vcpkg\\blds\\fftw3\\x64-windows-dbg\\CMakeFiles\\CMakeScratch\\TryCompile-090nwe\\CheckSymbolExists.c
        [2/2] C:\\windows\\system32\\cmd.exe /C "cd . && "D:\\Microsoft Visual Studio\\18\\Community\\Common7\\IDE\\CommonExtensions\\Microsoft\\CMake\\CMake\\bin\\cmake.exe" -E vs_link_exe --msvc-ver=1951 --intdir=CMakeFiles\\cmTC_c0462.dir --rc=C:\\PROGRA~2\\WI3CF2~1\\10\\bin\\100261~1.0\\x64\\rc.exe --mt=C:\\PROGRA~2\\WI3CF2~1\\10\\bin\\100261~1.0\\x64\\mt.exe --manifests  -- "D:\\Microsoft Visual Studio\\18\\Community\\VC\\Tools\\MSVC\\14.51.36231\\bin\\Hostx64\\x64\\link.exe" /nologo CMakeFiles\\cmTC_c0462.dir\\CheckSymbolExists.c.obj  /out:cmTC_c0462.exe /implib:cmTC_c0462.lib /pdb:cmTC_c0462.pdb /version:0.0 /machine:x64 /nologo /debug /INCREMENTAL /subsystem:console  kernel32.lib user32.lib gdi32.lib winspool.lib shell32.lib ole32.lib oleaut32.lib uuid.lib comdlg32.lib advapi32.lib && cd ."
        
      exitCode: 0
  -
    kind: "try_compile-v1"
    backtrace:
      - "D:/Microsoft Visual Studio/18/Community/Common7/IDE/CommonExtensions/Microsoft/CMake/CMake/share/cmake-4.3/Modules/CheckSymbolExists.cmake:193 (try_compile)"
      - "D:/Microsoft Visual Studio/18/Community/Common7/IDE/CommonExtensions/Microsoft/CMake/CMake/share/cmake-4.3/Modules/CheckSymbolExists.cmake:98 (__CHECK_SYMBOL_EXISTS_IMPL)"
      - "CMakeLists.txt:96 (check_symbol_exists)"
    checks:
      - "Looking for sinl"
    directories:
      source: "D:/WaterSurfaceRendererScratch/vcpkg_installed/vcpkg/blds/fftw3/x64-windows-dbg/CMakeFiles/CMakeScratch/TryCompile-8bnp8c"
      binary: "D:/WaterSurfaceRendererScratch/vcpkg_installed/vcpkg/blds/fftw3/x64-windows-dbg/CMakeFiles/CMakeScratch/TryCompile-8bnp8c"
    cmakeVariables:
      CMAKE_CXX_STDLIB_MODULES_JSON: ""
      CMAKE_C_FLAGS: " /nologo /DWIN32 /D_WINDOWS /utf-8 /MP "
      CMAKE_EXE_LINKER_FLAGS: "/machine:x64"
      CMAKE_MSVC_DEBUG_INFORMATION_FORMAT: ""
      CMAKE_MSVC_RUNTIME_LIBRARY: "MultiThreaded$<$<CONFIG:Debug>:Debug>$<$<STREQUAL:dynamic,dynamic>:DLL>"
      VCPKG_CHAINLOAD_TOOLCHAIN_FILE: "D:/Microsoft Visual Studio/18/Community/VC/vcpkg/scripts/toolchains/windows.cmake"
      VCPKG_CRT_LINKAGE: "dynamic"
      VCPKG_CXX_FLAGS: ""
      VCPKG_CXX_FLAGS_DEBUG: ""
      VCPKG_CXX_FLAGS_RELEASE: ""
      VCPKG_C_FLAGS: ""
      VCPKG_C_FLAGS_DEBUG: ""
      VCPKG_C_FLAGS_RELEASE: ""
      VCPKG_INSTALLED_DIR: "D:/WaterSurfaceRendererScratch/vcpkg_installed"
      VCPKG_LINKER_FLAGS: ""
      VCPKG_LINKER_FLAGS_DEBUG: ""
      VCPKG_LINKER_FLAGS_RELEASE: ""
      VCPKG_PLATFORM_TOOLSET: "v145"
      VCPKG_PREFER_SYSTEM_LIBS: "OFF"
      VCPKG_SET_CHARSET_FLAG: "ON"
      VCPKG_TARGET_ARCHITECTURE: "x64"
      VCPKG_TARGET_TRIPLET: "x64-windows"
      Z_VCPKG_ROOT_DIR: "D:/Microsoft Visual Studio/18/Community/VC/vcpkg"
    buildResult:
      variable: "HAVE_SINL"
      cached: true
      stdout: |
        Change Dir: 'D:/WaterSurfaceRendererScratch/vcpkg_installed/vcpkg/blds/fftw3/x64-windows-dbg/CMakeFiles/CMakeScratch/TryCompile-8bnp8c'
        
        Run Build Command(s): "D:/Microsoft Visual Studio/18/Community/Common7/IDE/CommonExtensions/Microsoft/CMake/Ninja/ninja.exe" -v cmTC_da290
        [1/2] "D:\\Microsoft Visual Studio\\18\\Community\\VC\\Tools\\MSVC\\14.51.36231\\bin\\Hostx64\\x64\\cl.exe"  /nologo -D_MBCS  /nologo /DWIN32 /D_WINDOWS /utf-8 /MP   /MDd /Z7 /Ob0 /Od /RTC1 /showIncludes /FoCMakeFiles\\cmTC_da290.dir\\CheckSymbolExists.c.obj /FdCMakeFiles\\cmTC_da290.dir\\ /FS -c D:\\WaterSurfaceRendererScratch\\vcpkg_installed\\vcpkg\\blds\\fftw3\\x64-windows-dbg\\CMakeFiles\\CMakeScratch\\TryCompile-8bnp8c\\CheckSymbolExists.c
        [2/2] C:\\windows\\system32\\cmd.exe /C "cd . && "D:\\Microsoft Visual Studio\\18\\Community\\Common7\\IDE\\CommonExtensions\\Microsoft\\CMake\\CMake\\bin\\cmake.exe" -E vs_link_exe --msvc-ver=1951 --intdir=CMakeFiles\\cmTC_da290.dir --rc=C:\\PROGRA~2\\WI3CF2~1\\10\\bin\\100261~1.0\\x64\\rc.exe --mt=C:\\PROGRA~2\\WI3CF2~1\\10\\bin\\100261~1.0\\x64\\mt.exe --manifests  -- "D:\\Microsoft Visual Studio\\18\\Community\\VC\\Tools\\MSVC\\14.51.36231\\bin\\Hostx64\\x64\\link.exe" /nologo CMakeFiles\\cmTC_da290.dir\\CheckSymbolExists.c.obj  /out:cmTC_da290.exe /implib:cmTC_da290.lib /pdb:cmTC_da290.pdb /version:0.0 /machine:x64 /nologo /debug /INCREMENTAL /subsystem:console  kernel32.lib user32.lib gdi32.lib winspool.lib shell32.lib ole32.lib oleaut32.lib uuid.lib comdlg32.lib advapi32.lib && cd ."
        
      exitCode: 0
  -
    kind: "try_compile-v1"
    backtrace:
      - "D:/Microsoft Visual Studio/18/Community/Common7/IDE/CommonExtensions/Microsoft/CMake/CMake/share/cmake-4.3/Modules/CheckTypeSize.cmake:348 (try_compile)"
      - "D:/Microsoft Visual Studio/18/Community/Common7/IDE/CommonExtensions/Microsoft/CMake/CMake/share/cmake-4.3/Modules/CheckTypeSize.cmake:481 (__check_type_size_impl)"
      - "CMakeLists.txt:99 (check_type_size)"
    checks:
      - "Check size of float"
    directories:
      source: "D:/WaterSurfaceRendererScratch/vcpkg_installed/vcpkg/blds/fftw3/x64-windows-dbg/CMakeFiles/CMakeScratch/TryCompile-dbfq2s"
      binary: "D:/WaterSurfaceRendererScratch/vcpkg_installed/vcpkg/blds/fftw3/x64-windows-dbg/CMakeFiles/CMakeScratch/TryCompile-dbfq2s"
    cmakeVariables:
      CMAKE_CXX_STDLIB_MODULES_JSON: ""
      CMAKE_C_FLAGS: " /nologo /DWIN32 /D_WINDOWS /utf-8 /MP "
      CMAKE_EXE_LINKER_FLAGS: "/machine:x64"
      CMAKE_MSVC_DEBUG_INFORMATION_FORMAT: ""
      CMAKE_MSVC_RUNTIME_LIBRARY: "MultiThreaded$<$<CONFIG:Debug>:Debug>$<$<STREQUAL:dynamic,dynamic>:DLL>"
      VCPKG_CHAINLOAD_TOOLCHAIN_FILE: "D:/Microsoft Visual Studio/18/Community/VC/vcpkg/scripts/toolchains/windows.cmake"
      VCPKG_CRT_LINKAGE: "dynamic"
      VCPKG_CXX_FLAGS: ""
      VCPKG_CXX_FLAGS_DEBUG: ""
      VCPKG_CXX_FLAGS_RELEASE: ""
      VCPKG_C_FLAGS: ""
      VCPKG_C_FLAGS_DEBUG: ""
      VCPKG_C_FLAGS_RELEASE: ""
      VCPKG_INSTALLED_DIR: "D:/WaterSurfaceRendererScratch/vcpkg_installed"
      VCPKG_LINKER_FLAGS: ""
      VCPKG_LINKER_FLAGS_DEBUG: ""
      VCPKG_LINKER_FLAGS_RELEASE: ""
      VCPKG_PLATFORM_TOOLSET: "v145"
      VCPKG_PREFER_SYSTEM_LIBS: "OFF"
      VCPKG_SET_CHARSET_FLAG: "ON"
      VCPKG_TARGET_ARCHITECTURE: "x64"
      VCPKG_TARGET_TRIPLET: "x64-windows"
      Z_VCPKG_ROOT_DIR: "D:/Microsoft Visual Studio/18/Community/VC/vcpkg"
    buildResult:
      variable: "HAVE_SIZEOF_FLOAT"
      cached: true
      stdout: |
        Change Dir: 'D:/WaterSurfaceRendererScratch/vcpkg_installed/vcpkg/blds/fftw3/x64-windows-dbg/CMakeFiles/CMakeScratch/TryCompile-dbfq2s'
        
        Run Build Command(s): "D:/Microsoft Visual Studio/18/Community/Common7/IDE/CommonExtensions/Microsoft/CMake/Ninja/ninja.exe" -v cmTC_94286
        [1/2] "D:\\Microsoft Visual Studio\\18\\Community\\VC\\Tools\\MSVC\\14.51.36231\\bin\\Hostx64\\x64\\cl.exe"  /nologo -D_MBCS  /nologo /DWIN32 /D_WINDOWS /utf-8 /MP   /MDd /Z7 /Ob0 /Od /RTC1 /showIncludes /FoCMakeFiles\\cmTC_94286.dir\\SIZEOF_FLOAT.c.obj /FdCMakeFiles\\cmTC_94286.dir\\ /FS -c D:\\WaterSurfaceRendererScratch\\vcpkg_installed\\vcpkg\\blds\\fftw3\\x64-windows-dbg\\CMakeFiles\\CMakeScratch\\TryCompile-dbfq2s\\SIZEOF_FLOAT.c
        [2/2] C:\\windows\\system32\\cmd.exe /C "cd . && "D:\\Microsoft Visual Studio\\18\\Community\\Common7\\IDE\\CommonExtensions\\Microsoft\\CMake\\CMake\\bin\\cmake.exe" -E vs_link_exe --msvc-ver=1951 --intdir=CMakeFiles\\cmTC_94286.dir --rc=C:\\PROGRA~2\\WI3CF2~1\\10\\bin\\100261~1.0\\x64\\rc.exe --mt=C:\\PROGRA~2\\WI3CF2~1\\10\\bin\\100261~1.0\\x64\\mt.exe --manifests  -- "D:\\Microsoft Visual Studio\\18\\Community\\VC\\Tools\\MSVC\\14.51.36231\\bin\\Hostx64\\x64\\link.exe" /nologo CMakeFiles\\cmTC_94286.dir\\SIZEOF_FLOAT.c.obj  /out:cmTC_94286.exe /implib:cmTC_94286.lib /pdb:cmTC_94286.pdb /version:0.0 /machine:x64 /nologo /debug /INCREMENTAL /subsystem:console  kernel32.lib user32.lib gdi32.lib winspool.lib shell32.lib ole32.lib oleaut32.lib uuid.lib comdlg32.lib advapi32.lib && cd ."
        
      exitCode: 0
  -
    kind: "try_compile-v1"
    backtrace:
      - "D:/Microsoft Visual Studio/18/Community/Common7/IDE/CommonExtensions/Microsoft/CMake/CMake/share/cmake-4.3/Modules/CheckTypeSize.cmake:348 (try_compile)"
      - "D:/Microsoft Visual Studio/18/Community/Common7/IDE/CommonExtensions/Microsoft/CMake/CMake/share/cmake-4.3/Modules/CheckTypeSize.cmake:481 (__check_type_size_impl)"
      - "CMakeLists.txt:100 (check_type_size)"
    checks:
      - "Check size of double"
    directories:
      source: "D:/WaterSurfaceRendererScratch/vcpkg_installed/vcpkg/blds/fftw3/x64-windows-dbg/CMakeFiles/CMakeScratch/TryCompile-p26tjb"
      binary: "D:/WaterSurfaceRendererScratch/vcpkg_installed/vcpkg/blds/fftw3/x64-windows-dbg/CMakeFiles/CMakeScratch/TryCompile-p26tjb"
    cmakeVariables:
      CMAKE_CXX_STDLIB_MODULES_JSON: ""
      CMAKE_C_FLAGS: " /nologo /DWIN32 /D_WINDOWS /utf-8 /MP "
      CMAKE_EXE_LINKER_FLAGS: "/machine:x64"
      CMAKE_MSVC_DEBUG_INFORMATION_FORMAT: ""
      CMAKE_MSVC_RUNTIME_LIBRARY: "MultiThreaded$<$<CONFIG:Debug>:Debug>$<$<STREQUAL:dynamic,dynamic>:DLL>"
      VCPKG_CHAINLOAD_TOOLCHAIN_FILE: "D:/Microsoft Visual Studio/18/Community/VC/vcpkg/scripts/toolchains/windows.cmake"
      VCPKG_CRT_LINKAGE: "dynamic"
      VCPKG_CXX_FLAGS: ""
      VCPKG_CXX_FLAGS_DEBUG: ""
      VCPKG_CXX_FLAGS_RELEASE: ""
      VCPKG_C_FLAGS: ""
      VCPKG_C_FLAGS_DEBUG: ""
      VCPKG_C_FLAGS_RELEASE: ""
      VCPKG_INSTALLED_DIR: "D:/WaterSurfaceRendererScratch/vcpkg_installed"
      VCPKG_LINKER_FLAGS: ""
      VCPKG_LINKER_FLAGS_DEBUG: ""
      VCPKG_LINKER_FLAGS_RELEASE: ""
      VCPKG_PLATFORM_TOOLSET: "v145"
      VCPKG_PREFER_SYSTEM_LIBS: "OFF"
      VCPKG_SET_CHARSET_FLAG: "ON"
      VCPKG_TARGET_ARCHITECTURE: "x64"
      VCPKG_TARGET_TRIPLET: "x64-windows"
      Z_VCPKG_ROOT_DIR: "D:/Microsoft Visual Studio/18/Community/VC/vcpkg"
    buildResult:
      variable: "HAVE_SIZEOF_DOUBLE"
      cached: true
      stdout: |
        Change Dir: 'D:/WaterSurfaceRendererScratch/vcpkg_installed/vcpkg/blds/fftw3/x64-windows-dbg/CMakeFiles/CMakeScratch/TryCompile-p26tjb'
        
        Run Build Command(s): "D:/Microsoft Visual Studio/18/Community/Common7/IDE/CommonExtensions/Microsoft/CMake/Ninja/ninja.exe" -v cmTC_2c3f1
        [1/2] "D:\\Microsoft Visual Studio\\18\\Community\\VC\\Tools\\MSVC\\14.51.36231\\bin\\Hostx64\\x64\\cl.exe"  /nologo -D_MBCS  /nologo /DWIN32 /D_WINDOWS /utf-8 /MP   /MDd /Z7 /Ob0 /Od /RTC1 /showIncludes /FoCMakeFiles\\cmTC_2c3f1.dir\\SIZEOF_DOUBLE.c.obj /FdCMakeFiles\\cmTC_2c3f1.dir\\ /FS -c D:\\WaterSurfaceRendererScratch\\vcpkg_installed\\vcpkg\\blds\\fftw3\\x64-windows-dbg\\CMakeFiles\\CMakeScratch\\TryCompile-p26tjb\\SIZEOF_DOUBLE.c
        [2/2] C:\\windows\\system32\\cmd.exe /C "cd . && "D:\\Microsoft Visual Studio\\18\\Community\\Common7\\IDE\\CommonExtensions\\Microsoft\\CMake\\CMake\\bin\\cmake.exe" -E vs_link_exe --msvc-ver=1951 --intdir=CMakeFiles\\cmTC_2c3f1.dir --rc=C:\\PROGRA~2\\WI3CF2~1\\10\\bin\\100261~1.0\\x64\\rc.exe --mt=C:\\PROGRA~2\\WI3CF2~1\\10\\bin\\100261~1.0\\x64\\mt.exe --manifests  -- "D:\\Microsoft Visual Studio\\18\\Community\\VC\\Tools\\MSVC\\14.51.36231\\bin\\Hostx64\\x64\\link.exe" /nologo CMakeFiles\\cmTC_2c3f1.dir\\SIZEOF_DOUBLE.c.obj  /out:cmTC_2c3f1.exe /implib:cmTC_2c3f1.lib /pdb:cmTC_2c3f1.pdb /version:0.0 /machine:x64 /nologo /debug /INCREMENTAL /subsystem:console  kernel32.lib user32.lib gdi32.lib winspool.lib shell32.lib ole32.lib oleaut32.lib uuid.lib comdlg32.lib advapi32.lib && cd ."
        
      exitCode: 0
  -
    kind: "try_compile-v1"
    backtrace:
      - "D:/Microsoft Visual Studio/18/Community/Common7/IDE/CommonExtensions/Microsoft/CMake/CMake/share/cmake-4.3/Modules/CheckTypeSize.cmake:348 (try_compile)"
      - "D:/Microsoft Visual Studio/18/Community/Common7/IDE/CommonExtensions/Microsoft/CMake/CMake/share/cmake-4.3/Modules/CheckTypeSize.cmake:481 (__check_type_size_impl)"
      - "CMakeLists.txt:101 (check_type_size)"
    checks:
      - "Check size of int"
    directories:
      source: "D:/WaterSurfaceRendererScratch/vcpkg_installed/vcpkg/blds/fftw3/x64-windows-dbg/CMakeFiles/CMakeScratch/TryCompile-ab6406"
      binary: "D:/WaterSurfaceRendererScratch/vcpkg_installed/vcpkg/blds/fftw3/x64-windows-dbg/CMakeFiles/CMakeScratch/TryCompile-ab6406"
    cmakeVariables:
      CMAKE_CXX_STDLIB_MODULES_JSON: ""
      CMAKE_C_FLAGS: " /nologo /DWIN32 /D_WINDOWS /utf-8 /MP "
      CMAKE_EXE_LINKER_FLAGS: "/machine:x64"
      CMAKE_MSVC_DEBUG_INFORMATION_FORMAT: ""
      CMAKE_MSVC_RUNTIME_LIBRARY: "MultiThreaded$<$<CONFIG:Debug>:Debug>$<$<STREQUAL:dynamic,dynamic>:DLL>"
      VCPKG_CHAINLOAD_TOOLCHAIN_FILE: "D:/Microsoft Visual Studio/18/Community/VC/vcpkg/scripts/toolchains/windows.cmake"
      VCPKG_CRT_LINKAGE: "dynamic"
      VCPKG_CXX_FLAGS: ""
      VCPKG_CXX_FLAGS_DEBUG: ""
      VCPKG_CXX_FLAGS_RELEASE: ""
      VCPKG_C_FLAGS: ""
      VCPKG_C_FLAGS_DEBUG: ""
      VCPKG_C_FLAGS_RELEASE: ""
      VCPKG_INSTALLED_DIR: "D:/WaterSurfaceRendererScratch/vcpkg_installed"
      VCPKG_LINKER_FLAGS: ""
      VCPKG_LINKER_FLAGS_DEBUG: ""
      VCPKG_LINKER_FLAGS_RELEASE: ""
      VCPKG_PLATFORM_TOOLSET: "v145"
      VCPKG_PREFER_SYSTEM_LIBS: "OFF"
      VCPKG_SET_CHARSET_FLAG: "ON"
      VCPKG_TARGET_ARCHITECTURE: "x64"
      VCPKG_TARGET_TRIPLET: "x64-windows"
      Z_VCPKG_ROOT_DIR: "D:/Microsoft Visual Studio/18/Community/VC/vcpkg"
    buildResult:
      variable: "HAVE_SIZEOF_INT"
      cached: true
      stdout: |
        Change Dir: 'D:/WaterSurfaceRendererScratch/vcpkg_installed/vcpkg/blds/fftw3/x64-windows-dbg/CMakeFiles/CMakeScratch/TryCompile-ab6406'
        
        Run Build Command(s): "D:/Microsoft Visual Studio/18/Community/Common7/IDE/CommonExtensions/Microsoft/CMake/Ninja/ninja.exe" -v cmTC_4c3bb
        [1/2] "D:\\Microsoft Visual Studio\\18\\Community\\VC\\Tools\\MSVC\\14.51.36231\\bin\\Hostx64\\x64\\cl.exe"  /nologo -D_MBCS  /nologo /DWIN32 /D_WINDOWS /utf-8 /MP   /MDd /Z7 /Ob0 /Od /RTC1 /showIncludes /FoCMakeFiles\\cmTC_4c3bb.dir\\SIZEOF_INT.c.obj /FdCMakeFiles\\cmTC_4c3bb.dir\\ /FS -c D:\\WaterSurfaceRendererScratch\\vcpkg_installed\\vcpkg\\blds\\fftw3\\x64-windows-dbg\\CMakeFiles\\CMakeScratch\\TryCompile-ab6406\\SIZEOF_INT.c
        [2/2] C:\\windows\\system32\\cmd.exe /C "cd . && "D:\\Microsoft Visual Studio\\18\\Community\\Common7\\IDE\\CommonExtensions\\Microsoft\\CMake\\CMake\\bin\\cmake.exe" -E vs_link_exe --msvc-ver=1951 --intdir=CMakeFiles\\cmTC_4c3bb.dir --rc=C:\\PROGRA~2\\WI3CF2~1\\10\\bin\\100261~1.0\\x64\\rc.exe --mt=C:\\PROGRA~2\\WI3CF2~1\\10\\bin\\100261~1.0\\x64\\mt.exe --manifests  -- "D:\\Microsoft Visual Studio\\18\\Community\\VC\\Tools\\MSVC\\14.51.36231\\bin\\Hostx64\\x64\\link.exe" /nologo CMakeFiles\\cmTC_4c3bb.dir\\SIZEOF_INT.c.obj  /out:cmTC_4c3bb.exe /implib:cmTC_4c3bb.lib /pdb:cmTC_4c3bb.pdb /version:0.0 /machine:x64 /nologo /debug /INCREMENTAL /subsystem:console  kernel32.lib user32.lib gdi32.lib winspool.lib shell32.lib ole32.lib oleaut32.lib uuid.lib comdlg32.lib advapi32.lib && cd ."
        
      exitCode: 0
  -
    kind: "try_compile-v1"
    backtrace:
      - "D:/Microsoft Visual Studio/18/Community/Common7/IDE/CommonExtensions/Microsoft/CMake/CMake/share/cmake-4.3/Modules/CheckTypeSize.cmake:348 (try_compile)"
      - "D:/Microsoft Visual Studio/18/Community/Common7/IDE/CommonExtensions/Microsoft/CMake/CMake/share/cmake-4.3/Modules/CheckTypeSize.cmake:481 (__check_type_size_impl)"
      - "CMakeLists.txt:102 (check_type_size)"
    checks:
      - "Check size of long"
    directories:
      source: "D:/WaterSurfaceRendererScratch/vcpkg_installed/vcpkg/blds/fftw3/x64-windows-dbg/CMakeFiles/CMakeScratch/TryCompile-indho8"
      binary: "D:/WaterSurfaceRendererScratch/vcpkg_installed/vcpkg/blds/fftw3/x64-windows-dbg/CMakeFiles/CMakeScratch/TryCompile-indho8"
    cmakeVariables:
      CMAKE_CXX_STDLIB_MODULES_JSON: ""
      CMAKE_C_FLAGS: " /nologo /DWIN32 /D_WINDOWS /utf-8 /MP "
      CMAKE_EXE_LINKER_FLAGS: "/machine:x64"
      CMAKE_MSVC_DEBUG_INFORMATION_FORMAT: ""
      CMAKE_MSVC_RUNTIME_LIBRARY: "MultiThreaded$<$<CONFIG:Debug>:Debug>$<$<STREQUAL:dynamic,dynamic>:DLL>"
      VCPKG_CHAINLOAD_TOOLCHAIN_FILE: "D:/Microsoft Visual Studio/18/Community/VC/vcpkg/scripts/toolchains/windows.cmake"
      VCPKG_CRT_LINKAGE: "dynamic"
      VCPKG_CXX_FLAGS: ""
      VCPKG_CXX_FLAGS_DEBUG: ""
      VCPKG_CXX_FLAGS_RELEASE: ""
      VCPKG_C_FLAGS: ""
      VCPKG_C_FLAGS_DEBUG: ""
      VCPKG_C_FLAGS_RELEASE: ""
      VCPKG_INSTALLED_DIR: "D:/WaterSurfaceRendererScratch/vcpkg_installed"
      VCPKG_LINKER_FLAGS: ""
      VCPKG_LINKER_FLAGS_DEBUG: ""
      VCPKG_LINKER_FLAGS_RELEASE: ""
      VCPKG_PLATFORM_TOOLSET: "v145"
      VCPKG_PREFER_SYSTEM_LIBS: "OFF"
      VCPKG_SET_CHARSET_FLAG: "ON"
      VCPKG_TARGET_ARCHITECTURE: "x64"
      VCPKG_TARGET_TRIPLET: "x64-windows"
      Z_VCPKG_ROOT_DIR: "D:/Microsoft Visual Studio/18/Community/VC/vcpkg"
    buildResult:
      variable: "HAVE_SIZEOF_LONG"
      cached: true
      stdout: |
        Change Dir: 'D:/WaterSurfaceRendererScratch/vcpkg_installed/vcpkg/blds/fftw3/x64-windows-dbg/CMakeFiles/CMakeScratch/TryCompile-indho8'
        
        Run Build Command(s): "D:/Microsoft Visual Studio/18/Community/Common7/IDE/CommonExtensions/Microsoft/CMake/Ninja/ninja.exe" -v cmTC_419ac
        [1/2] "D:\\Microsoft Visual Studio\\18\\Community\\VC\\Tools\\MSVC\\14.51.36231\\bin\\Hostx64\\x64\\cl.exe"  /nologo -D_MBCS  /nologo /DWIN32 /D_WINDOWS /utf-8 /MP   /MDd /Z7 /Ob0 /Od /RTC1 /showIncludes /FoCMakeFiles\\cmTC_419ac.dir\\SIZEOF_LONG.c.obj /FdCMakeFiles\\cmTC_419ac.dir\\ /FS -c D:\\WaterSurfaceRendererScratch\\vcpkg_installed\\vcpkg\\blds\\fftw3\\x64-windows-dbg\\CMakeFiles\\CMakeScratch\\TryCompile-indho8\\SIZEOF_LONG.c
        [2/2] C:\\windows\\system32\\cmd.exe /C "cd . && "D:\\Microsoft Visual Studio\\18\\Community\\Common7\\IDE\\CommonExtensions\\Microsoft\\CMake\\CMake\\bin\\cmake.exe" -E vs_link_exe --msvc-ver=1951 --intdir=CMakeFiles\\cmTC_419ac.dir --rc=C:\\PROGRA~2\\WI3CF2~1\\10\\bin\\100261~1.0\\x64\\rc.exe --mt=C:\\PROGRA~2\\WI3CF2~1\\10\\bin\\100261~1.0\\x64\\mt.exe --manifests  -- "D:\\Microsoft Visual Studio\\18\\Community\\VC\\Tools\\MSVC\\14.51.36231\\bin\\Hostx64\\x64\\link.exe" /nologo CMakeFiles\\cmTC_419ac.dir\\SIZEOF_LONG.c.obj  /out:cmTC_419ac.exe /implib:cmTC_419ac.lib /pdb:cmTC_419ac.pdb /version:0.0 /machine:x64 /nologo /debug /INCREMENTAL /subsystem:console  kernel32.lib user32.lib gdi32.lib winspool.lib shell32.lib ole32.lib oleaut32.lib uuid.lib comdlg32.lib advapi32.lib && cd ."
        
      exitCode: 0
  -
    kind: "try_compile-v1"
    backtrace:
      - "D:/Microsoft Visual Studio/18/Community/Common7/IDE/CommonExtensions/Microsoft/CMake/CMake/share/cmake-4.3/Modules/CheckTypeSize.cmake:348 (try_compile)"
      - "D:/Microsoft Visual Studio/18/Community/Common7/IDE/CommonExtensions/Microsoft/CMake/CMake/share/cmake-4.3/Modules/CheckTypeSize.cmake:481 (__check_type_size_impl)"
      - "CMakeLists.txt:103 (check_type_size)"
    checks:
      - "Check size of long long"
    directories:
      source: "D:/WaterSurfaceRendererScratch/vcpkg_installed/vcpkg/blds/fftw3/x64-windows-dbg/CMakeFiles/CMakeScratch/TryCompile-txb9wn"
      binary: "D:/WaterSurfaceRendererScratch/vcpkg_installed/vcpkg/blds/fftw3/x64-windows-dbg/CMakeFiles/CMakeScratch/TryCompile-txb9wn"
    cmakeVariables:
      CMAKE_CXX_STDLIB_MODULES_JSON: ""
      CMAKE_C_FLAGS: " /nologo /DWIN32 /D_WINDOWS /utf-8 /MP "
      CMAKE_EXE_LINKER_FLAGS: "/machine:x64"
      CMAKE_MSVC_DEBUG_INFORMATION_FORMAT: ""
      CMAKE_MSVC_RUNTIME_LIBRARY: "MultiThreaded$<$<CONFIG:Debug>:Debug>$<$<STREQUAL:dynamic,dynamic>:DLL>"
      VCPKG_CHAINLOAD_TOOLCHAIN_FILE: "D:/Microsoft Visual Studio/18/Community/VC/vcpkg/scripts/toolchains/windows.cmake"
      VCPKG_CRT_LINKAGE: "dynamic"
      VCPKG_CXX_FLAGS: ""
      VCPKG_CXX_FLAGS_DEBUG: ""
      VCPKG_CXX_FLAGS_RELEASE: ""
      VCPKG_C_FLAGS: ""
      VCPKG_C_FLAGS_DEBUG: ""
      VCPKG_C_FLAGS_RELEASE: ""
      VCPKG_INSTALLED_DIR: "D:/WaterSurfaceRendererScratch/vcpkg_installed"
      VCPKG_LINKER_FLAGS: ""
      VCPKG_LINKER_FLAGS_DEBUG: ""
      VCPKG_LINKER_FLAGS_RELEASE: ""
      VCPKG_PLATFORM_TOOLSET: "v145"
      VCPKG_PREFER_SYSTEM_LIBS: "OFF"
      VCPKG_SET_CHARSET_FLAG: "ON"
      VCPKG_TARGET_ARCHITECTURE: "x64"
      VCPKG_TARGET_TRIPLET: "x64-windows"
      Z_VCPKG_ROOT_DIR: "D:/Microsoft Visual Studio/18/Community/VC/vcpkg"
    buildResult:
      variable: "HAVE_SIZEOF_LONG_LONG"
      cached: true
      stdout: |
        Change Dir: 'D:/WaterSurfaceRendererScratch/vcpkg_installed/vcpkg/blds/fftw3/x64-windows-dbg/CMakeFiles/CMakeScratch/TryCompile-txb9wn'
        
        Run Build Command(s): "D:/Microsoft Visual Studio/18/Community/Common7/IDE/CommonExtensions/Microsoft/CMake/Ninja/ninja.exe" -v cmTC_967be
        [1/2] "D:\\Microsoft Visual Studio\\18\\Community\\VC\\Tools\\MSVC\\14.51.36231\\bin\\Hostx64\\x64\\cl.exe"  /nologo -D_MBCS  /nologo /DWIN32 /D_WINDOWS /utf-8 /MP   /MDd /Z7 /Ob0 /Od /RTC1 /showIncludes /FoCMakeFiles\\cmTC_967be.dir\\SIZEOF_LONG_LONG.c.obj /FdCMakeFiles\\cmTC_967be.dir\\ /FS -c D:\\WaterSurfaceRendererScratch\\vcpkg_installed\\vcpkg\\blds\\fftw3\\x64-windows-dbg\\CMakeFiles\\CMakeScratch\\TryCompile-txb9wn\\SIZEOF_LONG_LONG.c
        [2/2] C:\\windows\\system32\\cmd.exe /C "cd . && "D:\\Microsoft Visual Studio\\18\\Community\\Common7\\IDE\\CommonExtensions\\Microsoft\\CMake\\CMake\\bin\\cmake.exe" -E vs_link_exe --msvc-ver=1951 --intdir=CMakeFiles\\cmTC_967be.dir --rc=C:\\PROGRA~2\\WI3CF2~1\\10\\bin\\100261~1.0\\x64\\rc.exe --mt=C:\\PROGRA~2\\WI3CF2~1\\10\\bin\\100261~1.0\\x64\\mt.exe --manifests  -- "D:\\Microsoft Visual Studio\\18\\Community\\VC\\Tools\\MSVC\\14.51.36231\\bin\\Hostx64\\x64\\link.exe" /nologo CMakeFiles\\cmTC_967be.dir\\SIZEOF_LONG_LONG.c.obj  /out:cmTC_967be.exe /implib:cmTC_967be.lib /pdb:cmTC_967be.pdb /version:0.0 /machine:x64 /nologo /debug /INCREMENTAL /subsystem:console  kernel32.lib user32.lib gdi32.lib winspool.lib shell32.lib ole32.lib oleaut32.lib uuid.lib comdlg32.lib advapi32.lib && cd ."
        
      exitCode: 0
  -
    kind: "try_compile-v1"
    backtrace:
      - "D:/Microsoft Visual Studio/18/Community/Common7/IDE/CommonExtensions/Microsoft/CMake/CMake/share/cmake-4.3/Modules/CheckTypeSize.cmake:348 (try_compile)"
      - "D:/Microsoft Visual Studio/18/Community/Common7/IDE/CommonExtensions/Microsoft/CMake/CMake/share/cmake-4.3/Modules/CheckTypeSize.cmake:481 (__check_type_size_impl)"
      - "CMakeLists.txt:104 (check_type_size)"
    checks:
      - "Check size of unsigned int"
    directories:
      source: "D:/WaterSurfaceRendererScratch/vcpkg_installed/vcpkg/blds/fftw3/x64-windows-dbg/CMakeFiles/CMakeScratch/TryCompile-p8fgba"
      binary: "D:/WaterSurfaceRendererScratch/vcpkg_installed/vcpkg/blds/fftw3/x64-windows-dbg/CMakeFiles/CMakeScratch/TryCompile-p8fgba"
    cmakeVariables:
      CMAKE_CXX_STDLIB_MODULES_JSON: ""
      CMAKE_C_FLAGS: " /nologo /DWIN32 /D_WINDOWS /utf-8 /MP "
      CMAKE_EXE_LINKER_FLAGS: "/machine:x64"
      CMAKE_MSVC_DEBUG_INFORMATION_FORMAT: ""
      CMAKE_MSVC_RUNTIME_LIBRARY: "MultiThreaded$<$<CONFIG:Debug>:Debug>$<$<STREQUAL:dynamic,dynamic>:DLL>"
      VCPKG_CHAINLOAD_TOOLCHAIN_FILE: "D:/Microsoft Visual Studio/18/Community/VC/vcpkg/scripts/toolchains/windows.cmake"
      VCPKG_CRT_LINKAGE: "dynamic"
      VCPKG_CXX_FLAGS: ""
      VCPKG_CXX_FLAGS_DEBUG: ""
      VCPKG_CXX_FLAGS_RELEASE: ""
      VCPKG_C_FLAGS: ""
      VCPKG_C_FLAGS_DEBUG: ""
      VCPKG_C_FLAGS_RELEASE: ""
      VCPKG_INSTALLED_DIR: "D:/WaterSurfaceRendererScratch/vcpkg_installed"
      VCPKG_LINKER_FLAGS: ""
      VCPKG_LINKER_FLAGS_DEBUG: ""
      VCPKG_LINKER_FLAGS_RELEASE: ""
      VCPKG_PLATFORM_TOOLSET: "v145"
      VCPKG_PREFER_SYSTEM_LIBS: "OFF"
      VCPKG_SET_CHARSET_FLAG: "ON"
      VCPKG_TARGET_ARCHITECTURE: "x64"
      VCPKG_TARGET_TRIPLET: "x64-windows"
      Z_VCPKG_ROOT_DIR: "D:/Microsoft Visual Studio/18/Community/VC/vcpkg"
    buildResult:
      variable: "HAVE_SIZEOF_UNSIGNED_INT"
      cached: true
      stdout: |
        Change Dir: 'D:/WaterSurfaceRendererScratch/vcpkg_installed/vcpkg/blds/fftw3/x64-windows-dbg/CMakeFiles/CMakeScratch/TryCompile-p8fgba'
        
        Run Build Command(s): "D:/Microsoft Visual Studio/18/Community/Common7/IDE/CommonExtensions/Microsoft/CMake/Ninja/ninja.exe" -v cmTC_c7582
        [1/2] "D:\\Microsoft Visual Studio\\18\\Community\\VC\\Tools\\MSVC\\14.51.36231\\bin\\Hostx64\\x64\\cl.exe"  /nologo -D_MBCS  /nologo /DWIN32 /D_WINDOWS /utf-8 /MP   /MDd /Z7 /Ob0 /Od /RTC1 /showIncludes /FoCMakeFiles\\cmTC_c7582.dir\\SIZEOF_UNSIGNED_INT.c.obj /FdCMakeFiles\\cmTC_c7582.dir\\ /FS -c D:\\WaterSurfaceRendererScratch\\vcpkg_installed\\vcpkg\\blds\\fftw3\\x64-windows-dbg\\CMakeFiles\\CMakeScratch\\TryCompile-p8fgba\\SIZEOF_UNSIGNED_INT.c
        [2/2] C:\\windows\\system32\\cmd.exe /C "cd . && "D:\\Microsoft Visual Studio\\18\\Community\\Common7\\IDE\\CommonExtensions\\Microsoft\\CMake\\CMake\\bin\\cmake.exe" -E vs_link_exe --msvc-ver=1951 --intdir=CMakeFiles\\cmTC_c7582.dir --rc=C:\\PROGRA~2\\WI3CF2~1\\10\\bin\\100261~1.0\\x64\\rc.exe --mt=C:\\PROGRA~2\\WI3CF2~1\\10\\bin\\100261~1.0\\x64\\mt.exe --manifests  -- "D:\\Microsoft Visual Studio\\18\\Community\\VC\\Tools\\MSVC\\14.51.36231\\bin\\Hostx64\\x64\\link.exe" /nologo CMakeFiles\\cmTC_c7582.dir\\SIZEOF_UNSIGNED_INT.c.obj  /out:cmTC_c7582.exe /implib:cmTC_c7582.lib /pdb:cmTC_c7582.pdb /version:0.0 /machine:x64 /nologo /debug /INCREMENTAL /subsystem:console  kernel32.lib user32.lib gdi32.lib winspool.lib shell32.lib ole32.lib oleaut32.lib uuid.lib comdlg32.lib advapi32.lib && cd ."
        
      exitCode: 0
  -
    kind: "try_compile-v1"
    backtrace:
      - "D:/Microsoft Visual Studio/18/Community/Common7/IDE/CommonExtensions/Microsoft/CMake/CMake/share/cmake-4.3/Modules/CheckTypeSize.cmake:348 (try_compile)"
      - "D:/Microsoft Visual Studio/18/Community/Common7/IDE/CommonExtensions/Microsoft/CMake/CMake/share/cmake-4.3/Modules/CheckTypeSize.cmake:481 (__check_type_size_impl)"
      - "CMakeLists.txt:105 (check_type_size)"
    checks:
      - "Check size of unsigned long"
    directories:
      source: "D:/WaterSurfaceRendererScratch/vcpkg_installed/vcpkg/blds/fftw3/x64-windows-dbg/CMakeFiles/CMakeScratch/TryCompile-sm9dhf"
      binary: "D:/WaterSurfaceRendererScratch/vcpkg_installed/vcpkg/blds/fftw3/x64-windows-dbg/CMakeFiles/CMakeScratch/TryCompile-sm9dhf"
    cmakeVariables:
      CMAKE_CXX_STDLIB_MODULES_JSON: ""
      CMAKE_C_FLAGS: " /nologo /DWIN32 /D_WINDOWS /utf-8 /MP "
      CMAKE_EXE_LINKER_FLAGS: "/machine:x64"
      CMAKE_MSVC_DEBUG_INFORMATION_FORMAT: ""
      CMAKE_MSVC_RUNTIME_LIBRARY: "MultiThreaded$<$<CONFIG:Debug>:Debug>$<$<STREQUAL:dynamic,dynamic>:DLL>"
      VCPKG_CHAINLOAD_TOOLCHAIN_FILE: "D:/Microsoft Visual Studio/18/Community/VC/vcpkg/scripts/toolchains/windows.cmake"
      VCPKG_CRT_LINKAGE: "dynamic"
      VCPKG_CXX_FLAGS: ""
      VCPKG_CXX_FLAGS_DEBUG: ""
      VCPKG_CXX_FLAGS_RELEASE: ""
      VCPKG_C_FLAGS: ""
      VCPKG_C_FLAGS_DEBUG: ""
      VCPKG_C_FLAGS_RELEASE: ""
      VCPKG_INSTALLED_DIR: "D:/WaterSurfaceRendererScratch/vcpkg_installed"
      VCPKG_LINKER_FLAGS: ""
      VCPKG_LINKER_FLAGS_DEBUG: ""
      VCPKG_LINKER_FLAGS_RELEASE: ""
      VCPKG_PLATFORM_TOOLSET: "v145"
      VCPKG_PREFER_SYSTEM_LIBS: "OFF"
      VCPKG_SET_CHARSET_FLAG: "ON"
      VCPKG_TARGET_ARCHITECTURE: "x64"
      VCPKG_TARGET_TRIPLET: "x64-windows"
      Z_VCPKG_ROOT_DIR: "D:/Microsoft Visual Studio/18/Community/VC/vcpkg"
    buildResult:
      variable: "HAVE_SIZEOF_UNSIGNED_LONG"
      cached: true
      stdout: |
        Change Dir: 'D:/WaterSurfaceRendererScratch/vcpkg_installed/vcpkg/blds/fftw3/x64-windows-dbg/CMakeFiles/CMakeScratch/TryCompile-sm9dhf'
        
        Run Build Command(s): "D:/Microsoft Visual Studio/18/Community/Common7/IDE/CommonExtensions/Microsoft/CMake/Ninja/ninja.exe" -v cmTC_4d837
        [1/2] "D:\\Microsoft Visual Studio\\18\\Community\\VC\\Tools\\MSVC\\14.51.36231\\bin\\Hostx64\\x64\\cl.exe"  /nologo -D_MBCS  /nologo /DWIN32 /D_WINDOWS /utf-8 /MP   /MDd /Z7 /Ob0 /Od /RTC1 /showIncludes /FoCMakeFiles\\cmTC_4d837.dir\\SIZEOF_UNSIGNED_LONG.c.obj /FdCMakeFiles\\cmTC_4d837.dir\\ /FS -c D:\\WaterSurfaceRendererScratch\\vcpkg_installed\\vcpkg\\blds\\fftw3\\x64-windows-dbg\\CMakeFiles\\CMakeScratch\\TryCompile-sm9dhf\\SIZEOF_UNSIGNED_LONG.c
        [2/2] C:\\windows\\system32\\cmd.exe /C "cd . && "D:\\Microsoft Visual Studio\\18\\Community\\Common7\\IDE\\CommonExtensions\\Microsoft\\CMake\\CMake\\bin\\cmake.exe" -E vs_link_exe --msvc-ver=1951 --intdir=CMakeFiles\\cmTC_4d837.dir --rc=C:\\PROGRA~2\\WI3CF2~1\\10\\bin\\100261~1.0\\x64\\rc.exe --mt=C:\\PROGRA~2\\WI3CF2~1\\10\\bin\\100261~1.0\\x64\\mt.exe --manifests  -- "D:\\Microsoft Visual Studio\\18\\Community\\VC\\Tools\\MSVC\\14.51.36231\\bin\\Hostx64\\x64\\link.exe" /nologo CMakeFiles\\cmTC_4d837.dir\\SIZEOF_UNSIGNED_LONG.c.obj  /out:cmTC_4d837.exe /implib:cmTC_4d837.lib /pdb:cmTC_4d837.pdb /version:0.0 /machine:x64 /nologo /debug /INCREMENTAL /subsystem:console  kernel32.lib user32.lib gdi32.lib winspool.lib shell32.lib ole32.lib oleaut32.lib uuid.lib comdlg32.lib advapi32.lib && cd ."
        
      exitCode: 0
  -
    kind: "try_compile-v1"
    backtrace:
      - "D:/Microsoft Visual Studio/18/Community/Common7/IDE/CommonExtensions/Microsoft/CMake/CMake/share/cmake-4.3/Modules/CheckTypeSize.cmake:348 (try_compile)"
      - "D:/Microsoft Visual Studio/18/Community/Common7/IDE/CommonExtensions/Microsoft/CMake/CMake/share/cmake-4.3/Modules/CheckTypeSize.cmake:481 (__check_type_size_impl)"
      - "CMakeLists.txt:106 (check_type_size)"
    checks:
      - "Check size of unsigned long long"
    directories:
      source: "D:/WaterSurfaceRendererScratch/vcpkg_installed/vcpkg/blds/fftw3/x64-windows-dbg/CMakeFiles/CMakeScratch/TryCompile-q19mxg"
      binary: "D:/WaterSurfaceRendererScratch/vcpkg_installed/vcpkg/blds/fftw3/x64-windows-dbg/CMakeFiles/CMakeScratch/TryCompile-q19mxg"
    cmakeVariables:
      CMAKE_CXX_STDLIB_MODULES_JSON: ""
      CMAKE_C_FLAGS: " /nologo /DWIN32 /D_WINDOWS /utf-8 /MP "
      CMAKE_EXE_LINKER_FLAGS: "/machine:x64"
      CMAKE_MSVC_DEBUG_INFORMATION_FORMAT: ""
      CMAKE_MSVC_RUNTIME_LIBRARY: "MultiThreaded$<$<CONFIG:Debug>:Debug>$<$<STREQUAL:dynamic,dynamic>:DLL>"
      VCPKG_CHAINLOAD_TOOLCHAIN_FILE: "D:/Microsoft Visual Studio/18/Community/VC/vcpkg/scripts/toolchains/windows.cmake"
      VCPKG_CRT_LINKAGE: "dynamic"
      VCPKG_CXX_FLAGS: ""
      VCPKG_CXX_FLAGS_DEBUG: ""
      VCPKG_CXX_FLAGS_RELEASE: ""
      VCPKG_C_FLAGS: ""
      VCPKG_C_FLAGS_DEBUG: ""
      VCPKG_C_FLAGS_RELEASE: ""
      VCPKG_INSTALLED_DIR: "D:/WaterSurfaceRendererScratch/vcpkg_installed"
      VCPKG_LINKER_FLAGS: ""
      VCPKG_LINKER_FLAGS_DEBUG: ""
      VCPKG_LINKER_FLAGS_RELEASE: ""
      VCPKG_PLATFORM_TOOLSET: "v145"
      VCPKG_PREFER_SYSTEM_LIBS: "OFF"
      VCPKG_SET_CHARSET_FLAG: "ON"
      VCPKG_TARGET_ARCHITECTURE: "x64"
      VCPKG_TARGET_TRIPLET: "x64-windows"
      Z_VCPKG_ROOT_DIR: "D:/Microsoft Visual Studio/18/Community/VC/vcpkg"
    buildResult:
      variable: "HAVE_SIZEOF_UNSIGNED_LONG_LONG"
      cached: true
      stdout: |
        Change Dir: 'D:/WaterSurfaceRendererScratch/vcpkg_installed/vcpkg/blds/fftw3/x64-windows-dbg/CMakeFiles/CMakeScratch/TryCompile-q19mxg'
        
        Run Build Command(s): "D:/Microsoft Visual Studio/18/Community/Common7/IDE/CommonExtensions/Microsoft/CMake/Ninja/ninja.exe" -v cmTC_6956b
        [1/2] "D:\\Microsoft Visual Studio\\18\\Community\\VC\\Tools\\MSVC\\14.51.36231\\bin\\Hostx64\\x64\\cl.exe"  /nologo -D_MBCS  /nologo /DWIN32 /D_WINDOWS /utf-8 /MP   /MDd /Z7 /Ob0 /Od /RTC1 /showIncludes /FoCMakeFiles\\cmTC_6956b.dir\\SIZEOF_UNSIGNED_LONG_LONG.c.obj /FdCMakeFiles\\cmTC_6956b.dir\\ /FS -c D:\\WaterSurfaceRendererScratch\\vcpkg_installed\\vcpkg\\blds\\fftw3\\x64-windows-dbg\\CMakeFiles\\CMakeScratch\\TryCompile-q19mxg\\SIZEOF_UNSIGNED_LONG_LONG.c
        [2/2] C:\\windows\\system32\\cmd.exe /C "cd . && "D:\\Microsoft Visual Studio\\18\\Community\\Common7\\IDE\\CommonExtensions\\Microsoft\\CMake\\CMake\\bin\\cmake.exe" -E vs_link_exe --msvc-ver=1951 --intdir=CMakeFiles\\cmTC_6956b.dir --rc=C:\\PROGRA~2\\WI3CF2~1\\10\\bin\\100261~1.0\\x64\\rc.exe --mt=C:\\PROGRA~2\\WI3CF2~1\\10\\bin\\100261~1.0\\x64\\mt.exe --manifests  -- "D:\\Microsoft Visual Studio\\18\\Community\\VC\\Tools\\MSVC\\14.51.36231\\bin\\Hostx64\\x64\\link.exe" /nologo CMakeFiles\\cmTC_6956b.dir\\SIZEOF_UNSIGNED_LONG_LONG.c.obj  /out:cmTC_6956b.exe /implib:cmTC_6956b.lib /pdb:cmTC_6956b.pdb /version:0.0 /machine:x64 /nologo /debug /INCREMENTAL /subsystem:console  kernel32.lib user32.lib gdi32.lib winspool.lib shell32.lib ole32.lib oleaut32.lib uuid.lib comdlg32.lib advapi32.lib && cd ."
        
      exitCode: 0
  -
    kind: "try_compile-v1"
    backtrace:
      - "D:/Microsoft Visual Studio/18/Community/Common7/IDE/CommonExtensions/Microsoft/CMake/CMake/share/cmake-4.3/Modules/CheckTypeSize.cmake:348 (try_compile)"
      - "D:/Microsoft Visual Studio/18/Community/Common7/IDE/CommonExtensions/Microsoft/CMake/CMake/share/cmake-4.3/Modules/CheckTypeSize.cmake:481 (__check_type_size_impl)"
      - "CMakeLists.txt:107 (check_type_size)"
    checks:
      - "Check size of size_t"
    directories:
      source: "D:/WaterSurfaceRendererScratch/vcpkg_installed/vcpkg/blds/fftw3/x64-windows-dbg/CMakeFiles/CMakeScratch/TryCompile-mevilb"
      binary: "D:/WaterSurfaceRendererScratch/vcpkg_installed/vcpkg/blds/fftw3/x64-windows-dbg/CMakeFiles/CMakeScratch/TryCompile-mevilb"
    cmakeVariables:
      CMAKE_CXX_STDLIB_MODULES_JSON: ""
      CMAKE_C_FLAGS: " /nologo /DWIN32 /D_WINDOWS /utf-8 /MP "
      CMAKE_EXE_LINKER_FLAGS: "/machine:x64"
      CMAKE_MSVC_DEBUG_INFORMATION_FORMAT: ""
      CMAKE_MSVC_RUNTIME_LIBRARY: "MultiThreaded$<$<CONFIG:Debug>:Debug>$<$<STREQUAL:dynamic,dynamic>:DLL>"
      VCPKG_CHAINLOAD_TOOLCHAIN_FILE: "D:/Microsoft Visual Studio/18/Community/VC/vcpkg/scripts/toolchains/windows.cmake"
      VCPKG_CRT_LINKAGE: "dynamic"
      VCPKG_CXX_FLAGS: ""
      VCPKG_CXX_FLAGS_DEBUG: ""
      VCPKG_CXX_FLAGS_RELEASE: ""
      VCPKG_C_FLAGS: ""
      VCPKG_C_FLAGS_DEBUG: ""
      VCPKG_C_FLAGS_RELEASE: ""
      VCPKG_INSTALLED_DIR: "D:/WaterSurfaceRendererScratch/vcpkg_installed"
      VCPKG_LINKER_FLAGS: ""
      VCPKG_LINKER_FLAGS_DEBUG: ""
      VCPKG_LINKER_FLAGS_RELEASE: ""
      VCPKG_PLATFORM_TOOLSET: "v145"
      VCPKG_PREFER_SYSTEM_LIBS: "OFF"
      VCPKG_SET_CHARSET_FLAG: "ON"
      VCPKG_TARGET_ARCHITECTURE: "x64"
      VCPKG_TARGET_TRIPLET: "x64-windows"
      Z_VCPKG_ROOT_DIR: "D:/Microsoft Visual Studio/18/Community/VC/vcpkg"
    buildResult:
      variable: "HAVE_SIZEOF_SIZE_T"
      cached: true
      stdout: |
        Change Dir: 'D:/WaterSurfaceRendererScratch/vcpkg_installed/vcpkg/blds/fftw3/x64-windows-dbg/CMakeFiles/CMakeScratch/TryCompile-mevilb'
        
        Run Build Command(s): "D:/Microsoft Visual Studio/18/Community/Common7/IDE/CommonExtensions/Microsoft/CMake/Ninja/ninja.exe" -v cmTC_86f27
        [1/2] "D:\\Microsoft Visual Studio\\18\\Community\\VC\\Tools\\MSVC\\14.51.36231\\bin\\Hostx64\\x64\\cl.exe"  /nologo -D_MBCS  /nologo /DWIN32 /D_WINDOWS /utf-8 /MP   /MDd /Z7 /Ob0 /Od /RTC1 /showIncludes /FoCMakeFiles\\cmTC_86f27.dir\\SIZEOF_SIZE_T.c.obj /FdCMakeFiles\\cmTC_86f27.dir\\ /FS -c D:\\WaterSurfaceRendererScratch\\vcpkg_installed\\vcpkg\\blds\\fftw3\\x64-windows-dbg\\CMakeFiles\\CMakeScratch\\TryCompile-mevilb\\SIZEOF_SIZE_T.c
        [2/2] C:\\windows\\system32\\cmd.exe /C "cd . && "D:\\Microsoft Visual Studio\\18\\Community\\Common7\\IDE\\CommonExtensions\\Microsoft\\CMake\\CMake\\bin\\cmake.exe" -E vs_link_exe --msvc-ver=1951 --intdir=CMakeFiles\\cmTC_86f27.dir --rc=C:\\PROGRA~2\\WI3CF2~1\\10\\bin\\100261~1.0\\x64\\rc.exe --mt=C:\\PROGRA~2\\WI3CF2~1\\10\\bin\\100261~1.0\\x64\\mt.exe --manifests  -- "D:\\Microsoft Visual Studio\\18\\Community\\VC\\Tools\\MSVC\\14.51.36231\\bin\\Hostx64\\x64\\link.exe" /nologo CMakeFiles\\cmTC_86f27.dir\\SIZEOF_SIZE_T.c.obj  /out:cmTC_86f27.exe /implib:cmTC_86f27.lib /pdb:cmTC_86f27.pdb /version:0.0 /machine:x64 /nologo /debug /INCREMENTAL /subsystem:console  kernel32.lib user32.lib gdi32.lib winspool.lib shell32.lib ole32.lib oleaut32.lib uuid.lib comdlg32.lib advapi32.lib && cd ."
        
      exitCode: 0
  -
    kind: "try_compile-v1"
    backtrace:
      - "D:/Microsoft Visual Studio/18/Community/Common7/IDE/CommonExtensions/Microsoft/CMake/CMake/share/cmake-4.3/Modules/CheckTypeSize.cmake:348 (try_compile)"
      - "D:/Microsoft Visual Studio/18/Community/Common7/IDE/CommonExtensions/Microsoft/CMake/CMake/share/cmake-4.3/Modules/CheckTypeSize.cmake:481 (__check_type_size_impl)"
      - "CMakeLists.txt:108 (check_type_size)"
    checks:
      - "Check size of ptrdiff_t"
    directories:
      source: "D:/WaterSurfaceRendererScratch/vcpkg_installed/vcpkg/blds/fftw3/x64-windows-dbg/CMakeFiles/CMakeScratch/TryCompile-hrj8qp"
      binary: "D:/WaterSurfaceRendererScratch/vcpkg_installed/vcpkg/blds/fftw3/x64-windows-dbg/CMakeFiles/CMakeScratch/TryCompile-hrj8qp"
    cmakeVariables:
      CMAKE_CXX_STDLIB_MODULES_JSON: ""
      CMAKE_C_FLAGS: " /nologo /DWIN32 /D_WINDOWS /utf-8 /MP "
      CMAKE_EXE_LINKER_FLAGS: "/machine:x64"
      CMAKE_MSVC_DEBUG_INFORMATION_FORMAT: ""
      CMAKE_MSVC_RUNTIME_LIBRARY: "MultiThreaded$<$<CONFIG:Debug>:Debug>$<$<STREQUAL:dynamic,dynamic>:DLL>"
      VCPKG_CHAINLOAD_TOOLCHAIN_FILE: "D:/Microsoft Visual Studio/18/Community/VC/vcpkg/scripts/toolchains/windows.cmake"
      VCPKG_CRT_LINKAGE: "dynamic"
      VCPKG_CXX_FLAGS: ""
      VCPKG_CXX_FLAGS_DEBUG: ""
      VCPKG_CXX_FLAGS_RELEASE: ""
      VCPKG_C_FLAGS: ""
      VCPKG_C_FLAGS_DEBUG: ""
      VCPKG_C_FLAGS_RELEASE: ""
      VCPKG_INSTALLED_DIR: "D:/WaterSurfaceRendererScratch/vcpkg_installed"
      VCPKG_LINKER_FLAGS: ""
      VCPKG_LINKER_FLAGS_DEBUG: ""
      VCPKG_LINKER_FLAGS_RELEASE: ""
      VCPKG_PLATFORM_TOOLSET: "v145"
      VCPKG_PREFER_SYSTEM_LIBS: "OFF"
      VCPKG_SET_CHARSET_FLAG: "ON"
      VCPKG_TARGET_ARCHITECTURE: "x64"
      VCPKG_TARGET_TRIPLET: "x64-windows"
      Z_VCPKG_ROOT_DIR: "D:/Microsoft Visual Studio/18/Community/VC/vcpkg"
    buildResult:
      variable: "HAVE_SIZEOF_PTRDIFF_T"
      cached: true
      stdout: |
        Change Dir: 'D:/WaterSurfaceRendererScratch/vcpkg_installed/vcpkg/blds/fftw3/x64-windows-dbg/CMakeFiles/CMakeScratch/TryCompile-hrj8qp'
        
        Run Build Command(s): "D:/Microsoft Visual Studio/18/Community/Common7/IDE/CommonExtensions/Microsoft/CMake/Ninja/ninja.exe" -v cmTC_7438a
        [1/2] "D:\\Microsoft Visual Studio\\18\\Community\\VC\\Tools\\MSVC\\14.51.36231\\bin\\Hostx64\\x64\\cl.exe"  /nologo -D_MBCS  /nologo /DWIN32 /D_WINDOWS /utf-8 /MP   /MDd /Z7 /Ob0 /Od /RTC1 /showIncludes /FoCMakeFiles\\cmTC_7438a.dir\\SIZEOF_PTRDIFF_T.c.obj /FdCMakeFiles\\cmTC_7438a.dir\\ /FS -c D:\\WaterSurfaceRendererScratch\\vcpkg_installed\\vcpkg\\blds\\fftw3\\x64-windows-dbg\\CMakeFiles\\CMakeScratch\\TryCompile-hrj8qp\\SIZEOF_PTRDIFF_T.c
        [2/2] C:\\windows\\system32\\cmd.exe /C "cd . && "D:\\Microsoft Visual Studio\\18\\Community\\Common7\\IDE\\CommonExtensions\\Microsoft\\CMake\\CMake\\bin\\cmake.exe" -E vs_link_exe --msvc-ver=1951 --intdir=CMakeFiles\\cmTC_7438a.dir --rc=C:\\PROGRA~2\\WI3CF2~1\\10\\bin\\100261~1.0\\x64\\rc.exe --mt=C:\\PROGRA~2\\WI3CF2~1\\10\\bin\\100261~1.0\\x64\\mt.exe --manifests  -- "D:\\Microsoft Visual Studio\\18\\Community\\VC\\Tools\\MSVC\\14.51.36231\\bin\\Hostx64\\x64\\link.exe" /nologo CMakeFiles\\cmTC_7438a.dir\\SIZEOF_PTRDIFF_T.c.obj  /out:cmTC_7438a.exe /implib:cmTC_7438a.lib /pdb:cmTC_7438a.pdb /version:0.0 /machine:x64 /nologo /debug /INCREMENTAL /subsystem:console  kernel32.lib user32.lib gdi32.lib winspool.lib shell32.lib ole32.lib oleaut32.lib uuid.lib comdlg32.lib advapi32.lib && cd ."
        
      exitCode: 0
  -
    kind: "find-v1"
    backtrace:
      - "CMakeLists.txt:112 (find_library)"
    mode: "library"
    variable: "LIBM_LIBRARY"
    description: "Path to a library."
    settings:
      SearchFramework: "LAST"
      SearchAppBundle: "LAST"
      CMAKE_FIND_USE_CMAKE_PATH: true
      CMAKE_FIND_USE_CMAKE_ENVIRONMENT_PATH: true
      CMAKE_FIND_USE_SYSTEM_ENVIRONMENT_PATH: true
      CMAKE_FIND_USE_CMAKE_SYSTEM_PATH: true
      CMAKE_FIND_USE_INSTALL_PREFIX: true
    names:
      - "m"
    candidate_directories:
      - "D:/WaterSurfaceRendererScratch/vcpkg_installed/x64-windows/debug/lib/"
      - "D:/WaterSurfaceRendererScratch/vcpkg_installed/x64-windows/debug/"
      - "D:/WaterSurfaceRendererScratch/vcpkg_installed/x64-windows/debug/WaterSurfaceRendererScratch/vcpkg_installed/x64-windows/lib/"
      - "D:/WaterSurfaceRendererScratch/vcpkg_installed/x64-windows/debug/WaterSurfaceRendererScratch/vcpkg_installed/x64-windows/"
      - "D:/WaterSurfaceRendererScratch/vcpkg_installed/x64-windows/debug/lib/manual-link/"
      - "D:/WaterSurfaceRendererScratch/vcpkg_installed/x64-windows/debug/WaterSurfaceRendererScratch/vcpkg_installed/x64-windows/lib/manual-link/"
      - "D:/WaterSurfaceRendererScratch/vcpkg_installed/x64-windows/debug/Microsoft Visual Studio/18/Community/VC/Tools/MSVC/14.51.36231/atlmfc/lib/x64/"
      - "D:/WaterSurfaceRendererScratch/vcpkg_installed/x64-windows/debug/Microsoft Visual Studio/18/Community/VC/Tools/MSVC/14.51.36231/lib/x64/"
      - "D:/WaterSurfaceRendererScratch/vcpkg_installed/x64-windows/debug/Program Files (x86)/Windows Kits/NETFXSDK/4.8/Lib/um/x64/"
      - "D:/WaterSurfaceRendererScratch/vcpkg_installed/x64-windows/debug/Program Files (x86)/Windows Kits/10/Lib/10.0.26100.0/ucrt/x64/"
      - "D:/WaterSurfaceRendererScratch/vcpkg_installed/x64-windows/debug/Program Files (x86)/Windows Kits/10/Lib/10.0.26100.0/um/x64/"
      - "D:/WaterSurfaceRendererScratch/vcpkg_installed/x64-windows/debug/Microsoft Visual Studio/18/Community/VC/Tools/MSVC/14.51.36231/bin/Hostx64/x64/"
      - "D:/WaterSurfaceRendererScratch/vcpkg_installed/x64-windows/debug/Microsoft Visual Studio/18/Community/Common7/IDE/VC/vcpackages/"
      - "D:/WaterSurfaceRendererScratch/vcpkg_installed/x64-windows/debug/Microsoft Visual Studio/18/Community/Common7/IDE/CommonExtensions/Microsoft/TestWindow/"
      - "D:/WaterSurfaceRendererScratch/vcpkg_installed/x64-windows/debug/Microsoft Visual Studio/18/Community/Common7/IDE/CommonExtensions/Microsoft/TeamFoundation/Team Explorer/"
      - "D:/WaterSurfaceRendererScratch/vcpkg_installed/x64-windows/debug/Microsoft Visual Studio/18/Community/MSBuild/Current/Bin/Roslyn/"
      - "D:/WaterSurfaceRendererScratch/vcpkg_installed/x64-windows/debug/Program Files (x86)/Microsoft SDKs/Windows/v10.0A/bin/NETFX 4.8 Tools/x64/"
      - "D:/WaterSurfaceRendererScratch/vcpkg_installed/x64-windows/debug/Microsoft Visual Studio/18/Community/Team Tools/DiagnosticsHub/Collector/"
      - "D:/WaterSurfaceRendererScratch/vcpkg_installed/x64-windows/debug/Microsoft Visual Studio/18/Community/Common7/IDE/Extensions/Microsoft/CodeCoverage.Console/"
      - "D:/WaterSurfaceRendererScratch/vcpkg_installed/x64-windows/debug/Program Files (x86)/Windows Kits/10/bin/10.0.26100.0/x64/"
      - "D:/WaterSurfaceRendererScratch/vcpkg_installed/x64-windows/debug/Program Files (x86)/Windows Kits/10/bin/x64/"
      - "D:/WaterSurfaceRendererScratch/vcpkg_installed/x64-windows/debug/Microsoft Visual Studio/18/Community/MSBuild/Current/Bin/amd64/"
      - "D:/WaterSurfaceRendererScratch/vcpkg_installed/x64-windows/debug/Windows/Microsoft.NET/Framework64/v4.0.30319/"
      - "D:/WaterSurfaceRendererScratch/vcpkg_installed/x64-windows/debug/Microsoft Visual Studio/18/Community/Common7/IDE/"
      - "D:/WaterSurfaceRendererScratch/vcpkg_installed/x64-windows/debug/Microsoft Visual Studio/18/Community/Common7/Tools/"
      - "D:/WaterSurfaceRendererScratch/vcpkg_installed/x64-windows/debug/Users/xukeheng/AppData/Local/vcpkg/downloads/tools/powershell-core-7.5.4-windows/"
      - "D:/WaterSurfaceRendererScratch/vcpkg_installed/x64-windows/debug/Windows/System32/"
      - "D:/WaterSurfaceRendererScratch/vcpkg_installed/x64-windows/debug/Windows/"
      - "D:/WaterSurfaceRendererScratch/vcpkg_installed/x64-windows/debug/Windows/System32/wbem/"
      - "D:/WaterSurfaceRendererScratch/vcpkg_installed/x64-windows/debug/Windows/System32/WindowsPowerShell/v1.0/"
      - "D:/WaterSurfaceRendererScratch/vcpkg_installed/x64-windows/debug/Windows/System32/OpenSSH/"
      - "D:/WaterSurfaceRendererScratch/vcpkg_installed/x64-windows/debug/Microsoft Visual Studio/18/Community/Common7/IDE/CommonExtensions/Microsoft/CMake/CMake/bin/"
      - "D:/WaterSurfaceRendererScratch/vcpkg_installed/x64-windows/debug/Microsoft Visual Studio/18/Community/Common7/IDE/CommonExtensions/Microsoft/CMake/Ninja/"
      - "D:/WaterSurfaceRendererScratch/vcpkg_installed/x64-windows/debug/Microsoft Visual Studio/18/Community/Common7/IDE/VC/Linux/bin/ConnectionManagerExe/"
      - "D:/WaterSurfaceRendererScratch/vcpkg_installed/x64-windows/debug/Microsoft Visual Studio/18/Community/VC/vcpkg/"
      - "D:/WaterSurfaceRendererScratch/vcpkg_installed/x64-windows/debug/Program Files/lib/"
      - "D:/WaterSurfaceRendererScratch/vcpkg_installed/x64-windows/debug/Program Files/"
      - "D:/WaterSurfaceRendererScratch/vcpkg_installed/x64-windows/debug/Program Files (x86)/lib/"
      - "D:/WaterSurfaceRendererScratch/vcpkg_installed/x64-windows/debug/Program Files (x86)/"
      - "D:/WaterSurfaceRendererScratch/vcpkg_installed/x64-windows/debug/Microsoft Visual Studio/18/Community/Common7/IDE/CommonExtensions/Microsoft/CMake/CMake/lib/"
      - "D:/WaterSurfaceRendererScratch/vcpkg_installed/x64-windows/debug/Microsoft Visual Studio/18/Community/Common7/IDE/CommonExtensions/Microsoft/CMake/CMake/"
      - "D:/WaterSurfaceRendererScratch/vcpkg_installed/x64-windows/debug/WaterSurfaceRendererScratch/vcpkg_installed/vcpkg/pkgs/fftw3_x64-windows/debug/lib/"
      - "D:/WaterSurfaceRendererScratch/vcpkg_installed/x64-windows/debug/WaterSurfaceRendererScratch/vcpkg_installed/vcpkg/pkgs/fftw3_x64-windows/debug/"
      - "D:/WaterSurfaceRendererScratch/vcpkg_installed/x64-windows/debug/WaterSurfaceRendererScratch/vcpkg_installed/vcpkg/pkgs/fftw3_x64-windows/debug/bin/"
      - "D:/WaterSurfaceRendererScratch/vcpkg_installed/x64-windows/debug/bin/"
      - "D:/WaterSurfaceRendererScratch/vcpkg_installed/x64-windows/debug/lib/"
      - "D:/WaterSurfaceRendererScratch/vcpkg_installed/x64-windows/debug/"
      - "D:/WaterSurfaceRendererScratch/vcpkg_installed/x64-windows/lib/"
      - "D:/WaterSurfaceRendererScratch/vcpkg_installed/x64-windows/"
      - "D:/WaterSurfaceRendererScratch/vcpkg_installed/x64-windows/debug/lib/manual-link/"
      - "D:/WaterSurfaceRendererScratch/vcpkg_installed/x64-windows/lib/manual-link/"
      - "D:/WaterSurfaceRendererScratch/vcpkg_installed/x64-windows/Microsoft Visual Studio/18/Community/VC/Tools/MSVC/14.51.36231/atlmfc/lib/x64/"
      - "D:/WaterSurfaceRendererScratch/vcpkg_installed/x64-windows/Microsoft Visual Studio/18/Community/VC/Tools/MSVC/14.51.36231/lib/x64/"
      - "D:/WaterSurfaceRendererScratch/vcpkg_installed/x64-windows/Program Files (x86)/Windows Kits/NETFXSDK/4.8/Lib/um/x64/"
      - "D:/WaterSurfaceRendererScratch/vcpkg_installed/x64-windows/Program Files (x86)/Windows Kits/10/Lib/10.0.26100.0/ucrt/x64/"
      - "D:/WaterSurfaceRendererScratch/vcpkg_installed/x64-windows/Program Files (x86)/Windows Kits/10/Lib/10.0.26100.0/um/x64/"
      - "D:/WaterSurfaceRendererScratch/vcpkg_installed/x64-windows/Microsoft Visual Studio/18/Community/VC/Tools/MSVC/14.51.36231/bin/Hostx64/x64/"
      - "D:/WaterSurfaceRendererScratch/vcpkg_installed/x64-windows/Microsoft Visual Studio/18/Community/Common7/IDE/VC/vcpackages/"
      - "D:/WaterSurfaceRendererScratch/vcpkg_installed/x64-windows/Microsoft Visual Studio/18/Community/Common7/IDE/CommonExtensions/Microsoft/TestWindow/"
      - "D:/WaterSurfaceRendererScratch/vcpkg_installed/x64-windows/Microsoft Visual Studio/18/Community/Common7/IDE/CommonExtensions/Microsoft/TeamFoundation/Team Explorer/"
      - "D:/WaterSurfaceRendererScratch/vcpkg_installed/x64-windows/Microsoft Visual Studio/18/Community/MSBuild/Current/Bin/Roslyn/"
      - "D:/WaterSurfaceRendererScratch/vcpkg_installed/x64-windows/Program Files (x86)/Microsoft SDKs/Windows/v10.0A/bin/NETFX 4.8 Tools/x64/"
      - "D:/WaterSurfaceRendererScratch/vcpkg_installed/x64-windows/Microsoft Visual Studio/18/Community/Team Tools/DiagnosticsHub/Collector/"
      - "D:/WaterSurfaceRendererScratch/vcpkg_installed/x64-windows/Microsoft Visual Studio/18/Community/Common7/IDE/Extensions/Microsoft/CodeCoverage.Console/"
      - "D:/WaterSurfaceRendererScratch/vcpkg_installed/x64-windows/Program Files (x86)/Windows Kits/10/bin/10.0.26100.0/x64/"
      - "D:/WaterSurfaceRendererScratch/vcpkg_installed/x64-windows/Program Files (x86)/Windows Kits/10/bin/x64/"
      - "D:/WaterSurfaceRendererScratch/vcpkg_installed/x64-windows/Microsoft Visual Studio/18/Community/MSBuild/Current/Bin/amd64/"
      - "D:/WaterSurfaceRendererScratch/vcpkg_installed/x64-windows/Windows/Microsoft.NET/Framework64/v4.0.30319/"
      - "D:/WaterSurfaceRendererScratch/vcpkg_installed/x64-windows/Microsoft Visual Studio/18/Community/Common7/IDE/"
      - "D:/WaterSurfaceRendererScratch/vcpkg_installed/x64-windows/Microsoft Visual Studio/18/Community/Common7/Tools/"
      - "D:/WaterSurfaceRendererScratch/vcpkg_installed/x64-windows/Users/xukeheng/AppData/Local/vcpkg/downloads/tools/powershell-core-7.5.4-windows/"
      - "D:/WaterSurfaceRendererScratch/vcpkg_installed/x64-windows/Windows/System32/"
      - "D:/WaterSurfaceRendererScratch/vcpkg_installed/x64-windows/Windows/"
      - "D:/WaterSurfaceRendererScratch/vcpkg_installed/x64-windows/Windows/System32/wbem/"
      - "D:/WaterSurfaceRendererScratch/vcpkg_installed/x64-windows/Windows/System32/WindowsPowerShell/v1.0/"
      - "D:/WaterSurfaceRendererScratch/vcpkg_installed/x64-windows/Windows/System32/OpenSSH/"
      - "D:/WaterSurfaceRendererScratch/vcpkg_installed/x64-windows/Microsoft Visual Studio/18/Community/Common7/IDE/CommonExtensions/Microsoft/CMake/CMake/bin/"
      - "D:/WaterSurfaceRendererScratch/vcpkg_installed/x64-windows/Microsoft Visual Studio/18/Community/Common7/IDE/CommonExtensions/Microsoft/CMake/Ninja/"
      - "D:/WaterSurfaceRendererScratch/vcpkg_installed/x64-windows/Microsoft Visual Studio/18/Community/Common7/IDE/VC/Linux/bin/ConnectionManagerExe/"
      - "D:/WaterSurfaceRendererScratch/vcpkg_installed/x64-windows/Microsoft Visual Studio/18/Community/VC/vcpkg/"
      - "D:/WaterSurfaceRendererScratch/vcpkg_installed/x64-windows/Program Files/lib/"
      - "D:/WaterSurfaceRendererScratch/vcpkg_installed/x64-windows/Program Files/"
      - "D:/WaterSurfaceRendererScratch/vcpkg_installed/x64-windows/Program Files (x86)/lib/"
      - "D:/WaterSurfaceRendererScratch/vcpkg_installed/x64-windows/Program Files (x86)/"
      - "D:/WaterSurfaceRendererScratch/vcpkg_installed/x64-windows/Microsoft Visual Studio/18/Community/Common7/IDE/CommonExtensions/Microsoft/CMake/CMake/lib/"
      - "D:/WaterSurfaceRendererScratch/vcpkg_installed/x64-windows/Microsoft Visual Studio/18/Community/Common7/IDE/CommonExtensions/Microsoft/CMake/CMake/"
      - "D:/WaterSurfaceRendererScratch/vcpkg_installed/x64-windows/WaterSurfaceRendererScratch/vcpkg_installed/vcpkg/pkgs/fftw3_x64-windows/debug/lib/"
      - "D:/WaterSurfaceRendererScratch/vcpkg_installed/x64-windows/WaterSurfaceRendererScratch/vcpkg_installed/vcpkg/pkgs/fftw3_x64-windows/debug/"
      - "D:/WaterSurfaceRendererScratch/vcpkg_installed/x64-windows/WaterSurfaceRendererScratch/vcpkg_installed/vcpkg/pkgs/fftw3_x64-windows/debug/bin/"
      - "D:/WaterSurfaceRendererScratch/vcpkg_installed/x64-windows/bin/"
      - "D:/WaterSurfaceRendererScratch/vcpkg_installed/x64-windows/debug/lib/"
      - "D:/WaterSurfaceRendererScratch/vcpkg_installed/x64-windows/debug/"
      - "D:/WaterSurfaceRendererScratch/vcpkg_installed/x64-windows/lib/"
      - "D:/WaterSurfaceRendererScratch/vcpkg_installed/x64-windows/"
      - "D:/WaterSurfaceRendererScratch/vcpkg_installed/x64-windows/debug/lib/manual-link/"
      - "D:/WaterSurfaceRendererScratch/vcpkg_installed/x64-windows/lib/manual-link/"
      - "D:/Microsoft Visual Studio/18/Community/VC/Tools/MSVC/14.51.36231/atlmfc/lib/x64/"
      - "D:/Microsoft Visual Studio/18/Community/VC/Tools/MSVC/14.51.36231/lib/x64/"
      - "C:/Program Files (x86)/Windows Kits/NETFXSDK/4.8/Lib/um/x64/"
      - "C:/Program Files (x86)/Windows Kits/10/Lib/10.0.26100.0/ucrt/x64/"
      - "C:/Program Files (x86)/Windows Kits/10/Lib/10.0.26100.0/um/x64/"
      - "D:/Microsoft Visual Studio/18/Community/VC/Tools/MSVC/14.51.36231/bin/Hostx64/x64/"
      - "D:/Microsoft Visual Studio/18/Community/Common7/IDE/VC/vcpackages/"
      - "D:/Microsoft Visual Studio/18/Community/Common7/IDE/CommonExtensions/Microsoft/TestWindow/"
      - "D:/Microsoft Visual Studio/18/Community/Common7/IDE/CommonExtensions/Microsoft/TeamFoundation/Team Explorer/"
      - "D:/Microsoft Visual Studio/18/Community/MSBuild/Current/Bin/Roslyn/"
      - "C:/Program Files (x86)/Microsoft SDKs/Windows/v10.0A/bin/NETFX 4.8 Tools/x64/"
      - "D:/Microsoft Visual Studio/18/Community/Team Tools/DiagnosticsHub/Collector/"
      - "D:/Microsoft Visual Studio/18/Community/Common7/IDE/Extensions/Microsoft/CodeCoverage.Console/"
      - "C:/Program Files (x86)/Windows Kits/10/bin/10.0.26100.0/x64/"
      - "C:/Program Files (x86)/Windows Kits/10/bin/x64/"
      - "D:/Microsoft Visual Studio/18/Community/MSBuild/Current/Bin/amd64/"
      - "C:/Windows/Microsoft.NET/Framework64/v4.0.30319/"
      - "D:/Microsoft Visual Studio/18/Community/Common7/IDE/"
      - "D:/Microsoft Visual Studio/18/Community/Common7/Tools/"
      - "C:/Users/xukeheng/AppData/Local/vcpkg/downloads/tools/powershell-core-7.5.4-windows/"
      - "C:/Windows/System32/"
      - "C:/Windows/"
      - "C:/Windows/System32/wbem/"
      - "C:/Windows/System32/WindowsPowerShell/v1.0/"
      - "C:/Windows/System32/OpenSSH/"
      - "D:/Microsoft Visual Studio/18/Community/Common7/IDE/CommonExtensions/Microsoft/CMake/CMake/bin/"
      - "D:/Microsoft Visual Studio/18/Community/Common7/IDE/CommonExtensions/Microsoft/CMake/Ninja/"
      - "D:/Microsoft Visual Studio/18/Community/Common7/IDE/VC/Linux/bin/ConnectionManagerExe/"
      - "D:/Microsoft Visual Studio/18/Community/VC/vcpkg/"
      - "C:/Program Files/lib/"
      - "C:/Program Files/"
      - "C:/Program Files (x86)/lib/"
      - "C:/Program Files (x86)/"
      - "D:/Microsoft Visual Studio/18/Community/Common7/IDE/CommonExtensions/Microsoft/CMake/CMake/lib/"
      - "D:/Microsoft Visual Studio/18/Community/Common7/IDE/CommonExtensions/Microsoft/CMake/CMake/"
      - "D:/WaterSurfaceRendererScratch/vcpkg_installed/vcpkg/pkgs/fftw3_x64-windows/debug/lib/"
      - "D:/WaterSurfaceRendererScratch/vcpkg_installed/vcpkg/pkgs/fftw3_x64-windows/debug/"
      - "D:/WaterSurfaceRendererScratch/vcpkg_installed/vcpkg/pkgs/fftw3_x64-windows/debug/bin/"
      - "/bin/"
    searched_directories:
      - "D:/WaterSurfaceRendererScratch/vcpkg_installed/x64-windows/debug/lib/"
      - "D:/WaterSurfaceRendererScratch/vcpkg_installed/x64-windows/debug/"
      - "D:/WaterSurfaceRendererScratch/vcpkg_installed/x64-windows/debug/WaterSurfaceRendererScratch/vcpkg_installed/x64-windows/lib/"
      - "D:/WaterSurfaceRendererScratch/vcpkg_installed/x64-windows/debug/WaterSurfaceRendererScratch/vcpkg_installed/x64-windows/"
      - "D:/WaterSurfaceRendererScratch/vcpkg_installed/x64-windows/debug/lib/manual-link/"
      - "D:/WaterSurfaceRendererScratch/vcpkg_installed/x64-windows/debug/WaterSurfaceRendererScratch/vcpkg_installed/x64-windows/lib/manual-link/"
      - "D:/WaterSurfaceRendererScratch/vcpkg_installed/x64-windows/debug/Microsoft Visual Studio/18/Community/VC/Tools/MSVC/14.51.36231/atlmfc/lib/x64/"
      - "D:/WaterSurfaceRendererScratch/vcpkg_installed/x64-windows/debug/Microsoft Visual Studio/18/Community/VC/Tools/MSVC/14.51.36231/lib/x64/"
      - "D:/WaterSurfaceRendererScratch/vcpkg_installed/x64-windows/debug/Program Files (x86)/Windows Kits/NETFXSDK/4.8/Lib/um/x64/"
      - "D:/WaterSurfaceRendererScratch/vcpkg_installed/x64-windows/debug/Program Files (x86)/Windows Kits/10/Lib/10.0.26100.0/ucrt/x64/"
      - "D:/WaterSurfaceRendererScratch/vcpkg_installed/x64-windows/debug/Program Files (x86)/Windows Kits/10/Lib/10.0.26100.0/um/x64/"
      - "D:/WaterSurfaceRendererScratch/vcpkg_installed/x64-windows/debug/Microsoft Visual Studio/18/Community/VC/Tools/MSVC/14.51.36231/bin/Hostx64/x64/"
      - "D:/WaterSurfaceRendererScratch/vcpkg_installed/x64-windows/debug/Microsoft Visual Studio/18/Community/Common7/IDE/VC/vcpackages/"
      - "D:/WaterSurfaceRendererScratch/vcpkg_installed/x64-windows/debug/Microsoft Visual Studio/18/Community/Common7/IDE/CommonExtensions/Microsoft/TestWindow/"
      - "D:/WaterSurfaceRendererScratch/vcpkg_installed/x64-windows/debug/Microsoft Visual Studio/18/Community/Common7/IDE/CommonExtensions/Microsoft/TeamFoundation/Team Explorer/"
      - "D:/WaterSurfaceRendererScratch/vcpkg_installed/x64-windows/debug/Microsoft Visual Studio/18/Community/MSBuild/Current/Bin/Roslyn/"
      - "D:/WaterSurfaceRendererScratch/vcpkg_installed/x64-windows/debug/Program Files (x86)/Microsoft SDKs/Windows/v10.0A/bin/NETFX 4.8 Tools/x64/"
      - "D:/WaterSurfaceRendererScratch/vcpkg_installed/x64-windows/debug/Microsoft Visual Studio/18/Community/Team Tools/DiagnosticsHub/Collector/"
      - "D:/WaterSurfaceRendererScratch/vcpkg_installed/x64-windows/debug/Microsoft Visual Studio/18/Community/Common7/IDE/Extensions/Microsoft/CodeCoverage.Console/"
      - "D:/WaterSurfaceRendererScratch/vcpkg_installed/x64-windows/debug/Program Files (x86)/Windows Kits/10/bin/10.0.26100.0/x64/"
      - "D:/WaterSurfaceRendererScratch/vcpkg_installed/x64-windows/debug/Program Files (x86)/Windows Kits/10/bin/x64/"
      - "D:/WaterSurfaceRendererScratch/vcpkg_installed/x64-windows/debug/Microsoft Visual Studio/18/Community/MSBuild/Current/Bin/amd64/"
      - "D:/WaterSurfaceRendererScratch/vcpkg_installed/x64-windows/debug/Windows/Microsoft.NET/Framework64/v4.0.30319/"
      - "D:/WaterSurfaceRendererScratch/vcpkg_installed/x64-windows/debug/Microsoft Visual Studio/18/Community/Common7/IDE/"
      - "D:/WaterSurfaceRendererScratch/vcpkg_installed/x64-windows/debug/Microsoft Visual Studio/18/Community/Common7/Tools/"
      - "D:/WaterSurfaceRendererScratch/vcpkg_installed/x64-windows/debug/Users/xukeheng/AppData/Local/vcpkg/downloads/tools/powershell-core-7.5.4-windows/"
      - "D:/WaterSurfaceRendererScratch/vcpkg_installed/x64-windows/debug/Windows/System32/"
      - "D:/WaterSurfaceRendererScratch/vcpkg_installed/x64-windows/debug/Windows/"
      - "D:/WaterSurfaceRendererScratch/vcpkg_installed/x64-windows/debug/Windows/System32/wbem/"
      - "D:/WaterSurfaceRendererScratch/vcpkg_installed/x64-windows/debug/Windows/System32/WindowsPowerShell/v1.0/"
      - "D:/WaterSurfaceRendererScratch/vcpkg_installed/x64-windows/debug/Windows/System32/OpenSSH/"
      - "D:/WaterSurfaceRendererScratch/vcpkg_installed/x64-windows/debug/Microsoft Visual Studio/18/Community/Common7/IDE/CommonExtensions/Microsoft/CMake/CMake/bin/"
      - "D:/WaterSurfaceRendererScratch/vcpkg_installed/x64-windows/debug/Microsoft Visual Studio/18/Community/Common7/IDE/CommonExtensions/Microsoft/CMake/Ninja/"
      - "D:/WaterSurfaceRendererScratch/vcpkg_installed/x64-windows/debug/Microsoft Visual Studio/18/Community/Common7/IDE/VC/Linux/bin/ConnectionManagerExe/"
      - "D:/WaterSurfaceRendererScratch/vcpkg_installed/x64-windows/debug/Microsoft Visual Studio/18/Community/VC/vcpkg/"
      - "D:/WaterSurfaceRendererScratch/vcpkg_installed/x64-windows/debug/Program Files/lib/"
      - "D:/WaterSurfaceRendererScratch/vcpkg_installed/x64-windows/debug/Program Files/"
      - "D:/WaterSurfaceRendererScratch/vcpkg_installed/x64-windows/debug/Program Files (x86)/lib/"
      - "D:/WaterSurfaceRendererScratch/vcpkg_installed/x64-windows/debug/Program Files (x86)/"
      - "D:/WaterSurfaceRendererScratch/vcpkg_installed/x64-windows/debug/Microsoft Visual Studio/18/Community/Common7/IDE/CommonExtensions/Microsoft/CMake/CMake/lib/"
      - "D:/WaterSurfaceRendererScratch/vcpkg_installed/x64-windows/debug/Microsoft Visual Studio/18/Community/Common7/IDE/CommonExtensions/Microsoft/CMake/CMake/"
      - "D:/WaterSurfaceRendererScratch/vcpkg_installed/x64-windows/debug/WaterSurfaceRendererScratch/vcpkg_installed/vcpkg/pkgs/fftw3_x64-windows/debug/lib/"
      - "D:/WaterSurfaceRendererScratch/vcpkg_installed/x64-windows/debug/WaterSurfaceRendererScratch/vcpkg_installed/vcpkg/pkgs/fftw3_x64-windows/debug/"
      - "D:/WaterSurfaceRendererScratch/vcpkg_installed/x64-windows/debug/WaterSurfaceRendererScratch/vcpkg_installed/vcpkg/pkgs/fftw3_x64-windows/debug/bin/"
      - "D:/WaterSurfaceRendererScratch/vcpkg_installed/x64-windows/debug/bin/"
      - "D:/WaterSurfaceRendererScratch/vcpkg_installed/x64-windows/debug/lib/"
      - "D:/WaterSurfaceRendererScratch/vcpkg_installed/x64-windows/debug/"
      - "D:/WaterSurfaceRendererScratch/vcpkg_installed/x64-windows/lib/"
      - "D:/WaterSurfaceRendererScratch/vcpkg_installed/x64-windows/"
      - "D:/WaterSurfaceRendererScratch/vcpkg_installed/x64-windows/debug/lib/manual-link/"
      - "D:/WaterSurfaceRendererScratch/vcpkg_installed/x64-windows/lib/manual-link/"
      - "D:/WaterSurfaceRendererScratch/vcpkg_installed/x64-windows/Microsoft Visual Studio/18/Community/VC/Tools/MSVC/14.51.36231/atlmfc/lib/x64/"
      - "D:/WaterSurfaceRendererScratch/vcpkg_installed/x64-windows/Microsoft Visual Studio/18/Community/VC/Tools/MSVC/14.51.36231/lib/x64/"
      - "D:/WaterSurfaceRendererScratch/vcpkg_installed/x64-windows/Program Files (x86)/Windows Kits/NETFXSDK/4.8/Lib/um/x64/"
      - "D:/WaterSurfaceRendererScratch/vcpkg_installed/x64-windows/Program Files (x86)/Windows Kits/10/Lib/10.0.26100.0/ucrt/x64/"
      - "D:/WaterSurfaceRendererScratch/vcpkg_installed/x64-windows/Program Files (x86)/Windows Kits/10/Lib/10.0.26100.0/um/x64/"
      - "D:/WaterSurfaceRendererScratch/vcpkg_installed/x64-windows/Microsoft Visual Studio/18/Community/VC/Tools/MSVC/14.51.36231/bin/Hostx64/x64/"
      - "D:/WaterSurfaceRendererScratch/vcpkg_installed/x64-windows/Microsoft Visual Studio/18/Community/Common7/IDE/VC/vcpackages/"
      - "D:/WaterSurfaceRendererScratch/vcpkg_installed/x64-windows/Microsoft Visual Studio/18/Community/Common7/IDE/CommonExtensions/Microsoft/TestWindow/"
      - "D:/WaterSurfaceRendererScratch/vcpkg_installed/x64-windows/Microsoft Visual Studio/18/Community/Common7/IDE/CommonExtensions/Microsoft/TeamFoundation/Team Explorer/"
      - "D:/WaterSurfaceRendererScratch/vcpkg_installed/x64-windows/Microsoft Visual Studio/18/Community/MSBuild/Current/Bin/Roslyn/"
      - "D:/WaterSurfaceRendererScratch/vcpkg_installed/x64-windows/Program Files (x86)/Microsoft SDKs/Windows/v10.0A/bin/NETFX 4.8 Tools/x64/"
      - "D:/WaterSurfaceRendererScratch/vcpkg_installed/x64-windows/Microsoft Visual Studio/18/Community/Team Tools/DiagnosticsHub/Collector/"
      - "D:/WaterSurfaceRendererScratch/vcpkg_installed/x64-windows/Microsoft Visual Studio/18/Community/Common7/IDE/Extensions/Microsoft/CodeCoverage.Console/"
      - "D:/WaterSurfaceRendererScratch/vcpkg_installed/x64-windows/Program Files (x86)/Windows Kits/10/bin/10.0.26100.0/x64/"
      - "D:/WaterSurfaceRendererScratch/vcpkg_installed/x64-windows/Program Files (x86)/Windows Kits/10/bin/x64/"
      - "D:/WaterSurfaceRendererScratch/vcpkg_installed/x64-windows/Microsoft Visual Studio/18/Community/MSBuild/Current/Bin/amd64/"
      - "D:/WaterSurfaceRendererScratch/vcpkg_installed/x64-windows/Windows/Microsoft.NET/Framework64/v4.0.30319/"
      - "D:/WaterSurfaceRendererScratch/vcpkg_installed/x64-windows/Microsoft Visual Studio/18/Community/Common7/IDE/"
      - "D:/WaterSurfaceRendererScratch/vcpkg_installed/x64-windows/Microsoft Visual Studio/18/Community/Common7/Tools/"
      - "D:/WaterSurfaceRendererScratch/vcpkg_installed/x64-windows/Users/xukeheng/AppData/Local/vcpkg/downloads/tools/powershell-core-7.5.4-windows/"
      - "D:/WaterSurfaceRendererScratch/vcpkg_installed/x64-windows/Windows/System32/"
      - "D:/WaterSurfaceRendererScratch/vcpkg_installed/x64-windows/Windows/"
      - "D:/WaterSurfaceRendererScratch/vcpkg_installed/x64-windows/Windows/System32/wbem/"
      - "D:/WaterSurfaceRendererScratch/vcpkg_installed/x64-windows/Windows/System32/WindowsPowerShell/v1.0/"
      - "D:/WaterSurfaceRendererScratch/vcpkg_installed/x64-windows/Windows/System32/OpenSSH/"
      - "D:/WaterSurfaceRendererScratch/vcpkg_installed/x64-windows/Microsoft Visual Studio/18/Community/Common7/IDE/CommonExtensions/Microsoft/CMake/CMake/bin/"
      - "D:/WaterSurfaceRendererScratch/vcpkg_installed/x64-windows/Microsoft Visual Studio/18/Community/Common7/IDE/CommonExtensions/Microsoft/CMake/Ninja/"
      - "D:/WaterSurfaceRendererScratch/vcpkg_installed/x64-windows/Microsoft Visual Studio/18/Community/Common7/IDE/VC/Linux/bin/ConnectionManagerExe/"
      - "D:/WaterSurfaceRendererScratch/vcpkg_installed/x64-windows/Microsoft Visual Studio/18/Community/VC/vcpkg/"
      - "D:/WaterSurfaceRendererScratch/vcpkg_installed/x64-windows/Program Files/lib/"
      - "D:/WaterSurfaceRendererScratch/vcpkg_installed/x64-windows/Program Files/"
      - "D:/WaterSurfaceRendererScratch/vcpkg_installed/x64-windows/Program Files (x86)/lib/"
      - "D:/WaterSurfaceRendererScratch/vcpkg_installed/x64-windows/Program Files (x86)/"
      - "D:/WaterSurfaceRendererScratch/vcpkg_installed/x64-windows/Microsoft Visual Studio/18/Community/Common7/IDE/CommonExtensions/Microsoft/CMake/CMake/lib/"
      - "D:/WaterSurfaceRendererScratch/vcpkg_installed/x64-windows/Microsoft Visual Studio/18/Community/Common7/IDE/CommonExtensions/Microsoft/CMake/CMake/"
      - "D:/WaterSurfaceRendererScratch/vcpkg_installed/x64-windows/WaterSurfaceRendererScratch/vcpkg_installed/vcpkg/pkgs/fftw3_x64-windows/debug/lib/"
      - "D:/WaterSurfaceRendererScratch/vcpkg_installed/x64-windows/WaterSurfaceRendererScratch/vcpkg_installed/vcpkg/pkgs/fftw3_x64-windows/debug/"
      - "D:/WaterSurfaceRendererScratch/vcpkg_installed/x64-windows/WaterSurfaceRendererScratch/vcpkg_installed/vcpkg/pkgs/fftw3_x64-windows/debug/bin/"
      - "D:/WaterSurfaceRendererScratch/vcpkg_installed/x64-windows/bin/"
      - "D:/WaterSurfaceRendererScratch/vcpkg_installed/x64-windows/debug/lib/"
      - "D:/WaterSurfaceRendererScratch/vcpkg_installed/x64-windows/debug/"
      - "D:/WaterSurfaceRendererScratch/vcpkg_installed/x64-windows/lib/"
      - "D:/WaterSurfaceRendererScratch/vcpkg_installed/x64-windows/"
      - "D:/WaterSurfaceRendererScratch/vcpkg_installed/x64-windows/debug/lib/manual-link/"
      - "D:/WaterSurfaceRendererScratch/vcpkg_installed/x64-windows/lib/manual-link/"
      - "D:/Microsoft Visual Studio/18/Community/VC/Tools/MSVC/14.51.36231/atlmfc/lib/x64/"
      - "D:/Microsoft Visual Studio/18/Community/VC/Tools/MSVC/14.51.36231/lib/x64/"
      - "C:/Program Files (x86)/Windows Kits/NETFXSDK/4.8/Lib/um/x64/"
      - "C:/Program Files (x86)/Windows Kits/10/Lib/10.0.26100.0/ucrt/x64/"
      - "C:/Program Files (x86)/Windows Kits/10/Lib/10.0.26100.0/um/x64/"
      - "D:/Microsoft Visual Studio/18/Community/VC/Tools/MSVC/14.51.36231/bin/Hostx64/x64/"
      - "D:/Microsoft Visual Studio/18/Community/Common7/IDE/VC/vcpackages/"
      - "D:/Microsoft Visual Studio/18/Community/Common7/IDE/CommonExtensions/Microsoft/TestWindow/"
      - "D:/Microsoft Visual Studio/18/Community/Common7/IDE/CommonExtensions/Microsoft/TeamFoundation/Team Explorer/"
      - "D:/Microsoft Visual Studio/18/Community/MSBuild/Current/Bin/Roslyn/"
      - "C:/Program Files (x86)/Microsoft SDKs/Windows/v10.0A/bin/NETFX 4.8 Tools/x64/"
      - "D:/Microsoft Visual Studio/18/Community/Team Tools/DiagnosticsHub/Collector/"
      - "D:/Microsoft Visual Studio/18/Community/Common7/IDE/Extensions/Microsoft/CodeCoverage.Console/"
      - "C:/Program Files (x86)/Windows Kits/10/bin/10.0.26100.0/x64/"
      - "C:/Program Files (x86)/Windows Kits/10/bin/x64/"
      - "D:/Microsoft Visual Studio/18/Community/MSBuild/Current/Bin/amd64/"
      - "C:/Windows/Microsoft.NET/Framework64/v4.0.30319/"
      - "D:/Microsoft Visual Studio/18/Community/Common7/IDE/"
      - "D:/Microsoft Visual Studio/18/Community/Common7/Tools/"
      - "C:/Users/xukeheng/AppData/Local/vcpkg/downloads/tools/powershell-core-7.5.4-windows/"
      - "C:/Windows/System32/"
      - "C:/Windows/"
      - "C:/Windows/System32/wbem/"
      - "C:/Windows/System32/WindowsPowerShell/v1.0/"
      - "C:/Windows/System32/OpenSSH/"
      - "D:/Microsoft Visual Studio/18/Community/Common7/IDE/CommonExtensions/Microsoft/CMake/CMake/bin/"
      - "D:/Microsoft Visual Studio/18/Community/Common7/IDE/CommonExtensions/Microsoft/CMake/Ninja/"
      - "D:/Microsoft Visual Studio/18/Community/Common7/IDE/VC/Linux/bin/ConnectionManagerExe/"
      - "D:/Microsoft Visual Studio/18/Community/VC/vcpkg/"
      - "C:/Program Files/lib/"
      - "C:/Program Files/"
      - "C:/Program Files (x86)/lib/"
      - "C:/Program Files (x86)/"
      - "D:/Microsoft Visual Studio/18/Community/Common7/IDE/CommonExtensions/Microsoft/CMake/CMake/lib/"
      - "D:/Microsoft Visual Studio/18/Community/Common7/IDE/CommonExtensions/Microsoft/CMake/CMake/"
      - "D:/WaterSurfaceRendererScratch/vcpkg_installed/vcpkg/pkgs/fftw3_x64-windows/debug/lib/"
      - "D:/WaterSurfaceRendererScratch/vcpkg_installed/vcpkg/pkgs/fftw3_x64-windows/debug/"
      - "D:/WaterSurfaceRendererScratch/vcpkg_installed/vcpkg/pkgs/fftw3_x64-windows/debug/bin/"
      - "/bin/"
    found: false
    search_context:
      CMAKE_LIBRARY_PATH:
        - "D:/WaterSurfaceRendererScratch/vcpkg_installed/x64-windows/debug/lib/manual-link"
        - "D:/WaterSurfaceRendererScratch/vcpkg_installed/x64-windows/lib/manual-link"
      CMAKE_PREFIX_PATH:
        - "D:/WaterSurfaceRendererScratch/vcpkg_installed/x64-windows/debug"
        - "D:/WaterSurfaceRendererScratch/vcpkg_installed/x64-windows"
      ENV{PATH}:
        - "D:\\Microsoft Visual Studio\\18\\Community\\VC\\Tools\\MSVC\\14.51.36231\\bin\\HostX64\\x64"
        - "D:\\Microsoft Visual Studio\\18\\Community\\Common7\\IDE\\VC\\VCPackages"
        - "D:\\Microsoft Visual Studio\\18\\Community\\Common7\\IDE\\CommonExtensions\\Microsoft\\TestWindow"
        - "D:\\Microsoft Visual Studio\\18\\Community\\Common7\\IDE\\CommonExtensions\\Microsoft\\TeamFoundation\\Team Explorer"
        - "D:\\Microsoft Visual Studio\\18\\Community\\MSBuild\\Current\\bin\\Roslyn"
        - "C:\\Program Files (x86)\\Microsoft SDKs\\Windows\\v10.0A\\bin\\NETFX 4.8 Tools\\x64\\"
        - "D:\\Microsoft Visual Studio\\18\\Community\\Team Tools\\DiagnosticsHub\\Collector"
        - "D:\\Microsoft Visual Studio\\18\\Community\\Common7\\IDE\\Extensions\\Microsoft\\CodeCoverage.Console"
        - "C:\\Program Files (x86)\\Windows Kits\\10\\bin\\10.0.26100.0\\\\x64"
        - "C:\\Program Files (x86)\\Windows Kits\\10\\bin\\\\x64"
        - "D:\\Microsoft Visual Studio\\18\\Community\\\\MSBuild\\Current\\Bin\\amd64"
        - "C:\\Windows\\Microsoft.NET\\Framework64\\v4.0.30319"
        - "D:\\Microsoft Visual Studio\\18\\Community\\Common7\\IDE\\"
        - "D:\\Microsoft Visual Studio\\18\\Community\\Common7\\Tools\\"
        - "C:\\Users\\xukeheng\\AppData\\Local\\vcpkg\\downloads\\tools\\powershell-core-7.5.4-windows"
        - "C:\\windows\\system32"
        - "C:\\windows"
        - "C:\\windows\\system32\\Wbem"
        - "C:\\windows\\system32\\WindowsPowerShell\\v1.0\\"
        - "C:\\windows\\system32\\OpenSSH\\"
        - "D:\\Microsoft Visual Studio\\18\\Community\\Common7\\IDE\\CommonExtensions\\Microsoft\\CMake\\CMake\\bin"
        - "D:\\Microsoft Visual Studio\\18\\Community\\Common7\\IDE\\CommonExtensions\\Microsoft\\CMake\\Ninja"
        - "D:\\Microsoft Visual Studio\\18\\Community\\Common7\\IDE\\VC\\Linux\\bin\\ConnectionManagerExe"
        - "D:\\Microsoft Visual Studio\\18\\Community\\VC\\vcpkg"
        - "D:\\Microsoft Visual Studio\\18\\Community\\Common7\\IDE\\CommonExtensions\\Microsoft\\CMake\\Ninja"
        - "D:\\Microsoft Visual Studio\\18\\Community\\Common7\\IDE\\CommonExtensions\\Microsoft\\CMake\\Ninja"
      CMAKE_INSTALL_PREFIX: "D:/WaterSurfaceRendererScratch/vcpkg_installed/vcpkg/pkgs/fftw3_x64-windows/debug"
      CMAKE_SYSTEM_PREFIX_PATH:
        - "C:/Program Files"
        - "C:/Program Files (x86)"
        - "D:/Microsoft Visual Studio/18/Community/Common7/IDE/CommonExtensions/Microsoft/CMake/CMake"
        - "D:/WaterSurfaceRendererScratch/vcpkg_installed/vcpkg/pkgs/fftw3_x64-windows/debug"
      CMAKE_SYSTEM_LIBRARY_PATH:
        - "D:/WaterSurfaceRendererScratch/vcpkg_installed/vcpkg/pkgs/fftw3_x64-windows/debug/bin"
        - "D:/Microsoft Visual Studio/18/Community/Common7/IDE/CommonExtensions/Microsoft/CMake/CMake/bin"
        - "/bin"
      CMAKE_FIND_ROOT_PATH: "D:/WaterSurfaceRendererScratch/vcpkg_installed/x64-windows/debug;D:/WaterSurfaceRendererScratch/vcpkg_installed/x64-windows"
      ENV{LIB}:
        - "D:\\Microsoft Visual Studio\\18\\Community\\VC\\Tools\\MSVC\\14.51.36231\\ATLMFC\\lib\\x64"
        - "D:\\Microsoft Visual Studio\\18\\Community\\VC\\Tools\\MSVC\\14.51.36231\\lib\\x64"
        - "C:\\Program Files (x86)\\Windows Kits\\NETFXSDK\\4.8\\lib\\um\\x64"
        - "C:\\Program Files (x86)\\Windows Kits\\10\\lib\\10.0.26100.0\\ucrt\\x64"
        - "C:\\Program Files (x86)\\Windows Kits\\10\\\\lib\\10.0.26100.0\\\\um\\x64"
...
