
---
events:
  -
    kind: "message-v1"
    backtrace:
      - "D:/Microsoft Visual Studio/18/Community/Common7/IDE/CommonExtensions/Microsoft/CMake/CMake/share/cmake-4.3/Modules/CMakeDetermineSystem.cmake:212 (message)"
      - "CMakeLists.txt:3 (project)"
    message: |
      The system is: Windows - 10.0.26200 - AMD64
  -
    kind: "find-v1"
    backtrace:
      - "D:/Microsoft Visual Studio/18/Community/Common7/IDE/CommonExtensions/Microsoft/CMake/CMake/share/cmake-4.3/Modules/CMakeDetermineCompiler.cmake:63 (find_program)"
      - "D:/Microsoft Visual Studio/18/Community/Common7/IDE/CommonExtensions/Microsoft/CMake/CMake/share/cmake-4.3/Modules/CMakeDetermineCCompiler.cmake:64 (_cmake_find_compiler)"
      - "CMakeLists.txt:3 (project)"
    mode: "program"
    variable: "CMAKE_C_COMPILER"
    description: "C compiler"
    settings:
      SearchFramework: "LAST"
      SearchAppBundle: "LAST"
      CMAKE_FIND_USE_CMAKE_PATH: false
      CMAKE_FIND_USE_CMAKE_ENVIRONMENT_PATH: false
      CMAKE_FIND_USE_SYSTEM_ENVIRONMENT_PATH: true
      CMAKE_FIND_USE_CMAKE_SYSTEM_PATH: false
      CMAKE_FIND_USE_INSTALL_PREFIX: true
    names:
      - "cc"
      - "gcc"
      - "cl"
      - "bcc"
      - "xlc"
      - "icx"
      - "clang"
    candidate_directories:
      - "D:/WaterSurfaceRendererScratch/vcpkg_installed/x64-windows/debug/Microsoft Visual Studio/18/Community/VC/Tools/MSVC/14.51.36231/bin/Hostx64/x64/"
      - "D:/WaterSurfaceRendererScratch/vcpkg_installed/x64-windows/debug/Microsoft Visual Studio/18/Community/Common7/IDE/VC/vcpackages/"
      - "D:/WaterSurfaceRendererScratch/vcpkg_installed/x64-windows/debug/Microsoft Visual Studio/18/Community/Common7/IDE/CommonExtensions/Microsoft/TestWindow/"
      - "D:/WaterSurfaceRendererScratch/vcpkg_installed/x64-windows/debug/Microsoft Visual Studio/18/Community/Common7/IDE/CommonExtensions/Microsoft/TeamFoundation/Team Explorer/"
      - "D:/WaterSurfaceRendererScratch/vcpkg_installed/x64-windows/debug/Microsoft Visual Studio/18/Community/MSBuild/Current/Bin/Roslyn/"
      - "D:/WaterSurfaceRendererScratch/vcpkg_installed/x64-windows/debug/Program Files (x86)/Microsoft SDKs/Windows/v10.0A/bin/NETFX 4.8 Tools/x64/"
      - "D:/WaterSurfaceRendererScratch/vcpkg_installed/x64-windows/debug/Microsoft Visual Studio/18/Community/Team Tools/DiagnosticsHub/Collector/"
      - "D:/WaterSurfaceRendererScratch/vcpkg_installed/x64-windows/debug/Microsoft Visual Studio/18/Community/Common7/IDE/Extensions/Microsoft/CodeCoverage.Console/"
      - "D:/WaterSurfaceRendererScratch/vcpkg_installed/x64-windows/debug/Program Files (x86)/Windows Kits/10/bin/10.0.26100.0/x64/"
      - "D:/WaterSurfaceRendererScratch/vcpkg_installed/x64-windows/debug/Program Files (x86)/Windows Kits/10/bin/x64/"
      - "D:/WaterSurfaceRendererScratch/vcpkg_installed/x64-windows/debug/Microsoft Visual Studio/18/Community/MSBuild/Current/Bin/amd64/"
      - "D:/WaterSurfaceRendererScratch/vcpkg_installed/x64-windows/debug/Windows/Microsoft.NET/Framework64/v4.0.30319/"
      - "D:/WaterSurfaceRendererScratch/vcpkg_installed/x64-windows/debug/Microsoft Visual Studio/18/Community/Common7/IDE/"
      - "D:/WaterSurfaceRendererScratch/vcpkg_installed/x64-windows/debug/Microsoft Visual Studio/18/Community/Common7/Tools/"
      - "D:/WaterSurfaceRendererScratch/vcpkg_installed/x64-windows/debug/Users/xukeheng/AppData/Local/vcpkg/downloads/tools/powershell-core-7.5.4-windows/"
      - "D:/WaterSurfaceRendererScratch/vcpkg_installed/x64-windows/debug/Windows/System32/"
      - "D:/WaterSurfaceRendererScratch/vcpkg_installed/x64-windows/debug/Windows/"
      - "D:/WaterSurfaceRendererScratch/vcpkg_installed/x64-windows/debug/Windows/System32/wbem/"
      - "D:/WaterSurfaceRendererScratch/vcpkg_installed/x64-windows/debug/Windows/System32/WindowsPowerShell/v1.0/"
      - "D:/WaterSurfaceRendererScratch/vcpkg_installed/x64-windows/debug/Windows/System32/OpenSSH/"
      - "D:/WaterSurfaceRendererScratch/vcpkg_installed/x64-windows/debug/Microsoft Visual Studio/18/Community/Common7/IDE/CommonExtensions/Microsoft/CMake/CMake/bin/"
      - "D:/WaterSurfaceRendererScratch/vcpkg_installed/x64-windows/debug/Microsoft Visual Studio/18/Community/Common7/IDE/CommonExtensions/Microsoft/CMake/Ninja/"
      - "D:/WaterSurfaceRendererScratch/vcpkg_installed/x64-windows/debug/Microsoft Visual Studio/18/Community/Common7/IDE/VC/Linux/bin/ConnectionManagerExe/"
      - "D:/WaterSurfaceRendererScratch/vcpkg_installed/x64-windows/debug/Microsoft Visual Studio/18/Community/VC/vcpkg/"
      - "D:/WaterSurfaceRendererScratch/vcpkg_installed/x64-windows/Microsoft Visual Studio/18/Community/VC/Tools/MSVC/14.51.36231/bin/Hostx64/x64/"
      - "D:/WaterSurfaceRendererScratch/vcpkg_installed/x64-windows/Microsoft Visual Studio/18/Community/Common7/IDE/VC/vcpackages/"
      - "D:/WaterSurfaceRendererScratch/vcpkg_installed/x64-windows/Microsoft Visual Studio/18/Community/Common7/IDE/CommonExtensions/Microsoft/TestWindow/"
      - "D:/WaterSurfaceRendererScratch/vcpkg_installed/x64-windows/Microsoft Visual Studio/18/Community/Common7/IDE/CommonExtensions/Microsoft/TeamFoundation/Team Explorer/"
      - "D:/WaterSurfaceRendererScratch/vcpkg_installed/x64-windows/Microsoft Visual Studio/18/Community/MSBuild/Current/Bin/Roslyn/"
      - "D:/WaterSurfaceRendererScratch/vcpkg_installed/x64-windows/Program Files (x86)/Microsoft SDKs/Windows/v10.0A/bin/NETFX 4.8 Tools/x64/"
      - "D:/WaterSurfaceRendererScratch/vcpkg_installed/x64-windows/Microsoft Visual Studio/18/Community/Team Tools/DiagnosticsHub/Collector/"
      - "D:/WaterSurfaceRendererScratch/vcpkg_installed/x64-windows/Microsoft Visual Studio/18/Community/Common7/IDE/Extensions/Microsoft/CodeCoverage.Console/"
      - "D:/WaterSurfaceRendererScratch/vcpkg_installed/x64-windows/Program Files (x86)/Windows Kits/10/bin/10.0.26100.0/x64/"
      - "D:/WaterSurfaceRendererScratch/vcpkg_installed/x64-windows/Program Files (x86)/Windows Kits/10/bin/x64/"
      - "D:/WaterSurfaceRendererScratch/vcpkg_installed/x64-windows/Microsoft Visual Studio/18/Community/MSBuild/Current/Bin/amd64/"
      - "D:/WaterSurfaceRendererScratch/vcpkg_installed/x64-windows/Windows/Microsoft.NET/Framework64/v4.0.30319/"
      - "D:/WaterSurfaceRendererScratch/vcpkg_installed/x64-windows/Microsoft Visual Studio/18/Community/Common7/IDE/"
      - "D:/WaterSurfaceRendererScratch/vcpkg_installed/x64-windows/Microsoft Visual Studio/18/Community/Common7/Tools/"
      - "D:/WaterSurfaceRendererScratch/vcpkg_installed/x64-windows/Users/xukeheng/AppData/Local/vcpkg/downloads/tools/powershell-core-7.5.4-windows/"
      - "D:/WaterSurfaceRendererScratch/vcpkg_installed/x64-windows/Windows/System32/"
      - "D:/WaterSurfaceRendererScratch/vcpkg_installed/x64-windows/Windows/"
      - "D:/WaterSurfaceRendererScratch/vcpkg_installed/x64-windows/Windows/System32/wbem/"
      - "D:/WaterSurfaceRendererScratch/vcpkg_installed/x64-windows/Windows/System32/WindowsPowerShell/v1.0/"
      - "D:/WaterSurfaceRendererScratch/vcpkg_installed/x64-windows/Windows/System32/OpenSSH/"
      - "D:/WaterSurfaceRendererScratch/vcpkg_installed/x64-windows/Microsoft Visual Studio/18/Community/Common7/IDE/CommonExtensions/Microsoft/CMake/CMake/bin/"
      - "D:/WaterSurfaceRendererScratch/vcpkg_installed/x64-windows/Microsoft Visual Studio/18/Community/Common7/IDE/CommonExtensions/Microsoft/CMake/Ninja/"
      - "D:/WaterSurfaceRendererScratch/vcpkg_installed/x64-windows/Microsoft Visual Studio/18/Community/Common7/IDE/VC/Linux/bin/ConnectionManagerExe/"
      - "D:/WaterSurfaceRendererScratch/vcpkg_installed/x64-windows/Microsoft Visual Studio/18/Community/VC/vcpkg/"
      - "D:/Microsoft Visual Studio/18/Community/VC/Tools/MSVC/14.51.36231/bin/Hostx64/x64/"
      - "D:/Microsoft Visual Studio/18/Community/Common7/IDE/VC/vcpackages/"
      - "D:/Microsoft Visual Studio/18/Community/Common7/IDE/CommonExtensions/Microsoft/TestWindow/"
      - "D:/Microsoft Visual Studio/18/Community/Common7/IDE/CommonExtensions/Microsoft/TeamFoundation/Team Explorer/"
      - "D:/Microsoft Visual Studio/18/Community/MSBuild/Current/Bin/Roslyn/"
      - "C:/Program Files (x86)/Microsoft SDKs/Windows/v10.0A/bin/NETFX 4.8 Tools/x64/"
      - "D:/Microsoft Visual Studio/18/Community/Team Tools/DiagnosticsHub/Collector/"
      - "D:/Microsoft Visual Studio/18/Community/Common7/IDE/Extensions/Microsoft/CodeCoverage.Console/"
      - "C:/Program Files (x86)/Windows Kits/10/bin/10.0.26100.0/x64/"
      - "C:/Program Files (x86)/Windows Kits/10/bin/x64/"
      - "D:/Microsoft Visual Studio/18/Community/MSBuild/Current/Bin/amd64/"
      - "C:/Windows/Microsoft.NET/Framework64/v4.0.30319/"
      - "D:/Microsoft Visual Studio/18/Community/Common7/IDE/"
      - "D:/Microsoft Visual Studio/18/Community/Common7/Tools/"
      - "C:/Users/xukeheng/AppData/Local/vcpkg/downloads/tools/powershell-core-7.5.4-windows/"
      - "C:/Windows/System32/"
      - "C:/Windows/"
      - "C:/Windows/System32/wbem/"
      - "C:/Windows/System32/WindowsPowerShell/v1.0/"
      - "C:/Windows/System32/OpenSSH/"
      - "D:/Microsoft Visual Studio/18/Community/Common7/IDE/CommonExtensions/Microsoft/CMake/CMake/bin/"
      - "D:/Microsoft Visual Studio/18/Community/Common7/IDE/CommonExtensions/Microsoft/CMake/Ninja/"
      - "D:/Microsoft Visual Studio/18/Community/Common7/IDE/VC/Linux/bin/ConnectionManagerExe/"
      - "D:/Microsoft Visual Studio/18/Community/VC/vcpkg/"
    searched_directories:
      - "D:/WaterSurfaceRendererScratch/vcpkg_installed/x64-windows/debug/Microsoft Visual Studio/18/Community/VC/Tools/MSVC/14.51.36231/bin/Hostx64/x64/cc.com"
      - "D:/WaterSurfaceRendererScratch/vcpkg_installed/x64-windows/debug/Microsoft Visual Studio/18/Community/VC/Tools/MSVC/14.51.36231/bin/Hostx64/x64/cc.exe"
      - "D:/WaterSurfaceRendererScratch/vcpkg_installed/x64-windows/debug/Microsoft Visual Studio/18/Community/VC/Tools/MSVC/14.51.36231/bin/Hostx64/x64/cc"
      - "D:/WaterSurfaceRendererScratch/vcpkg_installed/x64-windows/debug/Microsoft Visual Studio/18/Community/VC/Tools/MSVC/14.51.36231/bin/Hostx64/x64/gcc.com"
      - "D:/WaterSurfaceRendererScratch/vcpkg_installed/x64-windows/debug/Microsoft Visual Studio/18/Community/VC/Tools/MSVC/14.51.36231/bin/Hostx64/x64/gcc.exe"
      - "D:/WaterSurfaceRendererScratch/vcpkg_installed/x64-windows/debug/Microsoft Visual Studio/18/Community/VC/Tools/MSVC/14.51.36231/bin/Hostx64/x64/gcc"
      - "D:/WaterSurfaceRendererScratch/vcpkg_installed/x64-windows/debug/Microsoft Visual Studio/18/Community/VC/Tools/MSVC/14.51.36231/bin/Hostx64/x64/cl.com"
      - "D:/WaterSurfaceRendererScratch/vcpkg_installed/x64-windows/debug/Microsoft Visual Studio/18/Community/VC/Tools/MSVC/14.51.36231/bin/Hostx64/x64/cl.exe"
      - "D:/WaterSurfaceRendererScratch/vcpkg_installed/x64-windows/debug/Microsoft Visual Studio/18/Community/VC/Tools/MSVC/14.51.36231/bin/Hostx64/x64/cl"
      - "D:/WaterSurfaceRendererScratch/vcpkg_installed/x64-windows/debug/Microsoft Visual Studio/18/Community/VC/Tools/MSVC/14.51.36231/bin/Hostx64/x64/bcc.com"
      - "D:/WaterSurfaceRendererScratch/vcpkg_installed/x64-windows/debug/Microsoft Visual Studio/18/Community/VC/Tools/MSVC/14.51.36231/bin/Hostx64/x64/bcc.exe"
      - "D:/WaterSurfaceRendererScratch/vcpkg_installed/x64-windows/debug/Microsoft Visual Studio/18/Community/VC/Tools/MSVC/14.51.36231/bin/Hostx64/x64/bcc"
      - "D:/WaterSurfaceRendererScratch/vcpkg_installed/x64-windows/debug/Microsoft Visual Studio/18/Community/VC/Tools/MSVC/14.51.36231/bin/Hostx64/x64/xlc.com"
      - "D:/WaterSurfaceRendererScratch/vcpkg_installed/x64-windows/debug/Microsoft Visual Studio/18/Community/VC/Tools/MSVC/14.51.36231/bin/Hostx64/x64/xlc.exe"
      - "D:/WaterSurfaceRendererScratch/vcpkg_installed/x64-windows/debug/Microsoft Visual Studio/18/Community/VC/Tools/MSVC/14.51.36231/bin/Hostx64/x64/xlc"
      - "D:/WaterSurfaceRendererScratch/vcpkg_installed/x64-windows/debug/Microsoft Visual Studio/18/Community/VC/Tools/MSVC/14.51.36231/bin/Hostx64/x64/icx.com"
      - "D:/WaterSurfaceRendererScratch/vcpkg_installed/x64-windows/debug/Microsoft Visual Studio/18/Community/VC/Tools/MSVC/14.51.36231/bin/Hostx64/x64/icx.exe"
      - "D:/WaterSurfaceRendererScratch/vcpkg_installed/x64-windows/debug/Microsoft Visual Studio/18/Community/VC/Tools/MSVC/14.51.36231/bin/Hostx64/x64/icx"
      - "D:/WaterSurfaceRendererScratch/vcpkg_installed/x64-windows/debug/Microsoft Visual Studio/18/Community/VC/Tools/MSVC/14.51.36231/bin/Hostx64/x64/clang.com"
      - "D:/WaterSurfaceRendererScratch/vcpkg_installed/x64-windows/debug/Microsoft Visual Studio/18/Community/VC/Tools/MSVC/14.51.36231/bin/Hostx64/x64/clang.exe"
      - "D:/WaterSurfaceRendererScratch/vcpkg_installed/x64-windows/debug/Microsoft Visual Studio/18/Community/VC/Tools/MSVC/14.51.36231/bin/Hostx64/x64/clang"
      - "D:/WaterSurfaceRendererScratch/vcpkg_installed/x64-windows/debug/Microsoft Visual Studio/18/Community/Common7/IDE/VC/vcpackages/cc.com"
      - "D:/WaterSurfaceRendererScratch/vcpkg_installed/x64-windows/debug/Microsoft Visual Studio/18/Community/Common7/IDE/VC/vcpackages/cc.exe"
      - "D:/WaterSurfaceRendererScratch/vcpkg_installed/x64-windows/debug/Microsoft Visual Studio/18/Community/Common7/IDE/VC/vcpackages/cc"
      - "D:/WaterSurfaceRendererScratch/vcpkg_installed/x64-windows/debug/Microsoft Visual Studio/18/Community/Common7/IDE/VC/vcpackages/gcc.com"
      - "D:/WaterSurfaceRendererScratch/vcpkg_installed/x64-windows/debug/Microsoft Visual Studio/18/Community/Common7/IDE/VC/vcpackages/gcc.exe"
      - "D:/WaterSurfaceRendererScratch/vcpkg_installed/x64-windows/debug/Microsoft Visual Studio/18/Community/Common7/IDE/VC/vcpackages/gcc"
      - "D:/WaterSurfaceRendererScratch/vcpkg_installed/x64-windows/debug/Microsoft Visual Studio/18/Community/Common7/IDE/VC/vcpackages/cl.com"
      - "D:/WaterSurfaceRendererScratch/vcpkg_installed/x64-windows/debug/Microsoft Visual Studio/18/Community/Common7/IDE/VC/vcpackages/cl.exe"
      - "D:/WaterSurfaceRendererScratch/vcpkg_installed/x64-windows/debug/Microsoft Visual Studio/18/Community/Common7/IDE/VC/vcpackages/cl"
      - "D:/WaterSurfaceRendererScratch/vcpkg_installed/x64-windows/debug/Microsoft Visual Studio/18/Community/Common7/IDE/VC/vcpackages/bcc.com"
      - "D:/WaterSurfaceRendererScratch/vcpkg_installed/x64-windows/debug/Microsoft Visual Studio/18/Community/Common7/IDE/VC/vcpackages/bcc.exe"
      - "D:/WaterSurfaceRendererScratch/vcpkg_installed/x64-windows/debug/Microsoft Visual Studio/18/Community/Common7/IDE/VC/vcpackages/bcc"
      - "D:/WaterSurfaceRendererScratch/vcpkg_installed/x64-windows/debug/Microsoft Visual Studio/18/Community/Common7/IDE/VC/vcpackages/xlc.com"
      - "D:/WaterSurfaceRendererScratch/vcpkg_installed/x64-windows/debug/Microsoft Visual Studio/18/Community/Common7/IDE/VC/vcpackages/xlc.exe"
      - "D:/WaterSurfaceRendererScratch/vcpkg_installed/x64-windows/debug/Microsoft Visual Studio/18/Community/Common7/IDE/VC/vcpackages/xlc"
      - "D:/WaterSurfaceRendererScratch/vcpkg_installed/x64-windows/debug/Microsoft Visual Studio/18/Community/Common7/IDE/VC/vcpackages/icx.com"
      - "D:/WaterSurfaceRendererScratch/vcpkg_installed/x64-windows/debug/Microsoft Visual Studio/18/Community/Common7/IDE/VC/vcpackages/icx.exe"
      - "D:/WaterSurfaceRendererScratch/vcpkg_installed/x64-windows/debug/Microsoft Visual Studio/18/Community/Common7/IDE/VC/vcpackages/icx"
      - "D:/WaterSurfaceRendererScratch/vcpkg_installed/x64-windows/debug/Microsoft Visual Studio/18/Community/Common7/IDE/VC/vcpackages/clang.com"
      - "D:/WaterSurfaceRendererScratch/vcpkg_installed/x64-windows/debug/Microsoft Visual Studio/18/Community/Common7/IDE/VC/vcpackages/clang.exe"
      - "D:/WaterSurfaceRendererScratch/vcpkg_installed/x64-windows/debug/Microsoft Visual Studio/18/Community/Common7/IDE/VC/vcpackages/clang"
      - "D:/WaterSurfaceRendererScratch/vcpkg_installed/x64-windows/debug/Microsoft Visual Studio/18/Community/Common7/IDE/CommonExtensions/Microsoft/TestWindow/cc.com"
      - "D:/WaterSurfaceRendererScratch/vcpkg_installed/x64-windows/debug/Microsoft Visual Studio/18/Community/Common7/IDE/CommonExtensions/Microsoft/TestWindow/cc.exe"
      - "D:/WaterSurfaceRendererScratch/vcpkg_installed/x64-windows/debug/Microsoft Visual Studio/18/Community/Common7/IDE/CommonExtensions/Microsoft/TestWindow/cc"
      - "D:/WaterSurfaceRendererScratch/vcpkg_installed/x64-windows/debug/Microsoft Visual Studio/18/Community/Common7/IDE/CommonExtensions/Microsoft/TestWindow/gcc.com"
      - "D:/WaterSurfaceRendererScratch/vcpkg_installed/x64-windows/debug/Microsoft Visual Studio/18/Community/Common7/IDE/CommonExtensions/Microsoft/TestWindow/gcc.exe"
      - "D:/WaterSurfaceRendererScratch/vcpkg_installed/x64-windows/debug/Microsoft Visual Studio/18/Community/Common7/IDE/CommonExtensions/Microsoft/TestWindow/gcc"
      - "D:/WaterSurfaceRendererScratch/vcpkg_installed/x64-windows/debug/Microsoft Visual Studio/18/Community/Common7/IDE/CommonExtensions/Microsoft/TestWindow/cl.com"
      - "D:/WaterSurfaceRendererScratch/vcpkg_installed/x64-windows/debug/Microsoft Visual Studio/18/Community/Common7/IDE/CommonExtensions/Microsoft/TestWindow/cl.exe"
      - "D:/WaterSurfaceRendererScratch/vcpkg_installed/x64-windows/debug/Microsoft Visual Studio/18/Community/Common7/IDE/CommonExtensions/Microsoft/TestWindow/cl"
      - "D:/WaterSurfaceRendererScratch/vcpkg_installed/x64-windows/debug/Microsoft Visual Studio/18/Community/Common7/IDE/CommonExtensions/Microsoft/TestWindow/bcc.com"
      - "D:/WaterSurfaceRendererScratch/vcpkg_installed/x64-windows/debug/Microsoft Visual Studio/18/Community/Common7/IDE/CommonExtensions/Microsoft/TestWindow/bcc.exe"
      - "D:/WaterSurfaceRendererScratch/vcpkg_installed/x64-windows/debug/Microsoft Visual Studio/18/Community/Common7/IDE/CommonExtensions/Microsoft/TestWindow/bcc"
      - "D:/WaterSurfaceRendererScratch/vcpkg_installed/x64-windows/debug/Microsoft Visual Studio/18/Community/Common7/IDE/CommonExtensions/Microsoft/TestWindow/xlc.com"
      - "D:/WaterSurfaceRendererScratch/vcpkg_installed/x64-windows/debug/Microsoft Visual Studio/18/Community/Common7/IDE/CommonExtensions/Microsoft/TestWindow/xlc.exe"
      - "D:/WaterSurfaceRendererScratch/vcpkg_installed/x64-windows/debug/Microsoft Visual Studio/18/Community/Common7/IDE/CommonExtensions/Microsoft/TestWindow/xlc"
      - "D:/WaterSurfaceRendererScratch/vcpkg_installed/x64-windows/debug/Microsoft Visual Studio/18/Community/Common7/IDE/CommonExtensions/Microsoft/TestWindow/icx.com"
      - "D:/WaterSurfaceRendererScratch/vcpkg_installed/x64-windows/debug/Microsoft Visual Studio/18/Community/Common7/IDE/CommonExtensions/Microsoft/TestWindow/icx.exe"
      - "D:/WaterSurfaceRendererScratch/vcpkg_installed/x64-windows/debug/Microsoft Visual Studio/18/Community/Common7/IDE/CommonExtensions/Microsoft/TestWindow/icx"
      - "D:/WaterSurfaceRendererScratch/vcpkg_installed/x64-windows/debug/Microsoft Visual Studio/18/Community/Common7/IDE/CommonExtensions/Microsoft/TestWindow/clang.com"
      - "D:/WaterSurfaceRendererScratch/vcpkg_installed/x64-windows/debug/Microsoft Visual Studio/18/Community/Common7/IDE/CommonExtensions/Microsoft/TestWindow/clang.exe"
      - "D:/WaterSurfaceRendererScratch/vcpkg_installed/x64-windows/debug/Microsoft Visual Studio/18/Community/Common7/IDE/CommonExtensions/Microsoft/TestWindow/clang"
      - "D:/WaterSurfaceRendererScratch/vcpkg_installed/x64-windows/debug/Microsoft Visual Studio/18/Community/Common7/IDE/CommonExtensions/Microsoft/TeamFoundation/Team Explorer/cc.com"
      - "D:/WaterSurfaceRendererScratch/vcpkg_installed/x64-windows/debug/Microsoft Visual Studio/18/Community/Common7/IDE/CommonExtensions/Microsoft/TeamFoundation/Team Explorer/cc.exe"
      - "D:/WaterSurfaceRendererScratch/vcpkg_installed/x64-windows/debug/Microsoft Visual Studio/18/Community/Common7/IDE/CommonExtensions/Microsoft/TeamFoundation/Team Explorer/cc"
      - "D:/WaterSurfaceRendererScratch/vcpkg_installed/x64-windows/debug/Microsoft Visual Studio/18/Community/Common7/IDE/CommonExtensions/Microsoft/TeamFoundation/Team Explorer/gcc.com"
      - "D:/WaterSurfaceRendererScratch/vcpkg_installed/x64-windows/debug/Microsoft Visual Studio/18/Community/Common7/IDE/CommonExtensions/Microsoft/TeamFoundation/Team Explorer/gcc.exe"
      - "D:/WaterSurfaceRendererScratch/vcpkg_installed/x64-windows/debug/Microsoft Visual Studio/18/Community/Common7/IDE/CommonExtensions/Microsoft/TeamFoundation/Team Explorer/gcc"
      - "D:/WaterSurfaceRendererScratch/vcpkg_installed/x64-windows/debug/Microsoft Visual Studio/18/Community/Common7/IDE/CommonExtensions/Microsoft/TeamFoundation/Team Explorer/cl.com"
      - "D:/WaterSurfaceRendererScratch/vcpkg_installed/x64-windows/debug/Microsoft Visual Studio/18/Community/Common7/IDE/CommonExtensions/Microsoft/TeamFoundation/Team Explorer/cl.exe"
      - "D:/WaterSurfaceRendererScratch/vcpkg_installed/x64-windows/debug/Microsoft Visual Studio/18/Community/Common7/IDE/CommonExtensions/Microsoft/TeamFoundation/Team Explorer/cl"
      - "D:/WaterSurfaceRendererScratch/vcpkg_installed/x64-windows/debug/Microsoft Visual Studio/18/Community/Common7/IDE/CommonExtensions/Microsoft/TeamFoundation/Team Explorer/bcc.com"
      - "D:/WaterSurfaceRendererScratch/vcpkg_installed/x64-windows/debug/Microsoft Visual Studio/18/Community/Common7/IDE/CommonExtensions/Microsoft/TeamFoundation/Team Explorer/bcc.exe"
      - "D:/WaterSurfaceRendererScratch/vcpkg_installed/x64-windows/debug/Microsoft Visual Studio/18/Community/Common7/IDE/CommonExtensions/Microsoft/TeamFoundation/Team Explorer/bcc"
      - "D:/WaterSurfaceRendererScratch/vcpkg_installed/x64-windows/debug/Microsoft Visual Studio/18/Community/Common7/IDE/CommonExtensions/Microsoft/TeamFoundation/Team Explorer/xlc.com"
      - "D:/WaterSurfaceRendererScratch/vcpkg_installed/x64-windows/debug/Microsoft Visual Studio/18/Community/Common7/IDE/CommonExtensions/Microsoft/TeamFoundation/Team Explorer/xlc.exe"
      - "D:/WaterSurfaceRendererScratch/vcpkg_installed/x64-windows/debug/Microsoft Visual Studio/18/Community/Common7/IDE/CommonExtensions/Microsoft/TeamFoundation/Team Explorer/xlc"
      - "D:/WaterSurfaceRendererScratch/vcpkg_installed/x64-windows/debug/Microsoft Visual Studio/18/Community/Common7/IDE/CommonExtensions/Microsoft/TeamFoundation/Team Explorer/icx.com"
      - "D:/WaterSurfaceRendererScratch/vcpkg_installed/x64-windows/debug/Microsoft Visual Studio/18/Community/Common7/IDE/CommonExtensions/Microsoft/TeamFoundation/Team Explorer/icx.exe"
      - "D:/WaterSurfaceRendererScratch/vcpkg_installed/x64-windows/debug/Microsoft Visual Studio/18/Community/Common7/IDE/CommonExtensions/Microsoft/TeamFoundation/Team Explorer/icx"
      - "D:/WaterSurfaceRendererScratch/vcpkg_installed/x64-windows/debug/Microsoft Visual Studio/18/Community/Common7/IDE/CommonExtensions/Microsoft/TeamFoundation/Team Explorer/clang.com"
      - "D:/WaterSurfaceRendererScratch/vcpkg_installed/x64-windows/debug/Microsoft Visual Studio/18/Community/Common7/IDE/CommonExtensions/Microsoft/TeamFoundation/Team Explorer/clang.exe"
      - "D:/WaterSurfaceRendererScratch/vcpkg_installed/x64-windows/debug/Microsoft Visual Studio/18/Community/Common7/IDE/CommonExtensions/Microsoft/TeamFoundation/Team Explorer/clang"
      - "D:/WaterSurfaceRendererScratch/vcpkg_installed/x64-windows/debug/Microsoft Visual Studio/18/Community/MSBuild/Current/Bin/Roslyn/cc.com"
      - "D:/WaterSurfaceRendererScratch/vcpkg_installed/x64-windows/debug/Microsoft Visual Studio/18/Community/MSBuild/Current/Bin/Roslyn/cc.exe"
      - "D:/WaterSurfaceRendererScratch/vcpkg_installed/x64-windows/debug/Microsoft Visual Studio/18/Community/MSBuild/Current/Bin/Roslyn/cc"
      - "D:/WaterSurfaceRendererScratch/vcpkg_installed/x64-windows/debug/Microsoft Visual Studio/18/Community/MSBuild/Current/Bin/Roslyn/gcc.com"
      - "D:/WaterSurfaceRendererScratch/vcpkg_installed/x64-windows/debug/Microsoft Visual Studio/18/Community/MSBuild/Current/Bin/Roslyn/gcc.exe"
      - "D:/WaterSurfaceRendererScratch/vcpkg_installed/x64-windows/debug/Microsoft Visual Studio/18/Community/MSBuild/Current/Bin/Roslyn/gcc"
      - "D:/WaterSurfaceRendererScratch/vcpkg_installed/x64-windows/debug/Microsoft Visual Studio/18/Community/MSBuild/Current/Bin/Roslyn/cl.com"
      - "D:/WaterSurfaceRendererScratch/vcpkg_installed/x64-windows/debug/Microsoft Visual Studio/18/Community/MSBuild/Current/Bin/Roslyn/cl.exe"
      - "D:/WaterSurfaceRendererScratch/vcpkg_installed/x64-windows/debug/Microsoft Visual Studio/18/Community/MSBuild/Current/Bin/Roslyn/cl"
      - "D:/WaterSurfaceRendererScratch/vcpkg_installed/x64-windows/debug/Microsoft Visual Studio/18/Community/MSBuild/Current/Bin/Roslyn/bcc.com"
      - "D:/WaterSurfaceRendererScratch/vcpkg_installed/x64-windows/debug/Microsoft Visual Studio/18/Community/MSBuild/Current/Bin/Roslyn/bcc.exe"
      - "D:/WaterSurfaceRendererScratch/vcpkg_installed/x64-windows/debug/Microsoft Visual Studio/18/Community/MSBuild/Current/Bin/Roslyn/bcc"
      - "D:/WaterSurfaceRendererScratch/vcpkg_installed/x64-windows/debug/Microsoft Visual Studio/18/Community/MSBuild/Current/Bin/Roslyn/xlc.com"
      - "D:/WaterSurfaceRendererScratch/vcpkg_installed/x64-windows/debug/Microsoft Visual Studio/18/Community/MSBuild/Current/Bin/Roslyn/xlc.exe"
      - "D:/WaterSurfaceRendererScratch/vcpkg_installed/x64-windows/debug/Microsoft Visual Studio/18/Community/MSBuild/Current/Bin/Roslyn/xlc"
      - "D:/WaterSurfaceRendererScratch/vcpkg_installed/x64-windows/debug/Microsoft Visual Studio/18/Community/MSBuild/Current/Bin/Roslyn/icx.com"
      - "D:/WaterSurfaceRendererScratch/vcpkg_installed/x64-windows/debug/Microsoft Visual Studio/18/Community/MSBuild/Current/Bin/Roslyn/icx.exe"
      - "D:/WaterSurfaceRendererScratch/vcpkg_installed/x64-windows/debug/Microsoft Visual Studio/18/Community/MSBuild/Current/Bin/Roslyn/icx"
      - "D:/WaterSurfaceRendererScratch/vcpkg_installed/x64-windows/debug/Microsoft Visual Studio/18/Community/MSBuild/Current/Bin/Roslyn/clang.com"
      - "D:/WaterSurfaceRendererScratch/vcpkg_installed/x64-windows/debug/Microsoft Visual Studio/18/Community/MSBuild/Current/Bin/Roslyn/clang.exe"
      - "D:/WaterSurfaceRendererScratch/vcpkg_installed/x64-windows/debug/Microsoft Visual Studio/18/Community/MSBuild/Current/Bin/Roslyn/clang"
      - "D:/WaterSurfaceRendererScratch/vcpkg_installed/x64-windows/debug/Program Files (x86)/Microsoft SDKs/Windows/v10.0A/bin/NETFX 4.8 Tools/x64/cc.com"
      - "D:/WaterSurfaceRendererScratch/vcpkg_installed/x64-windows/debug/Program Files (x86)/Microsoft SDKs/Windows/v10.0A/bin/NETFX 4.8 Tools/x64/cc.exe"
      - "D:/WaterSurfaceRendererScratch/vcpkg_installed/x64-windows/debug/Program Files (x86)/Microsoft SDKs/Windows/v10.0A/bin/NETFX 4.8 Tools/x64/cc"
      - "D:/WaterSurfaceRendererScratch/vcpkg_installed/x64-windows/debug/Program Files (x86)/Microsoft SDKs/Windows/v10.0A/bin/NETFX 4.8 Tools/x64/gcc.com"
      - "D:/WaterSurfaceRendererScratch/vcpkg_installed/x64-windows/debug/Program Files (x86)/Microsoft SDKs/Windows/v10.0A/bin/NETFX 4.8 Tools/x64/gcc.exe"
      - "D:/WaterSurfaceRendererScratch/vcpkg_installed/x64-windows/debug/Program Files (x86)/Microsoft SDKs/Windows/v10.0A/bin/NETFX 4.8 Tools/x64/gcc"
      - "D:/WaterSurfaceRendererScratch/vcpkg_installed/x64-windows/debug/Program Files (x86)/Microsoft SDKs/Windows/v10.0A/bin/NETFX 4.8 Tools/x64/cl.com"
      - "D:/WaterSurfaceRendererScratch/vcpkg_installed/x64-windows/debug/Program Files (x86)/Microsoft SDKs/Windows/v10.0A/bin/NETFX 4.8 Tools/x64/cl.exe"
      - "D:/WaterSurfaceRendererScratch/vcpkg_installed/x64-windows/debug/Program Files (x86)/Microsoft SDKs/Windows/v10.0A/bin/NETFX 4.8 Tools/x64/cl"
      - "D:/WaterSurfaceRendererScratch/vcpkg_installed/x64-windows/debug/Program Files (x86)/Microsoft SDKs/Windows/v10.0A/bin/NETFX 4.8 Tools/x64/bcc.com"
      - "D:/WaterSurfaceRendererScratch/vcpkg_installed/x64-windows/debug/Program Files (x86)/Microsoft SDKs/Windows/v10.0A/bin/NETFX 4.8 Tools/x64/bcc.exe"
      - "D:/WaterSurfaceRendererScratch/vcpkg_installed/x64-windows/debug/Program Files (x86)/Microsoft SDKs/Windows/v10.0A/bin/NETFX 4.8 Tools/x64/bcc"
      - "D:/WaterSurfaceRendererScratch/vcpkg_installed/x64-windows/debug/Program Files (x86)/Microsoft SDKs/Windows/v10.0A/bin/NETFX 4.8 Tools/x64/xlc.com"
      - "D:/WaterSurfaceRendererScratch/vcpkg_installed/x64-windows/debug/Program Files (x86)/Microsoft SDKs/Windows/v10.0A/bin/NETFX 4.8 Tools/x64/xlc.exe"
      - "D:/WaterSurfaceRendererScratch/vcpkg_installed/x64-windows/debug/Program Files (x86)/Microsoft SDKs/Windows/v10.0A/bin/NETFX 4.8 Tools/x64/xlc"
      - "D:/WaterSurfaceRendererScratch/vcpkg_installed/x64-windows/debug/Program Files (x86)/Microsoft SDKs/Windows/v10.0A/bin/NETFX 4.8 Tools/x64/icx.com"
      - "D:/WaterSurfaceRendererScratch/vcpkg_installed/x64-windows/debug/Program Files (x86)/Microsoft SDKs/Windows/v10.0A/bin/NETFX 4.8 Tools/x64/icx.exe"
      - "D:/WaterSurfaceRendererScratch/vcpkg_installed/x64-windows/debug/Program Files (x86)/Microsoft SDKs/Windows/v10.0A/bin/NETFX 4.8 Tools/x64/icx"
      - "D:/WaterSurfaceRendererScratch/vcpkg_installed/x64-windows/debug/Program Files (x86)/Microsoft SDKs/Windows/v10.0A/bin/NETFX 4.8 Tools/x64/clang.com"
      - "D:/WaterSurfaceRendererScratch/vcpkg_installed/x64-windows/debug/Program Files (x86)/Microsoft SDKs/Windows/v10.0A/bin/NETFX 4.8 Tools/x64/clang.exe"
      - "D:/WaterSurfaceRendererScratch/vcpkg_installed/x64-windows/debug/Program Files (x86)/Microsoft SDKs/Windows/v10.0A/bin/NETFX 4.8 Tools/x64/clang"
      - "D:/WaterSurfaceRendererScratch/vcpkg_installed/x64-windows/debug/Microsoft Visual Studio/18/Community/Team Tools/DiagnosticsHub/Collector/cc.com"
      - "D:/WaterSurfaceRendererScratch/vcpkg_installed/x64-windows/debug/Microsoft Visual Studio/18/Community/Team Tools/DiagnosticsHub/Collector/cc.exe"
      - "D:/WaterSurfaceRendererScratch/vcpkg_installed/x64-windows/debug/Microsoft Visual Studio/18/Community/Team Tools/DiagnosticsHub/Collector/cc"
      - "D:/WaterSurfaceRendererScratch/vcpkg_installed/x64-windows/debug/Microsoft Visual Studio/18/Community/Team Tools/DiagnosticsHub/Collector/gcc.com"
      - "D:/WaterSurfaceRendererScratch/vcpkg_installed/x64-windows/debug/Microsoft Visual Studio/18/Community/Team Tools/DiagnosticsHub/Collector/gcc.exe"
      - "D:/WaterSurfaceRendererScratch/vcpkg_installed/x64-windows/debug/Microsoft Visual Studio/18/Community/Team Tools/DiagnosticsHub/Collector/gcc"
      - "D:/WaterSurfaceRendererScratch/vcpkg_installed/x64-windows/debug/Microsoft Visual Studio/18/Community/Team Tools/DiagnosticsHub/Collector/cl.com"
      - "D:/WaterSurfaceRendererScratch/vcpkg_installed/x64-windows/debug/Microsoft Visual Studio/18/Community/Team Tools/DiagnosticsHub/Collector/cl.exe"
      - "D:/WaterSurfaceRendererScratch/vcpkg_installed/x64-windows/debug/Microsoft Visual Studio/18/Community/Team Tools/DiagnosticsHub/Collector/cl"
      - "D:/WaterSurfaceRendererScratch/vcpkg_installed/x64-windows/debug/Microsoft Visual Studio/18/Community/Team Tools/DiagnosticsHub/Collector/bcc.com"
      - "D:/WaterSurfaceRendererScratch/vcpkg_installed/x64-windows/debug/Microsoft Visual Studio/18/Community/Team Tools/DiagnosticsHub/Collector/bcc.exe"
      - "D:/WaterSurfaceRendererScratch/vcpkg_installed/x64-windows/debug/Microsoft Visual Studio/18/Community/Team Tools/DiagnosticsHub/Collector/bcc"
      - "D:/WaterSurfaceRendererScratch/vcpkg_installed/x64-windows/debug/Microsoft Visual Studio/18/Community/Team Tools/DiagnosticsHub/Collector/xlc.com"
      - "D:/WaterSurfaceRendererScratch/vcpkg_installed/x64-windows/debug/Microsoft Visual Studio/18/Community/Team Tools/DiagnosticsHub/Collector/xlc.exe"
      - "D:/WaterSurfaceRendererScratch/vcpkg_installed/x64-windows/debug/Microsoft Visual Studio/18/Community/Team Tools/DiagnosticsHub/Collector/xlc"
      - "D:/WaterSurfaceRendererScratch/vcpkg_installed/x64-windows/debug/Microsoft Visual Studio/18/Community/Team Tools/DiagnosticsHub/Collector/icx.com"
      - "D:/WaterSurfaceRendererScratch/vcpkg_installed/x64-windows/debug/Microsoft Visual Studio/18/Community/Team Tools/DiagnosticsHub/Collector/icx.exe"
      - "D:/WaterSurfaceRendererScratch/vcpkg_installed/x64-windows/debug/Microsoft Visual Studio/18/Community/Team Tools/DiagnosticsHub/Collector/icx"
      - "D:/WaterSurfaceRendererScratch/vcpkg_installed/x64-windows/debug/Microsoft Visual Studio/18/Community/Team Tools/DiagnosticsHub/Collector/clang.com"
      - "D:/WaterSurfaceRendererScratch/vcpkg_installed/x64-windows/debug/Microsoft Visual Studio/18/Community/Team Tools/DiagnosticsHub/Collector/clang.exe"
      - "D:/WaterSurfaceRendererScratch/vcpkg_installed/x64-windows/debug/Microsoft Visual Studio/18/Community/Team Tools/DiagnosticsHub/Collector/clang"
      - "D:/WaterSurfaceRendererScratch/vcpkg_installed/x64-windows/debug/Microsoft Visual Studio/18/Community/Common7/IDE/Extensions/Microsoft/CodeCoverage.Console/cc.com"
      - "D:/WaterSurfaceRendererScratch/vcpkg_installed/x64-windows/debug/Microsoft Visual Studio/18/Community/Common7/IDE/Extensions/Microsoft/CodeCoverage.Console/cc.exe"
      - "D:/WaterSurfaceRendererScratch/vcpkg_installed/x64-windows/debug/Microsoft Visual Studio/18/Community/Common7/IDE/Extensions/Microsoft/CodeCoverage.Console/cc"
      - "D:/WaterSurfaceRendererScratch/vcpkg_installed/x64-windows/debug/Microsoft Visual Studio/18/Community/Common7/IDE/Extensions/Microsoft/CodeCoverage.Console/gcc.com"
      - "D:/WaterSurfaceRendererScratch/vcpkg_installed/x64-windows/debug/Microsoft Visual Studio/18/Community/Common7/IDE/Extensions/Microsoft/CodeCoverage.Console/gcc.exe"
      - "D:/WaterSurfaceRendererScratch/vcpkg_installed/x64-windows/debug/Microsoft Visual Studio/18/Community/Common7/IDE/Extensions/Microsoft/CodeCoverage.Console/gcc"
      - "D:/WaterSurfaceRendererScratch/vcpkg_installed/x64-windows/debug/Microsoft Visual Studio/18/Community/Common7/IDE/Extensions/Microsoft/CodeCoverage.Console/cl.com"
      - "D:/WaterSurfaceRendererScratch/vcpkg_installed/x64-windows/debug/Microsoft Visual Studio/18/Community/Common7/IDE/Extensions/Microsoft/CodeCoverage.Console/cl.exe"
      - "D:/WaterSurfaceRendererScratch/vcpkg_installed/x64-windows/debug/Microsoft Visual Studio/18/Community/Common7/IDE/Extensions/Microsoft/CodeCoverage.Console/cl"
      - "D:/WaterSurfaceRendererScratch/vcpkg_installed/x64-windows/debug/Microsoft Visual Studio/18/Community/Common7/IDE/Extensions/Microsoft/CodeCoverage.Console/bcc.com"
      - "D:/WaterSurfaceRendererScratch/vcpkg_installed/x64-windows/debug/Microsoft Visual Studio/18/Community/Common7/IDE/Extensions/Microsoft/CodeCoverage.Console/bcc.exe"
      - "D:/WaterSurfaceRendererScratch/vcpkg_installed/x64-windows/debug/Microsoft Visual Studio/18/Community/Common7/IDE/Extensions/Microsoft/CodeCoverage.Console/bcc"
      - "D:/WaterSurfaceRendererScratch/vcpkg_installed/x64-windows/debug/Microsoft Visual Studio/18/Community/Common7/IDE/Extensions/Microsoft/CodeCoverage.Console/xlc.com"
      - "D:/WaterSurfaceRendererScratch/vcpkg_installed/x64-windows/debug/Microsoft Visual Studio/18/Community/Common7/IDE/Extensions/Microsoft/CodeCoverage.Console/xlc.exe"
      - "D:/WaterSurfaceRendererScratch/vcpkg_installed/x64-windows/debug/Microsoft Visual Studio/18/Community/Common7/IDE/Extensions/Microsoft/CodeCoverage.Console/xlc"
      - "D:/WaterSurfaceRendererScratch/vcpkg_installed/x64-windows/debug/Microsoft Visual Studio/18/Community/Common7/IDE/Extensions/Microsoft/CodeCoverage.Console/icx.com"
      - "D:/WaterSurfaceRendererScratch/vcpkg_installed/x64-windows/debug/Microsoft Visual Studio/18/Community/Common7/IDE/Extensions/Microsoft/CodeCoverage.Console/icx.exe"
      - "D:/WaterSurfaceRendererScratch/vcpkg_installed/x64-windows/debug/Microsoft Visual Studio/18/Community/Common7/IDE/Extensions/Microsoft/CodeCoverage.Console/icx"
      - "D:/WaterSurfaceRendererScratch/vcpkg_installed/x64-windows/debug/Microsoft Visual Studio/18/Community/Common7/IDE/Extensions/Microsoft/CodeCoverage.Console/clang.com"
      - "D:/WaterSurfaceRendererScratch/vcpkg_installed/x64-windows/debug/Microsoft Visual Studio/18/Community/Common7/IDE/Extensions/Microsoft/CodeCoverage.Console/clang.exe"
      - "D:/WaterSurfaceRendererScratch/vcpkg_installed/x64-windows/debug/Microsoft Visual Studio/18/Community/Common7/IDE/Extensions/Microsoft/CodeCoverage.Console/clang"
      - "D:/WaterSurfaceRendererScratch/vcpkg_installed/x64-windows/debug/Program Files (x86)/Windows Kits/10/bin/10.0.26100.0/x64/cc.com"
      - "D:/WaterSurfaceRendererScratch/vcpkg_installed/x64-windows/debug/Program Files (x86)/Windows Kits/10/bin/10.0.26100.0/x64/cc.exe"
      - "D:/WaterSurfaceRendererScratch/vcpkg_installed/x64-windows/debug/Program Files (x86)/Windows Kits/10/bin/10.0.26100.0/x64/cc"
      - "D:/WaterSurfaceRendererScratch/vcpkg_installed/x64-windows/debug/Program Files (x86)/Windows Kits/10/bin/10.0.26100.0/x64/gcc.com"
      - "D:/WaterSurfaceRendererScratch/vcpkg_installed/x64-windows/debug/Program Files (x86)/Windows Kits/10/bin/10.0.26100.0/x64/gcc.exe"
      - "D:/WaterSurfaceRendererScratch/vcpkg_installed/x64-windows/debug/Program Files (x86)/Windows Kits/10/bin/10.0.26100.0/x64/gcc"
      - "D:/WaterSurfaceRendererScratch/vcpkg_installed/x64-windows/debug/Program Files (x86)/Windows Kits/10/bin/10.0.26100.0/x64/cl.com"
      - "D:/WaterSurfaceRendererScratch/vcpkg_installed/x64-windows/debug/Program Files (x86)/Windows Kits/10/bin/10.0.26100.0/x64/cl.exe"
      - "D:/WaterSurfaceRendererScratch/vcpkg_installed/x64-windows/debug/Program Files (x86)/Windows Kits/10/bin/10.0.26100.0/x64/cl"
      - "D:/WaterSurfaceRendererScratch/vcpkg_installed/x64-windows/debug/Program Files (x86)/Windows Kits/10/bin/10.0.26100.0/x64/bcc.com"
      - "D:/WaterSurfaceRendererScratch/vcpkg_installed/x64-windows/debug/Program Files (x86)/Windows Kits/10/bin/10.0.26100.0/x64/bcc.exe"
      - "D:/WaterSurfaceRendererScratch/vcpkg_installed/x64-windows/debug/Program Files (x86)/Windows Kits/10/bin/10.0.26100.0/x64/bcc"
      - "D:/WaterSurfaceRendererScratch/vcpkg_installed/x64-windows/debug/Program Files (x86)/Windows Kits/10/bin/10.0.26100.0/x64/xlc.com"
      - "D:/WaterSurfaceRendererScratch/vcpkg_installed/x64-windows/debug/Program Files (x86)/Windows Kits/10/bin/10.0.26100.0/x64/xlc.exe"
      - "D:/WaterSurfaceRendererScratch/vcpkg_installed/x64-windows/debug/Program Files (x86)/Windows Kits/10/bin/10.0.26100.0/x64/xlc"
      - "D:/WaterSurfaceRendererScratch/vcpkg_installed/x64-windows/debug/Program Files (x86)/Windows Kits/10/bin/10.0.26100.0/x64/icx.com"
      - "D:/WaterSurfaceRendererScratch/vcpkg_installed/x64-windows/debug/Program Files (x86)/Windows Kits/10/bin/10.0.26100.0/x64/icx.exe"
      - "D:/WaterSurfaceRendererScratch/vcpkg_installed/x64-windows/debug/Program Files (x86)/Windows Kits/10/bin/10.0.26100.0/x64/icx"
      - "D:/WaterSurfaceRendererScratch/vcpkg_installed/x64-windows/debug/Program Files (x86)/Windows Kits/10/bin/10.0.26100.0/x64/clang.com"
      - "D:/WaterSurfaceRendererScratch/vcpkg_installed/x64-windows/debug/Program Files (x86)/Windows Kits/10/bin/10.0.26100.0/x64/clang.exe"
      - "D:/WaterSurfaceRendererScratch/vcpkg_installed/x64-windows/debug/Program Files (x86)/Windows Kits/10/bin/10.0.26100.0/x64/clang"
      - "D:/WaterSurfaceRendererScratch/vcpkg_installed/x64-windows/debug/Program Files (x86)/Windows Kits/10/bin/x64/cc.com"
      - "D:/WaterSurfaceRendererScratch/vcpkg_installed/x64-windows/debug/Program Files (x86)/Windows Kits/10/bin/x64/cc.exe"
      - "D:/WaterSurfaceRendererScratch/vcpkg_installed/x64-windows/debug/Program Files (x86)/Windows Kits/10/bin/x64/cc"
      - "D:/WaterSurfaceRendererScratch/vcpkg_installed/x64-windows/debug/Program Files (x86)/Windows Kits/10/bin/x64/gcc.com"
      - "D:/WaterSurfaceRendererScratch/vcpkg_installed/x64-windows/debug/Program Files (x86)/Windows Kits/10/bin/x64/gcc.exe"
      - "D:/WaterSurfaceRendererScratch/vcpkg_installed/x64-windows/debug/Program Files (x86)/Windows Kits/10/bin/x64/gcc"
      - "D:/WaterSurfaceRendererScratch/vcpkg_installed/x64-windows/debug/Program Files (x86)/Windows Kits/10/bin/x64/cl.com"
      - "D:/WaterSurfaceRendererScratch/vcpkg_installed/x64-windows/debug/Program Files (x86)/Windows Kits/10/bin/x64/cl.exe"
      - "D:/WaterSurfaceRendererScratch/vcpkg_installed/x64-windows/debug/Program Files (x86)/Windows Kits/10/bin/x64/cl"
      - "D:/WaterSurfaceRendererScratch/vcpkg_installed/x64-windows/debug/Program Files (x86)/Windows Kits/10/bin/x64/bcc.com"
      - "D:/WaterSurfaceRendererScratch/vcpkg_installed/x64-windows/debug/Program Files (x86)/Windows Kits/10/bin/x64/bcc.exe"
      - "D:/WaterSurfaceRendererScratch/vcpkg_installed/x64-windows/debug/Program Files (x86)/Windows Kits/10/bin/x64/bcc"
      - "D:/WaterSurfaceRendererScratch/vcpkg_installed/x64-windows/debug/Program Files (x86)/Windows Kits/10/bin/x64/xlc.com"
      - "D:/WaterSurfaceRendererScratch/vcpkg_installed/x64-windows/debug/Program Files (x86)/Windows Kits/10/bin/x64/xlc.exe"
      - "D:/WaterSurfaceRendererScratch/vcpkg_installed/x64-windows/debug/Program Files (x86)/Windows Kits/10/bin/x64/xlc"
      - "D:/WaterSurfaceRendererScratch/vcpkg_installed/x64-windows/debug/Program Files (x86)/Windows Kits/10/bin/x64/icx.com"
      - "D:/WaterSurfaceRendererScratch/vcpkg_installed/x64-windows/debug/Program Files (x86)/Windows Kits/10/bin/x64/icx.exe"
      - "D:/WaterSurfaceRendererScratch/vcpkg_installed/x64-windows/debug/Program Files (x86)/Windows Kits/10/bin/x64/icx"
      - "D:/WaterSurfaceRendererScratch/vcpkg_installed/x64-windows/debug/Program Files (x86)/Windows Kits/10/bin/x64/clang.com"
      - "D:/WaterSurfaceRendererScratch/vcpkg_installed/x64-windows/debug/Program Files (x86)/Windows Kits/10/bin/x64/clang.exe"
      - "D:/WaterSurfaceRendererScratch/vcpkg_installed/x64-windows/debug/Program Files (x86)/Windows Kits/10/bin/x64/clang"
      - "D:/WaterSurfaceRendererScratch/vcpkg_installed/x64-windows/debug/Microsoft Visual Studio/18/Community/MSBuild/Current/Bin/amd64/cc.com"
      - "D:/WaterSurfaceRendererScratch/vcpkg_installed/x64-windows/debug/Microsoft Visual Studio/18/Community/MSBuild/Current/Bin/amd64/cc.exe"
      - "D:/WaterSurfaceRendererScratch/vcpkg_installed/x64-windows/debug/Microsoft Visual Studio/18/Community/MSBuild/Current/Bin/amd64/cc"
      - "D:/WaterSurfaceRendererScratch/vcpkg_installed/x64-windows/debug/Microsoft Visual Studio/18/Community/MSBuild/Current/Bin/amd64/gcc.com"
      - "D:/WaterSurfaceRendererScratch/vcpkg_installed/x64-windows/debug/Microsoft Visual Studio/18/Community/MSBuild/Current/Bin/amd64/gcc.exe"
      - "D:/WaterSurfaceRendererScratch/vcpkg_installed/x64-windows/debug/Microsoft Visual Studio/18/Community/MSBuild/Current/Bin/amd64/gcc"
      - "D:/WaterSurfaceRendererScratch/vcpkg_installed/x64-windows/debug/Microsoft Visual Studio/18/Community/MSBuild/Current/Bin/amd64/cl.com"
      - "D:/WaterSurfaceRendererScratch/vcpkg_installed/x64-windows/debug/Microsoft Visual Studio/18/Community/MSBuild/Current/Bin/amd64/cl.exe"
      - "D:/WaterSurfaceRendererScratch/vcpkg_installed/x64-windows/debug/Microsoft Visual Studio/18/Community/MSBuild/Current/Bin/amd64/cl"
      - "D:/WaterSurfaceRendererScratch/vcpkg_installed/x64-windows/debug/Microsoft Visual Studio/18/Community/MSBuild/Current/Bin/amd64/bcc.com"
      - "D:/WaterSurfaceRendererScratch/vcpkg_installed/x64-windows/debug/Microsoft Visual Studio/18/Community/MSBuild/Current/Bin/amd64/bcc.exe"
      - "D:/WaterSurfaceRendererScratch/vcpkg_installed/x64-windows/debug/Microsoft Visual Studio/18/Community/MSBuild/Current/Bin/amd64/bcc"
      - "D:/WaterSurfaceRendererScratch/vcpkg_installed/x64-windows/debug/Microsoft Visual Studio/18/Community/MSBuild/Current/Bin/amd64/xlc.com"
      - "D:/WaterSurfaceRendererScratch/vcpkg_installed/x64-windows/debug/Microsoft Visual Studio/18/Community/MSBuild/Current/Bin/amd64/xlc.exe"
      - "D:/WaterSurfaceRendererScratch/vcpkg_installed/x64-windows/debug/Microsoft Visual Studio/18/Community/MSBuild/Current/Bin/amd64/xlc"
      - "D:/WaterSurfaceRendererScratch/vcpkg_installed/x64-windows/debug/Microsoft Visual Studio/18/Community/MSBuild/Current/Bin/amd64/icx.com"
      - "D:/WaterSurfaceRendererScratch/vcpkg_installed/x64-windows/debug/Microsoft Visual Studio/18/Community/MSBuild/Current/Bin/amd64/icx.exe"
      - "D:/WaterSurfaceRendererScratch/vcpkg_installed/x64-windows/debug/Microsoft Visual Studio/18/Community/MSBuild/Current/Bin/amd64/icx"
      - "D:/WaterSurfaceRendererScratch/vcpkg_installed/x64-windows/debug/Microsoft Visual Studio/18/Community/MSBuild/Current/Bin/amd64/clang.com"
      - "D:/WaterSurfaceRendererScratch/vcpkg_installed/x64-windows/debug/Microsoft Visual Studio/18/Community/MSBuild/Current/Bin/amd64/clang.exe"
      - "D:/WaterSurfaceRendererScratch/vcpkg_installed/x64-windows/debug/Microsoft Visual Studio/18/Community/MSBuild/Current/Bin/amd64/clang"
      - "D:/WaterSurfaceRendererScratch/vcpkg_installed/x64-windows/debug/Windows/Microsoft.NET/Framework64/v4.0.30319/cc.com"
      - "D:/WaterSurfaceRendererScratch/vcpkg_installed/x64-windows/debug/Windows/Microsoft.NET/Framework64/v4.0.30319/cc.exe"
      - "D:/WaterSurfaceRendererScratch/vcpkg_installed/x64-windows/debug/Windows/Microsoft.NET/Framework64/v4.0.30319/cc"
      - "D:/WaterSurfaceRendererScratch/vcpkg_installed/x64-windows/debug/Windows/Microsoft.NET/Framework64/v4.0.30319/gcc.com"
      - "D:/WaterSurfaceRendererScratch/vcpkg_installed/x64-windows/debug/Windows/Microsoft.NET/Framework64/v4.0.30319/gcc.exe"
      - "D:/WaterSurfaceRendererScratch/vcpkg_installed/x64-windows/debug/Windows/Microsoft.NET/Framework64/v4.0.30319/gcc"
      - "D:/WaterSurfaceRendererScratch/vcpkg_installed/x64-windows/debug/Windows/Microsoft.NET/Framework64/v4.0.30319/cl.com"
      - "D:/WaterSurfaceRendererScratch/vcpkg_installed/x64-windows/debug/Windows/Microsoft.NET/Framework64/v4.0.30319/cl.exe"
      - "D:/WaterSurfaceRendererScratch/vcpkg_installed/x64-windows/debug/Windows/Microsoft.NET/Framework64/v4.0.30319/cl"
      - "D:/WaterSurfaceRendererScratch/vcpkg_installed/x64-windows/debug/Windows/Microsoft.NET/Framework64/v4.0.30319/bcc.com"
      - "D:/WaterSurfaceRendererScratch/vcpkg_installed/x64-windows/debug/Windows/Microsoft.NET/Framework64/v4.0.30319/bcc.exe"
      - "D:/WaterSurfaceRendererScratch/vcpkg_installed/x64-windows/debug/Windows/Microsoft.NET/Framework64/v4.0.30319/bcc"
      - "D:/WaterSurfaceRendererScratch/vcpkg_installed/x64-windows/debug/Windows/Microsoft.NET/Framework64/v4.0.30319/xlc.com"
      - "D:/WaterSurfaceRendererScratch/vcpkg_installed/x64-windows/debug/Windows/Microsoft.NET/Framework64/v4.0.30319/xlc.exe"
      - "D:/WaterSurfaceRendererScratch/vcpkg_installed/x64-windows/debug/Windows/Microsoft.NET/Framework64/v4.0.30319/xlc"
      - "D:/WaterSurfaceRendererScratch/vcpkg_installed/x64-windows/debug/Windows/Microsoft.NET/Framework64/v4.0.30319/icx.com"
      - "D:/WaterSurfaceRendererScratch/vcpkg_installed/x64-windows/debug/Windows/Microsoft.NET/Framework64/v4.0.30319/icx.exe"
      - "D:/WaterSurfaceRendererScratch/vcpkg_installed/x64-windows/debug/Windows/Microsoft.NET/Framework64/v4.0.30319/icx"
      - "D:/WaterSurfaceRendererScratch/vcpkg_installed/x64-windows/debug/Windows/Microsoft.NET/Framework64/v4.0.30319/clang.com"
      - "D:/WaterSurfaceRendererScratch/vcpkg_installed/x64-windows/debug/Windows/Microsoft.NET/Framework64/v4.0.30319/clang.exe"
      - "D:/WaterSurfaceRendererScratch/vcpkg_installed/x64-windows/debug/Windows/Microsoft.NET/Framework64/v4.0.30319/clang"
      - "D:/WaterSurfaceRendererScratch/vcpkg_installed/x64-windows/debug/Microsoft Visual Studio/18/Community/Common7/IDE/cc.com"
      - "D:/WaterSurfaceRendererScratch/vcpkg_installed/x64-windows/debug/Microsoft Visual Studio/18/Community/Common7/IDE/cc.exe"
      - "D:/WaterSurfaceRendererScratch/vcpkg_installed/x64-windows/debug/Microsoft Visual Studio/18/Community/Common7/IDE/cc"
      - "D:/WaterSurfaceRendererScratch/vcpkg_installed/x64-windows/debug/Microsoft Visual Studio/18/Community/Common7/IDE/gcc.com"
      - "D:/WaterSurfaceRendererScratch/vcpkg_installed/x64-windows/debug/Microsoft Visual Studio/18/Community/Common7/IDE/gcc.exe"
      - "D:/WaterSurfaceRendererScratch/vcpkg_installed/x64-windows/debug/Microsoft Visual Studio/18/Community/Common7/IDE/gcc"
      - "D:/WaterSurfaceRendererScratch/vcpkg_installed/x64-windows/debug/Microsoft Visual Studio/18/Community/Common7/IDE/cl.com"
      - "D:/WaterSurfaceRendererScratch/vcpkg_installed/x64-windows/debug/Microsoft Visual Studio/18/Community/Common7/IDE/cl.exe"
      - "D:/WaterSurfaceRendererScratch/vcpkg_installed/x64-windows/debug/Microsoft Visual Studio/18/Community/Common7/IDE/cl"
      - "D:/WaterSurfaceRendererScratch/vcpkg_installed/x64-windows/debug/Microsoft Visual Studio/18/Community/Common7/IDE/bcc.com"
      - "D:/WaterSurfaceRendererScratch/vcpkg_installed/x64-windows/debug/Microsoft Visual Studio/18/Community/Common7/IDE/bcc.exe"
      - "D:/WaterSurfaceRendererScratch/vcpkg_installed/x64-windows/debug/Microsoft Visual Studio/18/Community/Common7/IDE/bcc"
      - "D:/WaterSurfaceRendererScratch/vcpkg_installed/x64-windows/debug/Microsoft Visual Studio/18/Community/Common7/IDE/xlc.com"
      - "D:/WaterSurfaceRendererScratch/vcpkg_installed/x64-windows/debug/Microsoft Visual Studio/18/Community/Common7/IDE/xlc.exe"
      - "D:/WaterSurfaceRendererScratch/vcpkg_installed/x64-windows/debug/Microsoft Visual Studio/18/Community/Common7/IDE/xlc"
      - "D:/WaterSurfaceRendererScratch/vcpkg_installed/x64-windows/debug/Microsoft Visual Studio/18/Community/Common7/IDE/icx.com"
      - "D:/WaterSurfaceRendererScratch/vcpkg_installed/x64-windows/debug/Microsoft Visual Studio/18/Community/Common7/IDE/icx.exe"
      - "D:/WaterSurfaceRendererScratch/vcpkg_installed/x64-windows/debug/Microsoft Visual Studio/18/Community/Common7/IDE/icx"
      - "D:/WaterSurfaceRendererScratch/vcpkg_installed/x64-windows/debug/Microsoft Visual Studio/18/Community/Common7/IDE/clang.com"
      - "D:/WaterSurfaceRendererScratch/vcpkg_installed/x64-windows/debug/Microsoft Visual Studio/18/Community/Common7/IDE/clang.exe"
      - "D:/WaterSurfaceRendererScratch/vcpkg_installed/x64-windows/debug/Microsoft Visual Studio/18/Community/Common7/IDE/clang"
      - "D:/WaterSurfaceRendererScratch/vcpkg_installed/x64-windows/debug/Microsoft Visual Studio/18/Community/Common7/Tools/cc.com"
      - "D:/WaterSurfaceRendererScratch/vcpkg_installed/x64-windows/debug/Microsoft Visual Studio/18/Community/Common7/Tools/cc.exe"
      - "D:/WaterSurfaceRendererScratch/vcpkg_installed/x64-windows/debug/Microsoft Visual Studio/18/Community/Common7/Tools/cc"
      - "D:/WaterSurfaceRendererScratch/vcpkg_installed/x64-windows/debug/Microsoft Visual Studio/18/Community/Common7/Tools/gcc.com"
      - "D:/WaterSurfaceRendererScratch/vcpkg_installed/x64-windows/debug/Microsoft Visual Studio/18/Community/Common7/Tools/gcc.exe"
      - "D:/WaterSurfaceRendererScratch/vcpkg_installed/x64-windows/debug/Microsoft Visual Studio/18/Community/Common7/Tools/gcc"
      - "D:/WaterSurfaceRendererScratch/vcpkg_installed/x64-windows/debug/Microsoft Visual Studio/18/Community/Common7/Tools/cl.com"
      - "D:/WaterSurfaceRendererScratch/vcpkg_installed/x64-windows/debug/Microsoft Visual Studio/18/Community/Common7/Tools/cl.exe"
      - "D:/WaterSurfaceRendererScratch/vcpkg_installed/x64-windows/debug/Microsoft Visual Studio/18/Community/Common7/Tools/cl"
      - "D:/WaterSurfaceRendererScratch/vcpkg_installed/x64-windows/debug/Microsoft Visual Studio/18/Community/Common7/Tools/bcc.com"
      - "D:/WaterSurfaceRendererScratch/vcpkg_installed/x64-windows/debug/Microsoft Visual Studio/18/Community/Common7/Tools/bcc.exe"
      - "D:/WaterSurfaceRendererScratch/vcpkg_installed/x64-windows/debug/Microsoft Visual Studio/18/Community/Common7/Tools/bcc"
      - "D:/WaterSurfaceRendererScratch/vcpkg_installed/x64-windows/debug/Microsoft Visual Studio/18/Community/Common7/Tools/xlc.com"
      - "D:/WaterSurfaceRendererScratch/vcpkg_installed/x64-windows/debug/Microsoft Visual Studio/18/Community/Common7/Tools/xlc.exe"
      - "D:/WaterSurfaceRendererScratch/vcpkg_installed/x64-windows/debug/Microsoft Visual Studio/18/Community/Common7/Tools/xlc"
      - "D:/WaterSurfaceRendererScratch/vcpkg_installed/x64-windows/debug/Microsoft Visual Studio/18/Community/Common7/Tools/icx.com"
      - "D:/WaterSurfaceRendererScratch/vcpkg_installed/x64-windows/debug/Microsoft Visual Studio/18/Community/Common7/Tools/icx.exe"
      - "D:/WaterSurfaceRendererScratch/vcpkg_installed/x64-windows/debug/Microsoft Visual Studio/18/Community/Common7/Tools/icx"
      - "D:/WaterSurfaceRendererScratch/vcpkg_installed/x64-windows/debug/Microsoft Visual Studio/18/Community/Common7/Tools/clang.com"
      - "D:/WaterSurfaceRendererScratch/vcpkg_installed/x64-windows/debug/Microsoft Visual Studio/18/Community/Common7/Tools/clang.exe"
      - "D:/WaterSurfaceRendererScratch/vcpkg_installed/x64-windows/debug/Microsoft Visual Studio/18/Community/Common7/Tools/clang"
      - "D:/WaterSurfaceRendererScratch/vcpkg_installed/x64-windows/debug/Users/xukeheng/AppData/Local/vcpkg/downloads/tools/powershell-core-7.5.4-windows/cc.com"
      - "D:/WaterSurfaceRendererScratch/vcpkg_installed/x64-windows/debug/Users/xukeheng/AppData/Local/vcpkg/downloads/tools/powershell-core-7.5.4-windows/cc.exe"
      - "D:/WaterSurfaceRendererScratch/vcpkg_installed/x64-windows/debug/Users/xukeheng/AppData/Local/vcpkg/downloads/tools/powershell-core-7.5.4-windows/cc"
      - "D:/WaterSurfaceRendererScratch/vcpkg_installed/x64-windows/debug/Users/xukeheng/AppData/Local/vcpkg/downloads/tools/powershell-core-7.5.4-windows/gcc.com"
      - "D:/WaterSurfaceRendererScratch/vcpkg_installed/x64-windows/debug/Users/xukeheng/AppData/Local/vcpkg/downloads/tools/powershell-core-7.5.4-windows/gcc.exe"
      - "D:/WaterSurfaceRendererScratch/vcpkg_installed/x64-windows/debug/Users/xukeheng/AppData/Local/vcpkg/downloads/tools/powershell-core-7.5.4-windows/gcc"
      - "D:/WaterSurfaceRendererScratch/vcpkg_installed/x64-windows/debug/Users/xukeheng/AppData/Local/vcpkg/downloads/tools/powershell-core-7.5.4-windows/cl.com"
      - "D:/WaterSurfaceRendererScratch/vcpkg_installed/x64-windows/debug/Users/xukeheng/AppData/Local/vcpkg/downloads/tools/powershell-core-7.5.4-windows/cl.exe"
      - "D:/WaterSurfaceRendererScratch/vcpkg_installed/x64-windows/debug/Users/xukeheng/AppData/Local/vcpkg/downloads/tools/powershell-core-7.5.4-windows/cl"
      - "D:/WaterSurfaceRendererScratch/vcpkg_installed/x64-windows/debug/Users/xukeheng/AppData/Local/vcpkg/downloads/tools/powershell-core-7.5.4-windows/bcc.com"
      - "D:/WaterSurfaceRendererScratch/vcpkg_installed/x64-windows/debug/Users/xukeheng/AppData/Local/vcpkg/downloads/tools/powershell-core-7.5.4-windows/bcc.exe"
      - "D:/WaterSurfaceRendererScratch/vcpkg_installed/x64-windows/debug/Users/xukeheng/AppData/Local/vcpkg/downloads/tools/powershell-core-7.5.4-windows/bcc"
      - "D:/WaterSurfaceRendererScratch/vcpkg_installed/x64-windows/debug/Users/xukeheng/AppData/Local/vcpkg/downloads/tools/powershell-core-7.5.4-windows/xlc.com"
      - "D:/WaterSurfaceRendererScratch/vcpkg_installed/x64-windows/debug/Users/xukeheng/AppData/Local/vcpkg/downloads/tools/powershell-core-7.5.4-windows/xlc.exe"
      - "D:/WaterSurfaceRendererScratch/vcpkg_installed/x64-windows/debug/Users/xukeheng/AppData/Local/vcpkg/downloads/tools/powershell-core-7.5.4-windows/xlc"
      - "D:/WaterSurfaceRendererScratch/vcpkg_installed/x64-windows/debug/Users/xukeheng/AppData/Local/vcpkg/downloads/tools/powershell-core-7.5.4-windows/icx.com"
      - "D:/WaterSurfaceRendererScratch/vcpkg_installed/x64-windows/debug/Users/xukeheng/AppData/Local/vcpkg/downloads/tools/powershell-core-7.5.4-windows/icx.exe"
      - "D:/WaterSurfaceRendererScratch/vcpkg_installed/x64-windows/debug/Users/xukeheng/AppData/Local/vcpkg/downloads/tools/powershell-core-7.5.4-windows/icx"
      - "D:/WaterSurfaceRendererScratch/vcpkg_installed/x64-windows/debug/Users/xukeheng/AppData/Local/vcpkg/downloads/tools/powershell-core-7.5.4-windows/clang.com"
      - "D:/WaterSurfaceRendererScratch/vcpkg_installed/x64-windows/debug/Users/xukeheng/AppData/Local/vcpkg/downloads/tools/powershell-core-7.5.4-windows/clang.exe"
      - "D:/WaterSurfaceRendererScratch/vcpkg_installed/x64-windows/debug/Users/xukeheng/AppData/Local/vcpkg/downloads/tools/powershell-core-7.5.4-windows/clang"
      - "D:/WaterSurfaceRendererScratch/vcpkg_installed/x64-windows/debug/Windows/System32/cc.com"
      - "D:/WaterSurfaceRendererScratch/vcpkg_installed/x64-windows/debug/Windows/System32/cc.exe"
      - "D:/WaterSurfaceRendererScratch/vcpkg_installed/x64-windows/debug/Windows/System32/cc"
      - "D:/WaterSurfaceRendererScratch/vcpkg_installed/x64-windows/debug/Windows/System32/gcc.com"
      - "D:/WaterSurfaceRendererScratch/vcpkg_installed/x64-windows/debug/Windows/System32/gcc.exe"
      - "D:/WaterSurfaceRendererScratch/vcpkg_installed/x64-windows/debug/Windows/System32/gcc"
      - "D:/WaterSurfaceRendererScratch/vcpkg_installed/x64-windows/debug/Windows/System32/cl.com"
      - "D:/WaterSurfaceRendererScratch/vcpkg_installed/x64-windows/debug/Windows/System32/cl.exe"
      - "D:/WaterSurfaceRendererScratch/vcpkg_installed/x64-windows/debug/Windows/System32/cl"
      - "D:/WaterSurfaceRendererScratch/vcpkg_installed/x64-windows/debug/Windows/System32/bcc.com"
      - "D:/WaterSurfaceRendererScratch/vcpkg_installed/x64-windows/debug/Windows/System32/bcc.exe"
      - "D:/WaterSurfaceRendererScratch/vcpkg_installed/x64-windows/debug/Windows/System32/bcc"
      - "D:/WaterSurfaceRendererScratch/vcpkg_installed/x64-windows/debug/Windows/System32/xlc.com"
      - "D:/WaterSurfaceRendererScratch/vcpkg_installed/x64-windows/debug/Windows/System32/xlc.exe"
      - "D:/WaterSurfaceRendererScratch/vcpkg_installed/x64-windows/debug/Windows/System32/xlc"
      - "D:/WaterSurfaceRendererScratch/vcpkg_installed/x64-windows/debug/Windows/System32/icx.com"
      - "D:/WaterSurfaceRendererScratch/vcpkg_installed/x64-windows/debug/Windows/System32/icx.exe"
      - "D:/WaterSurfaceRendererScratch/vcpkg_installed/x64-windows/debug/Windows/System32/icx"
      - "D:/WaterSurfaceRendererScratch/vcpkg_installed/x64-windows/debug/Windows/System32/clang.com"
      - "D:/WaterSurfaceRendererScratch/vcpkg_installed/x64-windows/debug/Windows/System32/clang.exe"
      - "D:/WaterSurfaceRendererScratch/vcpkg_installed/x64-windows/debug/Windows/System32/clang"
      - "D:/WaterSurfaceRendererScratch/vcpkg_installed/x64-windows/debug/Windows/cc.com"
      - "D:/WaterSurfaceRendererScratch/vcpkg_installed/x64-windows/debug/Windows/cc.exe"
      - "D:/WaterSurfaceRendererScratch/vcpkg_installed/x64-windows/debug/Windows/cc"
      - "D:/WaterSurfaceRendererScratch/vcpkg_installed/x64-windows/debug/Windows/gcc.com"
      - "D:/WaterSurfaceRendererScratch/vcpkg_installed/x64-windows/debug/Windows/gcc.exe"
      - "D:/WaterSurfaceRendererScratch/vcpkg_installed/x64-windows/debug/Windows/gcc"
      - "D:/WaterSurfaceRendererScratch/vcpkg_installed/x64-windows/debug/Windows/cl.com"
      - "D:/WaterSurfaceRendererScratch/vcpkg_installed/x64-windows/debug/Windows/cl.exe"
      - "D:/WaterSurfaceRendererScratch/vcpkg_installed/x64-windows/debug/Windows/cl"
      - "D:/WaterSurfaceRendererScratch/vcpkg_installed/x64-windows/debug/Windows/bcc.com"
      - "D:/WaterSurfaceRendererScratch/vcpkg_installed/x64-windows/debug/Windows/bcc.exe"
      - "D:/WaterSurfaceRendererScratch/vcpkg_installed/x64-windows/debug/Windows/bcc"
      - "D:/WaterSurfaceRendererScratch/vcpkg_installed/x64-windows/debug/Windows/xlc.com"
      - "D:/WaterSurfaceRendererScratch/vcpkg_installed/x64-windows/debug/Windows/xlc.exe"
      - "D:/WaterSurfaceRendererScratch/vcpkg_installed/x64-windows/debug/Windows/xlc"
      - "D:/WaterSurfaceRendererScratch/vcpkg_installed/x64-windows/debug/Windows/icx.com"
      - "D:/WaterSurfaceRendererScratch/vcpkg_installed/x64-windows/debug/Windows/icx.exe"
      - "D:/WaterSurfaceRendererScratch/vcpkg_installed/x64-windows/debug/Windows/icx"
      - "D:/WaterSurfaceRendererScratch/vcpkg_installed/x64-windows/debug/Windows/clang.com"
      - "D:/WaterSurfaceRendererScratch/vcpkg_installed/x64-windows/debug/Windows/clang.exe"
      - "D:/WaterSurfaceRendererScratch/vcpkg_installed/x64-windows/debug/Windows/clang"
      - "D:/WaterSurfaceRendererScratch/vcpkg_installed/x64-windows/debug/Windows/System32/wbem/cc.com"
      - "D:/WaterSurfaceRendererScratch/vcpkg_installed/x64-windows/debug/Windows/System32/wbem/cc.exe"
      - "D:/WaterSurfaceRendererScratch/vcpkg_installed/x64-windows/debug/Windows/System32/wbem/cc"
      - "D:/WaterSurfaceRendererScratch/vcpkg_installed/x64-windows/debug/Windows/System32/wbem/gcc.com"
      - "D:/WaterSurfaceRendererScratch/vcpkg_installed/x64-windows/debug/Windows/System32/wbem/gcc.exe"
      - "D:/WaterSurfaceRendererScratch/vcpkg_installed/x64-windows/debug/Windows/System32/wbem/gcc"
      - "D:/WaterSurfaceRendererScratch/vcpkg_installed/x64-windows/debug/Windows/System32/wbem/cl.com"
      - "D:/WaterSurfaceRendererScratch/vcpkg_installed/x64-windows/debug/Windows/System32/wbem/cl.exe"
      - "D:/WaterSurfaceRendererScratch/vcpkg_installed/x64-windows/debug/Windows/System32/wbem/cl"
      - "D:/WaterSurfaceRendererScratch/vcpkg_installed/x64-windows/debug/Windows/System32/wbem/bcc.com"
      - "D:/WaterSurfaceRendererScratch/vcpkg_installed/x64-windows/debug/Windows/System32/wbem/bcc.exe"
      - "D:/WaterSurfaceRendererScratch/vcpkg_installed/x64-windows/debug/Windows/System32/wbem/bcc"
      - "D:/WaterSurfaceRendererScratch/vcpkg_installed/x64-windows/debug/Windows/System32/wbem/xlc.com"
      - "D:/WaterSurfaceRendererScratch/vcpkg_installed/x64-windows/debug/Windows/System32/wbem/xlc.exe"
      - "D:/WaterSurfaceRendererScratch/vcpkg_installed/x64-windows/debug/Windows/System32/wbem/xlc"
      - "D:/WaterSurfaceRendererScratch/vcpkg_installed/x64-windows/debug/Windows/System32/wbem/icx.com"
      - "D:/WaterSurfaceRendererScratch/vcpkg_installed/x64-windows/debug/Windows/System32/wbem/icx.exe"
      - "D:/WaterSurfaceRendererScratch/vcpkg_installed/x64-windows/debug/Windows/System32/wbem/icx"
      - "D:/WaterSurfaceRendererScratch/vcpkg_installed/x64-windows/debug/Windows/System32/wbem/clang.com"
      - "D:/WaterSurfaceRendererScratch/vcpkg_installed/x64-windows/debug/Windows/System32/wbem/clang.exe"
      - "D:/WaterSurfaceRendererScratch/vcpkg_installed/x64-windows/debug/Windows/System32/wbem/clang"
      - "D:/WaterSurfaceRendererScratch/vcpkg_installed/x64-windows/debug/Windows/System32/WindowsPowerShell/v1.0/cc.com"
      - "D:/WaterSurfaceRendererScratch/vcpkg_installed/x64-windows/debug/Windows/System32/WindowsPowerShell/v1.0/cc.exe"
      - "D:/WaterSurfaceRendererScratch/vcpkg_installed/x64-windows/debug/Windows/System32/WindowsPowerShell/v1.0/cc"
      - "D:/WaterSurfaceRendererScratch/vcpkg_installed/x64-windows/debug/Windows/System32/WindowsPowerShell/v1.0/gcc.com"
      - "D:/WaterSurfaceRendererScratch/vcpkg_installed/x64-windows/debug/Windows/System32/WindowsPowerShell/v1.0/gcc.exe"
      - "D:/WaterSurfaceRendererScratch/vcpkg_installed/x64-windows/debug/Windows/System32/WindowsPowerShell/v1.0/gcc"
      - "D:/WaterSurfaceRendererScratch/vcpkg_installed/x64-windows/debug/Windows/System32/WindowsPowerShell/v1.0/cl.com"
      - "D:/WaterSurfaceRendererScratch/vcpkg_installed/x64-windows/debug/Windows/System32/WindowsPowerShell/v1.0/cl.exe"
      - "D:/WaterSurfaceRendererScratch/vcpkg_installed/x64-windows/debug/Windows/System32/WindowsPowerShell/v1.0/cl"
      - "D:/WaterSurfaceRendererScratch/vcpkg_installed/x64-windows/debug/Windows/System32/WindowsPowerShell/v1.0/bcc.com"
      - "D:/WaterSurfaceRendererScratch/vcpkg_installed/x64-windows/debug/Windows/System32/WindowsPowerShell/v1.0/bcc.exe"
      - "D:/WaterSurfaceRendererScratch/vcpkg_installed/x64-windows/debug/Windows/System32/WindowsPowerShell/v1.0/bcc"
      - "D:/WaterSurfaceRendererScratch/vcpkg_installed/x64-windows/debug/Windows/System32/WindowsPowerShell/v1.0/xlc.com"
      - "D:/WaterSurfaceRendererScratch/vcpkg_installed/x64-windows/debug/Windows/System32/WindowsPowerShell/v1.0/xlc.exe"
      - "D:/WaterSurfaceRendererScratch/vcpkg_installed/x64-windows/debug/Windows/System32/WindowsPowerShell/v1.0/xlc"
      - "D:/WaterSurfaceRendererScratch/vcpkg_installed/x64-windows/debug/Windows/System32/WindowsPowerShell/v1.0/icx.com"
      - "D:/WaterSurfaceRendererScratch/vcpkg_installed/x64-windows/debug/Windows/System32/WindowsPowerShell/v1.0/icx.exe"
      - "D:/WaterSurfaceRendererScratch/vcpkg_installed/x64-windows/debug/Windows/System32/WindowsPowerShell/v1.0/icx"
      - "D:/WaterSurfaceRendererScratch/vcpkg_installed/x64-windows/debug/Windows/System32/WindowsPowerShell/v1.0/clang.com"
      - "D:/WaterSurfaceRendererScratch/vcpkg_installed/x64-windows/debug/Windows/System32/WindowsPowerShell/v1.0/clang.exe"
      - "D:/WaterSurfaceRendererScratch/vcpkg_installed/x64-windows/debug/Windows/System32/WindowsPowerShell/v1.0/clang"
      - "D:/WaterSurfaceRendererScratch/vcpkg_installed/x64-windows/debug/Windows/System32/OpenSSH/cc.com"
      - "D:/WaterSurfaceRendererScratch/vcpkg_installed/x64-windows/debug/Windows/System32/OpenSSH/cc.exe"
      - "D:/WaterSurfaceRendererScratch/vcpkg_installed/x64-windows/debug/Windows/System32/OpenSSH/cc"
      - "D:/WaterSurfaceRendererScratch/vcpkg_installed/x64-windows/debug/Windows/System32/OpenSSH/gcc.com"
      - "D:/WaterSurfaceRendererScratch/vcpkg_installed/x64-windows/debug/Windows/System32/OpenSSH/gcc.exe"
      - "D:/WaterSurfaceRendererScratch/vcpkg_installed/x64-windows/debug/Windows/System32/OpenSSH/gcc"
      - "D:/WaterSurfaceRendererScratch/vcpkg_installed/x64-windows/debug/Windows/System32/OpenSSH/cl.com"
      - "D:/WaterSurfaceRendererScratch/vcpkg_installed/x64-windows/debug/Windows/System32/OpenSSH/cl.exe"
      - "D:/WaterSurfaceRendererScratch/vcpkg_installed/x64-windows/debug/Windows/System32/OpenSSH/cl"
      - "D:/WaterSurfaceRendererScratch/vcpkg_installed/x64-windows/debug/Windows/System32/OpenSSH/bcc.com"
      - "D:/WaterSurfaceRendererScratch/vcpkg_installed/x64-windows/debug/Windows/System32/OpenSSH/bcc.exe"
      - "D:/WaterSurfaceRendererScratch/vcpkg_installed/x64-windows/debug/Windows/System32/OpenSSH/bcc"
      - "D:/WaterSurfaceRendererScratch/vcpkg_installed/x64-windows/debug/Windows/System32/OpenSSH/xlc.com"
      - "D:/WaterSurfaceRendererScratch/vcpkg_installed/x64-windows/debug/Windows/System32/OpenSSH/xlc.exe"
      - "D:/WaterSurfaceRendererScratch/vcpkg_installed/x64-windows/debug/Windows/System32/OpenSSH/xlc"
      - "D:/WaterSurfaceRendererScratch/vcpkg_installed/x64-windows/debug/Windows/System32/OpenSSH/icx.com"
      - "D:/WaterSurfaceRendererScratch/vcpkg_installed/x64-windows/debug/Windows/System32/OpenSSH/icx.exe"
      - "D:/WaterSurfaceRendererScratch/vcpkg_installed/x64-windows/debug/Windows/System32/OpenSSH/icx"
      - "D:/WaterSurfaceRendererScratch/vcpkg_installed/x64-windows/debug/Windows/System32/OpenSSH/clang.com"
      - "D:/WaterSurfaceRendererScratch/vcpkg_installed/x64-windows/debug/Windows/System32/OpenSSH/clang.exe"
      - "D:/WaterSurfaceRendererScratch/vcpkg_installed/x64-windows/debug/Windows/System32/OpenSSH/clang"
      - "D:/WaterSurfaceRendererScratch/vcpkg_installed/x64-windows/debug/Microsoft Visual Studio/18/Community/Common7/IDE/CommonExtensions/Microsoft/CMake/CMake/bin/cc.com"
      - "D:/WaterSurfaceRendererScratch/vcpkg_installed/x64-windows/debug/Microsoft Visual Studio/18/Community/Common7/IDE/CommonExtensions/Microsoft/CMake/CMake/bin/cc.exe"
      - "D:/WaterSurfaceRendererScratch/vcpkg_installed/x64-windows/debug/Microsoft Visual Studio/18/Community/Common7/IDE/CommonExtensions/Microsoft/CMake/CMake/bin/cc"
      - "D:/WaterSurfaceRendererScratch/vcpkg_installed/x64-windows/debug/Microsoft Visual Studio/18/Community/Common7/IDE/CommonExtensions/Microsoft/CMake/CMake/bin/gcc.com"
      - "D:/WaterSurfaceRendererScratch/vcpkg_installed/x64-windows/debug/Microsoft Visual Studio/18/Community/Common7/IDE/CommonExtensions/Microsoft/CMake/CMake/bin/gcc.exe"
      - "D:/WaterSurfaceRendererScratch/vcpkg_installed/x64-windows/debug/Microsoft Visual Studio/18/Community/Common7/IDE/CommonExtensions/Microsoft/CMake/CMake/bin/gcc"
      - "D:/WaterSurfaceRendererScratch/vcpkg_installed/x64-windows/debug/Microsoft Visual Studio/18/Community/Common7/IDE/CommonExtensions/Microsoft/CMake/CMake/bin/cl.com"
      - "D:/WaterSurfaceRendererScratch/vcpkg_installed/x64-windows/debug/Microsoft Visual Studio/18/Community/Common7/IDE/CommonExtensions/Microsoft/CMake/CMake/bin/cl.exe"
      - "D:/WaterSurfaceRendererScratch/vcpkg_installed/x64-windows/debug/Microsoft Visual Studio/18/Community/Common7/IDE/CommonExtensions/Microsoft/CMake/CMake/bin/cl"
      - "D:/WaterSurfaceRendererScratch/vcpkg_installed/x64-windows/debug/Microsoft Visual Studio/18/Community/Common7/IDE/CommonExtensions/Microsoft/CMake/CMake/bin/bcc.com"
      - "D:/WaterSurfaceRendererScratch/vcpkg_installed/x64-windows/debug/Microsoft Visual Studio/18/Community/Common7/IDE/CommonExtensions/Microsoft/CMake/CMake/bin/bcc.exe"
      - "D:/WaterSurfaceRendererScratch/vcpkg_installed/x64-windows/debug/Microsoft Visual Studio/18/Community/Common7/IDE/CommonExtensions/Microsoft/CMake/CMake/bin/bcc"
      - "D:/WaterSurfaceRendererScratch/vcpkg_installed/x64-windows/debug/Microsoft Visual Studio/18/Community/Common7/IDE/CommonExtensions/Microsoft/CMake/CMake/bin/xlc.com"
      - "D:/WaterSurfaceRendererScratch/vcpkg_installed/x64-windows/debug/Microsoft Visual Studio/18/Community/Common7/IDE/CommonExtensions/Microsoft/CMake/CMake/bin/xlc.exe"
      - "D:/WaterSurfaceRendererScratch/vcpkg_installed/x64-windows/debug/Microsoft Visual Studio/18/Community/Common7/IDE/CommonExtensions/Microsoft/CMake/CMake/bin/xlc"
      - "D:/WaterSurfaceRendererScratch/vcpkg_installed/x64-windows/debug/Microsoft Visual Studio/18/Community/Common7/IDE/CommonExtensions/Microsoft/CMake/CMake/bin/icx.com"
      - "D:/WaterSurfaceRendererScratch/vcpkg_installed/x64-windows/debug/Microsoft Visual Studio/18/Community/Common7/IDE/CommonExtensions/Microsoft/CMake/CMake/bin/icx.exe"
      - "D:/WaterSurfaceRendererScratch/vcpkg_installed/x64-windows/debug/Microsoft Visual Studio/18/Community/Common7/IDE/CommonExtensions/Microsoft/CMake/CMake/bin/icx"
      - "D:/WaterSurfaceRendererScratch/vcpkg_installed/x64-windows/debug/Microsoft Visual Studio/18/Community/Common7/IDE/CommonExtensions/Microsoft/CMake/CMake/bin/clang.com"
      - "D:/WaterSurfaceRendererScratch/vcpkg_installed/x64-windows/debug/Microsoft Visual Studio/18/Community/Common7/IDE/CommonExtensions/Microsoft/CMake/CMake/bin/clang.exe"
      - "D:/WaterSurfaceRendererScratch/vcpkg_installed/x64-windows/debug/Microsoft Visual Studio/18/Community/Common7/IDE/CommonExtensions/Microsoft/CMake/CMake/bin/clang"
      - "D:/WaterSurfaceRendererScratch/vcpkg_installed/x64-windows/debug/Microsoft Visual Studio/18/Community/Common7/IDE/CommonExtensions/Microsoft/CMake/Ninja/cc.com"
      - "D:/WaterSurfaceRendererScratch/vcpkg_installed/x64-windows/debug/Microsoft Visual Studio/18/Community/Common7/IDE/CommonExtensions/Microsoft/CMake/Ninja/cc.exe"
      - "D:/WaterSurfaceRendererScratch/vcpkg_installed/x64-windows/debug/Microsoft Visual Studio/18/Community/Common7/IDE/CommonExtensions/Microsoft/CMake/Ninja/cc"
      - "D:/WaterSurfaceRendererScratch/vcpkg_installed/x64-windows/debug/Microsoft Visual Studio/18/Community/Common7/IDE/CommonExtensions/Microsoft/CMake/Ninja/gcc.com"
      - "D:/WaterSurfaceRendererScratch/vcpkg_installed/x64-windows/debug/Microsoft Visual Studio/18/Community/Common7/IDE/CommonExtensions/Microsoft/CMake/Ninja/gcc.exe"
      - "D:/WaterSurfaceRendererScratch/vcpkg_installed/x64-windows/debug/Microsoft Visual Studio/18/Community/Common7/IDE/CommonExtensions/Microsoft/CMake/Ninja/gcc"
      - "D:/WaterSurfaceRendererScratch/vcpkg_installed/x64-windows/debug/Microsoft Visual Studio/18/Community/Common7/IDE/CommonExtensions/Microsoft/CMake/Ninja/cl.com"
      - "D:/WaterSurfaceRendererScratch/vcpkg_installed/x64-windows/debug/Microsoft Visual Studio/18/Community/Common7/IDE/CommonExtensions/Microsoft/CMake/Ninja/cl.exe"
      - "D:/WaterSurfaceRendererScratch/vcpkg_installed/x64-windows/debug/Microsoft Visual Studio/18/Community/Common7/IDE/CommonExtensions/Microsoft/CMake/Ninja/cl"
      - "D:/WaterSurfaceRendererScratch/vcpkg_installed/x64-windows/debug/Microsoft Visual Studio/18/Community/Common7/IDE/CommonExtensions/Microsoft/CMake/Ninja/bcc.com"
      - "D:/WaterSurfaceRendererScratch/vcpkg_installed/x64-windows/debug/Microsoft Visual Studio/18/Community/Common7/IDE/CommonExtensions/Microsoft/CMake/Ninja/bcc.exe"
      - "D:/WaterSurfaceRendererScratch/vcpkg_installed/x64-windows/debug/Microsoft Visual Studio/18/Community/Common7/IDE/CommonExtensions/Microsoft/CMake/Ninja/bcc"
      - "D:/WaterSurfaceRendererScratch/vcpkg_installed/x64-windows/debug/Microsoft Visual Studio/18/Community/Common7/IDE/CommonExtensions/Microsoft/CMake/Ninja/xlc.com"
      - "D:/WaterSurfaceRendererScratch/vcpkg_installed/x64-windows/debug/Microsoft Visual Studio/18/Community/Common7/IDE/CommonExtensions/Microsoft/CMake/Ninja/xlc.exe"
      - "D:/WaterSurfaceRendererScratch/vcpkg_installed/x64-windows/debug/Microsoft Visual Studio/18/Community/Common7/IDE/CommonExtensions/Microsoft/CMake/Ninja/xlc"
      - "D:/WaterSurfaceRendererScratch/vcpkg_installed/x64-windows/debug/Microsoft Visual Studio/18/Community/Common7/IDE/CommonExtensions/Microsoft/CMake/Ninja/icx.com"
      - "D:/WaterSurfaceRendererScratch/vcpkg_installed/x64-windows/debug/Microsoft Visual Studio/18/Community/Common7/IDE/CommonExtensions/Microsoft/CMake/Ninja/icx.exe"
      - "D:/WaterSurfaceRendererScratch/vcpkg_installed/x64-windows/debug/Microsoft Visual Studio/18/Community/Common7/IDE/CommonExtensions/Microsoft/CMake/Ninja/icx"
      - "D:/WaterSurfaceRendererScratch/vcpkg_installed/x64-windows/debug/Microsoft Visual Studio/18/Community/Common7/IDE/CommonExtensions/Microsoft/CMake/Ninja/clang.com"
      - "D:/WaterSurfaceRendererScratch/vcpkg_installed/x64-windows/debug/Microsoft Visual Studio/18/Community/Common7/IDE/CommonExtensions/Microsoft/CMake/Ninja/clang.exe"
      - "D:/WaterSurfaceRendererScratch/vcpkg_installed/x64-windows/debug/Microsoft Visual Studio/18/Community/Common7/IDE/CommonExtensions/Microsoft/CMake/Ninja/clang"
      - "D:/WaterSurfaceRendererScratch/vcpkg_installed/x64-windows/debug/Microsoft Visual Studio/18/Community/Common7/IDE/VC/Linux/bin/ConnectionManagerExe/cc.com"
      - "D:/WaterSurfaceRendererScratch/vcpkg_installed/x64-windows/debug/Microsoft Visual Studio/18/Community/Common7/IDE/VC/Linux/bin/ConnectionManagerExe/cc.exe"
      - "D:/WaterSurfaceRendererScratch/vcpkg_installed/x64-windows/debug/Microsoft Visual Studio/18/Community/Common7/IDE/VC/Linux/bin/ConnectionManagerExe/cc"
      - "D:/WaterSurfaceRendererScratch/vcpkg_installed/x64-windows/debug/Microsoft Visual Studio/18/Community/Common7/IDE/VC/Linux/bin/ConnectionManagerExe/gcc.com"
      - "D:/WaterSurfaceRendererScratch/vcpkg_installed/x64-windows/debug/Microsoft Visual Studio/18/Community/Common7/IDE/VC/Linux/bin/ConnectionManagerExe/gcc.exe"
      - "D:/WaterSurfaceRendererScratch/vcpkg_installed/x64-windows/debug/Microsoft Visual Studio/18/Community/Common7/IDE/VC/Linux/bin/ConnectionManagerExe/gcc"
      - "D:/WaterSurfaceRendererScratch/vcpkg_installed/x64-windows/debug/Microsoft Visual Studio/18/Community/Common7/IDE/VC/Linux/bin/ConnectionManagerExe/cl.com"
      - "D:/WaterSurfaceRendererScratch/vcpkg_installed/x64-windows/debug/Microsoft Visual Studio/18/Community/Common7/IDE/VC/Linux/bin/ConnectionManagerExe/cl.exe"
      - "D:/WaterSurfaceRendererScratch/vcpkg_installed/x64-windows/debug/Microsoft Visual Studio/18/Community/Common7/IDE/VC/Linux/bin/ConnectionManagerExe/cl"
      - "D:/WaterSurfaceRendererScratch/vcpkg_installed/x64-windows/debug/Microsoft Visual Studio/18/Community/Common7/IDE/VC/Linux/bin/ConnectionManagerExe/bcc.com"
      - "D:/WaterSurfaceRendererScratch/vcpkg_installed/x64-windows/debug/Microsoft Visual Studio/18/Community/Common7/IDE/VC/Linux/bin/ConnectionManagerExe/bcc.exe"
      - "D:/WaterSurfaceRendererScratch/vcpkg_installed/x64-windows/debug/Microsoft Visual Studio/18/Community/Common7/IDE/VC/Linux/bin/ConnectionManagerExe/bcc"
      - "D:/WaterSurfaceRendererScratch/vcpkg_installed/x64-windows/debug/Microsoft Visual Studio/18/Community/Common7/IDE/VC/Linux/bin/ConnectionManagerExe/xlc.com"
      - "D:/WaterSurfaceRendererScratch/vcpkg_installed/x64-windows/debug/Microsoft Visual Studio/18/Community/Common7/IDE/VC/Linux/bin/ConnectionManagerExe/xlc.exe"
      - "D:/WaterSurfaceRendererScratch/vcpkg_installed/x64-windows/debug/Microsoft Visual Studio/18/Community/Common7/IDE/VC/Linux/bin/ConnectionManagerExe/xlc"
      - "D:/WaterSurfaceRendererScratch/vcpkg_installed/x64-windows/debug/Microsoft Visual Studio/18/Community/Common7/IDE/VC/Linux/bin/ConnectionManagerExe/icx.com"
      - "D:/WaterSurfaceRendererScratch/vcpkg_installed/x64-windows/debug/Microsoft Visual Studio/18/Community/Common7/IDE/VC/Linux/bin/ConnectionManagerExe/icx.exe"
      - "D:/WaterSurfaceRendererScratch/vcpkg_installed/x64-windows/debug/Microsoft Visual Studio/18/Community/Common7/IDE/VC/Linux/bin/ConnectionManagerExe/icx"
      - "D:/WaterSurfaceRendererScratch/vcpkg_installed/x64-windows/debug/Microsoft Visual Studio/18/Community/Common7/IDE/VC/Linux/bin/ConnectionManagerExe/clang.com"
      - "D:/WaterSurfaceRendererScratch/vcpkg_installed/x64-windows/debug/Microsoft Visual Studio/18/Community/Common7/IDE/VC/Linux/bin/ConnectionManagerExe/clang.exe"
      - "D:/WaterSurfaceRendererScratch/vcpkg_installed/x64-windows/debug/Microsoft Visual Studio/18/Community/Common7/IDE/VC/Linux/bin/ConnectionManagerExe/clang"
      - "D:/WaterSurfaceRendererScratch/vcpkg_installed/x64-windows/debug/Microsoft Visual Studio/18/Community/VC/vcpkg/cc.com"
      - "D:/WaterSurfaceRendererScratch/vcpkg_installed/x64-windows/debug/Microsoft Visual Studio/18/Community/VC/vcpkg/cc.exe"
      - "D:/WaterSurfaceRendererScratch/vcpkg_installed/x64-windows/debug/Microsoft Visual Studio/18/Community/VC/vcpkg/cc"
      - "D:/WaterSurfaceRendererScratch/vcpkg_installed/x64-windows/debug/Microsoft Visual Studio/18/Community/VC/vcpkg/gcc.com"
      - "D:/WaterSurfaceRendererScratch/vcpkg_installed/x64-windows/debug/Microsoft Visual Studio/18/Community/VC/vcpkg/gcc.exe"
      - "D:/WaterSurfaceRendererScratch/vcpkg_installed/x64-windows/debug/Microsoft Visual Studio/18/Community/VC/vcpkg/gcc"
      - "D:/WaterSurfaceRendererScratch/vcpkg_installed/x64-windows/debug/Microsoft Visual Studio/18/Community/VC/vcpkg/cl.com"
      - "D:/WaterSurfaceRendererScratch/vcpkg_installed/x64-windows/debug/Microsoft Visual Studio/18/Community/VC/vcpkg/cl.exe"
      - "D:/WaterSurfaceRendererScratch/vcpkg_installed/x64-windows/debug/Microsoft Visual Studio/18/Community/VC/vcpkg/cl"
      - "D:/WaterSurfaceRendererScratch/vcpkg_installed/x64-windows/debug/Microsoft Visual Studio/18/Community/VC/vcpkg/bcc.com"
      - "D:/WaterSurfaceRendererScratch/vcpkg_installed/x64-windows/debug/Microsoft Visual Studio/18/Community/VC/vcpkg/bcc.exe"
      - "D:/WaterSurfaceRendererScratch/vcpkg_installed/x64-windows/debug/Microsoft Visual Studio/18/Community/VC/vcpkg/bcc"
      - "D:/WaterSurfaceRendererScratch/vcpkg_installed/x64-windows/debug/Microsoft Visual Studio/18/Community/VC/vcpkg/xlc.com"
      - "D:/WaterSurfaceRendererScratch/vcpkg_installed/x64-windows/debug/Microsoft Visual Studio/18/Community/VC/vcpkg/xlc.exe"
      - "D:/WaterSurfaceRendererScratch/vcpkg_installed/x64-windows/debug/Microsoft Visual Studio/18/Community/VC/vcpkg/xlc"
      - "D:/WaterSurfaceRendererScratch/vcpkg_installed/x64-windows/debug/Microsoft Visual Studio/18/Community/VC/vcpkg/icx.com"
      - "D:/WaterSurfaceRendererScratch/vcpkg_installed/x64-windows/debug/Microsoft Visual Studio/18/Community/VC/vcpkg/icx.exe"
      - "D:/WaterSurfaceRendererScratch/vcpkg_installed/x64-windows/debug/Microsoft Visual Studio/18/Community/VC/vcpkg/icx"
      - "D:/WaterSurfaceRendererScratch/vcpkg_installed/x64-windows/debug/Microsoft Visual Studio/18/Community/VC/vcpkg/clang.com"
      - "D:/WaterSurfaceRendererScratch/vcpkg_installed/x64-windows/debug/Microsoft Visual Studio/18/Community/VC/vcpkg/clang.exe"
      - "D:/WaterSurfaceRendererScratch/vcpkg_installed/x64-windows/debug/Microsoft Visual Studio/18/Community/VC/vcpkg/clang"
      - "D:/WaterSurfaceRendererScratch/vcpkg_installed/x64-windows/Microsoft Visual Studio/18/Community/VC/Tools/MSVC/14.51.36231/bin/Hostx64/x64/cc.com"
      - "D:/WaterSurfaceRendererScratch/vcpkg_installed/x64-windows/Microsoft Visual Studio/18/Community/VC/Tools/MSVC/14.51.36231/bin/Hostx64/x64/cc.exe"
      - "D:/WaterSurfaceRendererScratch/vcpkg_installed/x64-windows/Microsoft Visual Studio/18/Community/VC/Tools/MSVC/14.51.36231/bin/Hostx64/x64/cc"
      - "D:/WaterSurfaceRendererScratch/vcpkg_installed/x64-windows/Microsoft Visual Studio/18/Community/VC/Tools/MSVC/14.51.36231/bin/Hostx64/x64/gcc.com"
      - "D:/WaterSurfaceRendererScratch/vcpkg_installed/x64-windows/Microsoft Visual Studio/18/Community/VC/Tools/MSVC/14.51.36231/bin/Hostx64/x64/gcc.exe"
      - "D:/WaterSurfaceRendererScratch/vcpkg_installed/x64-windows/Microsoft Visual Studio/18/Community/VC/Tools/MSVC/14.51.36231/bin/Hostx64/x64/gcc"
      - "D:/WaterSurfaceRendererScratch/vcpkg_installed/x64-windows/Microsoft Visual Studio/18/Community/VC/Tools/MSVC/14.51.36231/bin/Hostx64/x64/cl.com"
      - "D:/WaterSurfaceRendererScratch/vcpkg_installed/x64-windows/Microsoft Visual Studio/18/Community/VC/Tools/MSVC/14.51.36231/bin/Hostx64/x64/cl.exe"
      - "D:/WaterSurfaceRendererScratch/vcpkg_installed/x64-windows/Microsoft Visual Studio/18/Community/VC/Tools/MSVC/14.51.36231/bin/Hostx64/x64/cl"
      - "D:/WaterSurfaceRendererScratch/vcpkg_installed/x64-windows/Microsoft Visual Studio/18/Community/VC/Tools/MSVC/14.51.36231/bin/Hostx64/x64/bcc.com"
      - "D:/WaterSurfaceRendererScratch/vcpkg_installed/x64-windows/Microsoft Visual Studio/18/Community/VC/Tools/MSVC/14.51.36231/bin/Hostx64/x64/bcc.exe"
      - "D:/WaterSurfaceRendererScratch/vcpkg_installed/x64-windows/Microsoft Visual Studio/18/Community/VC/Tools/MSVC/14.51.36231/bin/Hostx64/x64/bcc"
      - "D:/WaterSurfaceRendererScratch/vcpkg_installed/x64-windows/Microsoft Visual Studio/18/Community/VC/Tools/MSVC/14.51.36231/bin/Hostx64/x64/xlc.com"
      - "D:/WaterSurfaceRendererScratch/vcpkg_installed/x64-windows/Microsoft Visual Studio/18/Community/VC/Tools/MSVC/14.51.36231/bin/Hostx64/x64/xlc.exe"
      - "D:/WaterSurfaceRendererScratch/vcpkg_installed/x64-windows/Microsoft Visual Studio/18/Community/VC/Tools/MSVC/14.51.36231/bin/Hostx64/x64/xlc"
      - "D:/WaterSurfaceRendererScratch/vcpkg_installed/x64-windows/Microsoft Visual Studio/18/Community/VC/Tools/MSVC/14.51.36231/bin/Hostx64/x64/icx.com"
      - "D:/WaterSurfaceRendererScratch/vcpkg_installed/x64-windows/Microsoft Visual Studio/18/Community/VC/Tools/MSVC/14.51.36231/bin/Hostx64/x64/icx.exe"
      - "D:/WaterSurfaceRendererScratch/vcpkg_installed/x64-windows/Microsoft Visual Studio/18/Community/VC/Tools/MSVC/14.51.36231/bin/Hostx64/x64/icx"
      - "D:/WaterSurfaceRendererScratch/vcpkg_installed/x64-windows/Microsoft Visual Studio/18/Community/VC/Tools/MSVC/14.51.36231/bin/Hostx64/x64/clang.com"
      - "D:/WaterSurfaceRendererScratch/vcpkg_installed/x64-windows/Microsoft Visual Studio/18/Community/VC/Tools/MSVC/14.51.36231/bin/Hostx64/x64/clang.exe"
      - "D:/WaterSurfaceRendererScratch/vcpkg_installed/x64-windows/Microsoft Visual Studio/18/Community/VC/Tools/MSVC/14.51.36231/bin/Hostx64/x64/clang"
      - "D:/WaterSurfaceRendererScratch/vcpkg_installed/x64-windows/Microsoft Visual Studio/18/Community/Common7/IDE/VC/vcpackages/cc.com"
      - "D:/WaterSurfaceRendererScratch/vcpkg_installed/x64-windows/Microsoft Visual Studio/18/Community/Common7/IDE/VC/vcpackages/cc.exe"
      - "D:/WaterSurfaceRendererScratch/vcpkg_installed/x64-windows/Microsoft Visual Studio/18/Community/Common7/IDE/VC/vcpackages/cc"
      - "D:/WaterSurfaceRendererScratch/vcpkg_installed/x64-windows/Microsoft Visual Studio/18/Community/Common7/IDE/VC/vcpackages/gcc.com"
      - "D:/WaterSurfaceRendererScratch/vcpkg_installed/x64-windows/Microsoft Visual Studio/18/Community/Common7/IDE/VC/vcpackages/gcc.exe"
      - "D:/WaterSurfaceRendererScratch/vcpkg_installed/x64-windows/Microsoft Visual Studio/18/Community/Common7/IDE/VC/vcpackages/gcc"
      - "D:/WaterSurfaceRendererScratch/vcpkg_installed/x64-windows/Microsoft Visual Studio/18/Community/Common7/IDE/VC/vcpackages/cl.com"
      - "D:/WaterSurfaceRendererScratch/vcpkg_installed/x64-windows/Microsoft Visual Studio/18/Community/Common7/IDE/VC/vcpackages/cl.exe"
      - "D:/WaterSurfaceRendererScratch/vcpkg_installed/x64-windows/Microsoft Visual Studio/18/Community/Common7/IDE/VC/vcpackages/cl"
      - "D:/WaterSurfaceRendererScratch/vcpkg_installed/x64-windows/Microsoft Visual Studio/18/Community/Common7/IDE/VC/vcpackages/bcc.com"
      - "D:/WaterSurfaceRendererScratch/vcpkg_installed/x64-windows/Microsoft Visual Studio/18/Community/Common7/IDE/VC/vcpackages/bcc.exe"
      - "D:/WaterSurfaceRendererScratch/vcpkg_installed/x64-windows/Microsoft Visual Studio/18/Community/Common7/IDE/VC/vcpackages/bcc"
      - "D:/WaterSurfaceRendererScratch/vcpkg_installed/x64-windows/Microsoft Visual Studio/18/Community/Common7/IDE/VC/vcpackages/xlc.com"
      - "D:/WaterSurfaceRendererScratch/vcpkg_installed/x64-windows/Microsoft Visual Studio/18/Community/Common7/IDE/VC/vcpackages/xlc.exe"
      - "D:/WaterSurfaceRendererScratch/vcpkg_installed/x64-windows/Microsoft Visual Studio/18/Community/Common7/IDE/VC/vcpackages/xlc"
      - "D:/WaterSurfaceRendererScratch/vcpkg_installed/x64-windows/Microsoft Visual Studio/18/Community/Common7/IDE/VC/vcpackages/icx.com"
      - "D:/WaterSurfaceRendererScratch/vcpkg_installed/x64-windows/Microsoft Visual Studio/18/Community/Common7/IDE/VC/vcpackages/icx.exe"
      - "D:/WaterSurfaceRendererScratch/vcpkg_installed/x64-windows/Microsoft Visual Studio/18/Community/Common7/IDE/VC/vcpackages/icx"
      - "D:/WaterSurfaceRendererScratch/vcpkg_installed/x64-windows/Microsoft Visual Studio/18/Community/Common7/IDE/VC/vcpackages/clang.com"
      - "D:/WaterSurfaceRendererScratch/vcpkg_installed/x64-windows/Microsoft Visual Studio/18/Community/Common7/IDE/VC/vcpackages/clang.exe"
      - "D:/WaterSurfaceRendererScratch/vcpkg_installed/x64-windows/Microsoft Visual Studio/18/Community/Common7/IDE/VC/vcpackages/clang"
      - "D:/WaterSurfaceRendererScratch/vcpkg_installed/x64-windows/Microsoft Visual Studio/18/Community/Common7/IDE/CommonExtensions/Microsoft/TestWindow/cc.com"
      - "D:/WaterSurfaceRendererScratch/vcpkg_installed/x64-windows/Microsoft Visual Studio/18/Community/Common7/IDE/CommonExtensions/Microsoft/TestWindow/cc.exe"
      - "D:/WaterSurfaceRendererScratch/vcpkg_installed/x64-windows/Microsoft Visual Studio/18/Community/Common7/IDE/CommonExtensions/Microsoft/TestWindow/cc"
      - "D:/WaterSurfaceRendererScratch/vcpkg_installed/x64-windows/Microsoft Visual Studio/18/Community/Common7/IDE/CommonExtensions/Microsoft/TestWindow/gcc.com"
      - "D:/WaterSurfaceRendererScratch/vcpkg_installed/x64-windows/Microsoft Visual Studio/18/Community/Common7/IDE/CommonExtensions/Microsoft/TestWindow/gcc.exe"
      - "D:/WaterSurfaceRendererScratch/vcpkg_installed/x64-windows/Microsoft Visual Studio/18/Community/Common7/IDE/CommonExtensions/Microsoft/TestWindow/gcc"
      - "D:/WaterSurfaceRendererScratch/vcpkg_installed/x64-windows/Microsoft Visual Studio/18/Community/Common7/IDE/CommonExtensions/Microsoft/TestWindow/cl.com"
      - "D:/WaterSurfaceRendererScratch/vcpkg_installed/x64-windows/Microsoft Visual Studio/18/Community/Common7/IDE/CommonExtensions/Microsoft/TestWindow/cl.exe"
      - "D:/WaterSurfaceRendererScratch/vcpkg_installed/x64-windows/Microsoft Visual Studio/18/Community/Common7/IDE/CommonExtensions/Microsoft/TestWindow/cl"
      - "D:/WaterSurfaceRendererScratch/vcpkg_installed/x64-windows/Microsoft Visual Studio/18/Community/Common7/IDE/CommonExtensions/Microsoft/TestWindow/bcc.com"
      - "D:/WaterSurfaceRendererScratch/vcpkg_installed/x64-windows/Microsoft Visual Studio/18/Community/Common7/IDE/CommonExtensions/Microsoft/TestWindow/bcc.exe"
      - "D:/WaterSurfaceRendererScratch/vcpkg_installed/x64-windows/Microsoft Visual Studio/18/Community/Common7/IDE/CommonExtensions/Microsoft/TestWindow/bcc"
      - "D:/WaterSurfaceRendererScratch/vcpkg_installed/x64-windows/Microsoft Visual Studio/18/Community/Common7/IDE/CommonExtensions/Microsoft/TestWindow/xlc.com"
      - "D:/WaterSurfaceRendererScratch/vcpkg_installed/x64-windows/Microsoft Visual Studio/18/Community/Common7/IDE/CommonExtensions/Microsoft/TestWindow/xlc.exe"
      - "D:/WaterSurfaceRendererScratch/vcpkg_installed/x64-windows/Microsoft Visual Studio/18/Community/Common7/IDE/CommonExtensions/Microsoft/TestWindow/xlc"
      - "D:/WaterSurfaceRendererScratch/vcpkg_installed/x64-windows/Microsoft Visual Studio/18/Community/Common7/IDE/CommonExtensions/Microsoft/TestWindow/icx.com"
      - "D:/WaterSurfaceRendererScratch/vcpkg_installed/x64-windows/Microsoft Visual Studio/18/Community/Common7/IDE/CommonExtensions/Microsoft/TestWindow/icx.exe"
      - "D:/WaterSurfaceRendererScratch/vcpkg_installed/x64-windows/Microsoft Visual Studio/18/Community/Common7/IDE/CommonExtensions/Microsoft/TestWindow/icx"
      - "D:/WaterSurfaceRendererScratch/vcpkg_installed/x64-windows/Microsoft Visual Studio/18/Community/Common7/IDE/CommonExtensions/Microsoft/TestWindow/clang.com"
      - "D:/WaterSurfaceRendererScratch/vcpkg_installed/x64-windows/Microsoft Visual Studio/18/Community/Common7/IDE/CommonExtensions/Microsoft/TestWindow/clang.exe"
      - "D:/WaterSurfaceRendererScratch/vcpkg_installed/x64-windows/Microsoft Visual Studio/18/Community/Common7/IDE/CommonExtensions/Microsoft/TestWindow/clang"
      - "D:/WaterSurfaceRendererScratch/vcpkg_installed/x64-windows/Microsoft Visual Studio/18/Community/Common7/IDE/CommonExtensions/Microsoft/TeamFoundation/Team Explorer/cc.com"
      - "D:/WaterSurfaceRendererScratch/vcpkg_installed/x64-windows/Microsoft Visual Studio/18/Community/Common7/IDE/CommonExtensions/Microsoft/TeamFoundation/Team Explorer/cc.exe"
      - "D:/WaterSurfaceRendererScratch/vcpkg_installed/x64-windows/Microsoft Visual Studio/18/Community/Common7/IDE/CommonExtensions/Microsoft/TeamFoundation/Team Explorer/cc"
      - "D:/WaterSurfaceRendererScratch/vcpkg_installed/x64-windows/Microsoft Visual Studio/18/Community/Common7/IDE/CommonExtensions/Microsoft/TeamFoundation/Team Explorer/gcc.com"
      - "D:/WaterSurfaceRendererScratch/vcpkg_installed/x64-windows/Microsoft Visual Studio/18/Community/Common7/IDE/CommonExtensions/Microsoft/TeamFoundation/Team Explorer/gcc.exe"
      - "D:/WaterSurfaceRendererScratch/vcpkg_installed/x64-windows/Microsoft Visual Studio/18/Community/Common7/IDE/CommonExtensions/Microsoft/TeamFoundation/Team Explorer/gcc"
      - "D:/WaterSurfaceRendererScratch/vcpkg_installed/x64-windows/Microsoft Visual Studio/18/Community/Common7/IDE/CommonExtensions/Microsoft/TeamFoundation/Team Explorer/cl.com"
      - "D:/WaterSurfaceRendererScratch/vcpkg_installed/x64-windows/Microsoft Visual Studio/18/Community/Common7/IDE/CommonExtensions/Microsoft/TeamFoundation/Team Explorer/cl.exe"
      - "D:/WaterSurfaceRendererScratch/vcpkg_installed/x64-windows/Microsoft Visual Studio/18/Community/Common7/IDE/CommonExtensions/Microsoft/TeamFoundation/Team Explorer/cl"
      - "D:/WaterSurfaceRendererScratch/vcpkg_installed/x64-windows/Microsoft Visual Studio/18/Community/Common7/IDE/CommonExtensions/Microsoft/TeamFoundation/Team Explorer/bcc.com"
      - "D:/WaterSurfaceRendererScratch/vcpkg_installed/x64-windows/Microsoft Visual Studio/18/Community/Common7/IDE/CommonExtensions/Microsoft/TeamFoundation/Team Explorer/bcc.exe"
      - "D:/WaterSurfaceRendererScratch/vcpkg_installed/x64-windows/Microsoft Visual Studio/18/Community/Common7/IDE/CommonExtensions/Microsoft/TeamFoundation/Team Explorer/bcc"
      - "D:/WaterSurfaceRendererScratch/vcpkg_installed/x64-windows/Microsoft Visual Studio/18/Community/Common7/IDE/CommonExtensions/Microsoft/TeamFoundation/Team Explorer/xlc.com"
      - "D:/WaterSurfaceRendererScratch/vcpkg_installed/x64-windows/Microsoft Visual Studio/18/Community/Common7/IDE/CommonExtensions/Microsoft/TeamFoundation/Team Explorer/xlc.exe"
      - "D:/WaterSurfaceRendererScratch/vcpkg_installed/x64-windows/Microsoft Visual Studio/18/Community/Common7/IDE/CommonExtensions/Microsoft/TeamFoundation/Team Explorer/xlc"
      - "D:/WaterSurfaceRendererScratch/vcpkg_installed/x64-windows/Microsoft Visual Studio/18/Community/Common7/IDE/CommonExtensions/Microsoft/TeamFoundation/Team Explorer/icx.com"
      - "D:/WaterSurfaceRendererScratch/vcpkg_installed/x64-windows/Microsoft Visual Studio/18/Community/Common7/IDE/CommonExtensions/Microsoft/TeamFoundation/Team Explorer/icx.exe"
      - "D:/WaterSurfaceRendererScratch/vcpkg_installed/x64-windows/Microsoft Visual Studio/18/Community/Common7/IDE/CommonExtensions/Microsoft/TeamFoundation/Team Explorer/icx"
      - "D:/WaterSurfaceRendererScratch/vcpkg_installed/x64-windows/Microsoft Visual Studio/18/Community/Common7/IDE/CommonExtensions/Microsoft/TeamFoundation/Team Explorer/clang.com"
      - "D:/WaterSurfaceRendererScratch/vcpkg_installed/x64-windows/Microsoft Visual Studio/18/Community/Common7/IDE/CommonExtensions/Microsoft/TeamFoundation/Team Explorer/clang.exe"
      - "D:/WaterSurfaceRendererScratch/vcpkg_installed/x64-windows/Microsoft Visual Studio/18/Community/Common7/IDE/CommonExtensions/Microsoft/TeamFoundation/Team Explorer/clang"
      - "D:/WaterSurfaceRendererScratch/vcpkg_installed/x64-windows/Microsoft Visual Studio/18/Community/MSBuild/Current/Bin/Roslyn/cc.com"
      - "D:/WaterSurfaceRendererScratch/vcpkg_installed/x64-windows/Microsoft Visual Studio/18/Community/MSBuild/Current/Bin/Roslyn/cc.exe"
      - "D:/WaterSurfaceRendererScratch/vcpkg_installed/x64-windows/Microsoft Visual Studio/18/Community/MSBuild/Current/Bin/Roslyn/cc"
      - "D:/WaterSurfaceRendererScratch/vcpkg_installed/x64-windows/Microsoft Visual Studio/18/Community/MSBuild/Current/Bin/Roslyn/gcc.com"
      - "D:/WaterSurfaceRendererScratch/vcpkg_installed/x64-windows/Microsoft Visual Studio/18/Community/MSBuild/Current/Bin/Roslyn/gcc.exe"
      - "D:/WaterSurfaceRendererScratch/vcpkg_installed/x64-windows/Microsoft Visual Studio/18/Community/MSBuild/Current/Bin/Roslyn/gcc"
      - "D:/WaterSurfaceRendererScratch/vcpkg_installed/x64-windows/Microsoft Visual Studio/18/Community/MSBuild/Current/Bin/Roslyn/cl.com"
      - "D:/WaterSurfaceRendererScratch/vcpkg_installed/x64-windows/Microsoft Visual Studio/18/Community/MSBuild/Current/Bin/Roslyn/cl.exe"
      - "D:/WaterSurfaceRendererScratch/vcpkg_installed/x64-windows/Microsoft Visual Studio/18/Community/MSBuild/Current/Bin/Roslyn/cl"
      - "D:/WaterSurfaceRendererScratch/vcpkg_installed/x64-windows/Microsoft Visual Studio/18/Community/MSBuild/Current/Bin/Roslyn/bcc.com"
      - "D:/WaterSurfaceRendererScratch/vcpkg_installed/x64-windows/Microsoft Visual Studio/18/Community/MSBuild/Current/Bin/Roslyn/bcc.exe"
      - "D:/WaterSurfaceRendererScratch/vcpkg_installed/x64-windows/Microsoft Visual Studio/18/Community/MSBuild/Current/Bin/Roslyn/bcc"
      - "D:/WaterSurfaceRendererScratch/vcpkg_installed/x64-windows/Microsoft Visual Studio/18/Community/MSBuild/Current/Bin/Roslyn/xlc.com"
      - "D:/WaterSurfaceRendererScratch/vcpkg_installed/x64-windows/Microsoft Visual Studio/18/Community/MSBuild/Current/Bin/Roslyn/xlc.exe"
      - "D:/WaterSurfaceRendererScratch/vcpkg_installed/x64-windows/Microsoft Visual Studio/18/Community/MSBuild/Current/Bin/Roslyn/xlc"
      - "D:/WaterSurfaceRendererScratch/vcpkg_installed/x64-windows/Microsoft Visual Studio/18/Community/MSBuild/Current/Bin/Roslyn/icx.com"
      - "D:/WaterSurfaceRendererScratch/vcpkg_installed/x64-windows/Microsoft Visual Studio/18/Community/MSBuild/Current/Bin/Roslyn/icx.exe"
      - "D:/WaterSurfaceRendererScratch/vcpkg_installed/x64-windows/Microsoft Visual Studio/18/Community/MSBuild/Current/Bin/Roslyn/icx"
      - "D:/WaterSurfaceRendererScratch/vcpkg_installed/x64-windows/Microsoft Visual Studio/18/Community/MSBuild/Current/Bin/Roslyn/clang.com"
      - "D:/WaterSurfaceRendererScratch/vcpkg_installed/x64-windows/Microsoft Visual Studio/18/Community/MSBuild/Current/Bin/Roslyn/clang.exe"
      - "D:/WaterSurfaceRendererScratch/vcpkg_installed/x64-windows/Microsoft Visual Studio/18/Community/MSBuild/Current/Bin/Roslyn/clang"
      - "D:/WaterSurfaceRendererScratch/vcpkg_installed/x64-windows/Program Files (x86)/Microsoft SDKs/Windows/v10.0A/bin/NETFX 4.8 Tools/x64/cc.com"
      - "D:/WaterSurfaceRendererScratch/vcpkg_installed/x64-windows/Program Files (x86)/Microsoft SDKs/Windows/v10.0A/bin/NETFX 4.8 Tools/x64/cc.exe"
      - "D:/WaterSurfaceRendererScratch/vcpkg_installed/x64-windows/Program Files (x86)/Microsoft SDKs/Windows/v10.0A/bin/NETFX 4.8 Tools/x64/cc"
      - "D:/WaterSurfaceRendererScratch/vcpkg_installed/x64-windows/Program Files (x86)/Microsoft SDKs/Windows/v10.0A/bin/NETFX 4.8 Tools/x64/gcc.com"
      - "D:/WaterSurfaceRendererScratch/vcpkg_installed/x64-windows/Program Files (x86)/Microsoft SDKs/Windows/v10.0A/bin/NETFX 4.8 Tools/x64/gcc.exe"
      - "D:/WaterSurfaceRendererScratch/vcpkg_installed/x64-windows/Program Files (x86)/Microsoft SDKs/Windows/v10.0A/bin/NETFX 4.8 Tools/x64/gcc"
      - "D:/WaterSurfaceRendererScratch/vcpkg_installed/x64-windows/Program Files (x86)/Microsoft SDKs/Windows/v10.0A/bin/NETFX 4.8 Tools/x64/cl.com"
      - "D:/WaterSurfaceRendererScratch/vcpkg_installed/x64-windows/Program Files (x86)/Microsoft SDKs/Windows/v10.0A/bin/NETFX 4.8 Tools/x64/cl.exe"
      - "D:/WaterSurfaceRendererScratch/vcpkg_installed/x64-windows/Program Files (x86)/Microsoft SDKs/Windows/v10.0A/bin/NETFX 4.8 Tools/x64/cl"
      - "D:/WaterSurfaceRendererScratch/vcpkg_installed/x64-windows/Program Files (x86)/Microsoft SDKs/Windows/v10.0A/bin/NETFX 4.8 Tools/x64/bcc.com"
      - "D:/WaterSurfaceRendererScratch/vcpkg_installed/x64-windows/Program Files (x86)/Microsoft SDKs/Windows/v10.0A/bin/NETFX 4.8 Tools/x64/bcc.exe"
      - "D:/WaterSurfaceRendererScratch/vcpkg_installed/x64-windows/Program Files (x86)/Microsoft SDKs/Windows/v10.0A/bin/NETFX 4.8 Tools/x64/bcc"
      - "D:/WaterSurfaceRendererScratch/vcpkg_installed/x64-windows/Program Files (x86)/Microsoft SDKs/Windows/v10.0A/bin/NETFX 4.8 Tools/x64/xlc.com"
      - "D:/WaterSurfaceRendererScratch/vcpkg_installed/x64-windows/Program Files (x86)/Microsoft SDKs/Windows/v10.0A/bin/NETFX 4.8 Tools/x64/xlc.exe"
      - "D:/WaterSurfaceRendererScratch/vcpkg_installed/x64-windows/Program Files (x86)/Microsoft SDKs/Windows/v10.0A/bin/NETFX 4.8 Tools/x64/xlc"
      - "D:/WaterSurfaceRendererScratch/vcpkg_installed/x64-windows/Program Files (x86)/Microsoft SDKs/Windows/v10.0A/bin/NETFX 4.8 Tools/x64/icx.com"
      - "D:/WaterSurfaceRendererScratch/vcpkg_installed/x64-windows/Program Files (x86)/Microsoft SDKs/Windows/v10.0A/bin/NETFX 4.8 Tools/x64/icx.exe"
      - "D:/WaterSurfaceRendererScratch/vcpkg_installed/x64-windows/Program Files (x86)/Microsoft SDKs/Windows/v10.0A/bin/NETFX 4.8 Tools/x64/icx"
      - "D:/WaterSurfaceRendererScratch/vcpkg_installed/x64-windows/Program Files (x86)/Microsoft SDKs/Windows/v10.0A/bin/NETFX 4.8 Tools/x64/clang.com"
      - "D:/WaterSurfaceRendererScratch/vcpkg_installed/x64-windows/Program Files (x86)/Microsoft SDKs/Windows/v10.0A/bin/NETFX 4.8 Tools/x64/clang.exe"
      - "D:/WaterSurfaceRendererScratch/vcpkg_installed/x64-windows/Program Files (x86)/Microsoft SDKs/Windows/v10.0A/bin/NETFX 4.8 Tools/x64/clang"
      - "D:/WaterSurfaceRendererScratch/vcpkg_installed/x64-windows/Microsoft Visual Studio/18/Community/Team Tools/DiagnosticsHub/Collector/cc.com"
      - "D:/WaterSurfaceRendererScratch/vcpkg_installed/x64-windows/Microsoft Visual Studio/18/Community/Team Tools/DiagnosticsHub/Collector/cc.exe"
      - "D:/WaterSurfaceRendererScratch/vcpkg_installed/x64-windows/Microsoft Visual Studio/18/Community/Team Tools/DiagnosticsHub/Collector/cc"
      - "D:/WaterSurfaceRendererScratch/vcpkg_installed/x64-windows/Microsoft Visual Studio/18/Community/Team Tools/DiagnosticsHub/Collector/gcc.com"
      - "D:/WaterSurfaceRendererScratch/vcpkg_installed/x64-windows/Microsoft Visual Studio/18/Community/Team Tools/DiagnosticsHub/Collector/gcc.exe"
      - "D:/WaterSurfaceRendererScratch/vcpkg_installed/x64-windows/Microsoft Visual Studio/18/Community/Team Tools/DiagnosticsHub/Collector/gcc"
      - "D:/WaterSurfaceRendererScratch/vcpkg_installed/x64-windows/Microsoft Visual Studio/18/Community/Team Tools/DiagnosticsHub/Collector/cl.com"
      - "D:/WaterSurfaceRendererScratch/vcpkg_installed/x64-windows/Microsoft Visual Studio/18/Community/Team Tools/DiagnosticsHub/Collector/cl.exe"
      - "D:/WaterSurfaceRendererScratch/vcpkg_installed/x64-windows/Microsoft Visual Studio/18/Community/Team Tools/DiagnosticsHub/Collector/cl"
      - "D:/WaterSurfaceRendererScratch/vcpkg_installed/x64-windows/Microsoft Visual Studio/18/Community/Team Tools/DiagnosticsHub/Collector/bcc.com"
      - "D:/WaterSurfaceRendererScratch/vcpkg_installed/x64-windows/Microsoft Visual Studio/18/Community/Team Tools/DiagnosticsHub/Collector/bcc.exe"
      - "D:/WaterSurfaceRendererScratch/vcpkg_installed/x64-windows/Microsoft Visual Studio/18/Community/Team Tools/DiagnosticsHub/Collector/bcc"
      - "D:/WaterSurfaceRendererScratch/vcpkg_installed/x64-windows/Microsoft Visual Studio/18/Community/Team Tools/DiagnosticsHub/Collector/xlc.com"
      - "D:/WaterSurfaceRendererScratch/vcpkg_installed/x64-windows/Microsoft Visual Studio/18/Community/Team Tools/DiagnosticsHub/Collector/xlc.exe"
      - "D:/WaterSurfaceRendererScratch/vcpkg_installed/x64-windows/Microsoft Visual Studio/18/Community/Team Tools/DiagnosticsHub/Collector/xlc"
      - "D:/WaterSurfaceRendererScratch/vcpkg_installed/x64-windows/Microsoft Visual Studio/18/Community/Team Tools/DiagnosticsHub/Collector/icx.com"
      - "D:/WaterSurfaceRendererScratch/vcpkg_installed/x64-windows/Microsoft Visual Studio/18/Community/Team Tools/DiagnosticsHub/Collector/icx.exe"
      - "D:/WaterSurfaceRendererScratch/vcpkg_installed/x64-windows/Microsoft Visual Studio/18/Community/Team Tools/DiagnosticsHub/Collector/icx"
      - "D:/WaterSurfaceRendererScratch/vcpkg_installed/x64-windows/Microsoft Visual Studio/18/Community/Team Tools/DiagnosticsHub/Collector/clang.com"
      - "D:/WaterSurfaceRendererScratch/vcpkg_installed/x64-windows/Microsoft Visual Studio/18/Community/Team Tools/DiagnosticsHub/Collector/clang.exe"
      - "D:/WaterSurfaceRendererScratch/vcpkg_installed/x64-windows/Microsoft Visual Studio/18/Community/Team Tools/DiagnosticsHub/Collector/clang"
      - "D:/WaterSurfaceRendererScratch/vcpkg_installed/x64-windows/Microsoft Visual Studio/18/Community/Common7/IDE/Extensions/Microsoft/CodeCoverage.Console/cc.com"
      - "D:/WaterSurfaceRendererScratch/vcpkg_installed/x64-windows/Microsoft Visual Studio/18/Community/Common7/IDE/Extensions/Microsoft/CodeCoverage.Console/cc.exe"
      - "D:/WaterSurfaceRendererScratch/vcpkg_installed/x64-windows/Microsoft Visual Studio/18/Community/Common7/IDE/Extensions/Microsoft/CodeCoverage.Console/cc"
      - "D:/WaterSurfaceRendererScratch/vcpkg_installed/x64-windows/Microsoft Visual Studio/18/Community/Common7/IDE/Extensions/Microsoft/CodeCoverage.Console/gcc.com"
      - "D:/WaterSurfaceRendererScratch/vcpkg_installed/x64-windows/Microsoft Visual Studio/18/Community/Common7/IDE/Extensions/Microsoft/CodeCoverage.Console/gcc.exe"
      - "D:/WaterSurfaceRendererScratch/vcpkg_installed/x64-windows/Microsoft Visual Studio/18/Community/Common7/IDE/Extensions/Microsoft/CodeCoverage.Console/gcc"
      - "D:/WaterSurfaceRendererScratch/vcpkg_installed/x64-windows/Microsoft Visual Studio/18/Community/Common7/IDE/Extensions/Microsoft/CodeCoverage.Console/cl.com"
      - "D:/WaterSurfaceRendererScratch/vcpkg_installed/x64-windows/Microsoft Visual Studio/18/Community/Common7/IDE/Extensions/Microsoft/CodeCoverage.Console/cl.exe"
      - "D:/WaterSurfaceRendererScratch/vcpkg_installed/x64-windows/Microsoft Visual Studio/18/Community/Common7/IDE/Extensions/Microsoft/CodeCoverage.Console/cl"
      - "D:/WaterSurfaceRendererScratch/vcpkg_installed/x64-windows/Microsoft Visual Studio/18/Community/Common7/IDE/Extensions/Microsoft/CodeCoverage.Console/bcc.com"
      - "D:/WaterSurfaceRendererScratch/vcpkg_installed/x64-windows/Microsoft Visual Studio/18/Community/Common7/IDE/Extensions/Microsoft/CodeCoverage.Console/bcc.exe"
      - "D:/WaterSurfaceRendererScratch/vcpkg_installed/x64-windows/Microsoft Visual Studio/18/Community/Common7/IDE/Extensions/Microsoft/CodeCoverage.Console/bcc"
      - "D:/WaterSurfaceRendererScratch/vcpkg_installed/x64-windows/Microsoft Visual Studio/18/Community/Common7/IDE/Extensions/Microsoft/CodeCoverage.Console/xlc.com"
      - "D:/WaterSurfaceRendererScratch/vcpkg_installed/x64-windows/Microsoft Visual Studio/18/Community/Common7/IDE/Extensions/Microsoft/CodeCoverage.Console/xlc.exe"
      - "D:/WaterSurfaceRendererScratch/vcpkg_installed/x64-windows/Microsoft Visual Studio/18/Community/Common7/IDE/Extensions/Microsoft/CodeCoverage.Console/xlc"
      - "D:/WaterSurfaceRendererScratch/vcpkg_installed/x64-windows/Microsoft Visual Studio/18/Community/Common7/IDE/Extensions/Microsoft/CodeCoverage.Console/icx.com"
      - "D:/WaterSurfaceRendererScratch/vcpkg_installed/x64-windows/Microsoft Visual Studio/18/Community/Common7/IDE/Extensions/Microsoft/CodeCoverage.Console/icx.exe"
      - "D:/WaterSurfaceRendererScratch/vcpkg_installed/x64-windows/Microsoft Visual Studio/18/Community/Common7/IDE/Extensions/Microsoft/CodeCoverage.Console/icx"
      - "D:/WaterSurfaceRendererScratch/vcpkg_installed/x64-windows/Microsoft Visual Studio/18/Community/Common7/IDE/Extensions/Microsoft/CodeCoverage.Console/clang.com"
      - "D:/WaterSurfaceRendererScratch/vcpkg_installed/x64-windows/Microsoft Visual Studio/18/Community/Common7/IDE/Extensions/Microsoft/CodeCoverage.Console/clang.exe"
      - "D:/WaterSurfaceRendererScratch/vcpkg_installed/x64-windows/Microsoft Visual Studio/18/Community/Common7/IDE/Extensions/Microsoft/CodeCoverage.Console/clang"
      - "D:/WaterSurfaceRendererScratch/vcpkg_installed/x64-windows/Program Files (x86)/Windows Kits/10/bin/10.0.26100.0/x64/cc.com"
      - "D:/WaterSurfaceRendererScratch/vcpkg_installed/x64-windows/Program Files (x86)/Windows Kits/10/bin/10.0.26100.0/x64/cc.exe"
      - "D:/WaterSurfaceRendererScratch/vcpkg_installed/x64-windows/Program Files (x86)/Windows Kits/10/bin/10.0.26100.0/x64/cc"
      - "D:/WaterSurfaceRendererScratch/vcpkg_installed/x64-windows/Program Files (x86)/Windows Kits/10/bin/10.0.26100.0/x64/gcc.com"
      - "D:/WaterSurfaceRendererScratch/vcpkg_installed/x64-windows/Program Files (x86)/Windows Kits/10/bin/10.0.26100.0/x64/gcc.exe"
      - "D:/WaterSurfaceRendererScratch/vcpkg_installed/x64-windows/Program Files (x86)/Windows Kits/10/bin/10.0.26100.0/x64/gcc"
      - "D:/WaterSurfaceRendererScratch/vcpkg_installed/x64-windows/Program Files (x86)/Windows Kits/10/bin/10.0.26100.0/x64/cl.com"
      - "D:/WaterSurfaceRendererScratch/vcpkg_installed/x64-windows/Program Files (x86)/Windows Kits/10/bin/10.0.26100.0/x64/cl.exe"
      - "D:/WaterSurfaceRendererScratch/vcpkg_installed/x64-windows/Program Files (x86)/Windows Kits/10/bin/10.0.26100.0/x64/cl"
      - "D:/WaterSurfaceRendererScratch/vcpkg_installed/x64-windows/Program Files (x86)/Windows Kits/10/bin/10.0.26100.0/x64/bcc.com"
      - "D:/WaterSurfaceRendererScratch/vcpkg_installed/x64-windows/Program Files (x86)/Windows Kits/10/bin/10.0.26100.0/x64/bcc.exe"
      - "D:/WaterSurfaceRendererScratch/vcpkg_installed/x64-windows/Program Files (x86)/Windows Kits/10/bin/10.0.26100.0/x64/bcc"
      - "D:/WaterSurfaceRendererScratch/vcpkg_installed/x64-windows/Program Files (x86)/Windows Kits/10/bin/10.0.26100.0/x64/xlc.com"
      - "D:/WaterSurfaceRendererScratch/vcpkg_installed/x64-windows/Program Files (x86)/Windows Kits/10/bin/10.0.26100.0/x64/xlc.exe"
      - "D:/WaterSurfaceRendererScratch/vcpkg_installed/x64-windows/Program Files (x86)/Windows Kits/10/bin/10.0.26100.0/x64/xlc"
      - "D:/WaterSurfaceRendererScratch/vcpkg_installed/x64-windows/Program Files (x86)/Windows Kits/10/bin/10.0.26100.0/x64/icx.com"
      - "D:/WaterSurfaceRendererScratch/vcpkg_installed/x64-windows/Program Files (x86)/Windows Kits/10/bin/10.0.26100.0/x64/icx.exe"
      - "D:/WaterSurfaceRendererScratch/vcpkg_installed/x64-windows/Program Files (x86)/Windows Kits/10/bin/10.0.26100.0/x64/icx"
      - "D:/WaterSurfaceRendererScratch/vcpkg_installed/x64-windows/Program Files (x86)/Windows Kits/10/bin/10.0.26100.0/x64/clang.com"
      - "D:/WaterSurfaceRendererScratch/vcpkg_installed/x64-windows/Program Files (x86)/Windows Kits/10/bin/10.0.26100.0/x64/clang.exe"
      - "D:/WaterSurfaceRendererScratch/vcpkg_installed/x64-windows/Program Files (x86)/Windows Kits/10/bin/10.0.26100.0/x64/clang"
      - "D:/WaterSurfaceRendererScratch/vcpkg_installed/x64-windows/Program Files (x86)/Windows Kits/10/bin/x64/cc.com"
      - "D:/WaterSurfaceRendererScratch/vcpkg_installed/x64-windows/Program Files (x86)/Windows Kits/10/bin/x64/cc.exe"
      - "D:/WaterSurfaceRendererScratch/vcpkg_installed/x64-windows/Program Files (x86)/Windows Kits/10/bin/x64/cc"
      - "D:/WaterSurfaceRendererScratch/vcpkg_installed/x64-windows/Program Files (x86)/Windows Kits/10/bin/x64/gcc.com"
      - "D:/WaterSurfaceRendererScratch/vcpkg_installed/x64-windows/Program Files (x86)/Windows Kits/10/bin/x64/gcc.exe"
      - "D:/WaterSurfaceRendererScratch/vcpkg_installed/x64-windows/Program Files (x86)/Windows Kits/10/bin/x64/gcc"
      - "D:/WaterSurfaceRendererScratch/vcpkg_installed/x64-windows/Program Files (x86)/Windows Kits/10/bin/x64/cl.com"
      - "D:/WaterSurfaceRendererScratch/vcpkg_installed/x64-windows/Program Files (x86)/Windows Kits/10/bin/x64/cl.exe"
      - "D:/WaterSurfaceRendererScratch/vcpkg_installed/x64-windows/Program Files (x86)/Windows Kits/10/bin/x64/cl"
      - "D:/WaterSurfaceRendererScratch/vcpkg_installed/x64-windows/Program Files (x86)/Windows Kits/10/bin/x64/bcc.com"
      - "D:/WaterSurfaceRendererScratch/vcpkg_installed/x64-windows/Program Files (x86)/Windows Kits/10/bin/x64/bcc.exe"
      - "D:/WaterSurfaceRendererScratch/vcpkg_installed/x64-windows/Program Files (x86)/Windows Kits/10/bin/x64/bcc"
      - "D:/WaterSurfaceRendererScratch/vcpkg_installed/x64-windows/Program Files (x86)/Windows Kits/10/bin/x64/xlc.com"
      - "D:/WaterSurfaceRendererScratch/vcpkg_installed/x64-windows/Program Files (x86)/Windows Kits/10/bin/x64/xlc.exe"
      - "D:/WaterSurfaceRendererScratch/vcpkg_installed/x64-windows/Program Files (x86)/Windows Kits/10/bin/x64/xlc"
      - "D:/WaterSurfaceRendererScratch/vcpkg_installed/x64-windows/Program Files (x86)/Windows Kits/10/bin/x64/icx.com"
      - "D:/WaterSurfaceRendererScratch/vcpkg_installed/x64-windows/Program Files (x86)/Windows Kits/10/bin/x64/icx.exe"
      - "D:/WaterSurfaceRendererScratch/vcpkg_installed/x64-windows/Program Files (x86)/Windows Kits/10/bin/x64/icx"
      - "D:/WaterSurfaceRendererScratch/vcpkg_installed/x64-windows/Program Files (x86)/Windows Kits/10/bin/x64/clang.com"
      - "D:/WaterSurfaceRendererScratch/vcpkg_installed/x64-windows/Program Files (x86)/Windows Kits/10/bin/x64/clang.exe"
      - "D:/WaterSurfaceRendererScratch/vcpkg_installed/x64-windows/Program Files (x86)/Windows Kits/10/bin/x64/clang"
      - "D:/WaterSurfaceRendererScratch/vcpkg_installed/x64-windows/Microsoft Visual Studio/18/Community/MSBuild/Current/Bin/amd64/cc.com"
      - "D:/WaterSurfaceRendererScratch/vcpkg_installed/x64-windows/Microsoft Visual Studio/18/Community/MSBuild/Current/Bin/amd64/cc.exe"
      - "D:/WaterSurfaceRendererScratch/vcpkg_installed/x64-windows/Microsoft Visual Studio/18/Community/MSBuild/Current/Bin/amd64/cc"
      - "D:/WaterSurfaceRendererScratch/vcpkg_installed/x64-windows/Microsoft Visual Studio/18/Community/MSBuild/Current/Bin/amd64/gcc.com"
      - "D:/WaterSurfaceRendererScratch/vcpkg_installed/x64-windows/Microsoft Visual Studio/18/Community/MSBuild/Current/Bin/amd64/gcc.exe"
      - "D:/WaterSurfaceRendererScratch/vcpkg_installed/x64-windows/Microsoft Visual Studio/18/Community/MSBuild/Current/Bin/amd64/gcc"
      - "D:/WaterSurfaceRendererScratch/vcpkg_installed/x64-windows/Microsoft Visual Studio/18/Community/MSBuild/Current/Bin/amd64/cl.com"
      - "D:/WaterSurfaceRendererScratch/vcpkg_installed/x64-windows/Microsoft Visual Studio/18/Community/MSBuild/Current/Bin/amd64/cl.exe"
      - "D:/WaterSurfaceRendererScratch/vcpkg_installed/x64-windows/Microsoft Visual Studio/18/Community/MSBuild/Current/Bin/amd64/cl"
      - "D:/WaterSurfaceRendererScratch/vcpkg_installed/x64-windows/Microsoft Visual Studio/18/Community/MSBuild/Current/Bin/amd64/bcc.com"
      - "D:/WaterSurfaceRendererScratch/vcpkg_installed/x64-windows/Microsoft Visual Studio/18/Community/MSBuild/Current/Bin/amd64/bcc.exe"
      - "D:/WaterSurfaceRendererScratch/vcpkg_installed/x64-windows/Microsoft Visual Studio/18/Community/MSBuild/Current/Bin/amd64/bcc"
      - "D:/WaterSurfaceRendererScratch/vcpkg_installed/x64-windows/Microsoft Visual Studio/18/Community/MSBuild/Current/Bin/amd64/xlc.com"
      - "D:/WaterSurfaceRendererScratch/vcpkg_installed/x64-windows/Microsoft Visual Studio/18/Community/MSBuild/Current/Bin/amd64/xlc.exe"
      - "D:/WaterSurfaceRendererScratch/vcpkg_installed/x64-windows/Microsoft Visual Studio/18/Community/MSBuild/Current/Bin/amd64/xlc"
      - "D:/WaterSurfaceRendererScratch/vcpkg_installed/x64-windows/Microsoft Visual Studio/18/Community/MSBuild/Current/Bin/amd64/icx.com"
      - "D:/WaterSurfaceRendererScratch/vcpkg_installed/x64-windows/Microsoft Visual Studio/18/Community/MSBuild/Current/Bin/amd64/icx.exe"
      - "D:/WaterSurfaceRendererScratch/vcpkg_installed/x64-windows/Microsoft Visual Studio/18/Community/MSBuild/Current/Bin/amd64/icx"
      - "D:/WaterSurfaceRendererScratch/vcpkg_installed/x64-windows/Microsoft Visual Studio/18/Community/MSBuild/Current/Bin/amd64/clang.com"
      - "D:/WaterSurfaceRendererScratch/vcpkg_installed/x64-windows/Microsoft Visual Studio/18/Community/MSBuild/Current/Bin/amd64/clang.exe"
      - "D:/WaterSurfaceRendererScratch/vcpkg_installed/x64-windows/Microsoft Visual Studio/18/Community/MSBuild/Current/Bin/amd64/clang"
      - "D:/WaterSurfaceRendererScratch/vcpkg_installed/x64-windows/Windows/Microsoft.NET/Framework64/v4.0.30319/cc.com"
      - "D:/WaterSurfaceRendererScratch/vcpkg_installed/x64-windows/Windows/Microsoft.NET/Framework64/v4.0.30319/cc.exe"
      - "D:/WaterSurfaceRendererScratch/vcpkg_installed/x64-windows/Windows/Microsoft.NET/Framework64/v4.0.30319/cc"
      - "D:/WaterSurfaceRendererScratch/vcpkg_installed/x64-windows/Windows/Microsoft.NET/Framework64/v4.0.30319/gcc.com"
      - "D:/WaterSurfaceRendererScratch/vcpkg_installed/x64-windows/Windows/Microsoft.NET/Framework64/v4.0.30319/gcc.exe"
      - "D:/WaterSurfaceRendererScratch/vcpkg_installed/x64-windows/Windows/Microsoft.NET/Framework64/v4.0.30319/gcc"
      - "D:/WaterSurfaceRendererScratch/vcpkg_installed/x64-windows/Windows/Microsoft.NET/Framework64/v4.0.30319/cl.com"
      - "D:/WaterSurfaceRendererScratch/vcpkg_installed/x64-windows/Windows/Microsoft.NET/Framework64/v4.0.30319/cl.exe"
      - "D:/WaterSurfaceRendererScratch/vcpkg_installed/x64-windows/Windows/Microsoft.NET/Framework64/v4.0.30319/cl"
      - "D:/WaterSurfaceRendererScratch/vcpkg_installed/x64-windows/Windows/Microsoft.NET/Framework64/v4.0.30319/bcc.com"
      - "D:/WaterSurfaceRendererScratch/vcpkg_installed/x64-windows/Windows/Microsoft.NET/Framework64/v4.0.30319/bcc.exe"
      - "D:/WaterSurfaceRendererScratch/vcpkg_installed/x64-windows/Windows/Microsoft.NET/Framework64/v4.0.30319/bcc"
      - "D:/WaterSurfaceRendererScratch/vcpkg_installed/x64-windows/Windows/Microsoft.NET/Framework64/v4.0.30319/xlc.com"
      - "D:/WaterSurfaceRendererScratch/vcpkg_installed/x64-windows/Windows/Microsoft.NET/Framework64/v4.0.30319/xlc.exe"
      - "D:/WaterSurfaceRendererScratch/vcpkg_installed/x64-windows/Windows/Microsoft.NET/Framework64/v4.0.30319/xlc"
      - "D:/WaterSurfaceRendererScratch/vcpkg_installed/x64-windows/Windows/Microsoft.NET/Framework64/v4.0.30319/icx.com"
      - "D:/WaterSurfaceRendererScratch/vcpkg_installed/x64-windows/Windows/Microsoft.NET/Framework64/v4.0.30319/icx.exe"
      - "D:/WaterSurfaceRendererScratch/vcpkg_installed/x64-windows/Windows/Microsoft.NET/Framework64/v4.0.30319/icx"
      - "D:/WaterSurfaceRendererScratch/vcpkg_installed/x64-windows/Windows/Microsoft.NET/Framework64/v4.0.30319/clang.com"
      - "D:/WaterSurfaceRendererScratch/vcpkg_installed/x64-windows/Windows/Microsoft.NET/Framework64/v4.0.30319/clang.exe"
      - "D:/WaterSurfaceRendererScratch/vcpkg_installed/x64-windows/Windows/Microsoft.NET/Framework64/v4.0.30319/clang"
      - "D:/WaterSurfaceRendererScratch/vcpkg_installed/x64-windows/Microsoft Visual Studio/18/Community/Common7/IDE/cc.com"
      - "D:/WaterSurfaceRendererScratch/vcpkg_installed/x64-windows/Microsoft Visual Studio/18/Community/Common7/IDE/cc.exe"
      - "D:/WaterSurfaceRendererScratch/vcpkg_installed/x64-windows/Microsoft Visual Studio/18/Community/Common7/IDE/cc"
      - "D:/WaterSurfaceRendererScratch/vcpkg_installed/x64-windows/Microsoft Visual Studio/18/Community/Common7/IDE/gcc.com"
      - "D:/WaterSurfaceRendererScratch/vcpkg_installed/x64-windows/Microsoft Visual Studio/18/Community/Common7/IDE/gcc.exe"
      - "D:/WaterSurfaceRendererScratch/vcpkg_installed/x64-windows/Microsoft Visual Studio/18/Community/Common7/IDE/gcc"
      - "D:/WaterSurfaceRendererScratch/vcpkg_installed/x64-windows/Microsoft Visual Studio/18/Community/Common7/IDE/cl.com"
      - "D:/WaterSurfaceRendererScratch/vcpkg_installed/x64-windows/Microsoft Visual Studio/18/Community/Common7/IDE/cl.exe"
      - "D:/WaterSurfaceRendererScratch/vcpkg_installed/x64-windows/Microsoft Visual Studio/18/Community/Common7/IDE/cl"
      - "D:/WaterSurfaceRendererScratch/vcpkg_installed/x64-windows/Microsoft Visual Studio/18/Community/Common7/IDE/bcc.com"
      - "D:/WaterSurfaceRendererScratch/vcpkg_installed/x64-windows/Microsoft Visual Studio/18/Community/Common7/IDE/bcc.exe"
      - "D:/WaterSurfaceRendererScratch/vcpkg_installed/x64-windows/Microsoft Visual Studio/18/Community/Common7/IDE/bcc"
      - "D:/WaterSurfaceRendererScratch/vcpkg_installed/x64-windows/Microsoft Visual Studio/18/Community/Common7/IDE/xlc.com"
      - "D:/WaterSurfaceRendererScratch/vcpkg_installed/x64-windows/Microsoft Visual Studio/18/Community/Common7/IDE/xlc.exe"
      - "D:/WaterSurfaceRendererScratch/vcpkg_installed/x64-windows/Microsoft Visual Studio/18/Community/Common7/IDE/xlc"
      - "D:/WaterSurfaceRendererScratch/vcpkg_installed/x64-windows/Microsoft Visual Studio/18/Community/Common7/IDE/icx.com"
      - "D:/WaterSurfaceRendererScratch/vcpkg_installed/x64-windows/Microsoft Visual Studio/18/Community/Common7/IDE/icx.exe"
      - "D:/WaterSurfaceRendererScratch/vcpkg_installed/x64-windows/Microsoft Visual Studio/18/Community/Common7/IDE/icx"
      - "D:/WaterSurfaceRendererScratch/vcpkg_installed/x64-windows/Microsoft Visual Studio/18/Community/Common7/IDE/clang.com"
      - "D:/WaterSurfaceRendererScratch/vcpkg_installed/x64-windows/Microsoft Visual Studio/18/Community/Common7/IDE/clang.exe"
      - "D:/WaterSurfaceRendererScratch/vcpkg_installed/x64-windows/Microsoft Visual Studio/18/Community/Common7/IDE/clang"
      - "D:/WaterSurfaceRendererScratch/vcpkg_installed/x64-windows/Microsoft Visual Studio/18/Community/Common7/Tools/cc.com"
      - "D:/WaterSurfaceRendererScratch/vcpkg_installed/x64-windows/Microsoft Visual Studio/18/Community/Common7/Tools/cc.exe"
      - "D:/WaterSurfaceRendererScratch/vcpkg_installed/x64-windows/Microsoft Visual Studio/18/Community/Common7/Tools/cc"
      - "D:/WaterSurfaceRendererScratch/vcpkg_installed/x64-windows/Microsoft Visual Studio/18/Community/Common7/Tools/gcc.com"
      - "D:/WaterSurfaceRendererScratch/vcpkg_installed/x64-windows/Microsoft Visual Studio/18/Community/Common7/Tools/gcc.exe"
      - "D:/WaterSurfaceRendererScratch/vcpkg_installed/x64-windows/Microsoft Visual Studio/18/Community/Common7/Tools/gcc"
      - "D:/WaterSurfaceRendererScratch/vcpkg_installed/x64-windows/Microsoft Visual Studio/18/Community/Common7/Tools/cl.com"
      - "D:/WaterSurfaceRendererScratch/vcpkg_installed/x64-windows/Microsoft Visual Studio/18/Community/Common7/Tools/cl.exe"
      - "D:/WaterSurfaceRendererScratch/vcpkg_installed/x64-windows/Microsoft Visual Studio/18/Community/Common7/Tools/cl"
      - "D:/WaterSurfaceRendererScratch/vcpkg_installed/x64-windows/Microsoft Visual Studio/18/Community/Common7/Tools/bcc.com"
      - "D:/WaterSurfaceRendererScratch/vcpkg_installed/x64-windows/Microsoft Visual Studio/18/Community/Common7/Tools/bcc.exe"
      - "D:/WaterSurfaceRendererScratch/vcpkg_installed/x64-windows/Microsoft Visual Studio/18/Community/Common7/Tools/bcc"
      - "D:/WaterSurfaceRendererScratch/vcpkg_installed/x64-windows/Microsoft Visual Studio/18/Community/Common7/Tools/xlc.com"
      - "D:/WaterSurfaceRendererScratch/vcpkg_installed/x64-windows/Microsoft Visual Studio/18/Community/Common7/Tools/xlc.exe"
      - "D:/WaterSurfaceRendererScratch/vcpkg_installed/x64-windows/Microsoft Visual Studio/18/Community/Common7/Tools/xlc"
      - "D:/WaterSurfaceRendererScratch/vcpkg_installed/x64-windows/Microsoft Visual Studio/18/Community/Common7/Tools/icx.com"
      - "D:/WaterSurfaceRendererScratch/vcpkg_installed/x64-windows/Microsoft Visual Studio/18/Community/Common7/Tools/icx.exe"
      - "D:/WaterSurfaceRendererScratch/vcpkg_installed/x64-windows/Microsoft Visual Studio/18/Community/Common7/Tools/icx"
      - "D:/WaterSurfaceRendererScratch/vcpkg_installed/x64-windows/Microsoft Visual Studio/18/Community/Common7/Tools/clang.com"
      - "D:/WaterSurfaceRendererScratch/vcpkg_installed/x64-windows/Microsoft Visual Studio/18/Community/Common7/Tools/clang.exe"
      - "D:/WaterSurfaceRendererScratch/vcpkg_installed/x64-windows/Microsoft Visual Studio/18/Community/Common7/Tools/clang"
      - "D:/WaterSurfaceRendererScratch/vcpkg_installed/x64-windows/Users/xukeheng/AppData/Local/vcpkg/downloads/tools/powershell-core-7.5.4-windows/cc.com"
      - "D:/WaterSurfaceRendererScratch/vcpkg_installed/x64-windows/Users/xukeheng/AppData/Local/vcpkg/downloads/tools/powershell-core-7.5.4-windows/cc.exe"
      - "D:/WaterSurfaceRendererScratch/vcpkg_installed/x64-windows/Users/xukeheng/AppData/Local/vcpkg/downloads/tools/powershell-core-7.5.4-windows/cc"
      - "D:/WaterSurfaceRendererScratch/vcpkg_installed/x64-windows/Users/xukeheng/AppData/Local/vcpkg/downloads/tools/powershell-core-7.5.4-windows/gcc.com"
      - "D:/WaterSurfaceRendererScratch/vcpkg_installed/x64-windows/Users/xukeheng/AppData/Local/vcpkg/downloads/tools/powershell-core-7.5.4-windows/gcc.exe"
      - "D:/WaterSurfaceRendererScratch/vcpkg_installed/x64-windows/Users/xukeheng/AppData/Local/vcpkg/downloads/tools/powershell-core-7.5.4-windows/gcc"
      - "D:/WaterSurfaceRendererScratch/vcpkg_installed/x64-windows/Users/xukeheng/AppData/Local/vcpkg/downloads/tools/powershell-core-7.5.4-windows/cl.com"
      - "D:/WaterSurfaceRendererScratch/vcpkg_installed/x64-windows/Users/xukeheng/AppData/Local/vcpkg/downloads/tools/powershell-core-7.5.4-windows/cl.exe"
      - "D:/WaterSurfaceRendererScratch/vcpkg_installed/x64-windows/Users/xukeheng/AppData/Local/vcpkg/downloads/tools/powershell-core-7.5.4-windows/cl"
      - "D:/WaterSurfaceRendererScratch/vcpkg_installed/x64-windows/Users/xukeheng/AppData/Local/vcpkg/downloads/tools/powershell-core-7.5.4-windows/bcc.com"
      - "D:/WaterSurfaceRendererScratch/vcpkg_installed/x64-windows/Users/xukeheng/AppData/Local/vcpkg/downloads/tools/powershell-core-7.5.4-windows/bcc.exe"
      - "D:/WaterSurfaceRendererScratch/vcpkg_installed/x64-windows/Users/xukeheng/AppData/Local/vcpkg/downloads/tools/powershell-core-7.5.4-windows/bcc"
      - "D:/WaterSurfaceRendererScratch/vcpkg_installed/x64-windows/Users/xukeheng/AppData/Local/vcpkg/downloads/tools/powershell-core-7.5.4-windows/xlc.com"
      - "D:/WaterSurfaceRendererScratch/vcpkg_installed/x64-windows/Users/xukeheng/AppData/Local/vcpkg/downloads/tools/powershell-core-7.5.4-windows/xlc.exe"
      - "D:/WaterSurfaceRendererScratch/vcpkg_installed/x64-windows/Users/xukeheng/AppData/Local/vcpkg/downloads/tools/powershell-core-7.5.4-windows/xlc"
      - "D:/WaterSurfaceRendererScratch/vcpkg_installed/x64-windows/Users/xukeheng/AppData/Local/vcpkg/downloads/tools/powershell-core-7.5.4-windows/icx.com"
      - "D:/WaterSurfaceRendererScratch/vcpkg_installed/x64-windows/Users/xukeheng/AppData/Local/vcpkg/downloads/tools/powershell-core-7.5.4-windows/icx.exe"
      - "D:/WaterSurfaceRendererScratch/vcpkg_installed/x64-windows/Users/xukeheng/AppData/Local/vcpkg/downloads/tools/powershell-core-7.5.4-windows/icx"
      - "D:/WaterSurfaceRendererScratch/vcpkg_installed/x64-windows/Users/xukeheng/AppData/Local/vcpkg/downloads/tools/powershell-core-7.5.4-windows/clang.com"
      - "D:/WaterSurfaceRendererScratch/vcpkg_installed/x64-windows/Users/xukeheng/AppData/Local/vcpkg/downloads/tools/powershell-core-7.5.4-windows/clang.exe"
      - "D:/WaterSurfaceRendererScratch/vcpkg_installed/x64-windows/Users/xukeheng/AppData/Local/vcpkg/downloads/tools/powershell-core-7.5.4-windows/clang"
      - "D:/WaterSurfaceRendererScratch/vcpkg_installed/x64-windows/Windows/System32/cc.com"
      - "D:/WaterSurfaceRendererScratch/vcpkg_installed/x64-windows/Windows/System32/cc.exe"
      - "D:/WaterSurfaceRendererScratch/vcpkg_installed/x64-windows/Windows/System32/cc"
      - "D:/WaterSurfaceRendererScratch/vcpkg_installed/x64-windows/Windows/System32/gcc.com"
      - "D:/WaterSurfaceRendererScratch/vcpkg_installed/x64-windows/Windows/System32/gcc.exe"
      - "D:/WaterSurfaceRendererScratch/vcpkg_installed/x64-windows/Windows/System32/gcc"
      - "D:/WaterSurfaceRendererScratch/vcpkg_installed/x64-windows/Windows/System32/cl.com"
      - "D:/WaterSurfaceRendererScratch/vcpkg_installed/x64-windows/Windows/System32/cl.exe"
      - "D:/WaterSurfaceRendererScratch/vcpkg_installed/x64-windows/Windows/System32/cl"
      - "D:/WaterSurfaceRendererScratch/vcpkg_installed/x64-windows/Windows/System32/bcc.com"
      - "D:/WaterSurfaceRendererScratch/vcpkg_installed/x64-windows/Windows/System32/bcc.exe"
      - "D:/WaterSurfaceRendererScratch/vcpkg_installed/x64-windows/Windows/System32/bcc"
      - "D:/WaterSurfaceRendererScratch/vcpkg_installed/x64-windows/Windows/System32/xlc.com"
      - "D:/WaterSurfaceRendererScratch/vcpkg_installed/x64-windows/Windows/System32/xlc.exe"
      - "D:/WaterSurfaceRendererScratch/vcpkg_installed/x64-windows/Windows/System32/xlc"
      - "D:/WaterSurfaceRendererScratch/vcpkg_installed/x64-windows/Windows/System32/icx.com"
      - "D:/WaterSurfaceRendererScratch/vcpkg_installed/x64-windows/Windows/System32/icx.exe"
      - "D:/WaterSurfaceRendererScratch/vcpkg_installed/x64-windows/Windows/System32/icx"
      - "D:/WaterSurfaceRendererScratch/vcpkg_installed/x64-windows/Windows/System32/clang.com"
      - "D:/WaterSurfaceRendererScratch/vcpkg_installed/x64-windows/Windows/System32/clang.exe"
      - "D:/WaterSurfaceRendererScratch/vcpkg_installed/x64-windows/Windows/System32/clang"
      - "D:/WaterSurfaceRendererScratch/vcpkg_installed/x64-windows/Windows/cc.com"
      - "D:/WaterSurfaceRendererScratch/vcpkg_installed/x64-windows/Windows/cc.exe"
      - "D:/WaterSurfaceRendererScratch/vcpkg_installed/x64-windows/Windows/cc"
      - "D:/WaterSurfaceRendererScratch/vcpkg_installed/x64-windows/Windows/gcc.com"
      - "D:/WaterSurfaceRendererScratch/vcpkg_installed/x64-windows/Windows/gcc.exe"
      - "D:/WaterSurfaceRendererScratch/vcpkg_installed/x64-windows/Windows/gcc"
      - "D:/WaterSurfaceRendererScratch/vcpkg_installed/x64-windows/Windows/cl.com"
      - "D:/WaterSurfaceRendererScratch/vcpkg_installed/x64-windows/Windows/cl.exe"
      - "D:/WaterSurfaceRendererScratch/vcpkg_installed/x64-windows/Windows/cl"
      - "D:/WaterSurfaceRendererScratch/vcpkg_installed/x64-windows/Windows/bcc.com"
      - "D:/WaterSurfaceRendererScratch/vcpkg_installed/x64-windows/Windows/bcc.exe"
      - "D:/WaterSurfaceRendererScratch/vcpkg_installed/x64-windows/Windows/bcc"
      - "D:/WaterSurfaceRendererScratch/vcpkg_installed/x64-windows/Windows/xlc.com"
      - "D:/WaterSurfaceRendererScratch/vcpkg_installed/x64-windows/Windows/xlc.exe"
      - "D:/WaterSurfaceRendererScratch/vcpkg_installed/x64-windows/Windows/xlc"
      - "D:/WaterSurfaceRendererScratch/vcpkg_installed/x64-windows/Windows/icx.com"
      - "D:/WaterSurfaceRendererScratch/vcpkg_installed/x64-windows/Windows/icx.exe"
      - "D:/WaterSurfaceRendererScratch/vcpkg_installed/x64-windows/Windows/icx"
      - "D:/WaterSurfaceRendererScratch/vcpkg_installed/x64-windows/Windows/clang.com"
      - "D:/WaterSurfaceRendererScratch/vcpkg_installed/x64-windows/Windows/clang.exe"
      - "D:/WaterSurfaceRendererScratch/vcpkg_installed/x64-windows/Windows/clang"
      - "D:/WaterSurfaceRendererScratch/vcpkg_installed/x64-windows/Windows/System32/wbem/cc.com"
      - "D:/WaterSurfaceRendererScratch/vcpkg_installed/x64-windows/Windows/System32/wbem/cc.exe"
      - "D:/WaterSurfaceRendererScratch/vcpkg_installed/x64-windows/Windows/System32/wbem/cc"
      - "D:/WaterSurfaceRendererScratch/vcpkg_installed/x64-windows/Windows/System32/wbem/gcc.com"
      - "D:/WaterSurfaceRendererScratch/vcpkg_installed/x64-windows/Windows/System32/wbem/gcc.exe"
      - "D:/WaterSurfaceRendererScratch/vcpkg_installed/x64-windows/Windows/System32/wbem/gcc"
      - "D:/WaterSurfaceRendererScratch/vcpkg_installed/x64-windows/Windows/System32/wbem/cl.com"
      - "D:/WaterSurfaceRendererScratch/vcpkg_installed/x64-windows/Windows/System32/wbem/cl.exe"
      - "D:/WaterSurfaceRendererScratch/vcpkg_installed/x64-windows/Windows/System32/wbem/cl"
      - "D:/WaterSurfaceRendererScratch/vcpkg_installed/x64-windows/Windows/System32/wbem/bcc.com"
      - "D:/WaterSurfaceRendererScratch/vcpkg_installed/x64-windows/Windows/System32/wbem/bcc.exe"
      - "D:/WaterSurfaceRendererScratch/vcpkg_installed/x64-windows/Windows/System32/wbem/bcc"
      - "D:/WaterSurfaceRendererScratch/vcpkg_installed/x64-windows/Windows/System32/wbem/xlc.com"
      - "D:/WaterSurfaceRendererScratch/vcpkg_installed/x64-windows/Windows/System32/wbem/xlc.exe"
      - "D:/WaterSurfaceRendererScratch/vcpkg_installed/x64-windows/Windows/System32/wbem/xlc"
      - "D:/WaterSurfaceRendererScratch/vcpkg_installed/x64-windows/Windows/System32/wbem/icx.com"
      - "D:/WaterSurfaceRendererScratch/vcpkg_installed/x64-windows/Windows/System32/wbem/icx.exe"
      - "D:/WaterSurfaceRendererScratch/vcpkg_installed/x64-windows/Windows/System32/wbem/icx"
      - "D:/WaterSurfaceRendererScratch/vcpkg_installed/x64-windows/Windows/System32/wbem/clang.com"
      - "D:/WaterSurfaceRendererScratch/vcpkg_installed/x64-windows/Windows/System32/wbem/clang.exe"
      - "D:/WaterSurfaceRendererScratch/vcpkg_installed/x64-windows/Windows/System32/wbem/clang"
      - "D:/WaterSurfaceRendererScratch/vcpkg_installed/x64-windows/Windows/System32/WindowsPowerShell/v1.0/cc.com"
      - "D:/WaterSurfaceRendererScratch/vcpkg_installed/x64-windows/Windows/System32/WindowsPowerShell/v1.0/cc.exe"
      - "D:/WaterSurfaceRendererScratch/vcpkg_installed/x64-windows/Windows/System32/WindowsPowerShell/v1.0/cc"
      - "D:/WaterSurfaceRendererScratch/vcpkg_installed/x64-windows/Windows/System32/WindowsPowerShell/v1.0/gcc.com"
      - "D:/WaterSurfaceRendererScratch/vcpkg_installed/x64-windows/Windows/System32/WindowsPowerShell/v1.0/gcc.exe"
      - "D:/WaterSurfaceRendererScratch/vcpkg_installed/x64-windows/Windows/System32/WindowsPowerShell/v1.0/gcc"
      - "D:/WaterSurfaceRendererScratch/vcpkg_installed/x64-windows/Windows/System32/WindowsPowerShell/v1.0/cl.com"
      - "D:/WaterSurfaceRendererScratch/vcpkg_installed/x64-windows/Windows/System32/WindowsPowerShell/v1.0/cl.exe"
      - "D:/WaterSurfaceRendererScratch/vcpkg_installed/x64-windows/Windows/System32/WindowsPowerShell/v1.0/cl"
      - "D:/WaterSurfaceRendererScratch/vcpkg_installed/x64-windows/Windows/System32/WindowsPowerShell/v1.0/bcc.com"
      - "D:/WaterSurfaceRendererScratch/vcpkg_installed/x64-windows/Windows/System32/WindowsPowerShell/v1.0/bcc.exe"
      - "D:/WaterSurfaceRendererScratch/vcpkg_installed/x64-windows/Windows/System32/WindowsPowerShell/v1.0/bcc"
      - "D:/WaterSurfaceRendererScratch/vcpkg_installed/x64-windows/Windows/System32/WindowsPowerShell/v1.0/xlc.com"
      - "D:/WaterSurfaceRendererScratch/vcpkg_installed/x64-windows/Windows/System32/WindowsPowerShell/v1.0/xlc.exe"
      - "D:/WaterSurfaceRendererScratch/vcpkg_installed/x64-windows/Windows/System32/WindowsPowerShell/v1.0/xlc"
      - "D:/WaterSurfaceRendererScratch/vcpkg_installed/x64-windows/Windows/System32/WindowsPowerShell/v1.0/icx.com"
      - "D:/WaterSurfaceRendererScratch/vcpkg_installed/x64-windows/Windows/System32/WindowsPowerShell/v1.0/icx.exe"
      - "D:/WaterSurfaceRendererScratch/vcpkg_installed/x64-windows/Windows/System32/WindowsPowerShell/v1.0/icx"
      - "D:/WaterSurfaceRendererScratch/vcpkg_installed/x64-windows/Windows/System32/WindowsPowerShell/v1.0/clang.com"
      - "D:/WaterSurfaceRendererScratch/vcpkg_installed/x64-windows/Windows/System32/WindowsPowerShell/v1.0/clang.exe"
      - "D:/WaterSurfaceRendererScratch/vcpkg_installed/x64-windows/Windows/System32/WindowsPowerShell/v1.0/clang"
      - "D:/WaterSurfaceRendererScratch/vcpkg_installed/x64-windows/Windows/System32/OpenSSH/cc.com"
      - "D:/WaterSurfaceRendererScratch/vcpkg_installed/x64-windows/Windows/System32/OpenSSH/cc.exe"
      - "D:/WaterSurfaceRendererScratch/vcpkg_installed/x64-windows/Windows/System32/OpenSSH/cc"
      - "D:/WaterSurfaceRendererScratch/vcpkg_installed/x64-windows/Windows/System32/OpenSSH/gcc.com"
      - "D:/WaterSurfaceRendererScratch/vcpkg_installed/x64-windows/Windows/System32/OpenSSH/gcc.exe"
      - "D:/WaterSurfaceRendererScratch/vcpkg_installed/x64-windows/Windows/System32/OpenSSH/gcc"
      - "D:/WaterSurfaceRendererScratch/vcpkg_installed/x64-windows/Windows/System32/OpenSSH/cl.com"
      - "D:/WaterSurfaceRendererScratch/vcpkg_installed/x64-windows/Windows/System32/OpenSSH/cl.exe"
      - "D:/WaterSurfaceRendererScratch/vcpkg_installed/x64-windows/Windows/System32/OpenSSH/cl"
      - "D:/WaterSurfaceRendererScratch/vcpkg_installed/x64-windows/Windows/System32/OpenSSH/bcc.com"
      - "D:/WaterSurfaceRendererScratch/vcpkg_installed/x64-windows/Windows/System32/OpenSSH/bcc.exe"
      - "D:/WaterSurfaceRendererScratch/vcpkg_installed/x64-windows/Windows/System32/OpenSSH/bcc"
      - "D:/WaterSurfaceRendererScratch/vcpkg_installed/x64-windows/Windows/System32/OpenSSH/xlc.com"
      - "D:/WaterSurfaceRendererScratch/vcpkg_installed/x64-windows/Windows/System32/OpenSSH/xlc.exe"
      - "D:/WaterSurfaceRendererScratch/vcpkg_installed/x64-windows/Windows/System32/OpenSSH/xlc"
      - "D:/WaterSurfaceRendererScratch/vcpkg_installed/x64-windows/Windows/System32/OpenSSH/icx.com"
      - "D:/WaterSurfaceRendererScratch/vcpkg_installed/x64-windows/Windows/System32/OpenSSH/icx.exe"
      - "D:/WaterSurfaceRendererScratch/vcpkg_installed/x64-windows/Windows/System32/OpenSSH/icx"
      - "D:/WaterSurfaceRendererScratch/vcpkg_installed/x64-windows/Windows/System32/OpenSSH/clang.com"
      - "D:/WaterSurfaceRendererScratch/vcpkg_installed/x64-windows/Windows/System32/OpenSSH/clang.exe"
      - "D:/WaterSurfaceRendererScratch/vcpkg_installed/x64-windows/Windows/System32/OpenSSH/clang"
      - "D:/WaterSurfaceRendererScratch/vcpkg_installed/x64-windows/Microsoft Visual Studio/18/Community/Common7/IDE/CommonExtensions/Microsoft/CMake/CMake/bin/cc.com"
      - "D:/WaterSurfaceRendererScratch/vcpkg_installed/x64-windows/Microsoft Visual Studio/18/Community/Common7/IDE/CommonExtensions/Microsoft/CMake/CMake/bin/cc.exe"
      - "D:/WaterSurfaceRendererScratch/vcpkg_installed/x64-windows/Microsoft Visual Studio/18/Community/Common7/IDE/CommonExtensions/Microsoft/CMake/CMake/bin/cc"
      - "D:/WaterSurfaceRendererScratch/vcpkg_installed/x64-windows/Microsoft Visual Studio/18/Community/Common7/IDE/CommonExtensions/Microsoft/CMake/CMake/bin/gcc.com"
      - "D:/WaterSurfaceRendererScratch/vcpkg_installed/x64-windows/Microsoft Visual Studio/18/Community/Common7/IDE/CommonExtensions/Microsoft/CMake/CMake/bin/gcc.exe"
      - "D:/WaterSurfaceRendererScratch/vcpkg_installed/x64-windows/Microsoft Visual Studio/18/Community/Common7/IDE/CommonExtensions/Microsoft/CMake/CMake/bin/gcc"
      - "D:/WaterSurfaceRendererScratch/vcpkg_installed/x64-windows/Microsoft Visual Studio/18/Community/Common7/IDE/CommonExtensions/Microsoft/CMake/CMake/bin/cl.com"
      - "D:/WaterSurfaceRendererScratch/vcpkg_installed/x64-windows/Microsoft Visual Studio/18/Community/Common7/IDE/CommonExtensions/Microsoft/CMake/CMake/bin/cl.exe"
      - "D:/WaterSurfaceRendererScratch/vcpkg_installed/x64-windows/Microsoft Visual Studio/18/Community/Common7/IDE/CommonExtensions/Microsoft/CMake/CMake/bin/cl"
      - "D:/WaterSurfaceRendererScratch/vcpkg_installed/x64-windows/Microsoft Visual Studio/18/Community/Common7/IDE/CommonExtensions/Microsoft/CMake/CMake/bin/bcc.com"
      - "D:/WaterSurfaceRendererScratch/vcpkg_installed/x64-windows/Microsoft Visual Studio/18/Community/Common7/IDE/CommonExtensions/Microsoft/CMake/CMake/bin/bcc.exe"
      - "D:/WaterSurfaceRendererScratch/vcpkg_installed/x64-windows/Microsoft Visual Studio/18/Community/Common7/IDE/CommonExtensions/Microsoft/CMake/CMake/bin/bcc"
      - "D:/WaterSurfaceRendererScratch/vcpkg_installed/x64-windows/Microsoft Visual Studio/18/Community/Common7/IDE/CommonExtensions/Microsoft/CMake/CMake/bin/xlc.com"
      - "D:/WaterSurfaceRendererScratch/vcpkg_installed/x64-windows/Microsoft Visual Studio/18/Community/Common7/IDE/CommonExtensions/Microsoft/CMake/CMake/bin/xlc.exe"
      - "D:/WaterSurfaceRendererScratch/vcpkg_installed/x64-windows/Microsoft Visual Studio/18/Community/Common7/IDE/CommonExtensions/Microsoft/CMake/CMake/bin/xlc"
      - "D:/WaterSurfaceRendererScratch/vcpkg_installed/x64-windows/Microsoft Visual Studio/18/Community/Common7/IDE/CommonExtensions/Microsoft/CMake/CMake/bin/icx.com"
      - "D:/WaterSurfaceRendererScratch/vcpkg_installed/x64-windows/Microsoft Visual Studio/18/Community/Common7/IDE/CommonExtensions/Microsoft/CMake/CMake/bin/icx.exe"
      - "D:/WaterSurfaceRendererScratch/vcpkg_installed/x64-windows/Microsoft Visual Studio/18/Community/Common7/IDE/CommonExtensions/Microsoft/CMake/CMake/bin/icx"
      - "D:/WaterSurfaceRendererScratch/vcpkg_installed/x64-windows/Microsoft Visual Studio/18/Community/Common7/IDE/CommonExtensions/Microsoft/CMake/CMake/bin/clang.com"
      - "D:/WaterSurfaceRendererScratch/vcpkg_installed/x64-windows/Microsoft Visual Studio/18/Community/Common7/IDE/CommonExtensions/Microsoft/CMake/CMake/bin/clang.exe"
      - "D:/WaterSurfaceRendererScratch/vcpkg_installed/x64-windows/Microsoft Visual Studio/18/Community/Common7/IDE/CommonExtensions/Microsoft/CMake/CMake/bin/clang"
      - "D:/WaterSurfaceRendererScratch/vcpkg_installed/x64-windows/Microsoft Visual Studio/18/Community/Common7/IDE/CommonExtensions/Microsoft/CMake/Ninja/cc.com"
      - "D:/WaterSurfaceRendererScratch/vcpkg_installed/x64-windows/Microsoft Visual Studio/18/Community/Common7/IDE/CommonExtensions/Microsoft/CMake/Ninja/cc.exe"
      - "D:/WaterSurfaceRendererScratch/vcpkg_installed/x64-windows/Microsoft Visual Studio/18/Community/Common7/IDE/CommonExtensions/Microsoft/CMake/Ninja/cc"
      - "D:/WaterSurfaceRendererScratch/vcpkg_installed/x64-windows/Microsoft Visual Studio/18/Community/Common7/IDE/CommonExtensions/Microsoft/CMake/Ninja/gcc.com"
      - "D:/WaterSurfaceRendererScratch/vcpkg_installed/x64-windows/Microsoft Visual Studio/18/Community/Common7/IDE/CommonExtensions/Microsoft/CMake/Ninja/gcc.exe"
      - "D:/WaterSurfaceRendererScratch/vcpkg_installed/x64-windows/Microsoft Visual Studio/18/Community/Common7/IDE/CommonExtensions/Microsoft/CMake/Ninja/gcc"
      - "D:/WaterSurfaceRendererScratch/vcpkg_installed/x64-windows/Microsoft Visual Studio/18/Community/Common7/IDE/CommonExtensions/Microsoft/CMake/Ninja/cl.com"
      - "D:/WaterSurfaceRendererScratch/vcpkg_installed/x64-windows/Microsoft Visual Studio/18/Community/Common7/IDE/CommonExtensions/Microsoft/CMake/Ninja/cl.exe"
      - "D:/WaterSurfaceRendererScratch/vcpkg_installed/x64-windows/Microsoft Visual Studio/18/Community/Common7/IDE/CommonExtensions/Microsoft/CMake/Ninja/cl"
      - "D:/WaterSurfaceRendererScratch/vcpkg_installed/x64-windows/Microsoft Visual Studio/18/Community/Common7/IDE/CommonExtensions/Microsoft/CMake/Ninja/bcc.com"
      - "D:/WaterSurfaceRendererScratch/vcpkg_installed/x64-windows/Microsoft Visual Studio/18/Community/Common7/IDE/CommonExtensions/Microsoft/CMake/Ninja/bcc.exe"
      - "D:/WaterSurfaceRendererScratch/vcpkg_installed/x64-windows/Microsoft Visual Studio/18/Community/Common7/IDE/CommonExtensions/Microsoft/CMake/Ninja/bcc"
      - "D:/WaterSurfaceRendererScratch/vcpkg_installed/x64-windows/Microsoft Visual Studio/18/Community/Common7/IDE/CommonExtensions/Microsoft/CMake/Ninja/xlc.com"
      - "D:/WaterSurfaceRendererScratch/vcpkg_installed/x64-windows/Microsoft Visual Studio/18/Community/Common7/IDE/CommonExtensions/Microsoft/CMake/Ninja/xlc.exe"
      - "D:/WaterSurfaceRendererScratch/vcpkg_installed/x64-windows/Microsoft Visual Studio/18/Community/Common7/IDE/CommonExtensions/Microsoft/CMake/Ninja/xlc"
      - "D:/WaterSurfaceRendererScratch/vcpkg_installed/x64-windows/Microsoft Visual Studio/18/Community/Common7/IDE/CommonExtensions/Microsoft/CMake/Ninja/icx.com"
      - "D:/WaterSurfaceRendererScratch/vcpkg_installed/x64-windows/Microsoft Visual Studio/18/Community/Common7/IDE/CommonExtensions/Microsoft/CMake/Ninja/icx.exe"
      - "D:/WaterSurfaceRendererScratch/vcpkg_installed/x64-windows/Microsoft Visual Studio/18/Community/Common7/IDE/CommonExtensions/Microsoft/CMake/Ninja/icx"
      - "D:/WaterSurfaceRendererScratch/vcpkg_installed/x64-windows/Microsoft Visual Studio/18/Community/Common7/IDE/CommonExtensions/Microsoft/CMake/Ninja/clang.com"
      - "D:/WaterSurfaceRendererScratch/vcpkg_installed/x64-windows/Microsoft Visual Studio/18/Community/Common7/IDE/CommonExtensions/Microsoft/CMake/Ninja/clang.exe"
      - "D:/WaterSurfaceRendererScratch/vcpkg_installed/x64-windows/Microsoft Visual Studio/18/Community/Common7/IDE/CommonExtensions/Microsoft/CMake/Ninja/clang"
      - "D:/WaterSurfaceRendererScratch/vcpkg_installed/x64-windows/Microsoft Visual Studio/18/Community/Common7/IDE/VC/Linux/bin/ConnectionManagerExe/cc.com"
      - "D:/WaterSurfaceRendererScratch/vcpkg_installed/x64-windows/Microsoft Visual Studio/18/Community/Common7/IDE/VC/Linux/bin/ConnectionManagerExe/cc.exe"
      - "D:/WaterSurfaceRendererScratch/vcpkg_installed/x64-windows/Microsoft Visual Studio/18/Community/Common7/IDE/VC/Linux/bin/ConnectionManagerExe/cc"
      - "D:/WaterSurfaceRendererScratch/vcpkg_installed/x64-windows/Microsoft Visual Studio/18/Community/Common7/IDE/VC/Linux/bin/ConnectionManagerExe/gcc.com"
      - "D:/WaterSurfaceRendererScratch/vcpkg_installed/x64-windows/Microsoft Visual Studio/18/Community/Common7/IDE/VC/Linux/bin/ConnectionManagerExe/gcc.exe"
      - "D:/WaterSurfaceRendererScratch/vcpkg_installed/x64-windows/Microsoft Visual Studio/18/Community/Common7/IDE/VC/Linux/bin/ConnectionManagerExe/gcc"
      - "D:/WaterSurfaceRendererScratch/vcpkg_installed/x64-windows/Microsoft Visual Studio/18/Community/Common7/IDE/VC/Linux/bin/ConnectionManagerExe/cl.com"
      - "D:/WaterSurfaceRendererScratch/vcpkg_installed/x64-windows/Microsoft Visual Studio/18/Community/Common7/IDE/VC/Linux/bin/ConnectionManagerExe/cl.exe"
      - "D:/WaterSurfaceRendererScratch/vcpkg_installed/x64-windows/Microsoft Visual Studio/18/Community/Common7/IDE/VC/Linux/bin/ConnectionManagerExe/cl"
      - "D:/WaterSurfaceRendererScratch/vcpkg_installed/x64-windows/Microsoft Visual Studio/18/Community/Common7/IDE/VC/Linux/bin/ConnectionManagerExe/bcc.com"
      - "D:/WaterSurfaceRendererScratch/vcpkg_installed/x64-windows/Microsoft Visual Studio/18/Community/Common7/IDE/VC/Linux/bin/ConnectionManagerExe/bcc.exe"
      - "D:/WaterSurfaceRendererScratch/vcpkg_installed/x64-windows/Microsoft Visual Studio/18/Community/Common7/IDE/VC/Linux/bin/ConnectionManagerExe/bcc"
      - "D:/WaterSurfaceRendererScratch/vcpkg_installed/x64-windows/Microsoft Visual Studio/18/Community/Common7/IDE/VC/Linux/bin/ConnectionManagerExe/xlc.com"
      - "D:/WaterSurfaceRendererScratch/vcpkg_installed/x64-windows/Microsoft Visual Studio/18/Community/Common7/IDE/VC/Linux/bin/ConnectionManagerExe/xlc.exe"
      - "D:/WaterSurfaceRendererScratch/vcpkg_installed/x64-windows/Microsoft Visual Studio/18/Community/Common7/IDE/VC/Linux/bin/ConnectionManagerExe/xlc"
      - "D:/WaterSurfaceRendererScratch/vcpkg_installed/x64-windows/Microsoft Visual Studio/18/Community/Common7/IDE/VC/Linux/bin/ConnectionManagerExe/icx.com"
      - "D:/WaterSurfaceRendererScratch/vcpkg_installed/x64-windows/Microsoft Visual Studio/18/Community/Common7/IDE/VC/Linux/bin/ConnectionManagerExe/icx.exe"
      - "D:/WaterSurfaceRendererScratch/vcpkg_installed/x64-windows/Microsoft Visual Studio/18/Community/Common7/IDE/VC/Linux/bin/ConnectionManagerExe/icx"
      - "D:/WaterSurfaceRendererScratch/vcpkg_installed/x64-windows/Microsoft Visual Studio/18/Community/Common7/IDE/VC/Linux/bin/ConnectionManagerExe/clang.com"
      - "D:/WaterSurfaceRendererScratch/vcpkg_installed/x64-windows/Microsoft Visual Studio/18/Community/Common7/IDE/VC/Linux/bin/ConnectionManagerExe/clang.exe"
      - "D:/WaterSurfaceRendererScratch/vcpkg_installed/x64-windows/Microsoft Visual Studio/18/Community/Common7/IDE/VC/Linux/bin/ConnectionManagerExe/clang"
      - "D:/WaterSurfaceRendererScratch/vcpkg_installed/x64-windows/Microsoft Visual Studio/18/Community/VC/vcpkg/cc.com"
      - "D:/WaterSurfaceRendererScratch/vcpkg_installed/x64-windows/Microsoft Visual Studio/18/Community/VC/vcpkg/cc.exe"
      - "D:/WaterSurfaceRendererScratch/vcpkg_installed/x64-windows/Microsoft Visual Studio/18/Community/VC/vcpkg/cc"
      - "D:/WaterSurfaceRendererScratch/vcpkg_installed/x64-windows/Microsoft Visual Studio/18/Community/VC/vcpkg/gcc.com"
      - "D:/WaterSurfaceRendererScratch/vcpkg_installed/x64-windows/Microsoft Visual Studio/18/Community/VC/vcpkg/gcc.exe"
      - "D:/WaterSurfaceRendererScratch/vcpkg_installed/x64-windows/Microsoft Visual Studio/18/Community/VC/vcpkg/gcc"
      - "D:/WaterSurfaceRendererScratch/vcpkg_installed/x64-windows/Microsoft Visual Studio/18/Community/VC/vcpkg/cl.com"
      - "D:/WaterSurfaceRendererScratch/vcpkg_installed/x64-windows/Microsoft Visual Studio/18/Community/VC/vcpkg/cl.exe"
      - "D:/WaterSurfaceRendererScratch/vcpkg_installed/x64-windows/Microsoft Visual Studio/18/Community/VC/vcpkg/cl"
      - "D:/WaterSurfaceRendererScratch/vcpkg_installed/x64-windows/Microsoft Visual Studio/18/Community/VC/vcpkg/bcc.com"
      - "D:/WaterSurfaceRendererScratch/vcpkg_installed/x64-windows/Microsoft Visual Studio/18/Community/VC/vcpkg/bcc.exe"
      - "D:/WaterSurfaceRendererScratch/vcpkg_installed/x64-windows/Microsoft Visual Studio/18/Community/VC/vcpkg/bcc"
      - "D:/WaterSurfaceRendererScratch/vcpkg_installed/x64-windows/Microsoft Visual Studio/18/Community/VC/vcpkg/xlc.com"
      - "D:/WaterSurfaceRendererScratch/vcpkg_installed/x64-windows/Microsoft Visual Studio/18/Community/VC/vcpkg/xlc.exe"
      - "D:/WaterSurfaceRendererScratch/vcpkg_installed/x64-windows/Microsoft Visual Studio/18/Community/VC/vcpkg/xlc"
      - "D:/WaterSurfaceRendererScratch/vcpkg_installed/x64-windows/Microsoft Visual Studio/18/Community/VC/vcpkg/icx.com"
      - "D:/WaterSurfaceRendererScratch/vcpkg_installed/x64-windows/Microsoft Visual Studio/18/Community/VC/vcpkg/icx.exe"
      - "D:/WaterSurfaceRendererScratch/vcpkg_installed/x64-windows/Microsoft Visual Studio/18/Community/VC/vcpkg/icx"
      - "D:/WaterSurfaceRendererScratch/vcpkg_installed/x64-windows/Microsoft Visual Studio/18/Community/VC/vcpkg/clang.com"
      - "D:/WaterSurfaceRendererScratch/vcpkg_installed/x64-windows/Microsoft Visual Studio/18/Community/VC/vcpkg/clang.exe"
      - "D:/WaterSurfaceRendererScratch/vcpkg_installed/x64-windows/Microsoft Visual Studio/18/Community/VC/vcpkg/clang"
      - "D:/Microsoft Visual Studio/18/Community/VC/Tools/MSVC/14.51.36231/bin/Hostx64/x64/cc.com"
      - "D:/Microsoft Visual Studio/18/Community/VC/Tools/MSVC/14.51.36231/bin/Hostx64/x64/cc.exe"
      - "D:/Microsoft Visual Studio/18/Community/VC/Tools/MSVC/14.51.36231/bin/Hostx64/x64/cc"
      - "D:/Microsoft Visual Studio/18/Community/VC/Tools/MSVC/14.51.36231/bin/Hostx64/x64/gcc.com"
      - "D:/Microsoft Visual Studio/18/Community/VC/Tools/MSVC/14.51.36231/bin/Hostx64/x64/gcc.exe"
      - "D:/Microsoft Visual Studio/18/Community/VC/Tools/MSVC/14.51.36231/bin/Hostx64/x64/gcc"
      - "D:/Microsoft Visual Studio/18/Community/VC/Tools/MSVC/14.51.36231/bin/Hostx64/x64/cl.com"
    found: "D:/Microsoft Visual Studio/18/Community/VC/Tools/MSVC/14.51.36231/bin/Hostx64/x64/cl.exe"
    search_context:
      CMAKE_PROGRAM_PATH:
        - "D:/WaterSurfaceRendererScratch/vcpkg_installed/x64-windows/tools"
      CMAKE_PREFIX_PATH:
        - "D:/WaterSurfaceRendererScratch/vcpkg_installed/x64-windows/debug"
        - "D:/WaterSurfaceRendererScratch/vcpkg_installed/x64-windows"
      ENV{PATH}:
        - "D:\\Microsoft Visual Studio\\18\\Community\\VC\\Tools\\MSVC\\14.51.36231\\bin\\HostX64\\x64"
        - "D:\\Microsoft Visual Studio\\18\\Community\\Common7\\IDE\\VC\\VCPackages"
        - "D:\\Microsoft Visual Studio\\18\\Community\\Common7\\IDE\\CommonExtensions\\Microsoft\\TestWindow"
        - "D:\\Microsoft Visual Studio\\18\\Community\\Common7\\IDE\\CommonExtensions\\Microsoft\\TeamFoundation\\Team Explorer"
        - "D:\\Microsoft Visual Studio\\18\\Community\\MSBuild\\Current\\bin\\Roslyn"
        - "C:\\Program Files (x86)\\Microsoft SDKs\\Windows\\v10.0A\\bin\\NETFX 4.8 Tools\\x64\\"
        - "D:\\Microsoft Visual Studio\\18\\Community\\Team Tools\\DiagnosticsHub\\Collector"
        - "D:\\Microsoft Visual Studio\\18\\Community\\Common7\\IDE\\Extensions\\Microsoft\\CodeCoverage.Console"
        - "C:\\Program Files (x86)\\Windows Kits\\10\\bin\\10.0.26100.0\\\\x64"
        - "C:\\Program Files (x86)\\Windows Kits\\10\\bin\\\\x64"
        - "D:\\Microsoft Visual Studio\\18\\Community\\\\MSBuild\\Current\\Bin\\amd64"
        - "C:\\Windows\\Microsoft.NET\\Framework64\\v4.0.30319"
        - "D:\\Microsoft Visual Studio\\18\\Community\\Common7\\IDE\\"
        - "D:\\Microsoft Visual Studio\\18\\Community\\Common7\\Tools\\"
        - "C:\\Users\\xukeheng\\AppData\\Local\\vcpkg\\downloads\\tools\\powershell-core-7.5.4-windows"
        - "C:\\windows\\system32"
        - "C:\\windows"
        - "C:\\windows\\system32\\Wbem"
        - "C:\\windows\\system32\\WindowsPowerShell\\v1.0\\"
        - "C:\\windows\\system32\\OpenSSH\\"
        - "D:\\Microsoft Visual Studio\\18\\Community\\Common7\\IDE\\CommonExtensions\\Microsoft\\CMake\\CMake\\bin"
        - "D:\\Microsoft Visual Studio\\18\\Community\\Common7\\IDE\\CommonExtensions\\Microsoft\\CMake\\Ninja"
        - "D:\\Microsoft Visual Studio\\18\\Community\\Common7\\IDE\\VC\\Linux\\bin\\ConnectionManagerExe"
        - "D:\\Microsoft Visual Studio\\18\\Community\\VC\\vcpkg"
        - "D:\\Microsoft Visual Studio\\18\\Community\\Common7\\IDE\\CommonExtensions\\Microsoft\\CMake\\Ninja"
      CMAKE_INSTALL_PREFIX: "D:/WaterSurfaceRendererScratch/vcpkg_installed/vcpkg/pkgs/glfw3_x64-windows/debug"
      CMAKE_FIND_ROOT_PATH: "D:/WaterSurfaceRendererScratch/vcpkg_installed/x64-windows/debug;D:/WaterSurfaceRendererScratch/vcpkg_installed/x64-windows"
  -
    kind: "find-v1"
    backtrace:
      - "D:/Microsoft Visual Studio/18/Community/Common7/IDE/CommonExtensions/Microsoft/CMake/CMake/share/cmake-4.3/Modules/CMakeDetermineCompilerId.cmake:468 (find_file)"
      - "D:/Microsoft Visual Studio/18/Community/Common7/IDE/CommonExtensions/Microsoft/CMake/CMake/share/cmake-4.3/Modules/CMakeDetermineCompilerId.cmake:506 (CMAKE_DETERMINE_COMPILER_ID_WRITE)"
      - "D:/Microsoft Visual Studio/18/Community/Common7/IDE/CommonExtensions/Microsoft/CMake/CMake/share/cmake-4.3/Modules/CMakeDetermineCompilerId.cmake:8 (CMAKE_DETERMINE_COMPILER_ID_BUILD)"
      - "D:/Microsoft Visual Studio/18/Community/Common7/IDE/CommonExtensions/Microsoft/CMake/CMake/share/cmake-4.3/Modules/CMakeDetermineCompilerId.cmake:64 (__determine_compiler_id_test)"
      - "D:/Microsoft Visual Studio/18/Community/Common7/IDE/CommonExtensions/Microsoft/CMake/CMake/share/cmake-4.3/Modules/CMakeDetermineCCompiler.cmake:122 (CMAKE_DETERMINE_COMPILER_ID)"
      - "CMakeLists.txt:3 (project)"
    mode: "file"
    variable: "src_in"
    description: "Path to a file."
    settings:
      SearchFramework: "LAST"
      SearchAppBundle: "LAST"
      CMAKE_FIND_USE_CMAKE_PATH: true
      CMAKE_FIND_USE_CMAKE_ENVIRONMENT_PATH: true
      CMAKE_FIND_USE_SYSTEM_ENVIRONMENT_PATH: true
      CMAKE_FIND_USE_CMAKE_SYSTEM_PATH: true
      CMAKE_FIND_USE_INSTALL_PREFIX: true
    names:
      - "CMakeCCompilerId.c.in"
    candidate_directories:
      - "D:/Microsoft Visual Studio/18/Community/Common7/IDE/CommonExtensions/Microsoft/CMake/CMake/share/cmake-4.3/Modules/"
    found: "D:/Microsoft Visual Studio/18/Community/Common7/IDE/CommonExtensions/Microsoft/CMake/CMake/share/cmake-4.3/Modules/CMakeCCompilerId.c.in"
    search_context:
      CMAKE_PREFIX_PATH:
        - "D:/WaterSurfaceRendererScratch/vcpkg_installed/x64-windows/debug"
        - "D:/WaterSurfaceRendererScratch/vcpkg_installed/x64-windows"
      ENV{PATH}:
        - "D:\\Microsoft Visual Studio\\18\\Community\\VC\\Tools\\MSVC\\14.51.36231\\bin\\HostX64\\x64"
        - "D:\\Microsoft Visual Studio\\18\\Community\\Common7\\IDE\\VC\\VCPackages"
        - "D:\\Microsoft Visual Studio\\18\\Community\\Common7\\IDE\\CommonExtensions\\Microsoft\\TestWindow"
        - "D:\\Microsoft Visual Studio\\18\\Community\\Common7\\IDE\\CommonExtensions\\Microsoft\\TeamFoundation\\Team Explorer"
        - "D:\\Microsoft Visual Studio\\18\\Community\\MSBuild\\Current\\bin\\Roslyn"
        - "C:\\Program Files (x86)\\Microsoft SDKs\\Windows\\v10.0A\\bin\\NETFX 4.8 Tools\\x64\\"
        - "D:\\Microsoft Visual Studio\\18\\Community\\Team Tools\\DiagnosticsHub\\Collector"
        - "D:\\Microsoft Visual Studio\\18\\Community\\Common7\\IDE\\Extensions\\Microsoft\\CodeCoverage.Console"
        - "C:\\Program Files (x86)\\Windows Kits\\10\\bin\\10.0.26100.0\\\\x64"
        - "C:\\Program Files (x86)\\Windows Kits\\10\\bin\\\\x64"
        - "D:\\Microsoft Visual Studio\\18\\Community\\\\MSBuild\\Current\\Bin\\amd64"
        - "C:\\Windows\\Microsoft.NET\\Framework64\\v4.0.30319"
        - "D:\\Microsoft Visual Studio\\18\\Community\\Common7\\IDE\\"
        - "D:\\Microsoft Visual Studio\\18\\Community\\Common7\\Tools\\"
        - "C:\\Users\\xukeheng\\AppData\\Local\\vcpkg\\downloads\\tools\\powershell-core-7.5.4-windows"
        - "C:\\windows\\system32"
        - "C:\\windows"
        - "C:\\windows\\system32\\Wbem"
        - "C:\\windows\\system32\\WindowsPowerShell\\v1.0\\"
        - "C:\\windows\\system32\\OpenSSH\\"
        - "D:\\Microsoft Visual Studio\\18\\Community\\Common7\\IDE\\CommonExtensions\\Microsoft\\CMake\\CMake\\bin"
        - "D:\\Microsoft Visual Studio\\18\\Community\\Common7\\IDE\\CommonExtensions\\Microsoft\\CMake\\Ninja"
        - "D:\\Microsoft Visual Studio\\18\\Community\\Common7\\IDE\\VC\\Linux\\bin\\ConnectionManagerExe"
        - "D:\\Microsoft Visual Studio\\18\\Community\\VC\\vcpkg"
        - "D:\\Microsoft Visual Studio\\18\\Community\\Common7\\IDE\\CommonExtensions\\Microsoft\\CMake\\Ninja"
      CMAKE_INSTALL_PREFIX: "D:/WaterSurfaceRendererScratch/vcpkg_installed/vcpkg/pkgs/glfw3_x64-windows/debug"
      CMAKE_FIND_ROOT_PATH: "D:/WaterSurfaceRendererScratch/vcpkg_installed/x64-windows/debug;D:/WaterSurfaceRendererScratch/vcpkg_installed/x64-windows"
      ENV{INCLUDE}:
        - "D:\\Microsoft Visual Studio\\18\\Community\\VC\\Tools\\MSVC\\14.51.36231\\include"
        - "D:\\Microsoft Visual Studio\\18\\Community\\VC\\Tools\\MSVC\\14.51.36231\\ATLMFC\\include"
        - "D:\\Microsoft Visual Studio\\18\\Community\\VC\\Auxiliary\\VS\\include"
        - "C:\\Program Files (x86)\\Windows Kits\\10\\include\\10.0.26100.0\\ucrt"
        - "C:\\Program Files (x86)\\Windows Kits\\10\\\\include\\10.0.26100.0\\\\um"
        - "C:\\Program Files (x86)\\Windows Kits\\10\\\\include\\10.0.26100.0\\\\shared"
        - "C:\\Program Files (x86)\\Windows Kits\\10\\\\include\\10.0.26100.0\\\\winrt"
        - "C:\\Program Files (x86)\\Windows Kits\\10\\\\include\\10.0.26100.0\\\\cppwinrt"
        - "C:\\Program Files (x86)\\Windows Kits\\NETFXSDK\\4.8\\include\\um"
  -
    kind: "message-v1"
    backtrace:
      - "D:/Microsoft Visual Studio/18/Community/Common7/IDE/CommonExtensions/Microsoft/CMake/CMake/share/cmake-4.3/Modules/CMakeDetermineCompilerId.cmake:17 (message)"
      - "D:/Microsoft Visual Studio/18/Community/Common7/IDE/CommonExtensions/Microsoft/CMake/CMake/share/cmake-4.3/Modules/CMakeDetermineCompilerId.cmake:64 (__determine_compiler_id_test)"
      - "D:/Microsoft Visual Studio/18/Community/Common7/IDE/CommonExtensions/Microsoft/CMake/CMake/share/cmake-4.3/Modules/CMakeDetermineCCompiler.cmake:122 (CMAKE_DETERMINE_COMPILER_ID)"
      - "CMakeLists.txt:3 (project)"
    message: |
      Compiling the C compiler identification source file "CMakeCCompilerId.c" succeeded.
      Compiler: D:/Microsoft Visual Studio/18/Community/VC/Tools/MSVC/14.51.36231/bin/Hostx64/x64/cl.exe 
      Build flags: /nologo;/DWIN32;/D_WINDOWS;/utf-8;/MP
      Id flags:  
      
      The output was:
      0
      CMakeCCompilerId.c
      
      
      Compilation of the C compiler identification source "CMakeCCompilerId.c" produced "CMakeCCompilerId.exe"
      
      Compilation of the C compiler identification source "CMakeCCompilerId.c" produced "CMakeCCompilerId.obj"
      
      The C compiler identification is MSVC, found in:
        D:/WaterSurfaceRendererScratch/vcpkg_installed/vcpkg/blds/glfw3/x64-windows-dbg/CMakeFiles/4.3.1-msvc1/CompilerIdC/CMakeCCompilerId.exe
      
  -
    kind: "message-v1"
    backtrace:
      - "D:/Microsoft Visual Studio/18/Community/Common7/IDE/CommonExtensions/Microsoft/CMake/CMake/share/cmake-4.3/Modules/CMakeDetermineCompilerId.cmake:1347 (message)"
      - "D:/Microsoft Visual Studio/18/Community/Common7/IDE/CommonExtensions/Microsoft/CMake/CMake/share/cmake-4.3/Modules/CMakeDetermineCompilerId.cmake:250 (CMAKE_DETERMINE_MSVC_SHOWINCLUDES_PREFIX)"
      - "D:/Microsoft Visual Studio/18/Community/Common7/IDE/CommonExtensions/Microsoft/CMake/CMake/share/cmake-4.3/Modules/CMakeDetermineCCompiler.cmake:122 (CMAKE_DETERMINE_COMPILER_ID)"
      - "CMakeLists.txt:3 (project)"
    message: |
      Detecting C compiler /showIncludes prefix:
        main.c
        注意: 包含文件:  D:\\WaterSurfaceRendererScratch\\vcpkg_installed\\vcpkg\\blds\\glfw3\\x64-windows-dbg\\CMakeFiles\\ShowIncludes\\foo.h
        
      Found prefix "注意: 包含文件:  "
  -
    kind: "find-v1"
    backtrace:
      - "D:/Microsoft Visual Studio/18/Community/Common7/IDE/CommonExtensions/Microsoft/CMake/CMake/share/cmake-4.3/Modules/CMakeFindBinUtils.cmake:37 (find_program)"
      - "D:/Microsoft Visual Studio/18/Community/Common7/IDE/CommonExtensions/Microsoft/CMake/CMake/share/cmake-4.3/Modules/CMakeFindBinUtils.cmake:65 (__resolve_tool_path)"
      - "D:/Microsoft Visual Studio/18/Community/Common7/IDE/CommonExtensions/Microsoft/CMake/CMake/share/cmake-4.3/Modules/CMakeFindBinUtils.cmake:103 (__resolve_linker_path)"
      - "D:/Microsoft Visual Studio/18/Community/Common7/IDE/CommonExtensions/Microsoft/CMake/CMake/share/cmake-4.3/Modules/CMakeDetermineCCompiler.cmake:200 (include)"
      - "CMakeLists.txt:3 (project)"
    mode: "program"
    variable: "_CMAKE_TOOL_WITH_PATH"
    description: "Path to a program."
    settings:
      SearchFramework: "LAST"
      SearchAppBundle: "LAST"
      CMAKE_FIND_USE_CMAKE_PATH: false
      CMAKE_FIND_USE_CMAKE_ENVIRONMENT_PATH: false
      CMAKE_FIND_USE_SYSTEM_ENVIRONMENT_PATH: true
      CMAKE_FIND_USE_CMAKE_SYSTEM_PATH: true
      CMAKE_FIND_USE_INSTALL_PREFIX: true
    names:
      - "link"
    candidate_directories:
      - "D:/WaterSurfaceRendererScratch/vcpkg_installed/x64-windows/debug/Microsoft Visual Studio/18/Community/VC/Tools/MSVC/14.51.36231/bin/Hostx64/x64/"
      - "D:/WaterSurfaceRendererScratch/vcpkg_installed/x64-windows/debug/Microsoft Visual Studio/18/Community/Common7/IDE/VC/vcpackages/"
      - "D:/WaterSurfaceRendererScratch/vcpkg_installed/x64-windows/debug/Microsoft Visual Studio/18/Community/Common7/IDE/CommonExtensions/Microsoft/TestWindow/"
      - "D:/WaterSurfaceRendererScratch/vcpkg_installed/x64-windows/debug/Microsoft Visual Studio/18/Community/Common7/IDE/CommonExtensions/Microsoft/TeamFoundation/Team Explorer/"
      - "D:/WaterSurfaceRendererScratch/vcpkg_installed/x64-windows/debug/Microsoft Visual Studio/18/Community/MSBuild/Current/Bin/Roslyn/"
      - "D:/WaterSurfaceRendererScratch/vcpkg_installed/x64-windows/debug/Program Files (x86)/Microsoft SDKs/Windows/v10.0A/bin/NETFX 4.8 Tools/x64/"
      - "D:/WaterSurfaceRendererScratch/vcpkg_installed/x64-windows/debug/Microsoft Visual Studio/18/Community/Team Tools/DiagnosticsHub/Collector/"
      - "D:/WaterSurfaceRendererScratch/vcpkg_installed/x64-windows/debug/Microsoft Visual Studio/18/Community/Common7/IDE/Extensions/Microsoft/CodeCoverage.Console/"
      - "D:/WaterSurfaceRendererScratch/vcpkg_installed/x64-windows/debug/Program Files (x86)/Windows Kits/10/bin/10.0.26100.0/x64/"
      - "D:/WaterSurfaceRendererScratch/vcpkg_installed/x64-windows/debug/Program Files (x86)/Windows Kits/10/bin/x64/"
      - "D:/WaterSurfaceRendererScratch/vcpkg_installed/x64-windows/debug/Microsoft Visual Studio/18/Community/MSBuild/Current/Bin/amd64/"
      - "D:/WaterSurfaceRendererScratch/vcpkg_installed/x64-windows/debug/Windows/Microsoft.NET/Framework64/v4.0.30319/"
      - "D:/WaterSurfaceRendererScratch/vcpkg_installed/x64-windows/debug/Microsoft Visual Studio/18/Community/Common7/IDE/"
      - "D:/WaterSurfaceRendererScratch/vcpkg_installed/x64-windows/debug/Microsoft Visual Studio/18/Community/Common7/Tools/"
      - "D:/WaterSurfaceRendererScratch/vcpkg_installed/x64-windows/debug/Users/xukeheng/AppData/Local/vcpkg/downloads/tools/powershell-core-7.5.4-windows/"
      - "D:/WaterSurfaceRendererScratch/vcpkg_installed/x64-windows/debug/Windows/System32/"
      - "D:/WaterSurfaceRendererScratch/vcpkg_installed/x64-windows/debug/Windows/"
      - "D:/WaterSurfaceRendererScratch/vcpkg_installed/x64-windows/debug/Windows/System32/wbem/"
      - "D:/WaterSurfaceRendererScratch/vcpkg_installed/x64-windows/debug/Windows/System32/WindowsPowerShell/v1.0/"
      - "D:/WaterSurfaceRendererScratch/vcpkg_installed/x64-windows/debug/Windows/System32/OpenSSH/"
      - "D:/WaterSurfaceRendererScratch/vcpkg_installed/x64-windows/debug/Microsoft Visual Studio/18/Community/Common7/IDE/CommonExtensions/Microsoft/CMake/CMake/bin/"
      - "D:/WaterSurfaceRendererScratch/vcpkg_installed/x64-windows/debug/Microsoft Visual Studio/18/Community/Common7/IDE/CommonExtensions/Microsoft/CMake/Ninja/"
      - "D:/WaterSurfaceRendererScratch/vcpkg_installed/x64-windows/debug/Microsoft Visual Studio/18/Community/Common7/IDE/VC/Linux/bin/ConnectionManagerExe/"
      - "D:/WaterSurfaceRendererScratch/vcpkg_installed/x64-windows/debug/Microsoft Visual Studio/18/Community/VC/vcpkg/"
      - "D:/WaterSurfaceRendererScratch/vcpkg_installed/x64-windows/Microsoft Visual Studio/18/Community/VC/Tools/MSVC/14.51.36231/bin/Hostx64/x64/"
      - "D:/WaterSurfaceRendererScratch/vcpkg_installed/x64-windows/Microsoft Visual Studio/18/Community/Common7/IDE/VC/vcpackages/"
      - "D:/WaterSurfaceRendererScratch/vcpkg_installed/x64-windows/Microsoft Visual Studio/18/Community/Common7/IDE/CommonExtensions/Microsoft/TestWindow/"
      - "D:/WaterSurfaceRendererScratch/vcpkg_installed/x64-windows/Microsoft Visual Studio/18/Community/Common7/IDE/CommonExtensions/Microsoft/TeamFoundation/Team Explorer/"
      - "D:/WaterSurfaceRendererScratch/vcpkg_installed/x64-windows/Microsoft Visual Studio/18/Community/MSBuild/Current/Bin/Roslyn/"
      - "D:/WaterSurfaceRendererScratch/vcpkg_installed/x64-windows/Program Files (x86)/Microsoft SDKs/Windows/v10.0A/bin/NETFX 4.8 Tools/x64/"
      - "D:/WaterSurfaceRendererScratch/vcpkg_installed/x64-windows/Microsoft Visual Studio/18/Community/Team Tools/DiagnosticsHub/Collector/"
      - "D:/WaterSurfaceRendererScratch/vcpkg_installed/x64-windows/Microsoft Visual Studio/18/Community/Common7/IDE/Extensions/Microsoft/CodeCoverage.Console/"
      - "D:/WaterSurfaceRendererScratch/vcpkg_installed/x64-windows/Program Files (x86)/Windows Kits/10/bin/10.0.26100.0/x64/"
      - "D:/WaterSurfaceRendererScratch/vcpkg_installed/x64-windows/Program Files (x86)/Windows Kits/10/bin/x64/"
      - "D:/WaterSurfaceRendererScratch/vcpkg_installed/x64-windows/Microsoft Visual Studio/18/Community/MSBuild/Current/Bin/amd64/"
      - "D:/WaterSurfaceRendererScratch/vcpkg_installed/x64-windows/Windows/Microsoft.NET/Framework64/v4.0.30319/"
      - "D:/WaterSurfaceRendererScratch/vcpkg_installed/x64-windows/Microsoft Visual Studio/18/Community/Common7/IDE/"
      - "D:/WaterSurfaceRendererScratch/vcpkg_installed/x64-windows/Microsoft Visual Studio/18/Community/Common7/Tools/"
      - "D:/WaterSurfaceRendererScratch/vcpkg_installed/x64-windows/Users/xukeheng/AppData/Local/vcpkg/downloads/tools/powershell-core-7.5.4-windows/"
      - "D:/WaterSurfaceRendererScratch/vcpkg_installed/x64-windows/Windows/System32/"
      - "D:/WaterSurfaceRendererScratch/vcpkg_installed/x64-windows/Windows/"
      - "D:/WaterSurfaceRendererScratch/vcpkg_installed/x64-windows/Windows/System32/wbem/"
      - "D:/WaterSurfaceRendererScratch/vcpkg_installed/x64-windows/Windows/System32/WindowsPowerShell/v1.0/"
      - "D:/WaterSurfaceRendererScratch/vcpkg_installed/x64-windows/Windows/System32/OpenSSH/"
      - "D:/WaterSurfaceRendererScratch/vcpkg_installed/x64-windows/Microsoft Visual Studio/18/Community/Common7/IDE/CommonExtensions/Microsoft/CMake/CMake/bin/"
      - "D:/WaterSurfaceRendererScratch/vcpkg_installed/x64-windows/Microsoft Visual Studio/18/Community/Common7/IDE/CommonExtensions/Microsoft/CMake/Ninja/"
      - "D:/WaterSurfaceRendererScratch/vcpkg_installed/x64-windows/Microsoft Visual Studio/18/Community/Common7/IDE/VC/Linux/bin/ConnectionManagerExe/"
      - "D:/WaterSurfaceRendererScratch/vcpkg_installed/x64-windows/Microsoft Visual Studio/18/Community/VC/vcpkg/"
      - "D:/Microsoft Visual Studio/18/Community/VC/Tools/MSVC/14.51.36231/bin/Hostx64/x64/"
      - "D:/Microsoft Visual Studio/18/Community/Common7/IDE/VC/vcpackages/"
      - "D:/Microsoft Visual Studio/18/Community/Common7/IDE/CommonExtensions/Microsoft/TestWindow/"
      - "D:/Microsoft Visual Studio/18/Community/Common7/IDE/CommonExtensions/Microsoft/TeamFoundation/Team Explorer/"
      - "D:/Microsoft Visual Studio/18/Community/MSBuild/Current/Bin/Roslyn/"
      - "C:/Program Files (x86)/Microsoft SDKs/Windows/v10.0A/bin/NETFX 4.8 Tools/x64/"
      - "D:/Microsoft Visual Studio/18/Community/Team Tools/DiagnosticsHub/Collector/"
      - "D:/Microsoft Visual Studio/18/Community/Common7/IDE/Extensions/Microsoft/CodeCoverage.Console/"
      - "C:/Program Files (x86)/Windows Kits/10/bin/10.0.26100.0/x64/"
      - "C:/Program Files (x86)/Windows Kits/10/bin/x64/"
      - "D:/Microsoft Visual Studio/18/Community/MSBuild/Current/Bin/amd64/"
      - "C:/Windows/Microsoft.NET/Framework64/v4.0.30319/"
      - "D:/Microsoft Visual Studio/18/Community/Common7/IDE/"
      - "D:/Microsoft Visual Studio/18/Community/Common7/Tools/"
      - "C:/Users/xukeheng/AppData/Local/vcpkg/downloads/tools/powershell-core-7.5.4-windows/"
      - "C:/Windows/System32/"
      - "C:/Windows/"
      - "C:/Windows/System32/wbem/"
      - "C:/Windows/System32/WindowsPowerShell/v1.0/"
      - "C:/Windows/System32/OpenSSH/"
      - "D:/Microsoft Visual Studio/18/Community/Common7/IDE/CommonExtensions/Microsoft/CMake/CMake/bin/"
      - "D:/Microsoft Visual Studio/18/Community/Common7/IDE/CommonExtensions/Microsoft/CMake/Ninja/"
      - "D:/Microsoft Visual Studio/18/Community/Common7/IDE/VC/Linux/bin/ConnectionManagerExe/"
      - "D:/Microsoft Visual Studio/18/Community/VC/vcpkg/"
    searched_directories:
      - "D:/WaterSurfaceRendererScratch/vcpkg_installed/x64-windows/debug/Microsoft Visual Studio/18/Community/VC/Tools/MSVC/14.51.36231/bin/Hostx64/x64/link.com"
      - "D:/WaterSurfaceRendererScratch/vcpkg_installed/x64-windows/debug/Microsoft Visual Studio/18/Community/VC/Tools/MSVC/14.51.36231/bin/Hostx64/x64/link.exe"
      - "D:/WaterSurfaceRendererScratch/vcpkg_installed/x64-windows/debug/Microsoft Visual Studio/18/Community/VC/Tools/MSVC/14.51.36231/bin/Hostx64/x64/link"
      - "D:/WaterSurfaceRendererScratch/vcpkg_installed/x64-windows/debug/Microsoft Visual Studio/18/Community/Common7/IDE/VC/vcpackages/link.com"
      - "D:/WaterSurfaceRendererScratch/vcpkg_installed/x64-windows/debug/Microsoft Visual Studio/18/Community/Common7/IDE/VC/vcpackages/link.exe"
      - "D:/WaterSurfaceRendererScratch/vcpkg_installed/x64-windows/debug/Microsoft Visual Studio/18/Community/Common7/IDE/VC/vcpackages/link"
      - "D:/WaterSurfaceRendererScratch/vcpkg_installed/x64-windows/debug/Microsoft Visual Studio/18/Community/Common7/IDE/CommonExtensions/Microsoft/TestWindow/link.com"
      - "D:/WaterSurfaceRendererScratch/vcpkg_installed/x64-windows/debug/Microsoft Visual Studio/18/Community/Common7/IDE/CommonExtensions/Microsoft/TestWindow/link.exe"
      - "D:/WaterSurfaceRendererScratch/vcpkg_installed/x64-windows/debug/Microsoft Visual Studio/18/Community/Common7/IDE/CommonExtensions/Microsoft/TestWindow/link"
      - "D:/WaterSurfaceRendererScratch/vcpkg_installed/x64-windows/debug/Microsoft Visual Studio/18/Community/Common7/IDE/CommonExtensions/Microsoft/TeamFoundation/Team Explorer/link.com"
      - "D:/WaterSurfaceRendererScratch/vcpkg_installed/x64-windows/debug/Microsoft Visual Studio/18/Community/Common7/IDE/CommonExtensions/Microsoft/TeamFoundation/Team Explorer/link.exe"
      - "D:/WaterSurfaceRendererScratch/vcpkg_installed/x64-windows/debug/Microsoft Visual Studio/18/Community/Common7/IDE/CommonExtensions/Microsoft/TeamFoundation/Team Explorer/link"
      - "D:/WaterSurfaceRendererScratch/vcpkg_installed/x64-windows/debug/Microsoft Visual Studio/18/Community/MSBuild/Current/Bin/Roslyn/link.com"
      - "D:/WaterSurfaceRendererScratch/vcpkg_installed/x64-windows/debug/Microsoft Visual Studio/18/Community/MSBuild/Current/Bin/Roslyn/link.exe"
      - "D:/WaterSurfaceRendererScratch/vcpkg_installed/x64-windows/debug/Microsoft Visual Studio/18/Community/MSBuild/Current/Bin/Roslyn/link"
      - "D:/WaterSurfaceRendererScratch/vcpkg_installed/x64-windows/debug/Program Files (x86)/Microsoft SDKs/Windows/v10.0A/bin/NETFX 4.8 Tools/x64/link.com"
      - "D:/WaterSurfaceRendererScratch/vcpkg_installed/x64-windows/debug/Program Files (x86)/Microsoft SDKs/Windows/v10.0A/bin/NETFX 4.8 Tools/x64/link.exe"
      - "D:/WaterSurfaceRendererScratch/vcpkg_installed/x64-windows/debug/Program Files (x86)/Microsoft SDKs/Windows/v10.0A/bin/NETFX 4.8 Tools/x64/link"
      - "D:/WaterSurfaceRendererScratch/vcpkg_installed/x64-windows/debug/Microsoft Visual Studio/18/Community/Team Tools/DiagnosticsHub/Collector/link.com"
      - "D:/WaterSurfaceRendererScratch/vcpkg_installed/x64-windows/debug/Microsoft Visual Studio/18/Community/Team Tools/DiagnosticsHub/Collector/link.exe"
      - "D:/WaterSurfaceRendererScratch/vcpkg_installed/x64-windows/debug/Microsoft Visual Studio/18/Community/Team Tools/DiagnosticsHub/Collector/link"
      - "D:/WaterSurfaceRendererScratch/vcpkg_installed/x64-windows/debug/Microsoft Visual Studio/18/Community/Common7/IDE/Extensions/Microsoft/CodeCoverage.Console/link.com"
      - "D:/WaterSurfaceRendererScratch/vcpkg_installed/x64-windows/debug/Microsoft Visual Studio/18/Community/Common7/IDE/Extensions/Microsoft/CodeCoverage.Console/link.exe"
      - "D:/WaterSurfaceRendererScratch/vcpkg_installed/x64-windows/debug/Microsoft Visual Studio/18/Community/Common7/IDE/Extensions/Microsoft/CodeCoverage.Console/link"
      - "D:/WaterSurfaceRendererScratch/vcpkg_installed/x64-windows/debug/Program Files (x86)/Windows Kits/10/bin/10.0.26100.0/x64/link.com"
      - "D:/WaterSurfaceRendererScratch/vcpkg_installed/x64-windows/debug/Program Files (x86)/Windows Kits/10/bin/10.0.26100.0/x64/link.exe"
      - "D:/WaterSurfaceRendererScratch/vcpkg_installed/x64-windows/debug/Program Files (x86)/Windows Kits/10/bin/10.0.26100.0/x64/link"
      - "D:/WaterSurfaceRendererScratch/vcpkg_installed/x64-windows/debug/Program Files (x86)/Windows Kits/10/bin/x64/link.com"
      - "D:/WaterSurfaceRendererScratch/vcpkg_installed/x64-windows/debug/Program Files (x86)/Windows Kits/10/bin/x64/link.exe"
      - "D:/WaterSurfaceRendererScratch/vcpkg_installed/x64-windows/debug/Program Files (x86)/Windows Kits/10/bin/x64/link"
      - "D:/WaterSurfaceRendererScratch/vcpkg_installed/x64-windows/debug/Microsoft Visual Studio/18/Community/MSBuild/Current/Bin/amd64/link.com"
      - "D:/WaterSurfaceRendererScratch/vcpkg_installed/x64-windows/debug/Microsoft Visual Studio/18/Community/MSBuild/Current/Bin/amd64/link.exe"
      - "D:/WaterSurfaceRendererScratch/vcpkg_installed/x64-windows/debug/Microsoft Visual Studio/18/Community/MSBuild/Current/Bin/amd64/link"
      - "D:/WaterSurfaceRendererScratch/vcpkg_installed/x64-windows/debug/Windows/Microsoft.NET/Framework64/v4.0.30319/link.com"
      - "D:/WaterSurfaceRendererScratch/vcpkg_installed/x64-windows/debug/Windows/Microsoft.NET/Framework64/v4.0.30319/link.exe"
      - "D:/WaterSurfaceRendererScratch/vcpkg_installed/x64-windows/debug/Windows/Microsoft.NET/Framework64/v4.0.30319/link"
      - "D:/WaterSurfaceRendererScratch/vcpkg_installed/x64-windows/debug/Microsoft Visual Studio/18/Community/Common7/IDE/link.com"
      - "D:/WaterSurfaceRendererScratch/vcpkg_installed/x64-windows/debug/Microsoft Visual Studio/18/Community/Common7/IDE/link.exe"
      - "D:/WaterSurfaceRendererScratch/vcpkg_installed/x64-windows/debug/Microsoft Visual Studio/18/Community/Common7/IDE/link"
      - "D:/WaterSurfaceRendererScratch/vcpkg_installed/x64-windows/debug/Microsoft Visual Studio/18/Community/Common7/Tools/link.com"
      - "D:/WaterSurfaceRendererScratch/vcpkg_installed/x64-windows/debug/Microsoft Visual Studio/18/Community/Common7/Tools/link.exe"
      - "D:/WaterSurfaceRendererScratch/vcpkg_installed/x64-windows/debug/Microsoft Visual Studio/18/Community/Common7/Tools/link"
      - "D:/WaterSurfaceRendererScratch/vcpkg_installed/x64-windows/debug/Users/xukeheng/AppData/Local/vcpkg/downloads/tools/powershell-core-7.5.4-windows/link.com"
      - "D:/WaterSurfaceRendererScratch/vcpkg_installed/x64-windows/debug/Users/xukeheng/AppData/Local/vcpkg/downloads/tools/powershell-core-7.5.4-windows/link.exe"
      - "D:/WaterSurfaceRendererScratch/vcpkg_installed/x64-windows/debug/Users/xukeheng/AppData/Local/vcpkg/downloads/tools/powershell-core-7.5.4-windows/link"
      - "D:/WaterSurfaceRendererScratch/vcpkg_installed/x64-windows/debug/Windows/System32/link.com"
      - "D:/WaterSurfaceRendererScratch/vcpkg_installed/x64-windows/debug/Windows/System32/link.exe"
      - "D:/WaterSurfaceRendererScratch/vcpkg_installed/x64-windows/debug/Windows/System32/link"
      - "D:/WaterSurfaceRendererScratch/vcpkg_installed/x64-windows/debug/Windows/link.com"
      - "D:/WaterSurfaceRendererScratch/vcpkg_installed/x64-windows/debug/Windows/link.exe"
      - "D:/WaterSurfaceRendererScratch/vcpkg_installed/x64-windows/debug/Windows/link"
      - "D:/WaterSurfaceRendererScratch/vcpkg_installed/x64-windows/debug/Windows/System32/wbem/link.com"
      - "D:/WaterSurfaceRendererScratch/vcpkg_installed/x64-windows/debug/Windows/System32/wbem/link.exe"
      - "D:/WaterSurfaceRendererScratch/vcpkg_installed/x64-windows/debug/Windows/System32/wbem/link"
      - "D:/WaterSurfaceRendererScratch/vcpkg_installed/x64-windows/debug/Windows/System32/WindowsPowerShell/v1.0/link.com"
      - "D:/WaterSurfaceRendererScratch/vcpkg_installed/x64-windows/debug/Windows/System32/WindowsPowerShell/v1.0/link.exe"
      - "D:/WaterSurfaceRendererScratch/vcpkg_installed/x64-windows/debug/Windows/System32/WindowsPowerShell/v1.0/link"
      - "D:/WaterSurfaceRendererScratch/vcpkg_installed/x64-windows/debug/Windows/System32/OpenSSH/link.com"
      - "D:/WaterSurfaceRendererScratch/vcpkg_installed/x64-windows/debug/Windows/System32/OpenSSH/link.exe"
      - "D:/WaterSurfaceRendererScratch/vcpkg_installed/x64-windows/debug/Windows/System32/OpenSSH/link"
      - "D:/WaterSurfaceRendererScratch/vcpkg_installed/x64-windows/debug/Microsoft Visual Studio/18/Community/Common7/IDE/CommonExtensions/Microsoft/CMake/CMake/bin/link.com"
      - "D:/WaterSurfaceRendererScratch/vcpkg_installed/x64-windows/debug/Microsoft Visual Studio/18/Community/Common7/IDE/CommonExtensions/Microsoft/CMake/CMake/bin/link.exe"
      - "D:/WaterSurfaceRendererScratch/vcpkg_installed/x64-windows/debug/Microsoft Visual Studio/18/Community/Common7/IDE/CommonExtensions/Microsoft/CMake/CMake/bin/link"
      - "D:/WaterSurfaceRendererScratch/vcpkg_installed/x64-windows/debug/Microsoft Visual Studio/18/Community/Common7/IDE/CommonExtensions/Microsoft/CMake/Ninja/link.com"
      - "D:/WaterSurfaceRendererScratch/vcpkg_installed/x64-windows/debug/Microsoft Visual Studio/18/Community/Common7/IDE/CommonExtensions/Microsoft/CMake/Ninja/link.exe"
      - "D:/WaterSurfaceRendererScratch/vcpkg_installed/x64-windows/debug/Microsoft Visual Studio/18/Community/Common7/IDE/CommonExtensions/Microsoft/CMake/Ninja/link"
      - "D:/WaterSurfaceRendererScratch/vcpkg_installed/x64-windows/debug/Microsoft Visual Studio/18/Community/Common7/IDE/VC/Linux/bin/ConnectionManagerExe/link.com"
      - "D:/WaterSurfaceRendererScratch/vcpkg_installed/x64-windows/debug/Microsoft Visual Studio/18/Community/Common7/IDE/VC/Linux/bin/ConnectionManagerExe/link.exe"
      - "D:/WaterSurfaceRendererScratch/vcpkg_installed/x64-windows/debug/Microsoft Visual Studio/18/Community/Common7/IDE/VC/Linux/bin/ConnectionManagerExe/link"
      - "D:/WaterSurfaceRendererScratch/vcpkg_installed/x64-windows/debug/Microsoft Visual Studio/18/Community/VC/vcpkg/link.com"
      - "D:/WaterSurfaceRendererScratch/vcpkg_installed/x64-windows/debug/Microsoft Visual Studio/18/Community/VC/vcpkg/link.exe"
      - "D:/WaterSurfaceRendererScratch/vcpkg_installed/x64-windows/debug/Microsoft Visual Studio/18/Community/VC/vcpkg/link"
      - "D:/WaterSurfaceRendererScratch/vcpkg_installed/x64-windows/Microsoft Visual Studio/18/Community/VC/Tools/MSVC/14.51.36231/bin/Hostx64/x64/link.com"
      - "D:/WaterSurfaceRendererScratch/vcpkg_installed/x64-windows/Microsoft Visual Studio/18/Community/VC/Tools/MSVC/14.51.36231/bin/Hostx64/x64/link.exe"
      - "D:/WaterSurfaceRendererScratch/vcpkg_installed/x64-windows/Microsoft Visual Studio/18/Community/VC/Tools/MSVC/14.51.36231/bin/Hostx64/x64/link"
      - "D:/WaterSurfaceRendererScratch/vcpkg_installed/x64-windows/Microsoft Visual Studio/18/Community/Common7/IDE/VC/vcpackages/link.com"
      - "D:/WaterSurfaceRendererScratch/vcpkg_installed/x64-windows/Microsoft Visual Studio/18/Community/Common7/IDE/VC/vcpackages/link.exe"
      - "D:/WaterSurfaceRendererScratch/vcpkg_installed/x64-windows/Microsoft Visual Studio/18/Community/Common7/IDE/VC/vcpackages/link"
      - "D:/WaterSurfaceRendererScratch/vcpkg_installed/x64-windows/Microsoft Visual Studio/18/Community/Common7/IDE/CommonExtensions/Microsoft/TestWindow/link.com"
      - "D:/WaterSurfaceRendererScratch/vcpkg_installed/x64-windows/Microsoft Visual Studio/18/Community/Common7/IDE/CommonExtensions/Microsoft/TestWindow/link.exe"
      - "D:/WaterSurfaceRendererScratch/vcpkg_installed/x64-windows/Microsoft Visual Studio/18/Community/Common7/IDE/CommonExtensions/Microsoft/TestWindow/link"
      - "D:/WaterSurfaceRendererScratch/vcpkg_installed/x64-windows/Microsoft Visual Studio/18/Community/Common7/IDE/CommonExtensions/Microsoft/TeamFoundation/Team Explorer/link.com"
      - "D:/WaterSurfaceRendererScratch/vcpkg_installed/x64-windows/Microsoft Visual Studio/18/Community/Common7/IDE/CommonExtensions/Microsoft/TeamFoundation/Team Explorer/link.exe"
      - "D:/WaterSurfaceRendererScratch/vcpkg_installed/x64-windows/Microsoft Visual Studio/18/Community/Common7/IDE/CommonExtensions/Microsoft/TeamFoundation/Team Explorer/link"
      - "D:/WaterSurfaceRendererScratch/vcpkg_installed/x64-windows/Microsoft Visual Studio/18/Community/MSBuild/Current/Bin/Roslyn/link.com"
      - "D:/WaterSurfaceRendererScratch/vcpkg_installed/x64-windows/Microsoft Visual Studio/18/Community/MSBuild/Current/Bin/Roslyn/link.exe"
      - "D:/WaterSurfaceRendererScratch/vcpkg_installed/x64-windows/Microsoft Visual Studio/18/Community/MSBuild/Current/Bin/Roslyn/link"
      - "D:/WaterSurfaceRendererScratch/vcpkg_installed/x64-windows/Program Files (x86)/Microsoft SDKs/Windows/v10.0A/bin/NETFX 4.8 Tools/x64/link.com"
      - "D:/WaterSurfaceRendererScratch/vcpkg_installed/x64-windows/Program Files (x86)/Microsoft SDKs/Windows/v10.0A/bin/NETFX 4.8 Tools/x64/link.exe"
      - "D:/WaterSurfaceRendererScratch/vcpkg_installed/x64-windows/Program Files (x86)/Microsoft SDKs/Windows/v10.0A/bin/NETFX 4.8 Tools/x64/link"
      - "D:/WaterSurfaceRendererScratch/vcpkg_installed/x64-windows/Microsoft Visual Studio/18/Community/Team Tools/DiagnosticsHub/Collector/link.com"
      - "D:/WaterSurfaceRendererScratch/vcpkg_installed/x64-windows/Microsoft Visual Studio/18/Community/Team Tools/DiagnosticsHub/Collector/link.exe"
      - "D:/WaterSurfaceRendererScratch/vcpkg_installed/x64-windows/Microsoft Visual Studio/18/Community/Team Tools/DiagnosticsHub/Collector/link"
      - "D:/WaterSurfaceRendererScratch/vcpkg_installed/x64-windows/Microsoft Visual Studio/18/Community/Common7/IDE/Extensions/Microsoft/CodeCoverage.Console/link.com"
      - "D:/WaterSurfaceRendererScratch/vcpkg_installed/x64-windows/Microsoft Visual Studio/18/Community/Common7/IDE/Extensions/Microsoft/CodeCoverage.Console/link.exe"
      - "D:/WaterSurfaceRendererScratch/vcpkg_installed/x64-windows/Microsoft Visual Studio/18/Community/Common7/IDE/Extensions/Microsoft/CodeCoverage.Console/link"
      - "D:/WaterSurfaceRendererScratch/vcpkg_installed/x64-windows/Program Files (x86)/Windows Kits/10/bin/10.0.26100.0/x64/link.com"
      - "D:/WaterSurfaceRendererScratch/vcpkg_installed/x64-windows/Program Files (x86)/Windows Kits/10/bin/10.0.26100.0/x64/link.exe"
      - "D:/WaterSurfaceRendererScratch/vcpkg_installed/x64-windows/Program Files (x86)/Windows Kits/10/bin/10.0.26100.0/x64/link"
      - "D:/WaterSurfaceRendererScratch/vcpkg_installed/x64-windows/Program Files (x86)/Windows Kits/10/bin/x64/link.com"
      - "D:/WaterSurfaceRendererScratch/vcpkg_installed/x64-windows/Program Files (x86)/Windows Kits/10/bin/x64/link.exe"
      - "D:/WaterSurfaceRendererScratch/vcpkg_installed/x64-windows/Program Files (x86)/Windows Kits/10/bin/x64/link"
      - "D:/WaterSurfaceRendererScratch/vcpkg_installed/x64-windows/Microsoft Visual Studio/18/Community/MSBuild/Current/Bin/amd64/link.com"
      - "D:/WaterSurfaceRendererScratch/vcpkg_installed/x64-windows/Microsoft Visual Studio/18/Community/MSBuild/Current/Bin/amd64/link.exe"
      - "D:/WaterSurfaceRendererScratch/vcpkg_installed/x64-windows/Microsoft Visual Studio/18/Community/MSBuild/Current/Bin/amd64/link"
      - "D:/WaterSurfaceRendererScratch/vcpkg_installed/x64-windows/Windows/Microsoft.NET/Framework64/v4.0.30319/link.com"
      - "D:/WaterSurfaceRendererScratch/vcpkg_installed/x64-windows/Windows/Microsoft.NET/Framework64/v4.0.30319/link.exe"
      - "D:/WaterSurfaceRendererScratch/vcpkg_installed/x64-windows/Windows/Microsoft.NET/Framework64/v4.0.30319/link"
      - "D:/WaterSurfaceRendererScratch/vcpkg_installed/x64-windows/Microsoft Visual Studio/18/Community/Common7/IDE/link.com"
      - "D:/WaterSurfaceRendererScratch/vcpkg_installed/x64-windows/Microsoft Visual Studio/18/Community/Common7/IDE/link.exe"
      - "D:/WaterSurfaceRendererScratch/vcpkg_installed/x64-windows/Microsoft Visual Studio/18/Community/Common7/IDE/link"
      - "D:/WaterSurfaceRendererScratch/vcpkg_installed/x64-windows/Microsoft Visual Studio/18/Community/Common7/Tools/link.com"
      - "D:/WaterSurfaceRendererScratch/vcpkg_installed/x64-windows/Microsoft Visual Studio/18/Community/Common7/Tools/link.exe"
      - "D:/WaterSurfaceRendererScratch/vcpkg_installed/x64-windows/Microsoft Visual Studio/18/Community/Common7/Tools/link"
      - "D:/WaterSurfaceRendererScratch/vcpkg_installed/x64-windows/Users/xukeheng/AppData/Local/vcpkg/downloads/tools/powershell-core-7.5.4-windows/link.com"
      - "D:/WaterSurfaceRendererScratch/vcpkg_installed/x64-windows/Users/xukeheng/AppData/Local/vcpkg/downloads/tools/powershell-core-7.5.4-windows/link.exe"
      - "D:/WaterSurfaceRendererScratch/vcpkg_installed/x64-windows/Users/xukeheng/AppData/Local/vcpkg/downloads/tools/powershell-core-7.5.4-windows/link"
      - "D:/WaterSurfaceRendererScratch/vcpkg_installed/x64-windows/Windows/System32/link.com"
      - "D:/WaterSurfaceRendererScratch/vcpkg_installed/x64-windows/Windows/System32/link.exe"
      - "D:/WaterSurfaceRendererScratch/vcpkg_installed/x64-windows/Windows/System32/link"
      - "D:/WaterSurfaceRendererScratch/vcpkg_installed/x64-windows/Windows/link.com"
      - "D:/WaterSurfaceRendererScratch/vcpkg_installed/x64-windows/Windows/link.exe"
      - "D:/WaterSurfaceRendererScratch/vcpkg_installed/x64-windows/Windows/link"
      - "D:/WaterSurfaceRendererScratch/vcpkg_installed/x64-windows/Windows/System32/wbem/link.com"
      - "D:/WaterSurfaceRendererScratch/vcpkg_installed/x64-windows/Windows/System32/wbem/link.exe"
      - "D:/WaterSurfaceRendererScratch/vcpkg_installed/x64-windows/Windows/System32/wbem/link"
      - "D:/WaterSurfaceRendererScratch/vcpkg_installed/x64-windows/Windows/System32/WindowsPowerShell/v1.0/link.com"
      - "D:/WaterSurfaceRendererScratch/vcpkg_installed/x64-windows/Windows/System32/WindowsPowerShell/v1.0/link.exe"
      - "D:/WaterSurfaceRendererScratch/vcpkg_installed/x64-windows/Windows/System32/WindowsPowerShell/v1.0/link"
      - "D:/WaterSurfaceRendererScratch/vcpkg_installed/x64-windows/Windows/System32/OpenSSH/link.com"
      - "D:/WaterSurfaceRendererScratch/vcpkg_installed/x64-windows/Windows/System32/OpenSSH/link.exe"
      - "D:/WaterSurfaceRendererScratch/vcpkg_installed/x64-windows/Windows/System32/OpenSSH/link"
      - "D:/WaterSurfaceRendererScratch/vcpkg_installed/x64-windows/Microsoft Visual Studio/18/Community/Common7/IDE/CommonExtensions/Microsoft/CMake/CMake/bin/link.com"
      - "D:/WaterSurfaceRendererScratch/vcpkg_installed/x64-windows/Microsoft Visual Studio/18/Community/Common7/IDE/CommonExtensions/Microsoft/CMake/CMake/bin/link.exe"
      - "D:/WaterSurfaceRendererScratch/vcpkg_installed/x64-windows/Microsoft Visual Studio/18/Community/Common7/IDE/CommonExtensions/Microsoft/CMake/CMake/bin/link"
      - "D:/WaterSurfaceRendererScratch/vcpkg_installed/x64-windows/Microsoft Visual Studio/18/Community/Common7/IDE/CommonExtensions/Microsoft/CMake/Ninja/link.com"
      - "D:/WaterSurfaceRendererScratch/vcpkg_installed/x64-windows/Microsoft Visual Studio/18/Community/Common7/IDE/CommonExtensions/Microsoft/CMake/Ninja/link.exe"
      - "D:/WaterSurfaceRendererScratch/vcpkg_installed/x64-windows/Microsoft Visual Studio/18/Community/Common7/IDE/CommonExtensions/Microsoft/CMake/Ninja/link"
      - "D:/WaterSurfaceRendererScratch/vcpkg_installed/x64-windows/Microsoft Visual Studio/18/Community/Common7/IDE/VC/Linux/bin/ConnectionManagerExe/link.com"
      - "D:/WaterSurfaceRendererScratch/vcpkg_installed/x64-windows/Microsoft Visual Studio/18/Community/Common7/IDE/VC/Linux/bin/ConnectionManagerExe/link.exe"
      - "D:/WaterSurfaceRendererScratch/vcpkg_installed/x64-windows/Microsoft Visual Studio/18/Community/Common7/IDE/VC/Linux/bin/ConnectionManagerExe/link"
      - "D:/WaterSurfaceRendererScratch/vcpkg_installed/x64-windows/Microsoft Visual Studio/18/Community/VC/vcpkg/link.com"
      - "D:/WaterSurfaceRendererScratch/vcpkg_installed/x64-windows/Microsoft Visual Studio/18/Community/VC/vcpkg/link.exe"
      - "D:/WaterSurfaceRendererScratch/vcpkg_installed/x64-windows/Microsoft Visual Studio/18/Community/VC/vcpkg/link"
      - "D:/Microsoft Visual Studio/18/Community/VC/Tools/MSVC/14.51.36231/bin/Hostx64/x64/link.com"
    found: "D:/Microsoft Visual Studio/18/Community/VC/Tools/MSVC/14.51.36231/bin/Hostx64/x64/link.exe"
    search_context:
      CMAKE_PROGRAM_PATH:
        - "D:/WaterSurfaceRendererScratch/vcpkg_installed/x64-windows/tools"
      CMAKE_PREFIX_PATH:
        - "D:/WaterSurfaceRendererScratch/vcpkg_installed/x64-windows/debug"
        - "D:/WaterSurfaceRendererScratch/vcpkg_installed/x64-windows"
      ENV{PATH}:
        - "D:\\Microsoft Visual Studio\\18\\Community\\VC\\Tools\\MSVC\\14.51.36231\\bin\\HostX64\\x64"
        - "D:\\Microsoft Visual Studio\\18\\Community\\Common7\\IDE\\VC\\VCPackages"
        - "D:\\Microsoft Visual Studio\\18\\Community\\Common7\\IDE\\CommonExtensions\\Microsoft\\TestWindow"
        - "D:\\Microsoft Visual Studio\\18\\Community\\Common7\\IDE\\CommonExtensions\\Microsoft\\TeamFoundation\\Team Explorer"
        - "D:\\Microsoft Visual Studio\\18\\Community\\MSBuild\\Current\\bin\\Roslyn"
        - "C:\\Program Files (x86)\\Microsoft SDKs\\Windows\\v10.0A\\bin\\NETFX 4.8 Tools\\x64\\"
        - "D:\\Microsoft Visual Studio\\18\\Community\\Team Tools\\DiagnosticsHub\\Collector"
        - "D:\\Microsoft Visual Studio\\18\\Community\\Common7\\IDE\\Extensions\\Microsoft\\CodeCoverage.Console"
        - "C:\\Program Files (x86)\\Windows Kits\\10\\bin\\10.0.26100.0\\\\x64"
        - "C:\\Program Files (x86)\\Windows Kits\\10\\bin\\\\x64"
        - "D:\\Microsoft Visual Studio\\18\\Community\\\\MSBuild\\Current\\Bin\\amd64"
        - "C:\\Windows\\Microsoft.NET\\Framework64\\v4.0.30319"
        - "D:\\Microsoft Visual Studio\\18\\Community\\Common7\\IDE\\"
        - "D:\\Microsoft Visual Studio\\18\\Community\\Common7\\Tools\\"
        - "C:\\Users\\xukeheng\\AppData\\Local\\vcpkg\\downloads\\tools\\powershell-core-7.5.4-windows"
        - "C:\\windows\\system32"
        - "C:\\windows"
        - "C:\\windows\\system32\\Wbem"
        - "C:\\windows\\system32\\WindowsPowerShell\\v1.0\\"
        - "C:\\windows\\system32\\OpenSSH\\"
        - "D:\\Microsoft Visual Studio\\18\\Community\\Common7\\IDE\\CommonExtensions\\Microsoft\\CMake\\CMake\\bin"
        - "D:\\Microsoft Visual Studio\\18\\Community\\Common7\\IDE\\CommonExtensions\\Microsoft\\CMake\\Ninja"
        - "D:\\Microsoft Visual Studio\\18\\Community\\Common7\\IDE\\VC\\Linux\\bin\\ConnectionManagerExe"
        - "D:\\Microsoft Visual Studio\\18\\Community\\VC\\vcpkg"
        - "D:\\Microsoft Visual Studio\\18\\Community\\Common7\\IDE\\CommonExtensions\\Microsoft\\CMake\\Ninja"
      CMAKE_INSTALL_PREFIX: "D:/WaterSurfaceRendererScratch/vcpkg_installed/vcpkg/pkgs/glfw3_x64-windows/debug"
      CMAKE_FIND_ROOT_PATH: "D:/WaterSurfaceRendererScratch/vcpkg_installed/x64-windows/debug;D:/WaterSurfaceRendererScratch/vcpkg_installed/x64-windows"
  -
    kind: "find-v1"
    backtrace:
      - "D:/Microsoft Visual Studio/18/Community/Common7/IDE/CommonExtensions/Microsoft/CMake/CMake/share/cmake-4.3/Modules/CMakeFindBinUtils.cmake:37 (find_program)"
      - "D:/Microsoft Visual Studio/18/Community/Common7/IDE/CommonExtensions/Microsoft/CMake/CMake/share/cmake-4.3/Modules/CMakeFindBinUtils.cmake:65 (__resolve_tool_path)"
      - "D:/Microsoft Visual Studio/18/Community/Common7/IDE/CommonExtensions/Microsoft/CMake/CMake/share/cmake-4.3/Modules/CMakeFindBinUtils.cmake:104 (__resolve_linker_path)"
      - "D:/Microsoft Visual Studio/18/Community/Common7/IDE/CommonExtensions/Microsoft/CMake/CMake/share/cmake-4.3/Modules/CMakeDetermineCCompiler.cmake:200 (include)"
      - "CMakeLists.txt:3 (project)"
    mode: "program"
    variable: "_CMAKE_TOOL_WITH_PATH"
    description: "Path to a program."
    settings:
      SearchFramework: "LAST"
      SearchAppBundle: "LAST"
      CMAKE_FIND_USE_CMAKE_PATH: false
      CMAKE_FIND_USE_CMAKE_ENVIRONMENT_PATH: false
      CMAKE_FIND_USE_SYSTEM_ENVIRONMENT_PATH: true
      CMAKE_FIND_USE_CMAKE_SYSTEM_PATH: true
      CMAKE_FIND_USE_INSTALL_PREFIX: true
    names:
      - "lld-link"
    candidate_directories:
      - "D:/WaterSurfaceRendererScratch/vcpkg_installed/x64-windows/debug/Microsoft Visual Studio/18/Community/VC/Tools/MSVC/14.51.36231/bin/Hostx64/x64/"
      - "D:/WaterSurfaceRendererScratch/vcpkg_installed/x64-windows/debug/Microsoft Visual Studio/18/Community/Common7/IDE/VC/vcpackages/"
      - "D:/WaterSurfaceRendererScratch/vcpkg_installed/x64-windows/debug/Microsoft Visual Studio/18/Community/Common7/IDE/CommonExtensions/Microsoft/TestWindow/"
      - "D:/WaterSurfaceRendererScratch/vcpkg_installed/x64-windows/debug/Microsoft Visual Studio/18/Community/Common7/IDE/CommonExtensions/Microsoft/TeamFoundation/Team Explorer/"
      - "D:/WaterSurfaceRendererScratch/vcpkg_installed/x64-windows/debug/Microsoft Visual Studio/18/Community/MSBuild/Current/Bin/Roslyn/"
      - "D:/WaterSurfaceRendererScratch/vcpkg_installed/x64-windows/debug/Program Files (x86)/Microsoft SDKs/Windows/v10.0A/bin/NETFX 4.8 Tools/x64/"
      - "D:/WaterSurfaceRendererScratch/vcpkg_installed/x64-windows/debug/Microsoft Visual Studio/18/Community/Team Tools/DiagnosticsHub/Collector/"
      - "D:/WaterSurfaceRendererScratch/vcpkg_installed/x64-windows/debug/Microsoft Visual Studio/18/Community/Common7/IDE/Extensions/Microsoft/CodeCoverage.Console/"
      - "D:/WaterSurfaceRendererScratch/vcpkg_installed/x64-windows/debug/Program Files (x86)/Windows Kits/10/bin/10.0.26100.0/x64/"
      - "D:/WaterSurfaceRendererScratch/vcpkg_installed/x64-windows/debug/Program Files (x86)/Windows Kits/10/bin/x64/"
      - "D:/WaterSurfaceRendererScratch/vcpkg_installed/x64-windows/debug/Microsoft Visual Studio/18/Community/MSBuild/Current/Bin/amd64/"
      - "D:/WaterSurfaceRendererScratch/vcpkg_installed/x64-windows/debug/Windows/Microsoft.NET/Framework64/v4.0.30319/"
      - "D:/WaterSurfaceRendererScratch/vcpkg_installed/x64-windows/debug/Microsoft Visual Studio/18/Community/Common7/IDE/"
      - "D:/WaterSurfaceRendererScratch/vcpkg_installed/x64-windows/debug/Microsoft Visual Studio/18/Community/Common7/Tools/"
      - "D:/WaterSurfaceRendererScratch/vcpkg_installed/x64-windows/debug/Users/xukeheng/AppData/Local/vcpkg/downloads/tools/powershell-core-7.5.4-windows/"
      - "D:/WaterSurfaceRendererScratch/vcpkg_installed/x64-windows/debug/Windows/System32/"
      - "D:/WaterSurfaceRendererScratch/vcpkg_installed/x64-windows/debug/Windows/"
      - "D:/WaterSurfaceRendererScratch/vcpkg_installed/x64-windows/debug/Windows/System32/wbem/"
      - "D:/WaterSurfaceRendererScratch/vcpkg_installed/x64-windows/debug/Windows/System32/WindowsPowerShell/v1.0/"
      - "D:/WaterSurfaceRendererScratch/vcpkg_installed/x64-windows/debug/Windows/System32/OpenSSH/"
      - "D:/WaterSurfaceRendererScratch/vcpkg_installed/x64-windows/debug/Microsoft Visual Studio/18/Community/Common7/IDE/CommonExtensions/Microsoft/CMake/CMake/bin/"
      - "D:/WaterSurfaceRendererScratch/vcpkg_installed/x64-windows/debug/Microsoft Visual Studio/18/Community/Common7/IDE/CommonExtensions/Microsoft/CMake/Ninja/"
      - "D:/WaterSurfaceRendererScratch/vcpkg_installed/x64-windows/debug/Microsoft Visual Studio/18/Community/Common7/IDE/VC/Linux/bin/ConnectionManagerExe/"
      - "D:/WaterSurfaceRendererScratch/vcpkg_installed/x64-windows/debug/Microsoft Visual Studio/18/Community/VC/vcpkg/"
      - "D:/WaterSurfaceRendererScratch/vcpkg_installed/x64-windows/Microsoft Visual Studio/18/Community/VC/Tools/MSVC/14.51.36231/bin/Hostx64/x64/"
      - "D:/WaterSurfaceRendererScratch/vcpkg_installed/x64-windows/Microsoft Visual Studio/18/Community/Common7/IDE/VC/vcpackages/"
      - "D:/WaterSurfaceRendererScratch/vcpkg_installed/x64-windows/Microsoft Visual Studio/18/Community/Common7/IDE/CommonExtensions/Microsoft/TestWindow/"
      - "D:/WaterSurfaceRendererScratch/vcpkg_installed/x64-windows/Microsoft Visual Studio/18/Community/Common7/IDE/CommonExtensions/Microsoft/TeamFoundation/Team Explorer/"
      - "D:/WaterSurfaceRendererScratch/vcpkg_installed/x64-windows/Microsoft Visual Studio/18/Community/MSBuild/Current/Bin/Roslyn/"
      - "D:/WaterSurfaceRendererScratch/vcpkg_installed/x64-windows/Program Files (x86)/Microsoft SDKs/Windows/v10.0A/bin/NETFX 4.8 Tools/x64/"
      - "D:/WaterSurfaceRendererScratch/vcpkg_installed/x64-windows/Microsoft Visual Studio/18/Community/Team Tools/DiagnosticsHub/Collector/"
      - "D:/WaterSurfaceRendererScratch/vcpkg_installed/x64-windows/Microsoft Visual Studio/18/Community/Common7/IDE/Extensions/Microsoft/CodeCoverage.Console/"
      - "D:/WaterSurfaceRendererScratch/vcpkg_installed/x64-windows/Program Files (x86)/Windows Kits/10/bin/10.0.26100.0/x64/"
      - "D:/WaterSurfaceRendererScratch/vcpkg_installed/x64-windows/Program Files (x86)/Windows Kits/10/bin/x64/"
      - "D:/WaterSurfaceRendererScratch/vcpkg_installed/x64-windows/Microsoft Visual Studio/18/Community/MSBuild/Current/Bin/amd64/"
      - "D:/WaterSurfaceRendererScratch/vcpkg_installed/x64-windows/Windows/Microsoft.NET/Framework64/v4.0.30319/"
      - "D:/WaterSurfaceRendererScratch/vcpkg_installed/x64-windows/Microsoft Visual Studio/18/Community/Common7/IDE/"
      - "D:/WaterSurfaceRendererScratch/vcpkg_installed/x64-windows/Microsoft Visual Studio/18/Community/Common7/Tools/"
      - "D:/WaterSurfaceRendererScratch/vcpkg_installed/x64-windows/Users/xukeheng/AppData/Local/vcpkg/downloads/tools/powershell-core-7.5.4-windows/"
      - "D:/WaterSurfaceRendererScratch/vcpkg_installed/x64-windows/Windows/System32/"
      - "D:/WaterSurfaceRendererScratch/vcpkg_installed/x64-windows/Windows/"
      - "D:/WaterSurfaceRendererScratch/vcpkg_installed/x64-windows/Windows/System32/wbem/"
      - "D:/WaterSurfaceRendererScratch/vcpkg_installed/x64-windows/Windows/System32/WindowsPowerShell/v1.0/"
      - "D:/WaterSurfaceRendererScratch/vcpkg_installed/x64-windows/Windows/System32/OpenSSH/"
      - "D:/WaterSurfaceRendererScratch/vcpkg_installed/x64-windows/Microsoft Visual Studio/18/Community/Common7/IDE/CommonExtensions/Microsoft/CMake/CMake/bin/"
      - "D:/WaterSurfaceRendererScratch/vcpkg_installed/x64-windows/Microsoft Visual Studio/18/Community/Common7/IDE/CommonExtensions/Microsoft/CMake/Ninja/"
      - "D:/WaterSurfaceRendererScratch/vcpkg_installed/x64-windows/Microsoft Visual Studio/18/Community/Common7/IDE/VC/Linux/bin/ConnectionManagerExe/"
      - "D:/WaterSurfaceRendererScratch/vcpkg_installed/x64-windows/Microsoft Visual Studio/18/Community/VC/vcpkg/"
      - "D:/Microsoft Visual Studio/18/Community/VC/Tools/MSVC/14.51.36231/bin/Hostx64/x64/"
      - "D:/Microsoft Visual Studio/18/Community/Common7/IDE/VC/vcpackages/"
      - "D:/Microsoft Visual Studio/18/Community/Common7/IDE/CommonExtensions/Microsoft/TestWindow/"
      - "D:/Microsoft Visual Studio/18/Community/Common7/IDE/CommonExtensions/Microsoft/TeamFoundation/Team Explorer/"
      - "D:/Microsoft Visual Studio/18/Community/MSBuild/Current/Bin/Roslyn/"
      - "C:/Program Files (x86)/Microsoft SDKs/Windows/v10.0A/bin/NETFX 4.8 Tools/x64/"
      - "D:/Microsoft Visual Studio/18/Community/Team Tools/DiagnosticsHub/Collector/"
      - "D:/Microsoft Visual Studio/18/Community/Common7/IDE/Extensions/Microsoft/CodeCoverage.Console/"
      - "C:/Program Files (x86)/Windows Kits/10/bin/10.0.26100.0/x64/"
      - "C:/Program Files (x86)/Windows Kits/10/bin/x64/"
      - "D:/Microsoft Visual Studio/18/Community/MSBuild/Current/Bin/amd64/"
      - "C:/Windows/Microsoft.NET/Framework64/v4.0.30319/"
      - "D:/Microsoft Visual Studio/18/Community/Common7/IDE/"
      - "D:/Microsoft Visual Studio/18/Community/Common7/Tools/"
      - "C:/Users/xukeheng/AppData/Local/vcpkg/downloads/tools/powershell-core-7.5.4-windows/"
      - "C:/Windows/System32/"
      - "C:/Windows/"
      - "C:/Windows/System32/wbem/"
      - "C:/Windows/System32/WindowsPowerShell/v1.0/"
      - "C:/Windows/System32/OpenSSH/"
      - "D:/Microsoft Visual Studio/18/Community/Common7/IDE/CommonExtensions/Microsoft/CMake/CMake/bin/"
      - "D:/Microsoft Visual Studio/18/Community/Common7/IDE/CommonExtensions/Microsoft/CMake/Ninja/"
      - "D:/Microsoft Visual Studio/18/Community/Common7/IDE/VC/Linux/bin/ConnectionManagerExe/"
      - "D:/Microsoft Visual Studio/18/Community/VC/vcpkg/"
    searched_directories:
      - "D:/WaterSurfaceRendererScratch/vcpkg_installed/x64-windows/debug/Microsoft Visual Studio/18/Community/VC/Tools/MSVC/14.51.36231/bin/Hostx64/x64/lld-link.com"
      - "D:/WaterSurfaceRendererScratch/vcpkg_installed/x64-windows/debug/Microsoft Visual Studio/18/Community/VC/Tools/MSVC/14.51.36231/bin/Hostx64/x64/lld-link.exe"
      - "D:/WaterSurfaceRendererScratch/vcpkg_installed/x64-windows/debug/Microsoft Visual Studio/18/Community/VC/Tools/MSVC/14.51.36231/bin/Hostx64/x64/lld-link"
      - "D:/WaterSurfaceRendererScratch/vcpkg_installed/x64-windows/debug/Microsoft Visual Studio/18/Community/Common7/IDE/VC/vcpackages/lld-link.com"
      - "D:/WaterSurfaceRendererScratch/vcpkg_installed/x64-windows/debug/Microsoft Visual Studio/18/Community/Common7/IDE/VC/vcpackages/lld-link.exe"
      - "D:/WaterSurfaceRendererScratch/vcpkg_installed/x64-windows/debug/Microsoft Visual Studio/18/Community/Common7/IDE/VC/vcpackages/lld-link"
      - "D:/WaterSurfaceRendererScratch/vcpkg_installed/x64-windows/debug/Microsoft Visual Studio/18/Community/Common7/IDE/CommonExtensions/Microsoft/TestWindow/lld-link.com"
      - "D:/WaterSurfaceRendererScratch/vcpkg_installed/x64-windows/debug/Microsoft Visual Studio/18/Community/Common7/IDE/CommonExtensions/Microsoft/TestWindow/lld-link.exe"
      - "D:/WaterSurfaceRendererScratch/vcpkg_installed/x64-windows/debug/Microsoft Visual Studio/18/Community/Common7/IDE/CommonExtensions/Microsoft/TestWindow/lld-link"
      - "D:/WaterSurfaceRendererScratch/vcpkg_installed/x64-windows/debug/Microsoft Visual Studio/18/Community/Common7/IDE/CommonExtensions/Microsoft/TeamFoundation/Team Explorer/lld-link.com"
      - "D:/WaterSurfaceRendererScratch/vcpkg_installed/x64-windows/debug/Microsoft Visual Studio/18/Community/Common7/IDE/CommonExtensions/Microsoft/TeamFoundation/Team Explorer/lld-link.exe"
      - "D:/WaterSurfaceRendererScratch/vcpkg_installed/x64-windows/debug/Microsoft Visual Studio/18/Community/Common7/IDE/CommonExtensions/Microsoft/TeamFoundation/Team Explorer/lld-link"
      - "D:/WaterSurfaceRendererScratch/vcpkg_installed/x64-windows/debug/Microsoft Visual Studio/18/Community/MSBuild/Current/Bin/Roslyn/lld-link.com"
      - "D:/WaterSurfaceRendererScratch/vcpkg_installed/x64-windows/debug/Microsoft Visual Studio/18/Community/MSBuild/Current/Bin/Roslyn/lld-link.exe"
      - "D:/WaterSurfaceRendererScratch/vcpkg_installed/x64-windows/debug/Microsoft Visual Studio/18/Community/MSBuild/Current/Bin/Roslyn/lld-link"
      - "D:/WaterSurfaceRendererScratch/vcpkg_installed/x64-windows/debug/Program Files (x86)/Microsoft SDKs/Windows/v10.0A/bin/NETFX 4.8 Tools/x64/lld-link.com"
      - "D:/WaterSurfaceRendererScratch/vcpkg_installed/x64-windows/debug/Program Files (x86)/Microsoft SDKs/Windows/v10.0A/bin/NETFX 4.8 Tools/x64/lld-link.exe"
      - "D:/WaterSurfaceRendererScratch/vcpkg_installed/x64-windows/debug/Program Files (x86)/Microsoft SDKs/Windows/v10.0A/bin/NETFX 4.8 Tools/x64/lld-link"
      - "D:/WaterSurfaceRendererScratch/vcpkg_installed/x64-windows/debug/Microsoft Visual Studio/18/Community/Team Tools/DiagnosticsHub/Collector/lld-link.com"
      - "D:/WaterSurfaceRendererScratch/vcpkg_installed/x64-windows/debug/Microsoft Visual Studio/18/Community/Team Tools/DiagnosticsHub/Collector/lld-link.exe"
      - "D:/WaterSurfaceRendererScratch/vcpkg_installed/x64-windows/debug/Microsoft Visual Studio/18/Community/Team Tools/DiagnosticsHub/Collector/lld-link"
      - "D:/WaterSurfaceRendererScratch/vcpkg_installed/x64-windows/debug/Microsoft Visual Studio/18/Community/Common7/IDE/Extensions/Microsoft/CodeCoverage.Console/lld-link.com"
      - "D:/WaterSurfaceRendererScratch/vcpkg_installed/x64-windows/debug/Microsoft Visual Studio/18/Community/Common7/IDE/Extensions/Microsoft/CodeCoverage.Console/lld-link.exe"
      - "D:/WaterSurfaceRendererScratch/vcpkg_installed/x64-windows/debug/Microsoft Visual Studio/18/Community/Common7/IDE/Extensions/Microsoft/CodeCoverage.Console/lld-link"
      - "D:/WaterSurfaceRendererScratch/vcpkg_installed/x64-windows/debug/Program Files (x86)/Windows Kits/10/bin/10.0.26100.0/x64/lld-link.com"
      - "D:/WaterSurfaceRendererScratch/vcpkg_installed/x64-windows/debug/Program Files (x86)/Windows Kits/10/bin/10.0.26100.0/x64/lld-link.exe"
      - "D:/WaterSurfaceRendererScratch/vcpkg_installed/x64-windows/debug/Program Files (x86)/Windows Kits/10/bin/10.0.26100.0/x64/lld-link"
      - "D:/WaterSurfaceRendererScratch/vcpkg_installed/x64-windows/debug/Program Files (x86)/Windows Kits/10/bin/x64/lld-link.com"
      - "D:/WaterSurfaceRendererScratch/vcpkg_installed/x64-windows/debug/Program Files (x86)/Windows Kits/10/bin/x64/lld-link.exe"
      - "D:/WaterSurfaceRendererScratch/vcpkg_installed/x64-windows/debug/Program Files (x86)/Windows Kits/10/bin/x64/lld-link"
      - "D:/WaterSurfaceRendererScratch/vcpkg_installed/x64-windows/debug/Microsoft Visual Studio/18/Community/MSBuild/Current/Bin/amd64/lld-link.com"
      - "D:/WaterSurfaceRendererScratch/vcpkg_installed/x64-windows/debug/Microsoft Visual Studio/18/Community/MSBuild/Current/Bin/amd64/lld-link.exe"
      - "D:/WaterSurfaceRendererScratch/vcpkg_installed/x64-windows/debug/Microsoft Visual Studio/18/Community/MSBuild/Current/Bin/amd64/lld-link"
      - "D:/WaterSurfaceRendererScratch/vcpkg_installed/x64-windows/debug/Windows/Microsoft.NET/Framework64/v4.0.30319/lld-link.com"
      - "D:/WaterSurfaceRendererScratch/vcpkg_installed/x64-windows/debug/Windows/Microsoft.NET/Framework64/v4.0.30319/lld-link.exe"
      - "D:/WaterSurfaceRendererScratch/vcpkg_installed/x64-windows/debug/Windows/Microsoft.NET/Framework64/v4.0.30319/lld-link"
      - "D:/WaterSurfaceRendererScratch/vcpkg_installed/x64-windows/debug/Microsoft Visual Studio/18/Community/Common7/IDE/lld-link.com"
      - "D:/WaterSurfaceRendererScratch/vcpkg_installed/x64-windows/debug/Microsoft Visual Studio/18/Community/Common7/IDE/lld-link.exe"
      - "D:/WaterSurfaceRendererScratch/vcpkg_installed/x64-windows/debug/Microsoft Visual Studio/18/Community/Common7/IDE/lld-link"
      - "D:/WaterSurfaceRendererScratch/vcpkg_installed/x64-windows/debug/Microsoft Visual Studio/18/Community/Common7/Tools/lld-link.com"
      - "D:/WaterSurfaceRendererScratch/vcpkg_installed/x64-windows/debug/Microsoft Visual Studio/18/Community/Common7/Tools/lld-link.exe"
      - "D:/WaterSurfaceRendererScratch/vcpkg_installed/x64-windows/debug/Microsoft Visual Studio/18/Community/Common7/Tools/lld-link"
      - "D:/WaterSurfaceRendererScratch/vcpkg_installed/x64-windows/debug/Users/xukeheng/AppData/Local/vcpkg/downloads/tools/powershell-core-7.5.4-windows/lld-link.com"
      - "D:/WaterSurfaceRendererScratch/vcpkg_installed/x64-windows/debug/Users/xukeheng/AppData/Local/vcpkg/downloads/tools/powershell-core-7.5.4-windows/lld-link.exe"
      - "D:/WaterSurfaceRendererScratch/vcpkg_installed/x64-windows/debug/Users/xukeheng/AppData/Local/vcpkg/downloads/tools/powershell-core-7.5.4-windows/lld-link"
      - "D:/WaterSurfaceRendererScratch/vcpkg_installed/x64-windows/debug/Windows/System32/lld-link.com"
      - "D:/WaterSurfaceRendererScratch/vcpkg_installed/x64-windows/debug/Windows/System32/lld-link.exe"
      - "D:/WaterSurfaceRendererScratch/vcpkg_installed/x64-windows/debug/Windows/System32/lld-link"
      - "D:/WaterSurfaceRendererScratch/vcpkg_installed/x64-windows/debug/Windows/lld-link.com"
      - "D:/WaterSurfaceRendererScratch/vcpkg_installed/x64-windows/debug/Windows/lld-link.exe"
      - "D:/WaterSurfaceRendererScratch/vcpkg_installed/x64-windows/debug/Windows/lld-link"
      - "D:/WaterSurfaceRendererScratch/vcpkg_installed/x64-windows/debug/Windows/System32/wbem/lld-link.com"
      - "D:/WaterSurfaceRendererScratch/vcpkg_installed/x64-windows/debug/Windows/System32/wbem/lld-link.exe"
      - "D:/WaterSurfaceRendererScratch/vcpkg_installed/x64-windows/debug/Windows/System32/wbem/lld-link"
      - "D:/WaterSurfaceRendererScratch/vcpkg_installed/x64-windows/debug/Windows/System32/WindowsPowerShell/v1.0/lld-link.com"
      - "D:/WaterSurfaceRendererScratch/vcpkg_installed/x64-windows/debug/Windows/System32/WindowsPowerShell/v1.0/lld-link.exe"
      - "D:/WaterSurfaceRendererScratch/vcpkg_installed/x64-windows/debug/Windows/System32/WindowsPowerShell/v1.0/lld-link"
      - "D:/WaterSurfaceRendererScratch/vcpkg_installed/x64-windows/debug/Windows/System32/OpenSSH/lld-link.com"
      - "D:/WaterSurfaceRendererScratch/vcpkg_installed/x64-windows/debug/Windows/System32/OpenSSH/lld-link.exe"
      - "D:/WaterSurfaceRendererScratch/vcpkg_installed/x64-windows/debug/Windows/System32/OpenSSH/lld-link"
      - "D:/WaterSurfaceRendererScratch/vcpkg_installed/x64-windows/debug/Microsoft Visual Studio/18/Community/Common7/IDE/CommonExtensions/Microsoft/CMake/CMake/bin/lld-link.com"
      - "D:/WaterSurfaceRendererScratch/vcpkg_installed/x64-windows/debug/Microsoft Visual Studio/18/Community/Common7/IDE/CommonExtensions/Microsoft/CMake/CMake/bin/lld-link.exe"
      - "D:/WaterSurfaceRendererScratch/vcpkg_installed/x64-windows/debug/Microsoft Visual Studio/18/Community/Common7/IDE/CommonExtensions/Microsoft/CMake/CMake/bin/lld-link"
      - "D:/WaterSurfaceRendererScratch/vcpkg_installed/x64-windows/debug/Microsoft Visual Studio/18/Community/Common7/IDE/CommonExtensions/Microsoft/CMake/Ninja/lld-link.com"
      - "D:/WaterSurfaceRendererScratch/vcpkg_installed/x64-windows/debug/Microsoft Visual Studio/18/Community/Common7/IDE/CommonExtensions/Microsoft/CMake/Ninja/lld-link.exe"
      - "D:/WaterSurfaceRendererScratch/vcpkg_installed/x64-windows/debug/Microsoft Visual Studio/18/Community/Common7/IDE/CommonExtensions/Microsoft/CMake/Ninja/lld-link"
      - "D:/WaterSurfaceRendererScratch/vcpkg_installed/x64-windows/debug/Microsoft Visual Studio/18/Community/Common7/IDE/VC/Linux/bin/ConnectionManagerExe/lld-link.com"
      - "D:/WaterSurfaceRendererScratch/vcpkg_installed/x64-windows/debug/Microsoft Visual Studio/18/Community/Common7/IDE/VC/Linux/bin/ConnectionManagerExe/lld-link.exe"
      - "D:/WaterSurfaceRendererScratch/vcpkg_installed/x64-windows/debug/Microsoft Visual Studio/18/Community/Common7/IDE/VC/Linux/bin/ConnectionManagerExe/lld-link"
      - "D:/WaterSurfaceRendererScratch/vcpkg_installed/x64-windows/debug/Microsoft Visual Studio/18/Community/VC/vcpkg/lld-link.com"
      - "D:/WaterSurfaceRendererScratch/vcpkg_installed/x64-windows/debug/Microsoft Visual Studio/18/Community/VC/vcpkg/lld-link.exe"
      - "D:/WaterSurfaceRendererScratch/vcpkg_installed/x64-windows/debug/Microsoft Visual Studio/18/Community/VC/vcpkg/lld-link"
      - "D:/WaterSurfaceRendererScratch/vcpkg_installed/x64-windows/Microsoft Visual Studio/18/Community/VC/Tools/MSVC/14.51.36231/bin/Hostx64/x64/lld-link.com"
      - "D:/WaterSurfaceRendererScratch/vcpkg_installed/x64-windows/Microsoft Visual Studio/18/Community/VC/Tools/MSVC/14.51.36231/bin/Hostx64/x64/lld-link.exe"
      - "D:/WaterSurfaceRendererScratch/vcpkg_installed/x64-windows/Microsoft Visual Studio/18/Community/VC/Tools/MSVC/14.51.36231/bin/Hostx64/x64/lld-link"
      - "D:/WaterSurfaceRendererScratch/vcpkg_installed/x64-windows/Microsoft Visual Studio/18/Community/Common7/IDE/VC/vcpackages/lld-link.com"
      - "D:/WaterSurfaceRendererScratch/vcpkg_installed/x64-windows/Microsoft Visual Studio/18/Community/Common7/IDE/VC/vcpackages/lld-link.exe"
      - "D:/WaterSurfaceRendererScratch/vcpkg_installed/x64-windows/Microsoft Visual Studio/18/Community/Common7/IDE/VC/vcpackages/lld-link"
      - "D:/WaterSurfaceRendererScratch/vcpkg_installed/x64-windows/Microsoft Visual Studio/18/Community/Common7/IDE/CommonExtensions/Microsoft/TestWindow/lld-link.com"
      - "D:/WaterSurfaceRendererScratch/vcpkg_installed/x64-windows/Microsoft Visual Studio/18/Community/Common7/IDE/CommonExtensions/Microsoft/TestWindow/lld-link.exe"
      - "D:/WaterSurfaceRendererScratch/vcpkg_installed/x64-windows/Microsoft Visual Studio/18/Community/Common7/IDE/CommonExtensions/Microsoft/TestWindow/lld-link"
      - "D:/WaterSurfaceRendererScratch/vcpkg_installed/x64-windows/Microsoft Visual Studio/18/Community/Common7/IDE/CommonExtensions/Microsoft/TeamFoundation/Team Explorer/lld-link.com"
      - "D:/WaterSurfaceRendererScratch/vcpkg_installed/x64-windows/Microsoft Visual Studio/18/Community/Common7/IDE/CommonExtensions/Microsoft/TeamFoundation/Team Explorer/lld-link.exe"
      - "D:/WaterSurfaceRendererScratch/vcpkg_installed/x64-windows/Microsoft Visual Studio/18/Community/Common7/IDE/CommonExtensions/Microsoft/TeamFoundation/Team Explorer/lld-link"
      - "D:/WaterSurfaceRendererScratch/vcpkg_installed/x64-windows/Microsoft Visual Studio/18/Community/MSBuild/Current/Bin/Roslyn/lld-link.com"
      - "D:/WaterSurfaceRendererScratch/vcpkg_installed/x64-windows/Microsoft Visual Studio/18/Community/MSBuild/Current/Bin/Roslyn/lld-link.exe"
      - "D:/WaterSurfaceRendererScratch/vcpkg_installed/x64-windows/Microsoft Visual Studio/18/Community/MSBuild/Current/Bin/Roslyn/lld-link"
      - "D:/WaterSurfaceRendererScratch/vcpkg_installed/x64-windows/Program Files (x86)/Microsoft SDKs/Windows/v10.0A/bin/NETFX 4.8 Tools/x64/lld-link.com"
      - "D:/WaterSurfaceRendererScratch/vcpkg_installed/x64-windows/Program Files (x86)/Microsoft SDKs/Windows/v10.0A/bin/NETFX 4.8 Tools/x64/lld-link.exe"
      - "D:/WaterSurfaceRendererScratch/vcpkg_installed/x64-windows/Program Files (x86)/Microsoft SDKs/Windows/v10.0A/bin/NETFX 4.8 Tools/x64/lld-link"
      - "D:/WaterSurfaceRendererScratch/vcpkg_installed/x64-windows/Microsoft Visual Studio/18/Community/Team Tools/DiagnosticsHub/Collector/lld-link.com"
      - "D:/WaterSurfaceRendererScratch/vcpkg_installed/x64-windows/Microsoft Visual Studio/18/Community/Team Tools/DiagnosticsHub/Collector/lld-link.exe"
      - "D:/WaterSurfaceRendererScratch/vcpkg_installed/x64-windows/Microsoft Visual Studio/18/Community/Team Tools/DiagnosticsHub/Collector/lld-link"
      - "D:/WaterSurfaceRendererScratch/vcpkg_installed/x64-windows/Microsoft Visual Studio/18/Community/Common7/IDE/Extensions/Microsoft/CodeCoverage.Console/lld-link.com"
      - "D:/WaterSurfaceRendererScratch/vcpkg_installed/x64-windows/Microsoft Visual Studio/18/Community/Common7/IDE/Extensions/Microsoft/CodeCoverage.Console/lld-link.exe"
      - "D:/WaterSurfaceRendererScratch/vcpkg_installed/x64-windows/Microsoft Visual Studio/18/Community/Common7/IDE/Extensions/Microsoft/CodeCoverage.Console/lld-link"
      - "D:/WaterSurfaceRendererScratch/vcpkg_installed/x64-windows/Program Files (x86)/Windows Kits/10/bin/10.0.26100.0/x64/lld-link.com"
      - "D:/WaterSurfaceRendererScratch/vcpkg_installed/x64-windows/Program Files (x86)/Windows Kits/10/bin/10.0.26100.0/x64/lld-link.exe"
      - "D:/WaterSurfaceRendererScratch/vcpkg_installed/x64-windows/Program Files (x86)/Windows Kits/10/bin/10.0.26100.0/x64/lld-link"
      - "D:/WaterSurfaceRendererScratch/vcpkg_installed/x64-windows/Program Files (x86)/Windows Kits/10/bin/x64/lld-link.com"
      - "D:/WaterSurfaceRendererScratch/vcpkg_installed/x64-windows/Program Files (x86)/Windows Kits/10/bin/x64/lld-link.exe"
      - "D:/WaterSurfaceRendererScratch/vcpkg_installed/x64-windows/Program Files (x86)/Windows Kits/10/bin/x64/lld-link"
      - "D:/WaterSurfaceRendererScratch/vcpkg_installed/x64-windows/Microsoft Visual Studio/18/Community/MSBuild/Current/Bin/amd64/lld-link.com"
      - "D:/WaterSurfaceRendererScratch/vcpkg_installed/x64-windows/Microsoft Visual Studio/18/Community/MSBuild/Current/Bin/amd64/lld-link.exe"
      - "D:/WaterSurfaceRendererScratch/vcpkg_installed/x64-windows/Microsoft Visual Studio/18/Community/MSBuild/Current/Bin/amd64/lld-link"
      - "D:/WaterSurfaceRendererScratch/vcpkg_installed/x64-windows/Windows/Microsoft.NET/Framework64/v4.0.30319/lld-link.com"
      - "D:/WaterSurfaceRendererScratch/vcpkg_installed/x64-windows/Windows/Microsoft.NET/Framework64/v4.0.30319/lld-link.exe"
      - "D:/WaterSurfaceRendererScratch/vcpkg_installed/x64-windows/Windows/Microsoft.NET/Framework64/v4.0.30319/lld-link"
      - "D:/WaterSurfaceRendererScratch/vcpkg_installed/x64-windows/Microsoft Visual Studio/18/Community/Common7/IDE/lld-link.com"
      - "D:/WaterSurfaceRendererScratch/vcpkg_installed/x64-windows/Microsoft Visual Studio/18/Community/Common7/IDE/lld-link.exe"
      - "D:/WaterSurfaceRendererScratch/vcpkg_installed/x64-windows/Microsoft Visual Studio/18/Community/Common7/IDE/lld-link"
      - "D:/WaterSurfaceRendererScratch/vcpkg_installed/x64-windows/Microsoft Visual Studio/18/Community/Common7/Tools/lld-link.com"
      - "D:/WaterSurfaceRendererScratch/vcpkg_installed/x64-windows/Microsoft Visual Studio/18/Community/Common7/Tools/lld-link.exe"
      - "D:/WaterSurfaceRendererScratch/vcpkg_installed/x64-windows/Microsoft Visual Studio/18/Community/Common7/Tools/lld-link"
      - "D:/WaterSurfaceRendererScratch/vcpkg_installed/x64-windows/Users/xukeheng/AppData/Local/vcpkg/downloads/tools/powershell-core-7.5.4-windows/lld-link.com"
      - "D:/WaterSurfaceRendererScratch/vcpkg_installed/x64-windows/Users/xukeheng/AppData/Local/vcpkg/downloads/tools/powershell-core-7.5.4-windows/lld-link.exe"
      - "D:/WaterSurfaceRendererScratch/vcpkg_installed/x64-windows/Users/xukeheng/AppData/Local/vcpkg/downloads/tools/powershell-core-7.5.4-windows/lld-link"
      - "D:/WaterSurfaceRendererScratch/vcpkg_installed/x64-windows/Windows/System32/lld-link.com"
      - "D:/WaterSurfaceRendererScratch/vcpkg_installed/x64-windows/Windows/System32/lld-link.exe"
      - "D:/WaterSurfaceRendererScratch/vcpkg_installed/x64-windows/Windows/System32/lld-link"
      - "D:/WaterSurfaceRendererScratch/vcpkg_installed/x64-windows/Windows/lld-link.com"
      - "D:/WaterSurfaceRendererScratch/vcpkg_installed/x64-windows/Windows/lld-link.exe"
      - "D:/WaterSurfaceRendererScratch/vcpkg_installed/x64-windows/Windows/lld-link"
      - "D:/WaterSurfaceRendererScratch/vcpkg_installed/x64-windows/Windows/System32/wbem/lld-link.com"
      - "D:/WaterSurfaceRendererScratch/vcpkg_installed/x64-windows/Windows/System32/wbem/lld-link.exe"
      - "D:/WaterSurfaceRendererScratch/vcpkg_installed/x64-windows/Windows/System32/wbem/lld-link"
      - "D:/WaterSurfaceRendererScratch/vcpkg_installed/x64-windows/Windows/System32/WindowsPowerShell/v1.0/lld-link.com"
      - "D:/WaterSurfaceRendererScratch/vcpkg_installed/x64-windows/Windows/System32/WindowsPowerShell/v1.0/lld-link.exe"
      - "D:/WaterSurfaceRendererScratch/vcpkg_installed/x64-windows/Windows/System32/WindowsPowerShell/v1.0/lld-link"
      - "D:/WaterSurfaceRendererScratch/vcpkg_installed/x64-windows/Windows/System32/OpenSSH/lld-link.com"
      - "D:/WaterSurfaceRendererScratch/vcpkg_installed/x64-windows/Windows/System32/OpenSSH/lld-link.exe"
      - "D:/WaterSurfaceRendererScratch/vcpkg_installed/x64-windows/Windows/System32/OpenSSH/lld-link"
      - "D:/WaterSurfaceRendererScratch/vcpkg_installed/x64-windows/Microsoft Visual Studio/18/Community/Common7/IDE/CommonExtensions/Microsoft/CMake/CMake/bin/lld-link.com"
      - "D:/WaterSurfaceRendererScratch/vcpkg_installed/x64-windows/Microsoft Visual Studio/18/Community/Common7/IDE/CommonExtensions/Microsoft/CMake/CMake/bin/lld-link.exe"
      - "D:/WaterSurfaceRendererScratch/vcpkg_installed/x64-windows/Microsoft Visual Studio/18/Community/Common7/IDE/CommonExtensions/Microsoft/CMake/CMake/bin/lld-link"
      - "D:/WaterSurfaceRendererScratch/vcpkg_installed/x64-windows/Microsoft Visual Studio/18/Community/Common7/IDE/CommonExtensions/Microsoft/CMake/Ninja/lld-link.com"
      - "D:/WaterSurfaceRendererScratch/vcpkg_installed/x64-windows/Microsoft Visual Studio/18/Community/Common7/IDE/CommonExtensions/Microsoft/CMake/Ninja/lld-link.exe"
      - "D:/WaterSurfaceRendererScratch/vcpkg_installed/x64-windows/Microsoft Visual Studio/18/Community/Common7/IDE/CommonExtensions/Microsoft/CMake/Ninja/lld-link"
      - "D:/WaterSurfaceRendererScratch/vcpkg_installed/x64-windows/Microsoft Visual Studio/18/Community/Common7/IDE/VC/Linux/bin/ConnectionManagerExe/lld-link.com"
      - "D:/WaterSurfaceRendererScratch/vcpkg_installed/x64-windows/Microsoft Visual Studio/18/Community/Common7/IDE/VC/Linux/bin/ConnectionManagerExe/lld-link.exe"
      - "D:/WaterSurfaceRendererScratch/vcpkg_installed/x64-windows/Microsoft Visual Studio/18/Community/Common7/IDE/VC/Linux/bin/ConnectionManagerExe/lld-link"
      - "D:/WaterSurfaceRendererScratch/vcpkg_installed/x64-windows/Microsoft Visual Studio/18/Community/VC/vcpkg/lld-link.com"
      - "D:/WaterSurfaceRendererScratch/vcpkg_installed/x64-windows/Microsoft Visual Studio/18/Community/VC/vcpkg/lld-link.exe"
      - "D:/WaterSurfaceRendererScratch/vcpkg_installed/x64-windows/Microsoft Visual Studio/18/Community/VC/vcpkg/lld-link"
      - "D:/Microsoft Visual Studio/18/Community/VC/Tools/MSVC/14.51.36231/bin/Hostx64/x64/lld-link.com"
      - "D:/Microsoft Visual Studio/18/Community/VC/Tools/MSVC/14.51.36231/bin/Hostx64/x64/lld-link.exe"
      - "D:/Microsoft Visual Studio/18/Community/VC/Tools/MSVC/14.51.36231/bin/Hostx64/x64/lld-link"
      - "D:/Microsoft Visual Studio/18/Community/Common7/IDE/VC/vcpackages/lld-link.com"
      - "D:/Microsoft Visual Studio/18/Community/Common7/IDE/VC/vcpackages/lld-link.exe"
      - "D:/Microsoft Visual Studio/18/Community/Common7/IDE/VC/vcpackages/lld-link"
      - "D:/Microsoft Visual Studio/18/Community/Common7/IDE/CommonExtensions/Microsoft/TestWindow/lld-link.com"
      - "D:/Microsoft Visual Studio/18/Community/Common7/IDE/CommonExtensions/Microsoft/TestWindow/lld-link.exe"
      - "D:/Microsoft Visual Studio/18/Community/Common7/IDE/CommonExtensions/Microsoft/TestWindow/lld-link"
      - "D:/Microsoft Visual Studio/18/Community/Common7/IDE/CommonExtensions/Microsoft/TeamFoundation/Team Explorer/lld-link.com"
      - "D:/Microsoft Visual Studio/18/Community/Common7/IDE/CommonExtensions/Microsoft/TeamFoundation/Team Explorer/lld-link.exe"
      - "D:/Microsoft Visual Studio/18/Community/Common7/IDE/CommonExtensions/Microsoft/TeamFoundation/Team Explorer/lld-link"
      - "D:/Microsoft Visual Studio/18/Community/MSBuild/Current/Bin/Roslyn/lld-link.com"
      - "D:/Microsoft Visual Studio/18/Community/MSBuild/Current/Bin/Roslyn/lld-link.exe"
      - "D:/Microsoft Visual Studio/18/Community/MSBuild/Current/Bin/Roslyn/lld-link"
      - "C:/Program Files (x86)/Microsoft SDKs/Windows/v10.0A/bin/NETFX 4.8 Tools/x64/lld-link.com"
      - "C:/Program Files (x86)/Microsoft SDKs/Windows/v10.0A/bin/NETFX 4.8 Tools/x64/lld-link.exe"
      - "C:/Program Files (x86)/Microsoft SDKs/Windows/v10.0A/bin/NETFX 4.8 Tools/x64/lld-link"
      - "D:/Microsoft Visual Studio/18/Community/Team Tools/DiagnosticsHub/Collector/lld-link.com"
      - "D:/Microsoft Visual Studio/18/Community/Team Tools/DiagnosticsHub/Collector/lld-link.exe"
      - "D:/Microsoft Visual Studio/18/Community/Team Tools/DiagnosticsHub/Collector/lld-link"
      - "D:/Microsoft Visual Studio/18/Community/Common7/IDE/Extensions/Microsoft/CodeCoverage.Console/lld-link.com"
      - "D:/Microsoft Visual Studio/18/Community/Common7/IDE/Extensions/Microsoft/CodeCoverage.Console/lld-link.exe"
      - "D:/Microsoft Visual Studio/18/Community/Common7/IDE/Extensions/Microsoft/CodeCoverage.Console/lld-link"
      - "C:/Program Files (x86)/Windows Kits/10/bin/10.0.26100.0/x64/lld-link.com"
      - "C:/Program Files (x86)/Windows Kits/10/bin/10.0.26100.0/x64/lld-link.exe"
      - "C:/Program Files (x86)/Windows Kits/10/bin/10.0.26100.0/x64/lld-link"
      - "C:/Program Files (x86)/Windows Kits/10/bin/x64/lld-link.com"
      - "C:/Program Files (x86)/Windows Kits/10/bin/x64/lld-link.exe"
      - "C:/Program Files (x86)/Windows Kits/10/bin/x64/lld-link"
      - "D:/Microsoft Visual Studio/18/Community/MSBuild/Current/Bin/amd64/lld-link.com"
      - "D:/Microsoft Visual Studio/18/Community/MSBuild/Current/Bin/amd64/lld-link.exe"
      - "D:/Microsoft Visual Studio/18/Community/MSBuild/Current/Bin/amd64/lld-link"
      - "C:/Windows/Microsoft.NET/Framework64/v4.0.30319/lld-link.com"
      - "C:/Windows/Microsoft.NET/Framework64/v4.0.30319/lld-link.exe"
      - "C:/Windows/Microsoft.NET/Framework64/v4.0.30319/lld-link"
      - "D:/Microsoft Visual Studio/18/Community/Common7/IDE/lld-link.com"
      - "D:/Microsoft Visual Studio/18/Community/Common7/IDE/lld-link.exe"
      - "D:/Microsoft Visual Studio/18/Community/Common7/IDE/lld-link"
      - "D:/Microsoft Visual Studio/18/Community/Common7/Tools/lld-link.com"
      - "D:/Microsoft Visual Studio/18/Community/Common7/Tools/lld-link.exe"
      - "D:/Microsoft Visual Studio/18/Community/Common7/Tools/lld-link"
      - "C:/Users/xukeheng/AppData/Local/vcpkg/downloads/tools/powershell-core-7.5.4-windows/lld-link.com"
      - "C:/Users/xukeheng/AppData/Local/vcpkg/downloads/tools/powershell-core-7.5.4-windows/lld-link.exe"
      - "C:/Users/xukeheng/AppData/Local/vcpkg/downloads/tools/powershell-core-7.5.4-windows/lld-link"
      - "C:/Windows/System32/lld-link.com"
      - "C:/Windows/System32/lld-link.exe"
      - "C:/Windows/System32/lld-link"
      - "C:/Windows/lld-link.com"
      - "C:/Windows/lld-link.exe"
      - "C:/Windows/lld-link"
      - "C:/Windows/System32/wbem/lld-link.com"
      - "C:/Windows/System32/wbem/lld-link.exe"
      - "C:/Windows/System32/wbem/lld-link"
      - "C:/Windows/System32/WindowsPowerShell/v1.0/lld-link.com"
      - "C:/Windows/System32/WindowsPowerShell/v1.0/lld-link.exe"
      - "C:/Windows/System32/WindowsPowerShell/v1.0/lld-link"
      - "C:/Windows/System32/OpenSSH/lld-link.com"
      - "C:/Windows/System32/OpenSSH/lld-link.exe"
      - "C:/Windows/System32/OpenSSH/lld-link"
      - "D:/Microsoft Visual Studio/18/Community/Common7/IDE/CommonExtensions/Microsoft/CMake/CMake/bin/lld-link.com"
      - "D:/Microsoft Visual Studio/18/Community/Common7/IDE/CommonExtensions/Microsoft/CMake/CMake/bin/lld-link.exe"
      - "D:/Microsoft Visual Studio/18/Community/Common7/IDE/CommonExtensions/Microsoft/CMake/CMake/bin/lld-link"
      - "D:/Microsoft Visual Studio/18/Community/Common7/IDE/CommonExtensions/Microsoft/CMake/Ninja/lld-link.com"
      - "D:/Microsoft Visual Studio/18/Community/Common7/IDE/CommonExtensions/Microsoft/CMake/Ninja/lld-link.exe"
      - "D:/Microsoft Visual Studio/18/Community/Common7/IDE/CommonExtensions/Microsoft/CMake/Ninja/lld-link"
      - "D:/Microsoft Visual Studio/18/Community/Common7/IDE/VC/Linux/bin/ConnectionManagerExe/lld-link.com"
      - "D:/Microsoft Visual Studio/18/Community/Common7/IDE/VC/Linux/bin/ConnectionManagerExe/lld-link.exe"
      - "D:/Microsoft Visual Studio/18/Community/Common7/IDE/VC/Linux/bin/ConnectionManagerExe/lld-link"
      - "D:/Microsoft Visual Studio/18/Community/VC/vcpkg/lld-link.com"
      - "D:/Microsoft Visual Studio/18/Community/VC/vcpkg/lld-link.exe"
      - "D:/Microsoft Visual Studio/18/Community/VC/vcpkg/lld-link"
    found: false
    search_context:
      CMAKE_PROGRAM_PATH:
        - "D:/WaterSurfaceRendererScratch/vcpkg_installed/x64-windows/tools"
      CMAKE_PREFIX_PATH:
        - "D:/WaterSurfaceRendererScratch/vcpkg_installed/x64-windows/debug"
        - "D:/WaterSurfaceRendererScratch/vcpkg_installed/x64-windows"
      ENV{PATH}:
        - "D:\\Microsoft Visual Studio\\18\\Community\\VC\\Tools\\MSVC\\14.51.36231\\bin\\HostX64\\x64"
        - "D:\\Microsoft Visual Studio\\18\\Community\\Common7\\IDE\\VC\\VCPackages"
        - "D:\\Microsoft Visual Studio\\18\\Community\\Common7\\IDE\\CommonExtensions\\Microsoft\\TestWindow"
        - "D:\\Microsoft Visual Studio\\18\\Community\\Common7\\IDE\\CommonExtensions\\Microsoft\\TeamFoundation\\Team Explorer"
        - "D:\\Microsoft Visual Studio\\18\\Community\\MSBuild\\Current\\bin\\Roslyn"
        - "C:\\Program Files (x86)\\Microsoft SDKs\\Windows\\v10.0A\\bin\\NETFX 4.8 Tools\\x64\\"
        - "D:\\Microsoft Visual Studio\\18\\Community\\Team Tools\\DiagnosticsHub\\Collector"
        - "D:\\Microsoft Visual Studio\\18\\Community\\Common7\\IDE\\Extensions\\Microsoft\\CodeCoverage.Console"
        - "C:\\Program Files (x86)\\Windows Kits\\10\\bin\\10.0.26100.0\\\\x64"
        - "C:\\Program Files (x86)\\Windows Kits\\10\\bin\\\\x64"
        - "D:\\Microsoft Visual Studio\\18\\Community\\\\MSBuild\\Current\\Bin\\amd64"
        - "C:\\Windows\\Microsoft.NET\\Framework64\\v4.0.30319"
        - "D:\\Microsoft Visual Studio\\18\\Community\\Common7\\IDE\\"
        - "D:\\Microsoft Visual Studio\\18\\Community\\Common7\\Tools\\"
        - "C:\\Users\\xukeheng\\AppData\\Local\\vcpkg\\downloads\\tools\\powershell-core-7.5.4-windows"
        - "C:\\windows\\system32"
        - "C:\\windows"
        - "C:\\windows\\system32\\Wbem"
        - "C:\\windows\\system32\\WindowsPowerShell\\v1.0\\"
        - "C:\\windows\\system32\\OpenSSH\\"
        - "D:\\Microsoft Visual Studio\\18\\Community\\Common7\\IDE\\CommonExtensions\\Microsoft\\CMake\\CMake\\bin"
        - "D:\\Microsoft Visual Studio\\18\\Community\\Common7\\IDE\\CommonExtensions\\Microsoft\\CMake\\Ninja"
        - "D:\\Microsoft Visual Studio\\18\\Community\\Common7\\IDE\\VC\\Linux\\bin\\ConnectionManagerExe"
        - "D:\\Microsoft Visual Studio\\18\\Community\\VC\\vcpkg"
        - "D:\\Microsoft Visual Studio\\18\\Community\\Common7\\IDE\\CommonExtensions\\Microsoft\\CMake\\Ninja"
      CMAKE_INSTALL_PREFIX: "D:/WaterSurfaceRendererScratch/vcpkg_installed/vcpkg/pkgs/glfw3_x64-windows/debug"
      CMAKE_FIND_ROOT_PATH: "D:/WaterSurfaceRendererScratch/vcpkg_installed/x64-windows/debug;D:/WaterSurfaceRendererScratch/vcpkg_installed/x64-windows"
  -
    kind: "find-v1"
    backtrace:
      - "D:/Microsoft Visual Studio/18/Community/Common7/IDE/CommonExtensions/Microsoft/CMake/CMake/share/cmake-4.3/Modules/CMakeFindBinUtils.cmake:243 (find_program)"
      - "D:/Microsoft Visual Studio/18/Community/Common7/IDE/CommonExtensions/Microsoft/CMake/CMake/share/cmake-4.3/Modules/CMakeDetermineCCompiler.cmake:200 (include)"
      - "CMakeLists.txt:3 (project)"
    mode: "program"
    variable: "CMAKE_LINKER"
    description: "Path to a program."
    settings:
      SearchFramework: "LAST"
      SearchAppBundle: "LAST"
      CMAKE_FIND_USE_CMAKE_PATH: false
      CMAKE_FIND_USE_CMAKE_ENVIRONMENT_PATH: false
      CMAKE_FIND_USE_SYSTEM_ENVIRONMENT_PATH: true
      CMAKE_FIND_USE_CMAKE_SYSTEM_PATH: true
      CMAKE_FIND_USE_INSTALL_PREFIX: true
    names:
      - "link"
    candidate_directories:
      - "D:/WaterSurfaceRendererScratch/vcpkg_installed/x64-windows/debug/Microsoft Visual Studio/18/Community/VC/Tools/MSVC/14.51.36231/bin/Hostx64/x64/"
      - "D:/WaterSurfaceRendererScratch/vcpkg_installed/x64-windows/debug/Microsoft Visual Studio/18/Community/Common7/IDE/VC/vcpackages/"
      - "D:/WaterSurfaceRendererScratch/vcpkg_installed/x64-windows/debug/Microsoft Visual Studio/18/Community/Common7/IDE/CommonExtensions/Microsoft/TestWindow/"
      - "D:/WaterSurfaceRendererScratch/vcpkg_installed/x64-windows/debug/Microsoft Visual Studio/18/Community/Common7/IDE/CommonExtensions/Microsoft/TeamFoundation/Team Explorer/"
      - "D:/WaterSurfaceRendererScratch/vcpkg_installed/x64-windows/debug/Microsoft Visual Studio/18/Community/MSBuild/Current/Bin/Roslyn/"
      - "D:/WaterSurfaceRendererScratch/vcpkg_installed/x64-windows/debug/Program Files (x86)/Microsoft SDKs/Windows/v10.0A/bin/NETFX 4.8 Tools/x64/"
      - "D:/WaterSurfaceRendererScratch/vcpkg_installed/x64-windows/debug/Microsoft Visual Studio/18/Community/Team Tools/DiagnosticsHub/Collector/"
      - "D:/WaterSurfaceRendererScratch/vcpkg_installed/x64-windows/debug/Microsoft Visual Studio/18/Community/Common7/IDE/Extensions/Microsoft/CodeCoverage.Console/"
      - "D:/WaterSurfaceRendererScratch/vcpkg_installed/x64-windows/debug/Program Files (x86)/Windows Kits/10/bin/10.0.26100.0/x64/"
      - "D:/WaterSurfaceRendererScratch/vcpkg_installed/x64-windows/debug/Program Files (x86)/Windows Kits/10/bin/x64/"
      - "D:/WaterSurfaceRendererScratch/vcpkg_installed/x64-windows/debug/Microsoft Visual Studio/18/Community/MSBuild/Current/Bin/amd64/"
      - "D:/WaterSurfaceRendererScratch/vcpkg_installed/x64-windows/debug/Windows/Microsoft.NET/Framework64/v4.0.30319/"
      - "D:/WaterSurfaceRendererScratch/vcpkg_installed/x64-windows/debug/Microsoft Visual Studio/18/Community/Common7/IDE/"
      - "D:/WaterSurfaceRendererScratch/vcpkg_installed/x64-windows/debug/Microsoft Visual Studio/18/Community/Common7/Tools/"
      - "D:/WaterSurfaceRendererScratch/vcpkg_installed/x64-windows/debug/Users/xukeheng/AppData/Local/vcpkg/downloads/tools/powershell-core-7.5.4-windows/"
      - "D:/WaterSurfaceRendererScratch/vcpkg_installed/x64-windows/debug/Windows/System32/"
      - "D:/WaterSurfaceRendererScratch/vcpkg_installed/x64-windows/debug/Windows/"
      - "D:/WaterSurfaceRendererScratch/vcpkg_installed/x64-windows/debug/Windows/System32/wbem/"
      - "D:/WaterSurfaceRendererScratch/vcpkg_installed/x64-windows/debug/Windows/System32/WindowsPowerShell/v1.0/"
      - "D:/WaterSurfaceRendererScratch/vcpkg_installed/x64-windows/debug/Windows/System32/OpenSSH/"
      - "D:/WaterSurfaceRendererScratch/vcpkg_installed/x64-windows/debug/Microsoft Visual Studio/18/Community/Common7/IDE/CommonExtensions/Microsoft/CMake/CMake/bin/"
      - "D:/WaterSurfaceRendererScratch/vcpkg_installed/x64-windows/debug/Microsoft Visual Studio/18/Community/Common7/IDE/CommonExtensions/Microsoft/CMake/Ninja/"
      - "D:/WaterSurfaceRendererScratch/vcpkg_installed/x64-windows/debug/Microsoft Visual Studio/18/Community/Common7/IDE/VC/Linux/bin/ConnectionManagerExe/"
      - "D:/WaterSurfaceRendererScratch/vcpkg_installed/x64-windows/debug/Microsoft Visual Studio/18/Community/VC/vcpkg/"
      - "D:/WaterSurfaceRendererScratch/vcpkg_installed/x64-windows/Microsoft Visual Studio/18/Community/VC/Tools/MSVC/14.51.36231/bin/Hostx64/x64/"
      - "D:/WaterSurfaceRendererScratch/vcpkg_installed/x64-windows/Microsoft Visual Studio/18/Community/Common7/IDE/VC/vcpackages/"
      - "D:/WaterSurfaceRendererScratch/vcpkg_installed/x64-windows/Microsoft Visual Studio/18/Community/Common7/IDE/CommonExtensions/Microsoft/TestWindow/"
      - "D:/WaterSurfaceRendererScratch/vcpkg_installed/x64-windows/Microsoft Visual Studio/18/Community/Common7/IDE/CommonExtensions/Microsoft/TeamFoundation/Team Explorer/"
      - "D:/WaterSurfaceRendererScratch/vcpkg_installed/x64-windows/Microsoft Visual Studio/18/Community/MSBuild/Current/Bin/Roslyn/"
      - "D:/WaterSurfaceRendererScratch/vcpkg_installed/x64-windows/Program Files (x86)/Microsoft SDKs/Windows/v10.0A/bin/NETFX 4.8 Tools/x64/"
      - "D:/WaterSurfaceRendererScratch/vcpkg_installed/x64-windows/Microsoft Visual Studio/18/Community/Team Tools/DiagnosticsHub/Collector/"
      - "D:/WaterSurfaceRendererScratch/vcpkg_installed/x64-windows/Microsoft Visual Studio/18/Community/Common7/IDE/Extensions/Microsoft/CodeCoverage.Console/"
      - "D:/WaterSurfaceRendererScratch/vcpkg_installed/x64-windows/Program Files (x86)/Windows Kits/10/bin/10.0.26100.0/x64/"
      - "D:/WaterSurfaceRendererScratch/vcpkg_installed/x64-windows/Program Files (x86)/Windows Kits/10/bin/x64/"
      - "D:/WaterSurfaceRendererScratch/vcpkg_installed/x64-windows/Microsoft Visual Studio/18/Community/MSBuild/Current/Bin/amd64/"
      - "D:/WaterSurfaceRendererScratch/vcpkg_installed/x64-windows/Windows/Microsoft.NET/Framework64/v4.0.30319/"
      - "D:/WaterSurfaceRendererScratch/vcpkg_installed/x64-windows/Microsoft Visual Studio/18/Community/Common7/IDE/"
      - "D:/WaterSurfaceRendererScratch/vcpkg_installed/x64-windows/Microsoft Visual Studio/18/Community/Common7/Tools/"
      - "D:/WaterSurfaceRendererScratch/vcpkg_installed/x64-windows/Users/xukeheng/AppData/Local/vcpkg/downloads/tools/powershell-core-7.5.4-windows/"
      - "D:/WaterSurfaceRendererScratch/vcpkg_installed/x64-windows/Windows/System32/"
      - "D:/WaterSurfaceRendererScratch/vcpkg_installed/x64-windows/Windows/"
      - "D:/WaterSurfaceRendererScratch/vcpkg_installed/x64-windows/Windows/System32/wbem/"
      - "D:/WaterSurfaceRendererScratch/vcpkg_installed/x64-windows/Windows/System32/WindowsPowerShell/v1.0/"
      - "D:/WaterSurfaceRendererScratch/vcpkg_installed/x64-windows/Windows/System32/OpenSSH/"
      - "D:/WaterSurfaceRendererScratch/vcpkg_installed/x64-windows/Microsoft Visual Studio/18/Community/Common7/IDE/CommonExtensions/Microsoft/CMake/CMake/bin/"
      - "D:/WaterSurfaceRendererScratch/vcpkg_installed/x64-windows/Microsoft Visual Studio/18/Community/Common7/IDE/CommonExtensions/Microsoft/CMake/Ninja/"
      - "D:/WaterSurfaceRendererScratch/vcpkg_installed/x64-windows/Microsoft Visual Studio/18/Community/Common7/IDE/VC/Linux/bin/ConnectionManagerExe/"
      - "D:/WaterSurfaceRendererScratch/vcpkg_installed/x64-windows/Microsoft Visual Studio/18/Community/VC/vcpkg/"
      - "D:/Microsoft Visual Studio/18/Community/VC/Tools/MSVC/14.51.36231/bin/Hostx64/x64/"
      - "D:/Microsoft Visual Studio/18/Community/Common7/IDE/VC/vcpackages/"
      - "D:/Microsoft Visual Studio/18/Community/Common7/IDE/CommonExtensions/Microsoft/TestWindow/"
      - "D:/Microsoft Visual Studio/18/Community/Common7/IDE/CommonExtensions/Microsoft/TeamFoundation/Team Explorer/"
      - "D:/Microsoft Visual Studio/18/Community/MSBuild/Current/Bin/Roslyn/"
      - "C:/Program Files (x86)/Microsoft SDKs/Windows/v10.0A/bin/NETFX 4.8 Tools/x64/"
      - "D:/Microsoft Visual Studio/18/Community/Team Tools/DiagnosticsHub/Collector/"
      - "D:/Microsoft Visual Studio/18/Community/Common7/IDE/Extensions/Microsoft/CodeCoverage.Console/"
      - "C:/Program Files (x86)/Windows Kits/10/bin/10.0.26100.0/x64/"
      - "C:/Program Files (x86)/Windows Kits/10/bin/x64/"
      - "D:/Microsoft Visual Studio/18/Community/MSBuild/Current/Bin/amd64/"
      - "C:/Windows/Microsoft.NET/Framework64/v4.0.30319/"
      - "D:/Microsoft Visual Studio/18/Community/Common7/IDE/"
      - "D:/Microsoft Visual Studio/18/Community/Common7/Tools/"
      - "C:/Users/xukeheng/AppData/Local/vcpkg/downloads/tools/powershell-core-7.5.4-windows/"
      - "C:/Windows/System32/"
      - "C:/Windows/"
      - "C:/Windows/System32/wbem/"
      - "C:/Windows/System32/WindowsPowerShell/v1.0/"
      - "C:/Windows/System32/OpenSSH/"
      - "D:/Microsoft Visual Studio/18/Community/Common7/IDE/CommonExtensions/Microsoft/CMake/CMake/bin/"
      - "D:/Microsoft Visual Studio/18/Community/Common7/IDE/CommonExtensions/Microsoft/CMake/Ninja/"
      - "D:/Microsoft Visual Studio/18/Community/Common7/IDE/VC/Linux/bin/ConnectionManagerExe/"
      - "D:/Microsoft Visual Studio/18/Community/VC/vcpkg/"
    searched_directories:
      - "D:/WaterSurfaceRendererScratch/vcpkg_installed/x64-windows/debug/Microsoft Visual Studio/18/Community/VC/Tools/MSVC/14.51.36231/bin/Hostx64/x64/link.com"
      - "D:/WaterSurfaceRendererScratch/vcpkg_installed/x64-windows/debug/Microsoft Visual Studio/18/Community/VC/Tools/MSVC/14.51.36231/bin/Hostx64/x64/link.exe"
      - "D:/WaterSurfaceRendererScratch/vcpkg_installed/x64-windows/debug/Microsoft Visual Studio/18/Community/VC/Tools/MSVC/14.51.36231/bin/Hostx64/x64/link"
      - "D:/WaterSurfaceRendererScratch/vcpkg_installed/x64-windows/debug/Microsoft Visual Studio/18/Community/Common7/IDE/VC/vcpackages/link.com"
      - "D:/WaterSurfaceRendererScratch/vcpkg_installed/x64-windows/debug/Microsoft Visual Studio/18/Community/Common7/IDE/VC/vcpackages/link.exe"
      - "D:/WaterSurfaceRendererScratch/vcpkg_installed/x64-windows/debug/Microsoft Visual Studio/18/Community/Common7/IDE/VC/vcpackages/link"
      - "D:/WaterSurfaceRendererScratch/vcpkg_installed/x64-windows/debug/Microsoft Visual Studio/18/Community/Common7/IDE/CommonExtensions/Microsoft/TestWindow/link.com"
      - "D:/WaterSurfaceRendererScratch/vcpkg_installed/x64-windows/debug/Microsoft Visual Studio/18/Community/Common7/IDE/CommonExtensions/Microsoft/TestWindow/link.exe"
      - "D:/WaterSurfaceRendererScratch/vcpkg_installed/x64-windows/debug/Microsoft Visual Studio/18/Community/Common7/IDE/CommonExtensions/Microsoft/TestWindow/link"
      - "D:/WaterSurfaceRendererScratch/vcpkg_installed/x64-windows/debug/Microsoft Visual Studio/18/Community/Common7/IDE/CommonExtensions/Microsoft/TeamFoundation/Team Explorer/link.com"
      - "D:/WaterSurfaceRendererScratch/vcpkg_installed/x64-windows/debug/Microsoft Visual Studio/18/Community/Common7/IDE/CommonExtensions/Microsoft/TeamFoundation/Team Explorer/link.exe"
      - "D:/WaterSurfaceRendererScratch/vcpkg_installed/x64-windows/debug/Microsoft Visual Studio/18/Community/Common7/IDE/CommonExtensions/Microsoft/TeamFoundation/Team Explorer/link"
      - "D:/WaterSurfaceRendererScratch/vcpkg_installed/x64-windows/debug/Microsoft Visual Studio/18/Community/MSBuild/Current/Bin/Roslyn/link.com"
      - "D:/WaterSurfaceRendererScratch/vcpkg_installed/x64-windows/debug/Microsoft Visual Studio/18/Community/MSBuild/Current/Bin/Roslyn/link.exe"
      - "D:/WaterSurfaceRendererScratch/vcpkg_installed/x64-windows/debug/Microsoft Visual Studio/18/Community/MSBuild/Current/Bin/Roslyn/link"
      - "D:/WaterSurfaceRendererScratch/vcpkg_installed/x64-windows/debug/Program Files (x86)/Microsoft SDKs/Windows/v10.0A/bin/NETFX 4.8 Tools/x64/link.com"
      - "D:/WaterSurfaceRendererScratch/vcpkg_installed/x64-windows/debug/Program Files (x86)/Microsoft SDKs/Windows/v10.0A/bin/NETFX 4.8 Tools/x64/link.exe"
      - "D:/WaterSurfaceRendererScratch/vcpkg_installed/x64-windows/debug/Program Files (x86)/Microsoft SDKs/Windows/v10.0A/bin/NETFX 4.8 Tools/x64/link"
      - "D:/WaterSurfaceRendererScratch/vcpkg_installed/x64-windows/debug/Microsoft Visual Studio/18/Community/Team Tools/DiagnosticsHub/Collector/link.com"
      - "D:/WaterSurfaceRendererScratch/vcpkg_installed/x64-windows/debug/Microsoft Visual Studio/18/Community/Team Tools/DiagnosticsHub/Collector/link.exe"
      - "D:/WaterSurfaceRendererScratch/vcpkg_installed/x64-windows/debug/Microsoft Visual Studio/18/Community/Team Tools/DiagnosticsHub/Collector/link"
      - "D:/WaterSurfaceRendererScratch/vcpkg_installed/x64-windows/debug/Microsoft Visual Studio/18/Community/Common7/IDE/Extensions/Microsoft/CodeCoverage.Console/link.com"
      - "D:/WaterSurfaceRendererScratch/vcpkg_installed/x64-windows/debug/Microsoft Visual Studio/18/Community/Common7/IDE/Extensions/Microsoft/CodeCoverage.Console/link.exe"
      - "D:/WaterSurfaceRendererScratch/vcpkg_installed/x64-windows/debug/Microsoft Visual Studio/18/Community/Common7/IDE/Extensions/Microsoft/CodeCoverage.Console/link"
      - "D:/WaterSurfaceRendererScratch/vcpkg_installed/x64-windows/debug/Program Files (x86)/Windows Kits/10/bin/10.0.26100.0/x64/link.com"
      - "D:/WaterSurfaceRendererScratch/vcpkg_installed/x64-windows/debug/Program Files (x86)/Windows Kits/10/bin/10.0.26100.0/x64/link.exe"
      - "D:/WaterSurfaceRendererScratch/vcpkg_installed/x64-windows/debug/Program Files (x86)/Windows Kits/10/bin/10.0.26100.0/x64/link"
      - "D:/WaterSurfaceRendererScratch/vcpkg_installed/x64-windows/debug/Program Files (x86)/Windows Kits/10/bin/x64/link.com"
      - "D:/WaterSurfaceRendererScratch/vcpkg_installed/x64-windows/debug/Program Files (x86)/Windows Kits/10/bin/x64/link.exe"
      - "D:/WaterSurfaceRendererScratch/vcpkg_installed/x64-windows/debug/Program Files (x86)/Windows Kits/10/bin/x64/link"
      - "D:/WaterSurfaceRendererScratch/vcpkg_installed/x64-windows/debug/Microsoft Visual Studio/18/Community/MSBuild/Current/Bin/amd64/link.com"
      - "D:/WaterSurfaceRendererScratch/vcpkg_installed/x64-windows/debug/Microsoft Visual Studio/18/Community/MSBuild/Current/Bin/amd64/link.exe"
      - "D:/WaterSurfaceRendererScratch/vcpkg_installed/x64-windows/debug/Microsoft Visual Studio/18/Community/MSBuild/Current/Bin/amd64/link"
      - "D:/WaterSurfaceRendererScratch/vcpkg_installed/x64-windows/debug/Windows/Microsoft.NET/Framework64/v4.0.30319/link.com"
      - "D:/WaterSurfaceRendererScratch/vcpkg_installed/x64-windows/debug/Windows/Microsoft.NET/Framework64/v4.0.30319/link.exe"
      - "D:/WaterSurfaceRendererScratch/vcpkg_installed/x64-windows/debug/Windows/Microsoft.NET/Framework64/v4.0.30319/link"
      - "D:/WaterSurfaceRendererScratch/vcpkg_installed/x64-windows/debug/Microsoft Visual Studio/18/Community/Common7/IDE/link.com"
      - "D:/WaterSurfaceRendererScratch/vcpkg_installed/x64-windows/debug/Microsoft Visual Studio/18/Community/Common7/IDE/link.exe"
      - "D:/WaterSurfaceRendererScratch/vcpkg_installed/x64-windows/debug/Microsoft Visual Studio/18/Community/Common7/IDE/link"
      - "D:/WaterSurfaceRendererScratch/vcpkg_installed/x64-windows/debug/Microsoft Visual Studio/18/Community/Common7/Tools/link.com"
      - "D:/WaterSurfaceRendererScratch/vcpkg_installed/x64-windows/debug/Microsoft Visual Studio/18/Community/Common7/Tools/link.exe"
      - "D:/WaterSurfaceRendererScratch/vcpkg_installed/x64-windows/debug/Microsoft Visual Studio/18/Community/Common7/Tools/link"
      - "D:/WaterSurfaceRendererScratch/vcpkg_installed/x64-windows/debug/Users/xukeheng/AppData/Local/vcpkg/downloads/tools/powershell-core-7.5.4-windows/link.com"
      - "D:/WaterSurfaceRendererScratch/vcpkg_installed/x64-windows/debug/Users/xukeheng/AppData/Local/vcpkg/downloads/tools/powershell-core-7.5.4-windows/link.exe"
      - "D:/WaterSurfaceRendererScratch/vcpkg_installed/x64-windows/debug/Users/xukeheng/AppData/Local/vcpkg/downloads/tools/powershell-core-7.5.4-windows/link"
      - "D:/WaterSurfaceRendererScratch/vcpkg_installed/x64-windows/debug/Windows/System32/link.com"
      - "D:/WaterSurfaceRendererScratch/vcpkg_installed/x64-windows/debug/Windows/System32/link.exe"
      - "D:/WaterSurfaceRendererScratch/vcpkg_installed/x64-windows/debug/Windows/System32/link"
      - "D:/WaterSurfaceRendererScratch/vcpkg_installed/x64-windows/debug/Windows/link.com"
      - "D:/WaterSurfaceRendererScratch/vcpkg_installed/x64-windows/debug/Windows/link.exe"
      - "D:/WaterSurfaceRendererScratch/vcpkg_installed/x64-windows/debug/Windows/link"
      - "D:/WaterSurfaceRendererScratch/vcpkg_installed/x64-windows/debug/Windows/System32/wbem/link.com"
      - "D:/WaterSurfaceRendererScratch/vcpkg_installed/x64-windows/debug/Windows/System32/wbem/link.exe"
      - "D:/WaterSurfaceRendererScratch/vcpkg_installed/x64-windows/debug/Windows/System32/wbem/link"
      - "D:/WaterSurfaceRendererScratch/vcpkg_installed/x64-windows/debug/Windows/System32/WindowsPowerShell/v1.0/link.com"
      - "D:/WaterSurfaceRendererScratch/vcpkg_installed/x64-windows/debug/Windows/System32/WindowsPowerShell/v1.0/link.exe"
      - "D:/WaterSurfaceRendererScratch/vcpkg_installed/x64-windows/debug/Windows/System32/WindowsPowerShell/v1.0/link"
      - "D:/WaterSurfaceRendererScratch/vcpkg_installed/x64-windows/debug/Windows/System32/OpenSSH/link.com"
      - "D:/WaterSurfaceRendererScratch/vcpkg_installed/x64-windows/debug/Windows/System32/OpenSSH/link.exe"
      - "D:/WaterSurfaceRendererScratch/vcpkg_installed/x64-windows/debug/Windows/System32/OpenSSH/link"
      - "D:/WaterSurfaceRendererScratch/vcpkg_installed/x64-windows/debug/Microsoft Visual Studio/18/Community/Common7/IDE/CommonExtensions/Microsoft/CMake/CMake/bin/link.com"
      - "D:/WaterSurfaceRendererScratch/vcpkg_installed/x64-windows/debug/Microsoft Visual Studio/18/Community/Common7/IDE/CommonExtensions/Microsoft/CMake/CMake/bin/link.exe"
      - "D:/WaterSurfaceRendererScratch/vcpkg_installed/x64-windows/debug/Microsoft Visual Studio/18/Community/Common7/IDE/CommonExtensions/Microsoft/CMake/CMake/bin/link"
      - "D:/WaterSurfaceRendererScratch/vcpkg_installed/x64-windows/debug/Microsoft Visual Studio/18/Community/Common7/IDE/CommonExtensions/Microsoft/CMake/Ninja/link.com"
      - "D:/WaterSurfaceRendererScratch/vcpkg_installed/x64-windows/debug/Microsoft Visual Studio/18/Community/Common7/IDE/CommonExtensions/Microsoft/CMake/Ninja/link.exe"
      - "D:/WaterSurfaceRendererScratch/vcpkg_installed/x64-windows/debug/Microsoft Visual Studio/18/Community/Common7/IDE/CommonExtensions/Microsoft/CMake/Ninja/link"
      - "D:/WaterSurfaceRendererScratch/vcpkg_installed/x64-windows/debug/Microsoft Visual Studio/18/Community/Common7/IDE/VC/Linux/bin/ConnectionManagerExe/link.com"
      - "D:/WaterSurfaceRendererScratch/vcpkg_installed/x64-windows/debug/Microsoft Visual Studio/18/Community/Common7/IDE/VC/Linux/bin/ConnectionManagerExe/link.exe"
      - "D:/WaterSurfaceRendererScratch/vcpkg_installed/x64-windows/debug/Microsoft Visual Studio/18/Community/Common7/IDE/VC/Linux/bin/ConnectionManagerExe/link"
      - "D:/WaterSurfaceRendererScratch/vcpkg_installed/x64-windows/debug/Microsoft Visual Studio/18/Community/VC/vcpkg/link.com"
      - "D:/WaterSurfaceRendererScratch/vcpkg_installed/x64-windows/debug/Microsoft Visual Studio/18/Community/VC/vcpkg/link.exe"
      - "D:/WaterSurfaceRendererScratch/vcpkg_installed/x64-windows/debug/Microsoft Visual Studio/18/Community/VC/vcpkg/link"
      - "D:/WaterSurfaceRendererScratch/vcpkg_installed/x64-windows/Microsoft Visual Studio/18/Community/VC/Tools/MSVC/14.51.36231/bin/Hostx64/x64/link.com"
      - "D:/WaterSurfaceRendererScratch/vcpkg_installed/x64-windows/Microsoft Visual Studio/18/Community/VC/Tools/MSVC/14.51.36231/bin/Hostx64/x64/link.exe"
      - "D:/WaterSurfaceRendererScratch/vcpkg_installed/x64-windows/Microsoft Visual Studio/18/Community/VC/Tools/MSVC/14.51.36231/bin/Hostx64/x64/link"
      - "D:/WaterSurfaceRendererScratch/vcpkg_installed/x64-windows/Microsoft Visual Studio/18/Community/Common7/IDE/VC/vcpackages/link.com"
      - "D:/WaterSurfaceRendererScratch/vcpkg_installed/x64-windows/Microsoft Visual Studio/18/Community/Common7/IDE/VC/vcpackages/link.exe"
      - "D:/WaterSurfaceRendererScratch/vcpkg_installed/x64-windows/Microsoft Visual Studio/18/Community/Common7/IDE/VC/vcpackages/link"
      - "D:/WaterSurfaceRendererScratch/vcpkg_installed/x64-windows/Microsoft Visual Studio/18/Community/Common7/IDE/CommonExtensions/Microsoft/TestWindow/link.com"
      - "D:/WaterSurfaceRendererScratch/vcpkg_installed/x64-windows/Microsoft Visual Studio/18/Community/Common7/IDE/CommonExtensions/Microsoft/TestWindow/link.exe"
      - "D:/WaterSurfaceRendererScratch/vcpkg_installed/x64-windows/Microsoft Visual Studio/18/Community/Common7/IDE/CommonExtensions/Microsoft/TestWindow/link"
      - "D:/WaterSurfaceRendererScratch/vcpkg_installed/x64-windows/Microsoft Visual Studio/18/Community/Common7/IDE/CommonExtensions/Microsoft/TeamFoundation/Team Explorer/link.com"
      - "D:/WaterSurfaceRendererScratch/vcpkg_installed/x64-windows/Microsoft Visual Studio/18/Community/Common7/IDE/CommonExtensions/Microsoft/TeamFoundation/Team Explorer/link.exe"
      - "D:/WaterSurfaceRendererScratch/vcpkg_installed/x64-windows/Microsoft Visual Studio/18/Community/Common7/IDE/CommonExtensions/Microsoft/TeamFoundation/Team Explorer/link"
      - "D:/WaterSurfaceRendererScratch/vcpkg_installed/x64-windows/Microsoft Visual Studio/18/Community/MSBuild/Current/Bin/Roslyn/link.com"
      - "D:/WaterSurfaceRendererScratch/vcpkg_installed/x64-windows/Microsoft Visual Studio/18/Community/MSBuild/Current/Bin/Roslyn/link.exe"
      - "D:/WaterSurfaceRendererScratch/vcpkg_installed/x64-windows/Microsoft Visual Studio/18/Community/MSBuild/Current/Bin/Roslyn/link"
      - "D:/WaterSurfaceRendererScratch/vcpkg_installed/x64-windows/Program Files (x86)/Microsoft SDKs/Windows/v10.0A/bin/NETFX 4.8 Tools/x64/link.com"
      - "D:/WaterSurfaceRendererScratch/vcpkg_installed/x64-windows/Program Files (x86)/Microsoft SDKs/Windows/v10.0A/bin/NETFX 4.8 Tools/x64/link.exe"
      - "D:/WaterSurfaceRendererScratch/vcpkg_installed/x64-windows/Program Files (x86)/Microsoft SDKs/Windows/v10.0A/bin/NETFX 4.8 Tools/x64/link"
      - "D:/WaterSurfaceRendererScratch/vcpkg_installed/x64-windows/Microsoft Visual Studio/18/Community/Team Tools/DiagnosticsHub/Collector/link.com"
      - "D:/WaterSurfaceRendererScratch/vcpkg_installed/x64-windows/Microsoft Visual Studio/18/Community/Team Tools/DiagnosticsHub/Collector/link.exe"
      - "D:/WaterSurfaceRendererScratch/vcpkg_installed/x64-windows/Microsoft Visual Studio/18/Community/Team Tools/DiagnosticsHub/Collector/link"
      - "D:/WaterSurfaceRendererScratch/vcpkg_installed/x64-windows/Microsoft Visual Studio/18/Community/Common7/IDE/Extensions/Microsoft/CodeCoverage.Console/link.com"
      - "D:/WaterSurfaceRendererScratch/vcpkg_installed/x64-windows/Microsoft Visual Studio/18/Community/Common7/IDE/Extensions/Microsoft/CodeCoverage.Console/link.exe"
      - "D:/WaterSurfaceRendererScratch/vcpkg_installed/x64-windows/Microsoft Visual Studio/18/Community/Common7/IDE/Extensions/Microsoft/CodeCoverage.Console/link"
      - "D:/WaterSurfaceRendererScratch/vcpkg_installed/x64-windows/Program Files (x86)/Windows Kits/10/bin/10.0.26100.0/x64/link.com"
      - "D:/WaterSurfaceRendererScratch/vcpkg_installed/x64-windows/Program Files (x86)/Windows Kits/10/bin/10.0.26100.0/x64/link.exe"
      - "D:/WaterSurfaceRendererScratch/vcpkg_installed/x64-windows/Program Files (x86)/Windows Kits/10/bin/10.0.26100.0/x64/link"
      - "D:/WaterSurfaceRendererScratch/vcpkg_installed/x64-windows/Program Files (x86)/Windows Kits/10/bin/x64/link.com"
      - "D:/WaterSurfaceRendererScratch/vcpkg_installed/x64-windows/Program Files (x86)/Windows Kits/10/bin/x64/link.exe"
      - "D:/WaterSurfaceRendererScratch/vcpkg_installed/x64-windows/Program Files (x86)/Windows Kits/10/bin/x64/link"
      - "D:/WaterSurfaceRendererScratch/vcpkg_installed/x64-windows/Microsoft Visual Studio/18/Community/MSBuild/Current/Bin/amd64/link.com"
      - "D:/WaterSurfaceRendererScratch/vcpkg_installed/x64-windows/Microsoft Visual Studio/18/Community/MSBuild/Current/Bin/amd64/link.exe"
      - "D:/WaterSurfaceRendererScratch/vcpkg_installed/x64-windows/Microsoft Visual Studio/18/Community/MSBuild/Current/Bin/amd64/link"
      - "D:/WaterSurfaceRendererScratch/vcpkg_installed/x64-windows/Windows/Microsoft.NET/Framework64/v4.0.30319/link.com"
      - "D:/WaterSurfaceRendererScratch/vcpkg_installed/x64-windows/Windows/Microsoft.NET/Framework64/v4.0.30319/link.exe"
      - "D:/WaterSurfaceRendererScratch/vcpkg_installed/x64-windows/Windows/Microsoft.NET/Framework64/v4.0.30319/link"
      - "D:/WaterSurfaceRendererScratch/vcpkg_installed/x64-windows/Microsoft Visual Studio/18/Community/Common7/IDE/link.com"
      - "D:/WaterSurfaceRendererScratch/vcpkg_installed/x64-windows/Microsoft Visual Studio/18/Community/Common7/IDE/link.exe"
      - "D:/WaterSurfaceRendererScratch/vcpkg_installed/x64-windows/Microsoft Visual Studio/18/Community/Common7/IDE/link"
      - "D:/WaterSurfaceRendererScratch/vcpkg_installed/x64-windows/Microsoft Visual Studio/18/Community/Common7/Tools/link.com"
      - "D:/WaterSurfaceRendererScratch/vcpkg_installed/x64-windows/Microsoft Visual Studio/18/Community/Common7/Tools/link.exe"
      - "D:/WaterSurfaceRendererScratch/vcpkg_installed/x64-windows/Microsoft Visual Studio/18/Community/Common7/Tools/link"
      - "D:/WaterSurfaceRendererScratch/vcpkg_installed/x64-windows/Users/xukeheng/AppData/Local/vcpkg/downloads/tools/powershell-core-7.5.4-windows/link.com"
      - "D:/WaterSurfaceRendererScratch/vcpkg_installed/x64-windows/Users/xukeheng/AppData/Local/vcpkg/downloads/tools/powershell-core-7.5.4-windows/link.exe"
      - "D:/WaterSurfaceRendererScratch/vcpkg_installed/x64-windows/Users/xukeheng/AppData/Local/vcpkg/downloads/tools/powershell-core-7.5.4-windows/link"
      - "D:/WaterSurfaceRendererScratch/vcpkg_installed/x64-windows/Windows/System32/link.com"
      - "D:/WaterSurfaceRendererScratch/vcpkg_installed/x64-windows/Windows/System32/link.exe"
      - "D:/WaterSurfaceRendererScratch/vcpkg_installed/x64-windows/Windows/System32/link"
      - "D:/WaterSurfaceRendererScratch/vcpkg_installed/x64-windows/Windows/link.com"
      - "D:/WaterSurfaceRendererScratch/vcpkg_installed/x64-windows/Windows/link.exe"
      - "D:/WaterSurfaceRendererScratch/vcpkg_installed/x64-windows/Windows/link"
      - "D:/WaterSurfaceRendererScratch/vcpkg_installed/x64-windows/Windows/System32/wbem/link.com"
      - "D:/WaterSurfaceRendererScratch/vcpkg_installed/x64-windows/Windows/System32/wbem/link.exe"
      - "D:/WaterSurfaceRendererScratch/vcpkg_installed/x64-windows/Windows/System32/wbem/link"
      - "D:/WaterSurfaceRendererScratch/vcpkg_installed/x64-windows/Windows/System32/WindowsPowerShell/v1.0/link.com"
      - "D:/WaterSurfaceRendererScratch/vcpkg_installed/x64-windows/Windows/System32/WindowsPowerShell/v1.0/link.exe"
      - "D:/WaterSurfaceRendererScratch/vcpkg_installed/x64-windows/Windows/System32/WindowsPowerShell/v1.0/link"
      - "D:/WaterSurfaceRendererScratch/vcpkg_installed/x64-windows/Windows/System32/OpenSSH/link.com"
      - "D:/WaterSurfaceRendererScratch/vcpkg_installed/x64-windows/Windows/System32/OpenSSH/link.exe"
      - "D:/WaterSurfaceRendererScratch/vcpkg_installed/x64-windows/Windows/System32/OpenSSH/link"
      - "D:/WaterSurfaceRendererScratch/vcpkg_installed/x64-windows/Microsoft Visual Studio/18/Community/Common7/IDE/CommonExtensions/Microsoft/CMake/CMake/bin/link.com"
      - "D:/WaterSurfaceRendererScratch/vcpkg_installed/x64-windows/Microsoft Visual Studio/18/Community/Common7/IDE/CommonExtensions/Microsoft/CMake/CMake/bin/link.exe"
      - "D:/WaterSurfaceRendererScratch/vcpkg_installed/x64-windows/Microsoft Visual Studio/18/Community/Common7/IDE/CommonExtensions/Microsoft/CMake/CMake/bin/link"
      - "D:/WaterSurfaceRendererScratch/vcpkg_installed/x64-windows/Microsoft Visual Studio/18/Community/Common7/IDE/CommonExtensions/Microsoft/CMake/Ninja/link.com"
      - "D:/WaterSurfaceRendererScratch/vcpkg_installed/x64-windows/Microsoft Visual Studio/18/Community/Common7/IDE/CommonExtensions/Microsoft/CMake/Ninja/link.exe"
      - "D:/WaterSurfaceRendererScratch/vcpkg_installed/x64-windows/Microsoft Visual Studio/18/Community/Common7/IDE/CommonExtensions/Microsoft/CMake/Ninja/link"
      - "D:/WaterSurfaceRendererScratch/vcpkg_installed/x64-windows/Microsoft Visual Studio/18/Community/Common7/IDE/VC/Linux/bin/ConnectionManagerExe/link.com"
      - "D:/WaterSurfaceRendererScratch/vcpkg_installed/x64-windows/Microsoft Visual Studio/18/Community/Common7/IDE/VC/Linux/bin/ConnectionManagerExe/link.exe"
      - "D:/WaterSurfaceRendererScratch/vcpkg_installed/x64-windows/Microsoft Visual Studio/18/Community/Common7/IDE/VC/Linux/bin/ConnectionManagerExe/link"
      - "D:/WaterSurfaceRendererScratch/vcpkg_installed/x64-windows/Microsoft Visual Studio/18/Community/VC/vcpkg/link.com"
      - "D:/WaterSurfaceRendererScratch/vcpkg_installed/x64-windows/Microsoft Visual Studio/18/Community/VC/vcpkg/link.exe"
      - "D:/WaterSurfaceRendererScratch/vcpkg_installed/x64-windows/Microsoft Visual Studio/18/Community/VC/vcpkg/link"
      - "D:/Microsoft Visual Studio/18/Community/VC/Tools/MSVC/14.51.36231/bin/Hostx64/x64/link.com"
    found: "D:/Microsoft Visual Studio/18/Community/VC/Tools/MSVC/14.51.36231/bin/Hostx64/x64/link.exe"
    search_context:
      CMAKE_PROGRAM_PATH:
        - "D:/WaterSurfaceRendererScratch/vcpkg_installed/x64-windows/tools"
      CMAKE_PREFIX_PATH:
        - "D:/WaterSurfaceRendererScratch/vcpkg_installed/x64-windows/debug"
        - "D:/WaterSurfaceRendererScratch/vcpkg_installed/x64-windows"
      ENV{PATH}:
        - "D:\\Microsoft Visual Studio\\18\\Community\\VC\\Tools\\MSVC\\14.51.36231\\bin\\HostX64\\x64"
        - "D:\\Microsoft Visual Studio\\18\\Community\\Common7\\IDE\\VC\\VCPackages"
        - "D:\\Microsoft Visual Studio\\18\\Community\\Common7\\IDE\\CommonExtensions\\Microsoft\\TestWindow"
        - "D:\\Microsoft Visual Studio\\18\\Community\\Common7\\IDE\\CommonExtensions\\Microsoft\\TeamFoundation\\Team Explorer"
        - "D:\\Microsoft Visual Studio\\18\\Community\\MSBuild\\Current\\bin\\Roslyn"
        - "C:\\Program Files (x86)\\Microsoft SDKs\\Windows\\v10.0A\\bin\\NETFX 4.8 Tools\\x64\\"
        - "D:\\Microsoft Visual Studio\\18\\Community\\Team Tools\\DiagnosticsHub\\Collector"
        - "D:\\Microsoft Visual Studio\\18\\Community\\Common7\\IDE\\Extensions\\Microsoft\\CodeCoverage.Console"
        - "C:\\Program Files (x86)\\Windows Kits\\10\\bin\\10.0.26100.0\\\\x64"
        - "C:\\Program Files (x86)\\Windows Kits\\10\\bin\\\\x64"
        - "D:\\Microsoft Visual Studio\\18\\Community\\\\MSBuild\\Current\\Bin\\amd64"
        - "C:\\Windows\\Microsoft.NET\\Framework64\\v4.0.30319"
        - "D:\\Microsoft Visual Studio\\18\\Community\\Common7\\IDE\\"
        - "D:\\Microsoft Visual Studio\\18\\Community\\Common7\\Tools\\"
        - "C:\\Users\\xukeheng\\AppData\\Local\\vcpkg\\downloads\\tools\\powershell-core-7.5.4-windows"
        - "C:\\windows\\system32"
        - "C:\\windows"
        - "C:\\windows\\system32\\Wbem"
        - "C:\\windows\\system32\\WindowsPowerShell\\v1.0\\"
        - "C:\\windows\\system32\\OpenSSH\\"
        - "D:\\Microsoft Visual Studio\\18\\Community\\Common7\\IDE\\CommonExtensions\\Microsoft\\CMake\\CMake\\bin"
        - "D:\\Microsoft Visual Studio\\18\\Community\\Common7\\IDE\\CommonExtensions\\Microsoft\\CMake\\Ninja"
        - "D:\\Microsoft Visual Studio\\18\\Community\\Common7\\IDE\\VC\\Linux\\bin\\ConnectionManagerExe"
        - "D:\\Microsoft Visual Studio\\18\\Community\\VC\\vcpkg"
        - "D:\\Microsoft Visual Studio\\18\\Community\\Common7\\IDE\\CommonExtensions\\Microsoft\\CMake\\Ninja"
      CMAKE_INSTALL_PREFIX: "D:/WaterSurfaceRendererScratch/vcpkg_installed/vcpkg/pkgs/glfw3_x64-windows/debug"
      CMAKE_FIND_ROOT_PATH: "D:/WaterSurfaceRendererScratch/vcpkg_installed/x64-windows/debug;D:/WaterSurfaceRendererScratch/vcpkg_installed/x64-windows"
  -
    kind: "find-v1"
    backtrace:
      - "D:/Microsoft Visual Studio/18/Community/Common7/IDE/CommonExtensions/Microsoft/CMake/CMake/share/cmake-4.3/Modules/CMakeFindBinUtils.cmake:243 (find_program)"
      - "D:/Microsoft Visual Studio/18/Community/Common7/IDE/CommonExtensions/Microsoft/CMake/CMake/share/cmake-4.3/Modules/CMakeDetermineCCompiler.cmake:200 (include)"
      - "CMakeLists.txt:3 (project)"
    mode: "program"
    variable: "CMAKE_MT"
    description: "Path to a program."
    settings:
      SearchFramework: "LAST"
      SearchAppBundle: "LAST"
      CMAKE_FIND_USE_CMAKE_PATH: false
      CMAKE_FIND_USE_CMAKE_ENVIRONMENT_PATH: false
      CMAKE_FIND_USE_SYSTEM_ENVIRONMENT_PATH: true
      CMAKE_FIND_USE_CMAKE_SYSTEM_PATH: true
      CMAKE_FIND_USE_INSTALL_PREFIX: true
    names:
      - "mt"
    candidate_directories:
      - "D:/WaterSurfaceRendererScratch/vcpkg_installed/x64-windows/debug/Microsoft Visual Studio/18/Community/VC/Tools/MSVC/14.51.36231/bin/Hostx64/x64/"
      - "D:/WaterSurfaceRendererScratch/vcpkg_installed/x64-windows/debug/Microsoft Visual Studio/18/Community/Common7/IDE/VC/vcpackages/"
      - "D:/WaterSurfaceRendererScratch/vcpkg_installed/x64-windows/debug/Microsoft Visual Studio/18/Community/Common7/IDE/CommonExtensions/Microsoft/TestWindow/"
      - "D:/WaterSurfaceRendererScratch/vcpkg_installed/x64-windows/debug/Microsoft Visual Studio/18/Community/Common7/IDE/CommonExtensions/Microsoft/TeamFoundation/Team Explorer/"
      - "D:/WaterSurfaceRendererScratch/vcpkg_installed/x64-windows/debug/Microsoft Visual Studio/18/Community/MSBuild/Current/Bin/Roslyn/"
      - "D:/WaterSurfaceRendererScratch/vcpkg_installed/x64-windows/debug/Program Files (x86)/Microsoft SDKs/Windows/v10.0A/bin/NETFX 4.8 Tools/x64/"
      - "D:/WaterSurfaceRendererScratch/vcpkg_installed/x64-windows/debug/Microsoft Visual Studio/18/Community/Team Tools/DiagnosticsHub/Collector/"
      - "D:/WaterSurfaceRendererScratch/vcpkg_installed/x64-windows/debug/Microsoft Visual Studio/18/Community/Common7/IDE/Extensions/Microsoft/CodeCoverage.Console/"
      - "D:/WaterSurfaceRendererScratch/vcpkg_installed/x64-windows/debug/Program Files (x86)/Windows Kits/10/bin/10.0.26100.0/x64/"
      - "D:/WaterSurfaceRendererScratch/vcpkg_installed/x64-windows/debug/Program Files (x86)/Windows Kits/10/bin/x64/"
      - "D:/WaterSurfaceRendererScratch/vcpkg_installed/x64-windows/debug/Microsoft Visual Studio/18/Community/MSBuild/Current/Bin/amd64/"
      - "D:/WaterSurfaceRendererScratch/vcpkg_installed/x64-windows/debug/Windows/Microsoft.NET/Framework64/v4.0.30319/"
      - "D:/WaterSurfaceRendererScratch/vcpkg_installed/x64-windows/debug/Microsoft Visual Studio/18/Community/Common7/IDE/"
      - "D:/WaterSurfaceRendererScratch/vcpkg_installed/x64-windows/debug/Microsoft Visual Studio/18/Community/Common7/Tools/"
      - "D:/WaterSurfaceRendererScratch/vcpkg_installed/x64-windows/debug/Users/xukeheng/AppData/Local/vcpkg/downloads/tools/powershell-core-7.5.4-windows/"
      - "D:/WaterSurfaceRendererScratch/vcpkg_installed/x64-windows/debug/Windows/System32/"
      - "D:/WaterSurfaceRendererScratch/vcpkg_installed/x64-windows/debug/Windows/"
      - "D:/WaterSurfaceRendererScratch/vcpkg_installed/x64-windows/debug/Windows/System32/wbem/"
      - "D:/WaterSurfaceRendererScratch/vcpkg_installed/x64-windows/debug/Windows/System32/WindowsPowerShell/v1.0/"
      - "D:/WaterSurfaceRendererScratch/vcpkg_installed/x64-windows/debug/Windows/System32/OpenSSH/"
      - "D:/WaterSurfaceRendererScratch/vcpkg_installed/x64-windows/debug/Microsoft Visual Studio/18/Community/Common7/IDE/CommonExtensions/Microsoft/CMake/CMake/bin/"
      - "D:/WaterSurfaceRendererScratch/vcpkg_installed/x64-windows/debug/Microsoft Visual Studio/18/Community/Common7/IDE/CommonExtensions/Microsoft/CMake/Ninja/"
      - "D:/WaterSurfaceRendererScratch/vcpkg_installed/x64-windows/debug/Microsoft Visual Studio/18/Community/Common7/IDE/VC/Linux/bin/ConnectionManagerExe/"
      - "D:/WaterSurfaceRendererScratch/vcpkg_installed/x64-windows/debug/Microsoft Visual Studio/18/Community/VC/vcpkg/"
      - "D:/WaterSurfaceRendererScratch/vcpkg_installed/x64-windows/Microsoft Visual Studio/18/Community/VC/Tools/MSVC/14.51.36231/bin/Hostx64/x64/"
      - "D:/WaterSurfaceRendererScratch/vcpkg_installed/x64-windows/Microsoft Visual Studio/18/Community/Common7/IDE/VC/vcpackages/"
      - "D:/WaterSurfaceRendererScratch/vcpkg_installed/x64-windows/Microsoft Visual Studio/18/Community/Common7/IDE/CommonExtensions/Microsoft/TestWindow/"
      - "D:/WaterSurfaceRendererScratch/vcpkg_installed/x64-windows/Microsoft Visual Studio/18/Community/Common7/IDE/CommonExtensions/Microsoft/TeamFoundation/Team Explorer/"
      - "D:/WaterSurfaceRendererScratch/vcpkg_installed/x64-windows/Microsoft Visual Studio/18/Community/MSBuild/Current/Bin/Roslyn/"
      - "D:/WaterSurfaceRendererScratch/vcpkg_installed/x64-windows/Program Files (x86)/Microsoft SDKs/Windows/v10.0A/bin/NETFX 4.8 Tools/x64/"
      - "D:/WaterSurfaceRendererScratch/vcpkg_installed/x64-windows/Microsoft Visual Studio/18/Community/Team Tools/DiagnosticsHub/Collector/"
      - "D:/WaterSurfaceRendererScratch/vcpkg_installed/x64-windows/Microsoft Visual Studio/18/Community/Common7/IDE/Extensions/Microsoft/CodeCoverage.Console/"
      - "D:/WaterSurfaceRendererScratch/vcpkg_installed/x64-windows/Program Files (x86)/Windows Kits/10/bin/10.0.26100.0/x64/"
      - "D:/WaterSurfaceRendererScratch/vcpkg_installed/x64-windows/Program Files (x86)/Windows Kits/10/bin/x64/"
      - "D:/WaterSurfaceRendererScratch/vcpkg_installed/x64-windows/Microsoft Visual Studio/18/Community/MSBuild/Current/Bin/amd64/"
      - "D:/WaterSurfaceRendererScratch/vcpkg_installed/x64-windows/Windows/Microsoft.NET/Framework64/v4.0.30319/"
      - "D:/WaterSurfaceRendererScratch/vcpkg_installed/x64-windows/Microsoft Visual Studio/18/Community/Common7/IDE/"
      - "D:/WaterSurfaceRendererScratch/vcpkg_installed/x64-windows/Microsoft Visual Studio/18/Community/Common7/Tools/"
      - "D:/WaterSurfaceRendererScratch/vcpkg_installed/x64-windows/Users/xukeheng/AppData/Local/vcpkg/downloads/tools/powershell-core-7.5.4-windows/"
      - "D:/WaterSurfaceRendererScratch/vcpkg_installed/x64-windows/Windows/System32/"
      - "D:/WaterSurfaceRendererScratch/vcpkg_installed/x64-windows/Windows/"
      - "D:/WaterSurfaceRendererScratch/vcpkg_installed/x64-windows/Windows/System32/wbem/"
      - "D:/WaterSurfaceRendererScratch/vcpkg_installed/x64-windows/Windows/System32/WindowsPowerShell/v1.0/"
      - "D:/WaterSurfaceRendererScratch/vcpkg_installed/x64-windows/Windows/System32/OpenSSH/"
      - "D:/WaterSurfaceRendererScratch/vcpkg_installed/x64-windows/Microsoft Visual Studio/18/Community/Common7/IDE/CommonExtensions/Microsoft/CMake/CMake/bin/"
      - "D:/WaterSurfaceRendererScratch/vcpkg_installed/x64-windows/Microsoft Visual Studio/18/Community/Common7/IDE/CommonExtensions/Microsoft/CMake/Ninja/"
      - "D:/WaterSurfaceRendererScratch/vcpkg_installed/x64-windows/Microsoft Visual Studio/18/Community/Common7/IDE/VC/Linux/bin/ConnectionManagerExe/"
      - "D:/WaterSurfaceRendererScratch/vcpkg_installed/x64-windows/Microsoft Visual Studio/18/Community/VC/vcpkg/"
      - "D:/Microsoft Visual Studio/18/Community/VC/Tools/MSVC/14.51.36231/bin/Hostx64/x64/"
      - "D:/Microsoft Visual Studio/18/Community/Common7/IDE/VC/vcpackages/"
      - "D:/Microsoft Visual Studio/18/Community/Common7/IDE/CommonExtensions/Microsoft/TestWindow/"
      - "D:/Microsoft Visual Studio/18/Community/Common7/IDE/CommonExtensions/Microsoft/TeamFoundation/Team Explorer/"
      - "D:/Microsoft Visual Studio/18/Community/MSBuild/Current/Bin/Roslyn/"
      - "C:/Program Files (x86)/Microsoft SDKs/Windows/v10.0A/bin/NETFX 4.8 Tools/x64/"
      - "D:/Microsoft Visual Studio/18/Community/Team Tools/DiagnosticsHub/Collector/"
      - "D:/Microsoft Visual Studio/18/Community/Common7/IDE/Extensions/Microsoft/CodeCoverage.Console/"
      - "C:/Program Files (x86)/Windows Kits/10/bin/10.0.26100.0/x64/"
      - "C:/Program Files (x86)/Windows Kits/10/bin/x64/"
      - "D:/Microsoft Visual Studio/18/Community/MSBuild/Current/Bin/amd64/"
      - "C:/Windows/Microsoft.NET/Framework64/v4.0.30319/"
      - "D:/Microsoft Visual Studio/18/Community/Common7/IDE/"
      - "D:/Microsoft Visual Studio/18/Community/Common7/Tools/"
      - "C:/Users/xukeheng/AppData/Local/vcpkg/downloads/tools/powershell-core-7.5.4-windows/"
      - "C:/Windows/System32/"
      - "C:/Windows/"
      - "C:/Windows/System32/wbem/"
      - "C:/Windows/System32/WindowsPowerShell/v1.0/"
      - "C:/Windows/System32/OpenSSH/"
      - "D:/Microsoft Visual Studio/18/Community/Common7/IDE/CommonExtensions/Microsoft/CMake/CMake/bin/"
      - "D:/Microsoft Visual Studio/18/Community/Common7/IDE/CommonExtensions/Microsoft/CMake/Ninja/"
      - "D:/Microsoft Visual Studio/18/Community/Common7/IDE/VC/Linux/bin/ConnectionManagerExe/"
      - "D:/Microsoft Visual Studio/18/Community/VC/vcpkg/"
    searched_directories:
      - "D:/WaterSurfaceRendererScratch/vcpkg_installed/x64-windows/debug/Microsoft Visual Studio/18/Community/VC/Tools/MSVC/14.51.36231/bin/Hostx64/x64/mt.com"
      - "D:/WaterSurfaceRendererScratch/vcpkg_installed/x64-windows/debug/Microsoft Visual Studio/18/Community/VC/Tools/MSVC/14.51.36231/bin/Hostx64/x64/mt.exe"
      - "D:/WaterSurfaceRendererScratch/vcpkg_installed/x64-windows/debug/Microsoft Visual Studio/18/Community/VC/Tools/MSVC/14.51.36231/bin/Hostx64/x64/mt"
      - "D:/WaterSurfaceRendererScratch/vcpkg_installed/x64-windows/debug/Microsoft Visual Studio/18/Community/Common7/IDE/VC/vcpackages/mt.com"
      - "D:/WaterSurfaceRendererScratch/vcpkg_installed/x64-windows/debug/Microsoft Visual Studio/18/Community/Common7/IDE/VC/vcpackages/mt.exe"
      - "D:/WaterSurfaceRendererScratch/vcpkg_installed/x64-windows/debug/Microsoft Visual Studio/18/Community/Common7/IDE/VC/vcpackages/mt"
      - "D:/WaterSurfaceRendererScratch/vcpkg_installed/x64-windows/debug/Microsoft Visual Studio/18/Community/Common7/IDE/CommonExtensions/Microsoft/TestWindow/mt.com"
      - "D:/WaterSurfaceRendererScratch/vcpkg_installed/x64-windows/debug/Microsoft Visual Studio/18/Community/Common7/IDE/CommonExtensions/Microsoft/TestWindow/mt.exe"
      - "D:/WaterSurfaceRendererScratch/vcpkg_installed/x64-windows/debug/Microsoft Visual Studio/18/Community/Common7/IDE/CommonExtensions/Microsoft/TestWindow/mt"
      - "D:/WaterSurfaceRendererScratch/vcpkg_installed/x64-windows/debug/Microsoft Visual Studio/18/Community/Common7/IDE/CommonExtensions/Microsoft/TeamFoundation/Team Explorer/mt.com"
      - "D:/WaterSurfaceRendererScratch/vcpkg_installed/x64-windows/debug/Microsoft Visual Studio/18/Community/Common7/IDE/CommonExtensions/Microsoft/TeamFoundation/Team Explorer/mt.exe"
      - "D:/WaterSurfaceRendererScratch/vcpkg_installed/x64-windows/debug/Microsoft Visual Studio/18/Community/Common7/IDE/CommonExtensions/Microsoft/TeamFoundation/Team Explorer/mt"
      - "D:/WaterSurfaceRendererScratch/vcpkg_installed/x64-windows/debug/Microsoft Visual Studio/18/Community/MSBuild/Current/Bin/Roslyn/mt.com"
      - "D:/WaterSurfaceRendererScratch/vcpkg_installed/x64-windows/debug/Microsoft Visual Studio/18/Community/MSBuild/Current/Bin/Roslyn/mt.exe"
      - "D:/WaterSurfaceRendererScratch/vcpkg_installed/x64-windows/debug/Microsoft Visual Studio/18/Community/MSBuild/Current/Bin/Roslyn/mt"
      - "D:/WaterSurfaceRendererScratch/vcpkg_installed/x64-windows/debug/Program Files (x86)/Microsoft SDKs/Windows/v10.0A/bin/NETFX 4.8 Tools/x64/mt.com"
      - "D:/WaterSurfaceRendererScratch/vcpkg_installed/x64-windows/debug/Program Files (x86)/Microsoft SDKs/Windows/v10.0A/bin/NETFX 4.8 Tools/x64/mt.exe"
      - "D:/WaterSurfaceRendererScratch/vcpkg_installed/x64-windows/debug/Program Files (x86)/Microsoft SDKs/Windows/v10.0A/bin/NETFX 4.8 Tools/x64/mt"
      - "D:/WaterSurfaceRendererScratch/vcpkg_installed/x64-windows/debug/Microsoft Visual Studio/18/Community/Team Tools/DiagnosticsHub/Collector/mt.com"
      - "D:/WaterSurfaceRendererScratch/vcpkg_installed/x64-windows/debug/Microsoft Visual Studio/18/Community/Team Tools/DiagnosticsHub/Collector/mt.exe"
      - "D:/WaterSurfaceRendererScratch/vcpkg_installed/x64-windows/debug/Microsoft Visual Studio/18/Community/Team Tools/DiagnosticsHub/Collector/mt"
      - "D:/WaterSurfaceRendererScratch/vcpkg_installed/x64-windows/debug/Microsoft Visual Studio/18/Community/Common7/IDE/Extensions/Microsoft/CodeCoverage.Console/mt.com"
      - "D:/WaterSurfaceRendererScratch/vcpkg_installed/x64-windows/debug/Microsoft Visual Studio/18/Community/Common7/IDE/Extensions/Microsoft/CodeCoverage.Console/mt.exe"
      - "D:/WaterSurfaceRendererScratch/vcpkg_installed/x64-windows/debug/Microsoft Visual Studio/18/Community/Common7/IDE/Extensions/Microsoft/CodeCoverage.Console/mt"
      - "D:/WaterSurfaceRendererScratch/vcpkg_installed/x64-windows/debug/Program Files (x86)/Windows Kits/10/bin/10.0.26100.0/x64/mt.com"
      - "D:/WaterSurfaceRendererScratch/vcpkg_installed/x64-windows/debug/Program Files (x86)/Windows Kits/10/bin/10.0.26100.0/x64/mt.exe"
      - "D:/WaterSurfaceRendererScratch/vcpkg_installed/x64-windows/debug/Program Files (x86)/Windows Kits/10/bin/10.0.26100.0/x64/mt"
      - "D:/WaterSurfaceRendererScratch/vcpkg_installed/x64-windows/debug/Program Files (x86)/Windows Kits/10/bin/x64/mt.com"
      - "D:/WaterSurfaceRendererScratch/vcpkg_installed/x64-windows/debug/Program Files (x86)/Windows Kits/10/bin/x64/mt.exe"
      - "D:/WaterSurfaceRendererScratch/vcpkg_installed/x64-windows/debug/Program Files (x86)/Windows Kits/10/bin/x64/mt"
      - "D:/WaterSurfaceRendererScratch/vcpkg_installed/x64-windows/debug/Microsoft Visual Studio/18/Community/MSBuild/Current/Bin/amd64/mt.com"
      - "D:/WaterSurfaceRendererScratch/vcpkg_installed/x64-windows/debug/Microsoft Visual Studio/18/Community/MSBuild/Current/Bin/amd64/mt.exe"
      - "D:/WaterSurfaceRendererScratch/vcpkg_installed/x64-windows/debug/Microsoft Visual Studio/18/Community/MSBuild/Current/Bin/amd64/mt"
      - "D:/WaterSurfaceRendererScratch/vcpkg_installed/x64-windows/debug/Windows/Microsoft.NET/Framework64/v4.0.30319/mt.com"
      - "D:/WaterSurfaceRendererScratch/vcpkg_installed/x64-windows/debug/Windows/Microsoft.NET/Framework64/v4.0.30319/mt.exe"
      - "D:/WaterSurfaceRendererScratch/vcpkg_installed/x64-windows/debug/Windows/Microsoft.NET/Framework64/v4.0.30319/mt"
      - "D:/WaterSurfaceRendererScratch/vcpkg_installed/x64-windows/debug/Microsoft Visual Studio/18/Community/Common7/IDE/mt.com"
      - "D:/WaterSurfaceRendererScratch/vcpkg_installed/x64-windows/debug/Microsoft Visual Studio/18/Community/Common7/IDE/mt.exe"
      - "D:/WaterSurfaceRendererScratch/vcpkg_installed/x64-windows/debug/Microsoft Visual Studio/18/Community/Common7/IDE/mt"
      - "D:/WaterSurfaceRendererScratch/vcpkg_installed/x64-windows/debug/Microsoft Visual Studio/18/Community/Common7/Tools/mt.com"
      - "D:/WaterSurfaceRendererScratch/vcpkg_installed/x64-windows/debug/Microsoft Visual Studio/18/Community/Common7/Tools/mt.exe"
      - "D:/WaterSurfaceRendererScratch/vcpkg_installed/x64-windows/debug/Microsoft Visual Studio/18/Community/Common7/Tools/mt"
      - "D:/WaterSurfaceRendererScratch/vcpkg_installed/x64-windows/debug/Users/xukeheng/AppData/Local/vcpkg/downloads/tools/powershell-core-7.5.4-windows/mt.com"
      - "D:/WaterSurfaceRendererScratch/vcpkg_installed/x64-windows/debug/Users/xukeheng/AppData/Local/vcpkg/downloads/tools/powershell-core-7.5.4-windows/mt.exe"
      - "D:/WaterSurfaceRendererScratch/vcpkg_installed/x64-windows/debug/Users/xukeheng/AppData/Local/vcpkg/downloads/tools/powershell-core-7.5.4-windows/mt"
      - "D:/WaterSurfaceRendererScratch/vcpkg_installed/x64-windows/debug/Windows/System32/mt.com"
      - "D:/WaterSurfaceRendererScratch/vcpkg_installed/x64-windows/debug/Windows/System32/mt.exe"
      - "D:/WaterSurfaceRendererScratch/vcpkg_installed/x64-windows/debug/Windows/System32/mt"
      - "D:/WaterSurfaceRendererScratch/vcpkg_installed/x64-windows/debug/Windows/mt.com"
      - "D:/WaterSurfaceRendererScratch/vcpkg_installed/x64-windows/debug/Windows/mt.exe"
      - "D:/WaterSurfaceRendererScratch/vcpkg_installed/x64-windows/debug/Windows/mt"
      - "D:/WaterSurfaceRendererScratch/vcpkg_installed/x64-windows/debug/Windows/System32/wbem/mt.com"
      - "D:/WaterSurfaceRendererScratch/vcpkg_installed/x64-windows/debug/Windows/System32/wbem/mt.exe"
      - "D:/WaterSurfaceRendererScratch/vcpkg_installed/x64-windows/debug/Windows/System32/wbem/mt"
      - "D:/WaterSurfaceRendererScratch/vcpkg_installed/x64-windows/debug/Windows/System32/WindowsPowerShell/v1.0/mt.com"
      - "D:/WaterSurfaceRendererScratch/vcpkg_installed/x64-windows/debug/Windows/System32/WindowsPowerShell/v1.0/mt.exe"
      - "D:/WaterSurfaceRendererScratch/vcpkg_installed/x64-windows/debug/Windows/System32/WindowsPowerShell/v1.0/mt"
      - "D:/WaterSurfaceRendererScratch/vcpkg_installed/x64-windows/debug/Windows/System32/OpenSSH/mt.com"
      - "D:/WaterSurfaceRendererScratch/vcpkg_installed/x64-windows/debug/Windows/System32/OpenSSH/mt.exe"
      - "D:/WaterSurfaceRendererScratch/vcpkg_installed/x64-windows/debug/Windows/System32/OpenSSH/mt"
      - "D:/WaterSurfaceRendererScratch/vcpkg_installed/x64-windows/debug/Microsoft Visual Studio/18/Community/Common7/IDE/CommonExtensions/Microsoft/CMake/CMake/bin/mt.com"
      - "D:/WaterSurfaceRendererScratch/vcpkg_installed/x64-windows/debug/Microsoft Visual Studio/18/Community/Common7/IDE/CommonExtensions/Microsoft/CMake/CMake/bin/mt.exe"
      - "D:/WaterSurfaceRendererScratch/vcpkg_installed/x64-windows/debug/Microsoft Visual Studio/18/Community/Common7/IDE/CommonExtensions/Microsoft/CMake/CMake/bin/mt"
      - "D:/WaterSurfaceRendererScratch/vcpkg_installed/x64-windows/debug/Microsoft Visual Studio/18/Community/Common7/IDE/CommonExtensions/Microsoft/CMake/Ninja/mt.com"
      - "D:/WaterSurfaceRendererScratch/vcpkg_installed/x64-windows/debug/Microsoft Visual Studio/18/Community/Common7/IDE/CommonExtensions/Microsoft/CMake/Ninja/mt.exe"
      - "D:/WaterSurfaceRendererScratch/vcpkg_installed/x64-windows/debug/Microsoft Visual Studio/18/Community/Common7/IDE/CommonExtensions/Microsoft/CMake/Ninja/mt"
      - "D:/WaterSurfaceRendererScratch/vcpkg_installed/x64-windows/debug/Microsoft Visual Studio/18/Community/Common7/IDE/VC/Linux/bin/ConnectionManagerExe/mt.com"
      - "D:/WaterSurfaceRendererScratch/vcpkg_installed/x64-windows/debug/Microsoft Visual Studio/18/Community/Common7/IDE/VC/Linux/bin/ConnectionManagerExe/mt.exe"
      - "D:/WaterSurfaceRendererScratch/vcpkg_installed/x64-windows/debug/Microsoft Visual Studio/18/Community/Common7/IDE/VC/Linux/bin/ConnectionManagerExe/mt"
      - "D:/WaterSurfaceRendererScratch/vcpkg_installed/x64-windows/debug/Microsoft Visual Studio/18/Community/VC/vcpkg/mt.com"
      - "D:/WaterSurfaceRendererScratch/vcpkg_installed/x64-windows/debug/Microsoft Visual Studio/18/Community/VC/vcpkg/mt.exe"
      - "D:/WaterSurfaceRendererScratch/vcpkg_installed/x64-windows/debug/Microsoft Visual Studio/18/Community/VC/vcpkg/mt"
      - "D:/WaterSurfaceRendererScratch/vcpkg_installed/x64-windows/Microsoft Visual Studio/18/Community/VC/Tools/MSVC/14.51.36231/bin/Hostx64/x64/mt.com"
      - "D:/WaterSurfaceRendererScratch/vcpkg_installed/x64-windows/Microsoft Visual Studio/18/Community/VC/Tools/MSVC/14.51.36231/bin/Hostx64/x64/mt.exe"
      - "D:/WaterSurfaceRendererScratch/vcpkg_installed/x64-windows/Microsoft Visual Studio/18/Community/VC/Tools/MSVC/14.51.36231/bin/Hostx64/x64/mt"
      - "D:/WaterSurfaceRendererScratch/vcpkg_installed/x64-windows/Microsoft Visual Studio/18/Community/Common7/IDE/VC/vcpackages/mt.com"
      - "D:/WaterSurfaceRendererScratch/vcpkg_installed/x64-windows/Microsoft Visual Studio/18/Community/Common7/IDE/VC/vcpackages/mt.exe"
      - "D:/WaterSurfaceRendererScratch/vcpkg_installed/x64-windows/Microsoft Visual Studio/18/Community/Common7/IDE/VC/vcpackages/mt"
      - "D:/WaterSurfaceRendererScratch/vcpkg_installed/x64-windows/Microsoft Visual Studio/18/Community/Common7/IDE/CommonExtensions/Microsoft/TestWindow/mt.com"
      - "D:/WaterSurfaceRendererScratch/vcpkg_installed/x64-windows/Microsoft Visual Studio/18/Community/Common7/IDE/CommonExtensions/Microsoft/TestWindow/mt.exe"
      - "D:/WaterSurfaceRendererScratch/vcpkg_installed/x64-windows/Microsoft Visual Studio/18/Community/Common7/IDE/CommonExtensions/Microsoft/TestWindow/mt"
      - "D:/WaterSurfaceRendererScratch/vcpkg_installed/x64-windows/Microsoft Visual Studio/18/Community/Common7/IDE/CommonExtensions/Microsoft/TeamFoundation/Team Explorer/mt.com"
      - "D:/WaterSurfaceRendererScratch/vcpkg_installed/x64-windows/Microsoft Visual Studio/18/Community/Common7/IDE/CommonExtensions/Microsoft/TeamFoundation/Team Explorer/mt.exe"
      - "D:/WaterSurfaceRendererScratch/vcpkg_installed/x64-windows/Microsoft Visual Studio/18/Community/Common7/IDE/CommonExtensions/Microsoft/TeamFoundation/Team Explorer/mt"
      - "D:/WaterSurfaceRendererScratch/vcpkg_installed/x64-windows/Microsoft Visual Studio/18/Community/MSBuild/Current/Bin/Roslyn/mt.com"
      - "D:/WaterSurfaceRendererScratch/vcpkg_installed/x64-windows/Microsoft Visual Studio/18/Community/MSBuild/Current/Bin/Roslyn/mt.exe"
      - "D:/WaterSurfaceRendererScratch/vcpkg_installed/x64-windows/Microsoft Visual Studio/18/Community/MSBuild/Current/Bin/Roslyn/mt"
      - "D:/WaterSurfaceRendererScratch/vcpkg_installed/x64-windows/Program Files (x86)/Microsoft SDKs/Windows/v10.0A/bin/NETFX 4.8 Tools/x64/mt.com"
      - "D:/WaterSurfaceRendererScratch/vcpkg_installed/x64-windows/Program Files (x86)/Microsoft SDKs/Windows/v10.0A/bin/NETFX 4.8 Tools/x64/mt.exe"
      - "D:/WaterSurfaceRendererScratch/vcpkg_installed/x64-windows/Program Files (x86)/Microsoft SDKs/Windows/v10.0A/bin/NETFX 4.8 Tools/x64/mt"
      - "D:/WaterSurfaceRendererScratch/vcpkg_installed/x64-windows/Microsoft Visual Studio/18/Community/Team Tools/DiagnosticsHub/Collector/mt.com"
      - "D:/WaterSurfaceRendererScratch/vcpkg_installed/x64-windows/Microsoft Visual Studio/18/Community/Team Tools/DiagnosticsHub/Collector/mt.exe"
      - "D:/WaterSurfaceRendererScratch/vcpkg_installed/x64-windows/Microsoft Visual Studio/18/Community/Team Tools/DiagnosticsHub/Collector/mt"
      - "D:/WaterSurfaceRendererScratch/vcpkg_installed/x64-windows/Microsoft Visual Studio/18/Community/Common7/IDE/Extensions/Microsoft/CodeCoverage.Console/mt.com"
      - "D:/WaterSurfaceRendererScratch/vcpkg_installed/x64-windows/Microsoft Visual Studio/18/Community/Common7/IDE/Extensions/Microsoft/CodeCoverage.Console/mt.exe"
      - "D:/WaterSurfaceRendererScratch/vcpkg_installed/x64-windows/Microsoft Visual Studio/18/Community/Common7/IDE/Extensions/Microsoft/CodeCoverage.Console/mt"
      - "D:/WaterSurfaceRendererScratch/vcpkg_installed/x64-windows/Program Files (x86)/Windows Kits/10/bin/10.0.26100.0/x64/mt.com"
      - "D:/WaterSurfaceRendererScratch/vcpkg_installed/x64-windows/Program Files (x86)/Windows Kits/10/bin/10.0.26100.0/x64/mt.exe"
      - "D:/WaterSurfaceRendererScratch/vcpkg_installed/x64-windows/Program Files (x86)/Windows Kits/10/bin/10.0.26100.0/x64/mt"
      - "D:/WaterSurfaceRendererScratch/vcpkg_installed/x64-windows/Program Files (x86)/Windows Kits/10/bin/x64/mt.com"
      - "D:/WaterSurfaceRendererScratch/vcpkg_installed/x64-windows/Program Files (x86)/Windows Kits/10/bin/x64/mt.exe"
      - "D:/WaterSurfaceRendererScratch/vcpkg_installed/x64-windows/Program Files (x86)/Windows Kits/10/bin/x64/mt"
      - "D:/WaterSurfaceRendererScratch/vcpkg_installed/x64-windows/Microsoft Visual Studio/18/Community/MSBuild/Current/Bin/amd64/mt.com"
      - "D:/WaterSurfaceRendererScratch/vcpkg_installed/x64-windows/Microsoft Visual Studio/18/Community/MSBuild/Current/Bin/amd64/mt.exe"
      - "D:/WaterSurfaceRendererScratch/vcpkg_installed/x64-windows/Microsoft Visual Studio/18/Community/MSBuild/Current/Bin/amd64/mt"
      - "D:/WaterSurfaceRendererScratch/vcpkg_installed/x64-windows/Windows/Microsoft.NET/Framework64/v4.0.30319/mt.com"
      - "D:/WaterSurfaceRendererScratch/vcpkg_installed/x64-windows/Windows/Microsoft.NET/Framework64/v4.0.30319/mt.exe"
      - "D:/WaterSurfaceRendererScratch/vcpkg_installed/x64-windows/Windows/Microsoft.NET/Framework64/v4.0.30319/mt"
      - "D:/WaterSurfaceRendererScratch/vcpkg_installed/x64-windows/Microsoft Visual Studio/18/Community/Common7/IDE/mt.com"
      - "D:/WaterSurfaceRendererScratch/vcpkg_installed/x64-windows/Microsoft Visual Studio/18/Community/Common7/IDE/mt.exe"
      - "D:/WaterSurfaceRendererScratch/vcpkg_installed/x64-windows/Microsoft Visual Studio/18/Community/Common7/IDE/mt"
      - "D:/WaterSurfaceRendererScratch/vcpkg_installed/x64-windows/Microsoft Visual Studio/18/Community/Common7/Tools/mt.com"
      - "D:/WaterSurfaceRendererScratch/vcpkg_installed/x64-windows/Microsoft Visual Studio/18/Community/Common7/Tools/mt.exe"
      - "D:/WaterSurfaceRendererScratch/vcpkg_installed/x64-windows/Microsoft Visual Studio/18/Community/Common7/Tools/mt"
      - "D:/WaterSurfaceRendererScratch/vcpkg_installed/x64-windows/Users/xukeheng/AppData/Local/vcpkg/downloads/tools/powershell-core-7.5.4-windows/mt.com"
      - "D:/WaterSurfaceRendererScratch/vcpkg_installed/x64-windows/Users/xukeheng/AppData/Local/vcpkg/downloads/tools/powershell-core-7.5.4-windows/mt.exe"
      - "D:/WaterSurfaceRendererScratch/vcpkg_installed/x64-windows/Users/xukeheng/AppData/Local/vcpkg/downloads/tools/powershell-core-7.5.4-windows/mt"
      - "D:/WaterSurfaceRendererScratch/vcpkg_installed/x64-windows/Windows/System32/mt.com"
      - "D:/WaterSurfaceRendererScratch/vcpkg_installed/x64-windows/Windows/System32/mt.exe"
      - "D:/WaterSurfaceRendererScratch/vcpkg_installed/x64-windows/Windows/System32/mt"
      - "D:/WaterSurfaceRendererScratch/vcpkg_installed/x64-windows/Windows/mt.com"
      - "D:/WaterSurfaceRendererScratch/vcpkg_installed/x64-windows/Windows/mt.exe"
      - "D:/WaterSurfaceRendererScratch/vcpkg_installed/x64-windows/Windows/mt"
      - "D:/WaterSurfaceRendererScratch/vcpkg_installed/x64-windows/Windows/System32/wbem/mt.com"
      - "D:/WaterSurfaceRendererScratch/vcpkg_installed/x64-windows/Windows/System32/wbem/mt.exe"
      - "D:/WaterSurfaceRendererScratch/vcpkg_installed/x64-windows/Windows/System32/wbem/mt"
      - "D:/WaterSurfaceRendererScratch/vcpkg_installed/x64-windows/Windows/System32/WindowsPowerShell/v1.0/mt.com"
      - "D:/WaterSurfaceRendererScratch/vcpkg_installed/x64-windows/Windows/System32/WindowsPowerShell/v1.0/mt.exe"
      - "D:/WaterSurfaceRendererScratch/vcpkg_installed/x64-windows/Windows/System32/WindowsPowerShell/v1.0/mt"
      - "D:/WaterSurfaceRendererScratch/vcpkg_installed/x64-windows/Windows/System32/OpenSSH/mt.com"
      - "D:/WaterSurfaceRendererScratch/vcpkg_installed/x64-windows/Windows/System32/OpenSSH/mt.exe"
      - "D:/WaterSurfaceRendererScratch/vcpkg_installed/x64-windows/Windows/System32/OpenSSH/mt"
      - "D:/WaterSurfaceRendererScratch/vcpkg_installed/x64-windows/Microsoft Visual Studio/18/Community/Common7/IDE/CommonExtensions/Microsoft/CMake/CMake/bin/mt.com"
      - "D:/WaterSurfaceRendererScratch/vcpkg_installed/x64-windows/Microsoft Visual Studio/18/Community/Common7/IDE/CommonExtensions/Microsoft/CMake/CMake/bin/mt.exe"
      - "D:/WaterSurfaceRendererScratch/vcpkg_installed/x64-windows/Microsoft Visual Studio/18/Community/Common7/IDE/CommonExtensions/Microsoft/CMake/CMake/bin/mt"
      - "D:/WaterSurfaceRendererScratch/vcpkg_installed/x64-windows/Microsoft Visual Studio/18/Community/Common7/IDE/CommonExtensions/Microsoft/CMake/Ninja/mt.com"
      - "D:/WaterSurfaceRendererScratch/vcpkg_installed/x64-windows/Microsoft Visual Studio/18/Community/Common7/IDE/CommonExtensions/Microsoft/CMake/Ninja/mt.exe"
      - "D:/WaterSurfaceRendererScratch/vcpkg_installed/x64-windows/Microsoft Visual Studio/18/Community/Common7/IDE/CommonExtensions/Microsoft/CMake/Ninja/mt"
      - "D:/WaterSurfaceRendererScratch/vcpkg_installed/x64-windows/Microsoft Visual Studio/18/Community/Common7/IDE/VC/Linux/bin/ConnectionManagerExe/mt.com"
      - "D:/WaterSurfaceRendererScratch/vcpkg_installed/x64-windows/Microsoft Visual Studio/18/Community/Common7/IDE/VC/Linux/bin/ConnectionManagerExe/mt.exe"
      - "D:/WaterSurfaceRendererScratch/vcpkg_installed/x64-windows/Microsoft Visual Studio/18/Community/Common7/IDE/VC/Linux/bin/ConnectionManagerExe/mt"
      - "D:/WaterSurfaceRendererScratch/vcpkg_installed/x64-windows/Microsoft Visual Studio/18/Community/VC/vcpkg/mt.com"
      - "D:/WaterSurfaceRendererScratch/vcpkg_installed/x64-windows/Microsoft Visual Studio/18/Community/VC/vcpkg/mt.exe"
      - "D:/WaterSurfaceRendererScratch/vcpkg_installed/x64-windows/Microsoft Visual Studio/18/Community/VC/vcpkg/mt"
      - "D:/Microsoft Visual Studio/18/Community/VC/Tools/MSVC/14.51.36231/bin/Hostx64/x64/mt.com"
      - "D:/Microsoft Visual Studio/18/Community/VC/Tools/MSVC/14.51.36231/bin/Hostx64/x64/mt.exe"
      - "D:/Microsoft Visual Studio/18/Community/VC/Tools/MSVC/14.51.36231/bin/Hostx64/x64/mt"
      - "D:/Microsoft Visual Studio/18/Community/Common7/IDE/VC/vcpackages/mt.com"
      - "D:/Microsoft Visual Studio/18/Community/Common7/IDE/VC/vcpackages/mt.exe"
      - "D:/Microsoft Visual Studio/18/Community/Common7/IDE/VC/vcpackages/mt"
      - "D:/Microsoft Visual Studio/18/Community/Common7/IDE/CommonExtensions/Microsoft/TestWindow/mt.com"
      - "D:/Microsoft Visual Studio/18/Community/Common7/IDE/CommonExtensions/Microsoft/TestWindow/mt.exe"
      - "D:/Microsoft Visual Studio/18/Community/Common7/IDE/CommonExtensions/Microsoft/TestWindow/mt"
      - "D:/Microsoft Visual Studio/18/Community/Common7/IDE/CommonExtensions/Microsoft/TeamFoundation/Team Explorer/mt.com"
      - "D:/Microsoft Visual Studio/18/Community/Common7/IDE/CommonExtensions/Microsoft/TeamFoundation/Team Explorer/mt.exe"
      - "D:/Microsoft Visual Studio/18/Community/Common7/IDE/CommonExtensions/Microsoft/TeamFoundation/Team Explorer/mt"
      - "D:/Microsoft Visual Studio/18/Community/MSBuild/Current/Bin/Roslyn/mt.com"
      - "D:/Microsoft Visual Studio/18/Community/MSBuild/Current/Bin/Roslyn/mt.exe"
      - "D:/Microsoft Visual Studio/18/Community/MSBuild/Current/Bin/Roslyn/mt"
      - "C:/Program Files (x86)/Microsoft SDKs/Windows/v10.0A/bin/NETFX 4.8 Tools/x64/mt.com"
      - "C:/Program Files (x86)/Microsoft SDKs/Windows/v10.0A/bin/NETFX 4.8 Tools/x64/mt.exe"
      - "C:/Program Files (x86)/Microsoft SDKs/Windows/v10.0A/bin/NETFX 4.8 Tools/x64/mt"
      - "D:/Microsoft Visual Studio/18/Community/Team Tools/DiagnosticsHub/Collector/mt.com"
      - "D:/Microsoft Visual Studio/18/Community/Team Tools/DiagnosticsHub/Collector/mt.exe"
      - "D:/Microsoft Visual Studio/18/Community/Team Tools/DiagnosticsHub/Collector/mt"
      - "D:/Microsoft Visual Studio/18/Community/Common7/IDE/Extensions/Microsoft/CodeCoverage.Console/mt.com"
      - "D:/Microsoft Visual Studio/18/Community/Common7/IDE/Extensions/Microsoft/CodeCoverage.Console/mt.exe"
      - "D:/Microsoft Visual Studio/18/Community/Common7/IDE/Extensions/Microsoft/CodeCoverage.Console/mt"
      - "C:/Program Files (x86)/Windows Kits/10/bin/10.0.26100.0/x64/mt.com"
    found: "C:/Program Files (x86)/Windows Kits/10/bin/10.0.26100.0/x64/mt.exe"
    search_context:
      CMAKE_PROGRAM_PATH:
        - "D:/WaterSurfaceRendererScratch/vcpkg_installed/x64-windows/tools"
      CMAKE_PREFIX_PATH:
        - "D:/WaterSurfaceRendererScratch/vcpkg_installed/x64-windows/debug"
        - "D:/WaterSurfaceRendererScratch/vcpkg_installed/x64-windows"
      ENV{PATH}:
        - "D:\\Microsoft Visual Studio\\18\\Community\\VC\\Tools\\MSVC\\14.51.36231\\bin\\HostX64\\x64"
        - "D:\\Microsoft Visual Studio\\18\\Community\\Common7\\IDE\\VC\\VCPackages"
        - "D:\\Microsoft Visual Studio\\18\\Community\\Common7\\IDE\\CommonExtensions\\Microsoft\\TestWindow"
        - "D:\\Microsoft Visual Studio\\18\\Community\\Common7\\IDE\\CommonExtensions\\Microsoft\\TeamFoundation\\Team Explorer"
        - "D:\\Microsoft Visual Studio\\18\\Community\\MSBuild\\Current\\bin\\Roslyn"
        - "C:\\Program Files (x86)\\Microsoft SDKs\\Windows\\v10.0A\\bin\\NETFX 4.8 Tools\\x64\\"
        - "D:\\Microsoft Visual Studio\\18\\Community\\Team Tools\\DiagnosticsHub\\Collector"
        - "D:\\Microsoft Visual Studio\\18\\Community\\Common7\\IDE\\Extensions\\Microsoft\\CodeCoverage.Console"
        - "C:\\Program Files (x86)\\Windows Kits\\10\\bin\\10.0.26100.0\\\\x64"
        - "C:\\Program Files (x86)\\Windows Kits\\10\\bin\\\\x64"
        - "D:\\Microsoft Visual Studio\\18\\Community\\\\MSBuild\\Current\\Bin\\amd64"
        - "C:\\Windows\\Microsoft.NET\\Framework64\\v4.0.30319"
        - "D:\\Microsoft Visual Studio\\18\\Community\\Common7\\IDE\\"
        - "D:\\Microsoft Visual Studio\\18\\Community\\Common7\\Tools\\"
        - "C:\\Users\\xukeheng\\AppData\\Local\\vcpkg\\downloads\\tools\\powershell-core-7.5.4-windows"
        - "C:\\windows\\system32"
        - "C:\\windows"
        - "C:\\windows\\system32\\Wbem"
        - "C:\\windows\\system32\\WindowsPowerShell\\v1.0\\"
        - "C:\\windows\\system32\\OpenSSH\\"
        - "D:\\Microsoft Visual Studio\\18\\Community\\Common7\\IDE\\CommonExtensions\\Microsoft\\CMake\\CMake\\bin"
        - "D:\\Microsoft Visual Studio\\18\\Community\\Common7\\IDE\\CommonExtensions\\Microsoft\\CMake\\Ninja"
        - "D:\\Microsoft Visual Studio\\18\\Community\\Common7\\IDE\\VC\\Linux\\bin\\ConnectionManagerExe"
        - "D:\\Microsoft Visual Studio\\18\\Community\\VC\\vcpkg"
        - "D:\\Microsoft Visual Studio\\18\\Community\\Common7\\IDE\\CommonExtensions\\Microsoft\\CMake\\Ninja"
      CMAKE_INSTALL_PREFIX: "D:/WaterSurfaceRendererScratch/vcpkg_installed/vcpkg/pkgs/glfw3_x64-windows/debug"
      CMAKE_FIND_ROOT_PATH: "D:/WaterSurfaceRendererScratch/vcpkg_installed/x64-windows/debug;D:/WaterSurfaceRendererScratch/vcpkg_installed/x64-windows"
  -
    kind: "find-v1"
    backtrace:
      - "D:/Microsoft Visual Studio/18/Community/Common7/IDE/CommonExtensions/Microsoft/CMake/CMake/share/cmake-4.3/Modules/CMakeFindBinUtils.cmake:243 (find_program)"
      - "D:/Microsoft Visual Studio/18/Community/Common7/IDE/CommonExtensions/Microsoft/CMake/CMake/share/cmake-4.3/Modules/CMakeDetermineCCompiler.cmake:200 (include)"
      - "CMakeLists.txt:3 (project)"
    mode: "program"
    variable: "CMAKE_AR"
    description: "Path to a program."
    settings:
      SearchFramework: "LAST"
      SearchAppBundle: "LAST"
      CMAKE_FIND_USE_CMAKE_PATH: false
      CMAKE_FIND_USE_CMAKE_ENVIRONMENT_PATH: false
      CMAKE_FIND_USE_SYSTEM_ENVIRONMENT_PATH: true
      CMAKE_FIND_USE_CMAKE_SYSTEM_PATH: true
      CMAKE_FIND_USE_INSTALL_PREFIX: true
    names:
      - "lib"
    candidate_directories:
      - "D:/WaterSurfaceRendererScratch/vcpkg_installed/x64-windows/debug/Microsoft Visual Studio/18/Community/VC/Tools/MSVC/14.51.36231/bin/Hostx64/x64/"
      - "D:/WaterSurfaceRendererScratch/vcpkg_installed/x64-windows/debug/Microsoft Visual Studio/18/Community/Common7/IDE/VC/vcpackages/"
      - "D:/WaterSurfaceRendererScratch/vcpkg_installed/x64-windows/debug/Microsoft Visual Studio/18/Community/Common7/IDE/CommonExtensions/Microsoft/TestWindow/"
      - "D:/WaterSurfaceRendererScratch/vcpkg_installed/x64-windows/debug/Microsoft Visual Studio/18/Community/Common7/IDE/CommonExtensions/Microsoft/TeamFoundation/Team Explorer/"
      - "D:/WaterSurfaceRendererScratch/vcpkg_installed/x64-windows/debug/Microsoft Visual Studio/18/Community/MSBuild/Current/Bin/Roslyn/"
      - "D:/WaterSurfaceRendererScratch/vcpkg_installed/x64-windows/debug/Program Files (x86)/Microsoft SDKs/Windows/v10.0A/bin/NETFX 4.8 Tools/x64/"
      - "D:/WaterSurfaceRendererScratch/vcpkg_installed/x64-windows/debug/Microsoft Visual Studio/18/Community/Team Tools/DiagnosticsHub/Collector/"
      - "D:/WaterSurfaceRendererScratch/vcpkg_installed/x64-windows/debug/Microsoft Visual Studio/18/Community/Common7/IDE/Extensions/Microsoft/CodeCoverage.Console/"
      - "D:/WaterSurfaceRendererScratch/vcpkg_installed/x64-windows/debug/Program Files (x86)/Windows Kits/10/bin/10.0.26100.0/x64/"
      - "D:/WaterSurfaceRendererScratch/vcpkg_installed/x64-windows/debug/Program Files (x86)/Windows Kits/10/bin/x64/"
      - "D:/WaterSurfaceRendererScratch/vcpkg_installed/x64-windows/debug/Microsoft Visual Studio/18/Community/MSBuild/Current/Bin/amd64/"
      - "D:/WaterSurfaceRendererScratch/vcpkg_installed/x64-windows/debug/Windows/Microsoft.NET/Framework64/v4.0.30319/"
      - "D:/WaterSurfaceRendererScratch/vcpkg_installed/x64-windows/debug/Microsoft Visual Studio/18/Community/Common7/IDE/"
      - "D:/WaterSurfaceRendererScratch/vcpkg_installed/x64-windows/debug/Microsoft Visual Studio/18/Community/Common7/Tools/"
      - "D:/WaterSurfaceRendererScratch/vcpkg_installed/x64-windows/debug/Users/xukeheng/AppData/Local/vcpkg/downloads/tools/powershell-core-7.5.4-windows/"
      - "D:/WaterSurfaceRendererScratch/vcpkg_installed/x64-windows/debug/Windows/System32/"
      - "D:/WaterSurfaceRendererScratch/vcpkg_installed/x64-windows/debug/Windows/"
      - "D:/WaterSurfaceRendererScratch/vcpkg_installed/x64-windows/debug/Windows/System32/wbem/"
      - "D:/WaterSurfaceRendererScratch/vcpkg_installed/x64-windows/debug/Windows/System32/WindowsPowerShell/v1.0/"
      - "D:/WaterSurfaceRendererScratch/vcpkg_installed/x64-windows/debug/Windows/System32/OpenSSH/"
      - "D:/WaterSurfaceRendererScratch/vcpkg_installed/x64-windows/debug/Microsoft Visual Studio/18/Community/Common7/IDE/CommonExtensions/Microsoft/CMake/CMake/bin/"
      - "D:/WaterSurfaceRendererScratch/vcpkg_installed/x64-windows/debug/Microsoft Visual Studio/18/Community/Common7/IDE/CommonExtensions/Microsoft/CMake/Ninja/"
      - "D:/WaterSurfaceRendererScratch/vcpkg_installed/x64-windows/debug/Microsoft Visual Studio/18/Community/Common7/IDE/VC/Linux/bin/ConnectionManagerExe/"
      - "D:/WaterSurfaceRendererScratch/vcpkg_installed/x64-windows/debug/Microsoft Visual Studio/18/Community/VC/vcpkg/"
      - "D:/WaterSurfaceRendererScratch/vcpkg_installed/x64-windows/Microsoft Visual Studio/18/Community/VC/Tools/MSVC/14.51.36231/bin/Hostx64/x64/"
      - "D:/WaterSurfaceRendererScratch/vcpkg_installed/x64-windows/Microsoft Visual Studio/18/Community/Common7/IDE/VC/vcpackages/"
      - "D:/WaterSurfaceRendererScratch/vcpkg_installed/x64-windows/Microsoft Visual Studio/18/Community/Common7/IDE/CommonExtensions/Microsoft/TestWindow/"
      - "D:/WaterSurfaceRendererScratch/vcpkg_installed/x64-windows/Microsoft Visual Studio/18/Community/Common7/IDE/CommonExtensions/Microsoft/TeamFoundation/Team Explorer/"
      - "D:/WaterSurfaceRendererScratch/vcpkg_installed/x64-windows/Microsoft Visual Studio/18/Community/MSBuild/Current/Bin/Roslyn/"
      - "D:/WaterSurfaceRendererScratch/vcpkg_installed/x64-windows/Program Files (x86)/Microsoft SDKs/Windows/v10.0A/bin/NETFX 4.8 Tools/x64/"
      - "D:/WaterSurfaceRendererScratch/vcpkg_installed/x64-windows/Microsoft Visual Studio/18/Community/Team Tools/DiagnosticsHub/Collector/"
      - "D:/WaterSurfaceRendererScratch/vcpkg_installed/x64-windows/Microsoft Visual Studio/18/Community/Common7/IDE/Extensions/Microsoft/CodeCoverage.Console/"
      - "D:/WaterSurfaceRendererScratch/vcpkg_installed/x64-windows/Program Files (x86)/Windows Kits/10/bin/10.0.26100.0/x64/"
      - "D:/WaterSurfaceRendererScratch/vcpkg_installed/x64-windows/Program Files (x86)/Windows Kits/10/bin/x64/"
      - "D:/WaterSurfaceRendererScratch/vcpkg_installed/x64-windows/Microsoft Visual Studio/18/Community/MSBuild/Current/Bin/amd64/"
      - "D:/WaterSurfaceRendererScratch/vcpkg_installed/x64-windows/Windows/Microsoft.NET/Framework64/v4.0.30319/"
      - "D:/WaterSurfaceRendererScratch/vcpkg_installed/x64-windows/Microsoft Visual Studio/18/Community/Common7/IDE/"
      - "D:/WaterSurfaceRendererScratch/vcpkg_installed/x64-windows/Microsoft Visual Studio/18/Community/Common7/Tools/"
      - "D:/WaterSurfaceRendererScratch/vcpkg_installed/x64-windows/Users/xukeheng/AppData/Local/vcpkg/downloads/tools/powershell-core-7.5.4-windows/"
      - "D:/WaterSurfaceRendererScratch/vcpkg_installed/x64-windows/Windows/System32/"
      - "D:/WaterSurfaceRendererScratch/vcpkg_installed/x64-windows/Windows/"
      - "D:/WaterSurfaceRendererScratch/vcpkg_installed/x64-windows/Windows/System32/wbem/"
      - "D:/WaterSurfaceRendererScratch/vcpkg_installed/x64-windows/Windows/System32/WindowsPowerShell/v1.0/"
      - "D:/WaterSurfaceRendererScratch/vcpkg_installed/x64-windows/Windows/System32/OpenSSH/"
      - "D:/WaterSurfaceRendererScratch/vcpkg_installed/x64-windows/Microsoft Visual Studio/18/Community/Common7/IDE/CommonExtensions/Microsoft/CMake/CMake/bin/"
      - "D:/WaterSurfaceRendererScratch/vcpkg_installed/x64-windows/Microsoft Visual Studio/18/Community/Common7/IDE/CommonExtensions/Microsoft/CMake/Ninja/"
      - "D:/WaterSurfaceRendererScratch/vcpkg_installed/x64-windows/Microsoft Visual Studio/18/Community/Common7/IDE/VC/Linux/bin/ConnectionManagerExe/"
      - "D:/WaterSurfaceRendererScratch/vcpkg_installed/x64-windows/Microsoft Visual Studio/18/Community/VC/vcpkg/"
      - "D:/Microsoft Visual Studio/18/Community/VC/Tools/MSVC/14.51.36231/bin/Hostx64/x64/"
      - "D:/Microsoft Visual Studio/18/Community/Common7/IDE/VC/vcpackages/"
      - "D:/Microsoft Visual Studio/18/Community/Common7/IDE/CommonExtensions/Microsoft/TestWindow/"
      - "D:/Microsoft Visual Studio/18/Community/Common7/IDE/CommonExtensions/Microsoft/TeamFoundation/Team Explorer/"
      - "D:/Microsoft Visual Studio/18/Community/MSBuild/Current/Bin/Roslyn/"
      - "C:/Program Files (x86)/Microsoft SDKs/Windows/v10.0A/bin/NETFX 4.8 Tools/x64/"
      - "D:/Microsoft Visual Studio/18/Community/Team Tools/DiagnosticsHub/Collector/"
      - "D:/Microsoft Visual Studio/18/Community/Common7/IDE/Extensions/Microsoft/CodeCoverage.Console/"
      - "C:/Program Files (x86)/Windows Kits/10/bin/10.0.26100.0/x64/"
      - "C:/Program Files (x86)/Windows Kits/10/bin/x64/"
      - "D:/Microsoft Visual Studio/18/Community/MSBuild/Current/Bin/amd64/"
      - "C:/Windows/Microsoft.NET/Framework64/v4.0.30319/"
      - "D:/Microsoft Visual Studio/18/Community/Common7/IDE/"
      - "D:/Microsoft Visual Studio/18/Community/Common7/Tools/"
      - "C:/Users/xukeheng/AppData/Local/vcpkg/downloads/tools/powershell-core-7.5.4-windows/"
      - "C:/Windows/System32/"
      - "C:/Windows/"
      - "C:/Windows/System32/wbem/"
      - "C:/Windows/System32/WindowsPowerShell/v1.0/"
      - "C:/Windows/System32/OpenSSH/"
      - "D:/Microsoft Visual Studio/18/Community/Common7/IDE/CommonExtensions/Microsoft/CMake/CMake/bin/"
      - "D:/Microsoft Visual Studio/18/Community/Common7/IDE/CommonExtensions/Microsoft/CMake/Ninja/"
      - "D:/Microsoft Visual Studio/18/Community/Common7/IDE/VC/Linux/bin/ConnectionManagerExe/"
      - "D:/Microsoft Visual Studio/18/Community/VC/vcpkg/"
    searched_directories:
      - "D:/WaterSurfaceRendererScratch/vcpkg_installed/x64-windows/debug/Microsoft Visual Studio/18/Community/VC/Tools/MSVC/14.51.36231/bin/Hostx64/x64/lib.com"
      - "D:/WaterSurfaceRendererScratch/vcpkg_installed/x64-windows/debug/Microsoft Visual Studio/18/Community/VC/Tools/MSVC/14.51.36231/bin/Hostx64/x64/lib.exe"
      - "D:/WaterSurfaceRendererScratch/vcpkg_installed/x64-windows/debug/Microsoft Visual Studio/18/Community/VC/Tools/MSVC/14.51.36231/bin/Hostx64/x64/lib"
      - "D:/WaterSurfaceRendererScratch/vcpkg_installed/x64-windows/debug/Microsoft Visual Studio/18/Community/Common7/IDE/VC/vcpackages/lib.com"
      - "D:/WaterSurfaceRendererScratch/vcpkg_installed/x64-windows/debug/Microsoft Visual Studio/18/Community/Common7/IDE/VC/vcpackages/lib.exe"
      - "D:/WaterSurfaceRendererScratch/vcpkg_installed/x64-windows/debug/Microsoft Visual Studio/18/Community/Common7/IDE/VC/vcpackages/lib"
      - "D:/WaterSurfaceRendererScratch/vcpkg_installed/x64-windows/debug/Microsoft Visual Studio/18/Community/Common7/IDE/CommonExtensions/Microsoft/TestWindow/lib.com"
      - "D:/WaterSurfaceRendererScratch/vcpkg_installed/x64-windows/debug/Microsoft Visual Studio/18/Community/Common7/IDE/CommonExtensions/Microsoft/TestWindow/lib.exe"
      - "D:/WaterSurfaceRendererScratch/vcpkg_installed/x64-windows/debug/Microsoft Visual Studio/18/Community/Common7/IDE/CommonExtensions/Microsoft/TestWindow/lib"
      - "D:/WaterSurfaceRendererScratch/vcpkg_installed/x64-windows/debug/Microsoft Visual Studio/18/Community/Common7/IDE/CommonExtensions/Microsoft/TeamFoundation/Team Explorer/lib.com"
      - "D:/WaterSurfaceRendererScratch/vcpkg_installed/x64-windows/debug/Microsoft Visual Studio/18/Community/Common7/IDE/CommonExtensions/Microsoft/TeamFoundation/Team Explorer/lib.exe"
      - "D:/WaterSurfaceRendererScratch/vcpkg_installed/x64-windows/debug/Microsoft Visual Studio/18/Community/Common7/IDE/CommonExtensions/Microsoft/TeamFoundation/Team Explorer/lib"
      - "D:/WaterSurfaceRendererScratch/vcpkg_installed/x64-windows/debug/Microsoft Visual Studio/18/Community/MSBuild/Current/Bin/Roslyn/lib.com"
      - "D:/WaterSurfaceRendererScratch/vcpkg_installed/x64-windows/debug/Microsoft Visual Studio/18/Community/MSBuild/Current/Bin/Roslyn/lib.exe"
      - "D:/WaterSurfaceRendererScratch/vcpkg_installed/x64-windows/debug/Microsoft Visual Studio/18/Community/MSBuild/Current/Bin/Roslyn/lib"
      - "D:/WaterSurfaceRendererScratch/vcpkg_installed/x64-windows/debug/Program Files (x86)/Microsoft SDKs/Windows/v10.0A/bin/NETFX 4.8 Tools/x64/lib.com"
      - "D:/WaterSurfaceRendererScratch/vcpkg_installed/x64-windows/debug/Program Files (x86)/Microsoft SDKs/Windows/v10.0A/bin/NETFX 4.8 Tools/x64/lib.exe"
      - "D:/WaterSurfaceRendererScratch/vcpkg_installed/x64-windows/debug/Program Files (x86)/Microsoft SDKs/Windows/v10.0A/bin/NETFX 4.8 Tools/x64/lib"
      - "D:/WaterSurfaceRendererScratch/vcpkg_installed/x64-windows/debug/Microsoft Visual Studio/18/Community/Team Tools/DiagnosticsHub/Collector/lib.com"
      - "D:/WaterSurfaceRendererScratch/vcpkg_installed/x64-windows/debug/Microsoft Visual Studio/18/Community/Team Tools/DiagnosticsHub/Collector/lib.exe"
      - "D:/WaterSurfaceRendererScratch/vcpkg_installed/x64-windows/debug/Microsoft Visual Studio/18/Community/Team Tools/DiagnosticsHub/Collector/lib"
      - "D:/WaterSurfaceRendererScratch/vcpkg_installed/x64-windows/debug/Microsoft Visual Studio/18/Community/Common7/IDE/Extensions/Microsoft/CodeCoverage.Console/lib.com"
      - "D:/WaterSurfaceRendererScratch/vcpkg_installed/x64-windows/debug/Microsoft Visual Studio/18/Community/Common7/IDE/Extensions/Microsoft/CodeCoverage.Console/lib.exe"
      - "D:/WaterSurfaceRendererScratch/vcpkg_installed/x64-windows/debug/Microsoft Visual Studio/18/Community/Common7/IDE/Extensions/Microsoft/CodeCoverage.Console/lib"
      - "D:/WaterSurfaceRendererScratch/vcpkg_installed/x64-windows/debug/Program Files (x86)/Windows Kits/10/bin/10.0.26100.0/x64/lib.com"
      - "D:/WaterSurfaceRendererScratch/vcpkg_installed/x64-windows/debug/Program Files (x86)/Windows Kits/10/bin/10.0.26100.0/x64/lib.exe"
      - "D:/WaterSurfaceRendererScratch/vcpkg_installed/x64-windows/debug/Program Files (x86)/Windows Kits/10/bin/10.0.26100.0/x64/lib"
      - "D:/WaterSurfaceRendererScratch/vcpkg_installed/x64-windows/debug/Program Files (x86)/Windows Kits/10/bin/x64/lib.com"
      - "D:/WaterSurfaceRendererScratch/vcpkg_installed/x64-windows/debug/Program Files (x86)/Windows Kits/10/bin/x64/lib.exe"
      - "D:/WaterSurfaceRendererScratch/vcpkg_installed/x64-windows/debug/Program Files (x86)/Windows Kits/10/bin/x64/lib"
      - "D:/WaterSurfaceRendererScratch/vcpkg_installed/x64-windows/debug/Microsoft Visual Studio/18/Community/MSBuild/Current/Bin/amd64/lib.com"
      - "D:/WaterSurfaceRendererScratch/vcpkg_installed/x64-windows/debug/Microsoft Visual Studio/18/Community/MSBuild/Current/Bin/amd64/lib.exe"
      - "D:/WaterSurfaceRendererScratch/vcpkg_installed/x64-windows/debug/Microsoft Visual Studio/18/Community/MSBuild/Current/Bin/amd64/lib"
      - "D:/WaterSurfaceRendererScratch/vcpkg_installed/x64-windows/debug/Windows/Microsoft.NET/Framework64/v4.0.30319/lib.com"
      - "D:/WaterSurfaceRendererScratch/vcpkg_installed/x64-windows/debug/Windows/Microsoft.NET/Framework64/v4.0.30319/lib.exe"
      - "D:/WaterSurfaceRendererScratch/vcpkg_installed/x64-windows/debug/Windows/Microsoft.NET/Framework64/v4.0.30319/lib"
      - "D:/WaterSurfaceRendererScratch/vcpkg_installed/x64-windows/debug/Microsoft Visual Studio/18/Community/Common7/IDE/lib.com"
      - "D:/WaterSurfaceRendererScratch/vcpkg_installed/x64-windows/debug/Microsoft Visual Studio/18/Community/Common7/IDE/lib.exe"
      - "D:/WaterSurfaceRendererScratch/vcpkg_installed/x64-windows/debug/Microsoft Visual Studio/18/Community/Common7/IDE/lib"
      - "D:/WaterSurfaceRendererScratch/vcpkg_installed/x64-windows/debug/Microsoft Visual Studio/18/Community/Common7/Tools/lib.com"
      - "D:/WaterSurfaceRendererScratch/vcpkg_installed/x64-windows/debug/Microsoft Visual Studio/18/Community/Common7/Tools/lib.exe"
      - "D:/WaterSurfaceRendererScratch/vcpkg_installed/x64-windows/debug/Microsoft Visual Studio/18/Community/Common7/Tools/lib"
      - "D:/WaterSurfaceRendererScratch/vcpkg_installed/x64-windows/debug/Users/xukeheng/AppData/Local/vcpkg/downloads/tools/powershell-core-7.5.4-windows/lib.com"
      - "D:/WaterSurfaceRendererScratch/vcpkg_installed/x64-windows/debug/Users/xukeheng/AppData/Local/vcpkg/downloads/tools/powershell-core-7.5.4-windows/lib.exe"
      - "D:/WaterSurfaceRendererScratch/vcpkg_installed/x64-windows/debug/Users/xukeheng/AppData/Local/vcpkg/downloads/tools/powershell-core-7.5.4-windows/lib"
      - "D:/WaterSurfaceRendererScratch/vcpkg_installed/x64-windows/debug/Windows/System32/lib.com"
      - "D:/WaterSurfaceRendererScratch/vcpkg_installed/x64-windows/debug/Windows/System32/lib.exe"
      - "D:/WaterSurfaceRendererScratch/vcpkg_installed/x64-windows/debug/Windows/System32/lib"
      - "D:/WaterSurfaceRendererScratch/vcpkg_installed/x64-windows/debug/Windows/lib.com"
      - "D:/WaterSurfaceRendererScratch/vcpkg_installed/x64-windows/debug/Windows/lib.exe"
      - "D:/WaterSurfaceRendererScratch/vcpkg_installed/x64-windows/debug/Windows/lib"
      - "D:/WaterSurfaceRendererScratch/vcpkg_installed/x64-windows/debug/Windows/System32/wbem/lib.com"
      - "D:/WaterSurfaceRendererScratch/vcpkg_installed/x64-windows/debug/Windows/System32/wbem/lib.exe"
      - "D:/WaterSurfaceRendererScratch/vcpkg_installed/x64-windows/debug/Windows/System32/wbem/lib"
      - "D:/WaterSurfaceRendererScratch/vcpkg_installed/x64-windows/debug/Windows/System32/WindowsPowerShell/v1.0/lib.com"
      - "D:/WaterSurfaceRendererScratch/vcpkg_installed/x64-windows/debug/Windows/System32/WindowsPowerShell/v1.0/lib.exe"
      - "D:/WaterSurfaceRendererScratch/vcpkg_installed/x64-windows/debug/Windows/System32/WindowsPowerShell/v1.0/lib"
      - "D:/WaterSurfaceRendererScratch/vcpkg_installed/x64-windows/debug/Windows/System32/OpenSSH/lib.com"
      - "D:/WaterSurfaceRendererScratch/vcpkg_installed/x64-windows/debug/Windows/System32/OpenSSH/lib.exe"
      - "D:/WaterSurfaceRendererScratch/vcpkg_installed/x64-windows/debug/Windows/System32/OpenSSH/lib"
      - "D:/WaterSurfaceRendererScratch/vcpkg_installed/x64-windows/debug/Microsoft Visual Studio/18/Community/Common7/IDE/CommonExtensions/Microsoft/CMake/CMake/bin/lib.com"
      - "D:/WaterSurfaceRendererScratch/vcpkg_installed/x64-windows/debug/Microsoft Visual Studio/18/Community/Common7/IDE/CommonExtensions/Microsoft/CMake/CMake/bin/lib.exe"
      - "D:/WaterSurfaceRendererScratch/vcpkg_installed/x64-windows/debug/Microsoft Visual Studio/18/Community/Common7/IDE/CommonExtensions/Microsoft/CMake/CMake/bin/lib"
      - "D:/WaterSurfaceRendererScratch/vcpkg_installed/x64-windows/debug/Microsoft Visual Studio/18/Community/Common7/IDE/CommonExtensions/Microsoft/CMake/Ninja/lib.com"
      - "D:/WaterSurfaceRendererScratch/vcpkg_installed/x64-windows/debug/Microsoft Visual Studio/18/Community/Common7/IDE/CommonExtensions/Microsoft/CMake/Ninja/lib.exe"
      - "D:/WaterSurfaceRendererScratch/vcpkg_installed/x64-windows/debug/Microsoft Visual Studio/18/Community/Common7/IDE/CommonExtensions/Microsoft/CMake/Ninja/lib"
      - "D:/WaterSurfaceRendererScratch/vcpkg_installed/x64-windows/debug/Microsoft Visual Studio/18/Community/Common7/IDE/VC/Linux/bin/ConnectionManagerExe/lib.com"
      - "D:/WaterSurfaceRendererScratch/vcpkg_installed/x64-windows/debug/Microsoft Visual Studio/18/Community/Common7/IDE/VC/Linux/bin/ConnectionManagerExe/lib.exe"
      - "D:/WaterSurfaceRendererScratch/vcpkg_installed/x64-windows/debug/Microsoft Visual Studio/18/Community/Common7/IDE/VC/Linux/bin/ConnectionManagerExe/lib"
      - "D:/WaterSurfaceRendererScratch/vcpkg_installed/x64-windows/debug/Microsoft Visual Studio/18/Community/VC/vcpkg/lib.com"
      - "D:/WaterSurfaceRendererScratch/vcpkg_installed/x64-windows/debug/Microsoft Visual Studio/18/Community/VC/vcpkg/lib.exe"
      - "D:/WaterSurfaceRendererScratch/vcpkg_installed/x64-windows/debug/Microsoft Visual Studio/18/Community/VC/vcpkg/lib"
      - "D:/WaterSurfaceRendererScratch/vcpkg_installed/x64-windows/Microsoft Visual Studio/18/Community/VC/Tools/MSVC/14.51.36231/bin/Hostx64/x64/lib.com"
      - "D:/WaterSurfaceRendererScratch/vcpkg_installed/x64-windows/Microsoft Visual Studio/18/Community/VC/Tools/MSVC/14.51.36231/bin/Hostx64/x64/lib.exe"
      - "D:/WaterSurfaceRendererScratch/vcpkg_installed/x64-windows/Microsoft Visual Studio/18/Community/VC/Tools/MSVC/14.51.36231/bin/Hostx64/x64/lib"
      - "D:/WaterSurfaceRendererScratch/vcpkg_installed/x64-windows/Microsoft Visual Studio/18/Community/Common7/IDE/VC/vcpackages/lib.com"
      - "D:/WaterSurfaceRendererScratch/vcpkg_installed/x64-windows/Microsoft Visual Studio/18/Community/Common7/IDE/VC/vcpackages/lib.exe"
      - "D:/WaterSurfaceRendererScratch/vcpkg_installed/x64-windows/Microsoft Visual Studio/18/Community/Common7/IDE/VC/vcpackages/lib"
      - "D:/WaterSurfaceRendererScratch/vcpkg_installed/x64-windows/Microsoft Visual Studio/18/Community/Common7/IDE/CommonExtensions/Microsoft/TestWindow/lib.com"
      - "D:/WaterSurfaceRendererScratch/vcpkg_installed/x64-windows/Microsoft Visual Studio/18/Community/Common7/IDE/CommonExtensions/Microsoft/TestWindow/lib.exe"
      - "D:/WaterSurfaceRendererScratch/vcpkg_installed/x64-windows/Microsoft Visual Studio/18/Community/Common7/IDE/CommonExtensions/Microsoft/TestWindow/lib"
      - "D:/WaterSurfaceRendererScratch/vcpkg_installed/x64-windows/Microsoft Visual Studio/18/Community/Common7/IDE/CommonExtensions/Microsoft/TeamFoundation/Team Explorer/lib.com"
      - "D:/WaterSurfaceRendererScratch/vcpkg_installed/x64-windows/Microsoft Visual Studio/18/Community/Common7/IDE/CommonExtensions/Microsoft/TeamFoundation/Team Explorer/lib.exe"
      - "D:/WaterSurfaceRendererScratch/vcpkg_installed/x64-windows/Microsoft Visual Studio/18/Community/Common7/IDE/CommonExtensions/Microsoft/TeamFoundation/Team Explorer/lib"
      - "D:/WaterSurfaceRendererScratch/vcpkg_installed/x64-windows/Microsoft Visual Studio/18/Community/MSBuild/Current/Bin/Roslyn/lib.com"
      - "D:/WaterSurfaceRendererScratch/vcpkg_installed/x64-windows/Microsoft Visual Studio/18/Community/MSBuild/Current/Bin/Roslyn/lib.exe"
      - "D:/WaterSurfaceRendererScratch/vcpkg_installed/x64-windows/Microsoft Visual Studio/18/Community/MSBuild/Current/Bin/Roslyn/lib"
      - "D:/WaterSurfaceRendererScratch/vcpkg_installed/x64-windows/Program Files (x86)/Microsoft SDKs/Windows/v10.0A/bin/NETFX 4.8 Tools/x64/lib.com"
      - "D:/WaterSurfaceRendererScratch/vcpkg_installed/x64-windows/Program Files (x86)/Microsoft SDKs/Windows/v10.0A/bin/NETFX 4.8 Tools/x64/lib.exe"
      - "D:/WaterSurfaceRendererScratch/vcpkg_installed/x64-windows/Program Files (x86)/Microsoft SDKs/Windows/v10.0A/bin/NETFX 4.8 Tools/x64/lib"
      - "D:/WaterSurfaceRendererScratch/vcpkg_installed/x64-windows/Microsoft Visual Studio/18/Community/Team Tools/DiagnosticsHub/Collector/lib.com"
      - "D:/WaterSurfaceRendererScratch/vcpkg_installed/x64-windows/Microsoft Visual Studio/18/Community/Team Tools/DiagnosticsHub/Collector/lib.exe"
      - "D:/WaterSurfaceRendererScratch/vcpkg_installed/x64-windows/Microsoft Visual Studio/18/Community/Team Tools/DiagnosticsHub/Collector/lib"
      - "D:/WaterSurfaceRendererScratch/vcpkg_installed/x64-windows/Microsoft Visual Studio/18/Community/Common7/IDE/Extensions/Microsoft/CodeCoverage.Console/lib.com"
      - "D:/WaterSurfaceRendererScratch/vcpkg_installed/x64-windows/Microsoft Visual Studio/18/Community/Common7/IDE/Extensions/Microsoft/CodeCoverage.Console/lib.exe"
      - "D:/WaterSurfaceRendererScratch/vcpkg_installed/x64-windows/Microsoft Visual Studio/18/Community/Common7/IDE/Extensions/Microsoft/CodeCoverage.Console/lib"
      - "D:/WaterSurfaceRendererScratch/vcpkg_installed/x64-windows/Program Files (x86)/Windows Kits/10/bin/10.0.26100.0/x64/lib.com"
      - "D:/WaterSurfaceRendererScratch/vcpkg_installed/x64-windows/Program Files (x86)/Windows Kits/10/bin/10.0.26100.0/x64/lib.exe"
      - "D:/WaterSurfaceRendererScratch/vcpkg_installed/x64-windows/Program Files (x86)/Windows Kits/10/bin/10.0.26100.0/x64/lib"
      - "D:/WaterSurfaceRendererScratch/vcpkg_installed/x64-windows/Program Files (x86)/Windows Kits/10/bin/x64/lib.com"
      - "D:/WaterSurfaceRendererScratch/vcpkg_installed/x64-windows/Program Files (x86)/Windows Kits/10/bin/x64/lib.exe"
      - "D:/WaterSurfaceRendererScratch/vcpkg_installed/x64-windows/Program Files (x86)/Windows Kits/10/bin/x64/lib"
      - "D:/WaterSurfaceRendererScratch/vcpkg_installed/x64-windows/Microsoft Visual Studio/18/Community/MSBuild/Current/Bin/amd64/lib.com"
      - "D:/WaterSurfaceRendererScratch/vcpkg_installed/x64-windows/Microsoft Visual Studio/18/Community/MSBuild/Current/Bin/amd64/lib.exe"
      - "D:/WaterSurfaceRendererScratch/vcpkg_installed/x64-windows/Microsoft Visual Studio/18/Community/MSBuild/Current/Bin/amd64/lib"
      - "D:/WaterSurfaceRendererScratch/vcpkg_installed/x64-windows/Windows/Microsoft.NET/Framework64/v4.0.30319/lib.com"
      - "D:/WaterSurfaceRendererScratch/vcpkg_installed/x64-windows/Windows/Microsoft.NET/Framework64/v4.0.30319/lib.exe"
      - "D:/WaterSurfaceRendererScratch/vcpkg_installed/x64-windows/Windows/Microsoft.NET/Framework64/v4.0.30319/lib"
      - "D:/WaterSurfaceRendererScratch/vcpkg_installed/x64-windows/Microsoft Visual Studio/18/Community/Common7/IDE/lib.com"
      - "D:/WaterSurfaceRendererScratch/vcpkg_installed/x64-windows/Microsoft Visual Studio/18/Community/Common7/IDE/lib.exe"
      - "D:/WaterSurfaceRendererScratch/vcpkg_installed/x64-windows/Microsoft Visual Studio/18/Community/Common7/IDE/lib"
      - "D:/WaterSurfaceRendererScratch/vcpkg_installed/x64-windows/Microsoft Visual Studio/18/Community/Common7/Tools/lib.com"
      - "D:/WaterSurfaceRendererScratch/vcpkg_installed/x64-windows/Microsoft Visual Studio/18/Community/Common7/Tools/lib.exe"
      - "D:/WaterSurfaceRendererScratch/vcpkg_installed/x64-windows/Microsoft Visual Studio/18/Community/Common7/Tools/lib"
      - "D:/WaterSurfaceRendererScratch/vcpkg_installed/x64-windows/Users/xukeheng/AppData/Local/vcpkg/downloads/tools/powershell-core-7.5.4-windows/lib.com"
      - "D:/WaterSurfaceRendererScratch/vcpkg_installed/x64-windows/Users/xukeheng/AppData/Local/vcpkg/downloads/tools/powershell-core-7.5.4-windows/lib.exe"
      - "D:/WaterSurfaceRendererScratch/vcpkg_installed/x64-windows/Users/xukeheng/AppData/Local/vcpkg/downloads/tools/powershell-core-7.5.4-windows/lib"
      - "D:/WaterSurfaceRendererScratch/vcpkg_installed/x64-windows/Windows/System32/lib.com"
      - "D:/WaterSurfaceRendererScratch/vcpkg_installed/x64-windows/Windows/System32/lib.exe"
      - "D:/WaterSurfaceRendererScratch/vcpkg_installed/x64-windows/Windows/System32/lib"
      - "D:/WaterSurfaceRendererScratch/vcpkg_installed/x64-windows/Windows/lib.com"
      - "D:/WaterSurfaceRendererScratch/vcpkg_installed/x64-windows/Windows/lib.exe"
      - "D:/WaterSurfaceRendererScratch/vcpkg_installed/x64-windows/Windows/lib"
      - "D:/WaterSurfaceRendererScratch/vcpkg_installed/x64-windows/Windows/System32/wbem/lib.com"
      - "D:/WaterSurfaceRendererScratch/vcpkg_installed/x64-windows/Windows/System32/wbem/lib.exe"
      - "D:/WaterSurfaceRendererScratch/vcpkg_installed/x64-windows/Windows/System32/wbem/lib"
      - "D:/WaterSurfaceRendererScratch/vcpkg_installed/x64-windows/Windows/System32/WindowsPowerShell/v1.0/lib.com"
      - "D:/WaterSurfaceRendererScratch/vcpkg_installed/x64-windows/Windows/System32/WindowsPowerShell/v1.0/lib.exe"
      - "D:/WaterSurfaceRendererScratch/vcpkg_installed/x64-windows/Windows/System32/WindowsPowerShell/v1.0/lib"
      - "D:/WaterSurfaceRendererScratch/vcpkg_installed/x64-windows/Windows/System32/OpenSSH/lib.com"
      - "D:/WaterSurfaceRendererScratch/vcpkg_installed/x64-windows/Windows/System32/OpenSSH/lib.exe"
      - "D:/WaterSurfaceRendererScratch/vcpkg_installed/x64-windows/Windows/System32/OpenSSH/lib"
      - "D:/WaterSurfaceRendererScratch/vcpkg_installed/x64-windows/Microsoft Visual Studio/18/Community/Common7/IDE/CommonExtensions/Microsoft/CMake/CMake/bin/lib.com"
      - "D:/WaterSurfaceRendererScratch/vcpkg_installed/x64-windows/Microsoft Visual Studio/18/Community/Common7/IDE/CommonExtensions/Microsoft/CMake/CMake/bin/lib.exe"
      - "D:/WaterSurfaceRendererScratch/vcpkg_installed/x64-windows/Microsoft Visual Studio/18/Community/Common7/IDE/CommonExtensions/Microsoft/CMake/CMake/bin/lib"
      - "D:/WaterSurfaceRendererScratch/vcpkg_installed/x64-windows/Microsoft Visual Studio/18/Community/Common7/IDE/CommonExtensions/Microsoft/CMake/Ninja/lib.com"
      - "D:/WaterSurfaceRendererScratch/vcpkg_installed/x64-windows/Microsoft Visual Studio/18/Community/Common7/IDE/CommonExtensions/Microsoft/CMake/Ninja/lib.exe"
      - "D:/WaterSurfaceRendererScratch/vcpkg_installed/x64-windows/Microsoft Visual Studio/18/Community/Common7/IDE/CommonExtensions/Microsoft/CMake/Ninja/lib"
      - "D:/WaterSurfaceRendererScratch/vcpkg_installed/x64-windows/Microsoft Visual Studio/18/Community/Common7/IDE/VC/Linux/bin/ConnectionManagerExe/lib.com"
      - "D:/WaterSurfaceRendererScratch/vcpkg_installed/x64-windows/Microsoft Visual Studio/18/Community/Common7/IDE/VC/Linux/bin/ConnectionManagerExe/lib.exe"
      - "D:/WaterSurfaceRendererScratch/vcpkg_installed/x64-windows/Microsoft Visual Studio/18/Community/Common7/IDE/VC/Linux/bin/ConnectionManagerExe/lib"
      - "D:/WaterSurfaceRendererScratch/vcpkg_installed/x64-windows/Microsoft Visual Studio/18/Community/VC/vcpkg/lib.com"
      - "D:/WaterSurfaceRendererScratch/vcpkg_installed/x64-windows/Microsoft Visual Studio/18/Community/VC/vcpkg/lib.exe"
      - "D:/WaterSurfaceRendererScratch/vcpkg_installed/x64-windows/Microsoft Visual Studio/18/Community/VC/vcpkg/lib"
      - "D:/Microsoft Visual Studio/18/Community/VC/Tools/MSVC/14.51.36231/bin/Hostx64/x64/lib.com"
    found: "D:/Microsoft Visual Studio/18/Community/VC/Tools/MSVC/14.51.36231/bin/Hostx64/x64/lib.exe"
    search_context:
      CMAKE_PROGRAM_PATH:
        - "D:/WaterSurfaceRendererScratch/vcpkg_installed/x64-windows/tools"
      CMAKE_PREFIX_PATH:
        - "D:/WaterSurfaceRendererScratch/vcpkg_installed/x64-windows/debug"
        - "D:/WaterSurfaceRendererScratch/vcpkg_installed/x64-windows"
      ENV{PATH}:
        - "D:\\Microsoft Visual Studio\\18\\Community\\VC\\Tools\\MSVC\\14.51.36231\\bin\\HostX64\\x64"
        - "D:\\Microsoft Visual Studio\\18\\Community\\Common7\\IDE\\VC\\VCPackages"
        - "D:\\Microsoft Visual Studio\\18\\Community\\Common7\\IDE\\CommonExtensions\\Microsoft\\TestWindow"
        - "D:\\Microsoft Visual Studio\\18\\Community\\Common7\\IDE\\CommonExtensions\\Microsoft\\TeamFoundation\\Team Explorer"
        - "D:\\Microsoft Visual Studio\\18\\Community\\MSBuild\\Current\\bin\\Roslyn"
        - "C:\\Program Files (x86)\\Microsoft SDKs\\Windows\\v10.0A\\bin\\NETFX 4.8 Tools\\x64\\"
        - "D:\\Microsoft Visual Studio\\18\\Community\\Team Tools\\DiagnosticsHub\\Collector"
        - "D:\\Microsoft Visual Studio\\18\\Community\\Common7\\IDE\\Extensions\\Microsoft\\CodeCoverage.Console"
        - "C:\\Program Files (x86)\\Windows Kits\\10\\bin\\10.0.26100.0\\\\x64"
        - "C:\\Program Files (x86)\\Windows Kits\\10\\bin\\\\x64"
        - "D:\\Microsoft Visual Studio\\18\\Community\\\\MSBuild\\Current\\Bin\\amd64"
        - "C:\\Windows\\Microsoft.NET\\Framework64\\v4.0.30319"
        - "D:\\Microsoft Visual Studio\\18\\Community\\Common7\\IDE\\"
        - "D:\\Microsoft Visual Studio\\18\\Community\\Common7\\Tools\\"
        - "C:\\Users\\xukeheng\\AppData\\Local\\vcpkg\\downloads\\tools\\powershell-core-7.5.4-windows"
        - "C:\\windows\\system32"
        - "C:\\windows"
        - "C:\\windows\\system32\\Wbem"
        - "C:\\windows\\system32\\WindowsPowerShell\\v1.0\\"
        - "C:\\windows\\system32\\OpenSSH\\"
        - "D:\\Microsoft Visual Studio\\18\\Community\\Common7\\IDE\\CommonExtensions\\Microsoft\\CMake\\CMake\\bin"
        - "D:\\Microsoft Visual Studio\\18\\Community\\Common7\\IDE\\CommonExtensions\\Microsoft\\CMake\\Ninja"
        - "D:\\Microsoft Visual Studio\\18\\Community\\Common7\\IDE\\VC\\Linux\\bin\\ConnectionManagerExe"
        - "D:\\Microsoft Visual Studio\\18\\Community\\VC\\vcpkg"
        - "D:\\Microsoft Visual Studio\\18\\Community\\Common7\\IDE\\CommonExtensions\\Microsoft\\CMake\\Ninja"
      CMAKE_INSTALL_PREFIX: "D:/WaterSurfaceRendererScratch/vcpkg_installed/vcpkg/pkgs/glfw3_x64-windows/debug"
      CMAKE_FIND_ROOT_PATH: "D:/WaterSurfaceRendererScratch/vcpkg_installed/x64-windows/debug;D:/WaterSurfaceRendererScratch/vcpkg_installed/x64-windows"
  -
    kind: "find-v1"
    backtrace:
      - "D:/Microsoft Visual Studio/18/Community/Common7/IDE/CommonExtensions/Microsoft/CMake/CMake/share/cmake-4.3/Modules/CMakeDetermineRCCompiler.cmake:40 (find_program)"
      - "D:/Microsoft Visual Studio/18/Community/Common7/IDE/CommonExtensions/Microsoft/CMake/CMake/share/cmake-4.3/Modules/Platform/Windows-MSVC.cmake:596 (enable_language)"
      - "D:/Microsoft Visual Studio/18/Community/Common7/IDE/CommonExtensions/Microsoft/CMake/CMake/share/cmake-4.3/Modules/Platform/Windows-MSVC.cmake:569 (__windows_compiler_msvc_enable_rc)"
      - "D:/Microsoft Visual Studio/18/Community/Common7/IDE/CommonExtensions/Microsoft/CMake/CMake/share/cmake-4.3/Modules/Platform/Windows-MSVC-C.cmake:5 (__windows_compiler_msvc)"
      - "D:/Microsoft Visual Studio/18/Community/Common7/IDE/CommonExtensions/Microsoft/CMake/CMake/share/cmake-4.3/Modules/CMakeCInformation.cmake:48 (include)"
      - "CMakeLists.txt:3 (project)"
    mode: "program"
    variable: "CMAKE_RC_COMPILER"
    description: "RC compiler"
    settings:
      SearchFramework: "LAST"
      SearchAppBundle: "LAST"
      CMAKE_FIND_USE_CMAKE_PATH: true
      CMAKE_FIND_USE_CMAKE_ENVIRONMENT_PATH: true
      CMAKE_FIND_USE_SYSTEM_ENVIRONMENT_PATH: true
      CMAKE_FIND_USE_CMAKE_SYSTEM_PATH: true
      CMAKE_FIND_USE_INSTALL_PREFIX: true
    names:
      - "rc"
    candidate_directories:
      - "D:/WaterSurfaceRendererScratch/vcpkg_installed/x64-windows/debug/bin/"
      - "D:/WaterSurfaceRendererScratch/vcpkg_installed/x64-windows/debug/sbin/"
      - "D:/WaterSurfaceRendererScratch/vcpkg_installed/x64-windows/debug/"
      - "D:/WaterSurfaceRendererScratch/vcpkg_installed/x64-windows/debug/WaterSurfaceRendererScratch/vcpkg_installed/x64-windows/bin/"
      - "D:/WaterSurfaceRendererScratch/vcpkg_installed/x64-windows/debug/WaterSurfaceRendererScratch/vcpkg_installed/x64-windows/sbin/"
      - "D:/WaterSurfaceRendererScratch/vcpkg_installed/x64-windows/debug/WaterSurfaceRendererScratch/vcpkg_installed/x64-windows/"
      - "D:/WaterSurfaceRendererScratch/vcpkg_installed/x64-windows/debug/WaterSurfaceRendererScratch/vcpkg_installed/x64-windows/tools/"
      - "D:/WaterSurfaceRendererScratch/vcpkg_installed/x64-windows/debug/Microsoft Visual Studio/18/Community/VC/Tools/MSVC/14.51.36231/bin/Hostx64/x64/"
      - "D:/WaterSurfaceRendererScratch/vcpkg_installed/x64-windows/debug/Microsoft Visual Studio/18/Community/Common7/IDE/VC/vcpackages/"
      - "D:/WaterSurfaceRendererScratch/vcpkg_installed/x64-windows/debug/Microsoft Visual Studio/18/Community/Common7/IDE/CommonExtensions/Microsoft/TestWindow/"
      - "D:/WaterSurfaceRendererScratch/vcpkg_installed/x64-windows/debug/Microsoft Visual Studio/18/Community/Common7/IDE/CommonExtensions/Microsoft/TeamFoundation/Team Explorer/"
      - "D:/WaterSurfaceRendererScratch/vcpkg_installed/x64-windows/debug/Microsoft Visual Studio/18/Community/MSBuild/Current/Bin/Roslyn/"
      - "D:/WaterSurfaceRendererScratch/vcpkg_installed/x64-windows/debug/Program Files (x86)/Microsoft SDKs/Windows/v10.0A/bin/NETFX 4.8 Tools/x64/"
      - "D:/WaterSurfaceRendererScratch/vcpkg_installed/x64-windows/debug/Microsoft Visual Studio/18/Community/Team Tools/DiagnosticsHub/Collector/"
      - "D:/WaterSurfaceRendererScratch/vcpkg_installed/x64-windows/debug/Microsoft Visual Studio/18/Community/Common7/IDE/Extensions/Microsoft/CodeCoverage.Console/"
      - "D:/WaterSurfaceRendererScratch/vcpkg_installed/x64-windows/debug/Program Files (x86)/Windows Kits/10/bin/10.0.26100.0/x64/"
      - "D:/WaterSurfaceRendererScratch/vcpkg_installed/x64-windows/debug/Program Files (x86)/Windows Kits/10/bin/x64/"
      - "D:/WaterSurfaceRendererScratch/vcpkg_installed/x64-windows/debug/Microsoft Visual Studio/18/Community/MSBuild/Current/Bin/amd64/"
      - "D:/WaterSurfaceRendererScratch/vcpkg_installed/x64-windows/debug/Windows/Microsoft.NET/Framework64/v4.0.30319/"
      - "D:/WaterSurfaceRendererScratch/vcpkg_installed/x64-windows/debug/Microsoft Visual Studio/18/Community/Common7/IDE/"
      - "D:/WaterSurfaceRendererScratch/vcpkg_installed/x64-windows/debug/Microsoft Visual Studio/18/Community/Common7/Tools/"
      - "D:/WaterSurfaceRendererScratch/vcpkg_installed/x64-windows/debug/Users/xukeheng/AppData/Local/vcpkg/downloads/tools/powershell-core-7.5.4-windows/"
      - "D:/WaterSurfaceRendererScratch/vcpkg_installed/x64-windows/debug/Windows/System32/"
      - "D:/WaterSurfaceRendererScratch/vcpkg_installed/x64-windows/debug/Windows/"
      - "D:/WaterSurfaceRendererScratch/vcpkg_installed/x64-windows/debug/Windows/System32/wbem/"
      - "D:/WaterSurfaceRendererScratch/vcpkg_installed/x64-windows/debug/Windows/System32/WindowsPowerShell/v1.0/"
      - "D:/WaterSurfaceRendererScratch/vcpkg_installed/x64-windows/debug/Windows/System32/OpenSSH/"
      - "D:/WaterSurfaceRendererScratch/vcpkg_installed/x64-windows/debug/Microsoft Visual Studio/18/Community/Common7/IDE/CommonExtensions/Microsoft/CMake/CMake/bin/"
      - "D:/WaterSurfaceRendererScratch/vcpkg_installed/x64-windows/debug/Microsoft Visual Studio/18/Community/Common7/IDE/CommonExtensions/Microsoft/CMake/Ninja/"
      - "D:/WaterSurfaceRendererScratch/vcpkg_installed/x64-windows/debug/Microsoft Visual Studio/18/Community/Common7/IDE/VC/Linux/bin/ConnectionManagerExe/"
      - "D:/WaterSurfaceRendererScratch/vcpkg_installed/x64-windows/debug/Microsoft Visual Studio/18/Community/VC/vcpkg/"
      - "D:/WaterSurfaceRendererScratch/vcpkg_installed/x64-windows/debug/Program Files/bin/"
      - "D:/WaterSurfaceRendererScratch/vcpkg_installed/x64-windows/debug/Program Files/sbin/"
      - "D:/WaterSurfaceRendererScratch/vcpkg_installed/x64-windows/debug/Program Files/"
      - "D:/WaterSurfaceRendererScratch/vcpkg_installed/x64-windows/debug/Program Files (x86)/bin/"
      - "D:/WaterSurfaceRendererScratch/vcpkg_installed/x64-windows/debug/Program Files (x86)/sbin/"
      - "D:/WaterSurfaceRendererScratch/vcpkg_installed/x64-windows/debug/Program Files (x86)/"
      - "D:/WaterSurfaceRendererScratch/vcpkg_installed/x64-windows/debug/Microsoft Visual Studio/18/Community/Common7/IDE/CommonExtensions/Microsoft/CMake/CMake/bin/"
      - "D:/WaterSurfaceRendererScratch/vcpkg_installed/x64-windows/debug/Microsoft Visual Studio/18/Community/Common7/IDE/CommonExtensions/Microsoft/CMake/CMake/sbin/"
      - "D:/WaterSurfaceRendererScratch/vcpkg_installed/x64-windows/debug/Microsoft Visual Studio/18/Community/Common7/IDE/CommonExtensions/Microsoft/CMake/CMake/"
      - "D:/WaterSurfaceRendererScratch/vcpkg_installed/x64-windows/debug/WaterSurfaceRendererScratch/vcpkg_installed/vcpkg/pkgs/glfw3_x64-windows/debug/bin/"
      - "D:/WaterSurfaceRendererScratch/vcpkg_installed/x64-windows/debug/WaterSurfaceRendererScratch/vcpkg_installed/vcpkg/pkgs/glfw3_x64-windows/debug/sbin/"
      - "D:/WaterSurfaceRendererScratch/vcpkg_installed/x64-windows/debug/WaterSurfaceRendererScratch/vcpkg_installed/vcpkg/pkgs/glfw3_x64-windows/debug/"
      - "D:/WaterSurfaceRendererScratch/vcpkg_installed/x64-windows/debug/bin/"
      - "D:/WaterSurfaceRendererScratch/vcpkg_installed/x64-windows/debug/sbin/"
      - "D:/WaterSurfaceRendererScratch/vcpkg_installed/x64-windows/debug/"
      - "D:/WaterSurfaceRendererScratch/vcpkg_installed/x64-windows/bin/"
      - "D:/WaterSurfaceRendererScratch/vcpkg_installed/x64-windows/sbin/"
      - "D:/WaterSurfaceRendererScratch/vcpkg_installed/x64-windows/"
      - "D:/WaterSurfaceRendererScratch/vcpkg_installed/x64-windows/tools/"
      - "D:/WaterSurfaceRendererScratch/vcpkg_installed/x64-windows/Microsoft Visual Studio/18/Community/VC/Tools/MSVC/14.51.36231/bin/Hostx64/x64/"
      - "D:/WaterSurfaceRendererScratch/vcpkg_installed/x64-windows/Microsoft Visual Studio/18/Community/Common7/IDE/VC/vcpackages/"
      - "D:/WaterSurfaceRendererScratch/vcpkg_installed/x64-windows/Microsoft Visual Studio/18/Community/Common7/IDE/CommonExtensions/Microsoft/TestWindow/"
      - "D:/WaterSurfaceRendererScratch/vcpkg_installed/x64-windows/Microsoft Visual Studio/18/Community/Common7/IDE/CommonExtensions/Microsoft/TeamFoundation/Team Explorer/"
      - "D:/WaterSurfaceRendererScratch/vcpkg_installed/x64-windows/Microsoft Visual Studio/18/Community/MSBuild/Current/Bin/Roslyn/"
      - "D:/WaterSurfaceRendererScratch/vcpkg_installed/x64-windows/Program Files (x86)/Microsoft SDKs/Windows/v10.0A/bin/NETFX 4.8 Tools/x64/"
      - "D:/WaterSurfaceRendererScratch/vcpkg_installed/x64-windows/Microsoft Visual Studio/18/Community/Team Tools/DiagnosticsHub/Collector/"
      - "D:/WaterSurfaceRendererScratch/vcpkg_installed/x64-windows/Microsoft Visual Studio/18/Community/Common7/IDE/Extensions/Microsoft/CodeCoverage.Console/"
      - "D:/WaterSurfaceRendererScratch/vcpkg_installed/x64-windows/Program Files (x86)/Windows Kits/10/bin/10.0.26100.0/x64/"
      - "D:/WaterSurfaceRendererScratch/vcpkg_installed/x64-windows/Program Files (x86)/Windows Kits/10/bin/x64/"
      - "D:/WaterSurfaceRendererScratch/vcpkg_installed/x64-windows/Microsoft Visual Studio/18/Community/MSBuild/Current/Bin/amd64/"
      - "D:/WaterSurfaceRendererScratch/vcpkg_installed/x64-windows/Windows/Microsoft.NET/Framework64/v4.0.30319/"
      - "D:/WaterSurfaceRendererScratch/vcpkg_installed/x64-windows/Microsoft Visual Studio/18/Community/Common7/IDE/"
      - "D:/WaterSurfaceRendererScratch/vcpkg_installed/x64-windows/Microsoft Visual Studio/18/Community/Common7/Tools/"
      - "D:/WaterSurfaceRendererScratch/vcpkg_installed/x64-windows/Users/xukeheng/AppData/Local/vcpkg/downloads/tools/powershell-core-7.5.4-windows/"
      - "D:/WaterSurfaceRendererScratch/vcpkg_installed/x64-windows/Windows/System32/"
      - "D:/WaterSurfaceRendererScratch/vcpkg_installed/x64-windows/Windows/"
      - "D:/WaterSurfaceRendererScratch/vcpkg_installed/x64-windows/Windows/System32/wbem/"
      - "D:/WaterSurfaceRendererScratch/vcpkg_installed/x64-windows/Windows/System32/WindowsPowerShell/v1.0/"
      - "D:/WaterSurfaceRendererScratch/vcpkg_installed/x64-windows/Windows/System32/OpenSSH/"
      - "D:/WaterSurfaceRendererScratch/vcpkg_installed/x64-windows/Microsoft Visual Studio/18/Community/Common7/IDE/CommonExtensions/Microsoft/CMake/CMake/bin/"
      - "D:/WaterSurfaceRendererScratch/vcpkg_installed/x64-windows/Microsoft Visual Studio/18/Community/Common7/IDE/CommonExtensions/Microsoft/CMake/Ninja/"
      - "D:/WaterSurfaceRendererScratch/vcpkg_installed/x64-windows/Microsoft Visual Studio/18/Community/Common7/IDE/VC/Linux/bin/ConnectionManagerExe/"
      - "D:/WaterSurfaceRendererScratch/vcpkg_installed/x64-windows/Microsoft Visual Studio/18/Community/VC/vcpkg/"
      - "D:/WaterSurfaceRendererScratch/vcpkg_installed/x64-windows/Program Files/bin/"
      - "D:/WaterSurfaceRendererScratch/vcpkg_installed/x64-windows/Program Files/sbin/"
      - "D:/WaterSurfaceRendererScratch/vcpkg_installed/x64-windows/Program Files/"
      - "D:/WaterSurfaceRendererScratch/vcpkg_installed/x64-windows/Program Files (x86)/bin/"
      - "D:/WaterSurfaceRendererScratch/vcpkg_installed/x64-windows/Program Files (x86)/sbin/"
      - "D:/WaterSurfaceRendererScratch/vcpkg_installed/x64-windows/Program Files (x86)/"
      - "D:/WaterSurfaceRendererScratch/vcpkg_installed/x64-windows/Microsoft Visual Studio/18/Community/Common7/IDE/CommonExtensions/Microsoft/CMake/CMake/bin/"
      - "D:/WaterSurfaceRendererScratch/vcpkg_installed/x64-windows/Microsoft Visual Studio/18/Community/Common7/IDE/CommonExtensions/Microsoft/CMake/CMake/sbin/"
      - "D:/WaterSurfaceRendererScratch/vcpkg_installed/x64-windows/Microsoft Visual Studio/18/Community/Common7/IDE/CommonExtensions/Microsoft/CMake/CMake/"
      - "D:/WaterSurfaceRendererScratch/vcpkg_installed/x64-windows/WaterSurfaceRendererScratch/vcpkg_installed/vcpkg/pkgs/glfw3_x64-windows/debug/bin/"
      - "D:/WaterSurfaceRendererScratch/vcpkg_installed/x64-windows/WaterSurfaceRendererScratch/vcpkg_installed/vcpkg/pkgs/glfw3_x64-windows/debug/sbin/"
      - "D:/WaterSurfaceRendererScratch/vcpkg_installed/x64-windows/WaterSurfaceRendererScratch/vcpkg_installed/vcpkg/pkgs/glfw3_x64-windows/debug/"
      - "D:/WaterSurfaceRendererScratch/vcpkg_installed/x64-windows/debug/bin/"
      - "D:/WaterSurfaceRendererScratch/vcpkg_installed/x64-windows/debug/sbin/"
      - "D:/WaterSurfaceRendererScratch/vcpkg_installed/x64-windows/debug/"
      - "D:/WaterSurfaceRendererScratch/vcpkg_installed/x64-windows/bin/"
      - "D:/WaterSurfaceRendererScratch/vcpkg_installed/x64-windows/sbin/"
      - "D:/WaterSurfaceRendererScratch/vcpkg_installed/x64-windows/"
      - "D:/WaterSurfaceRendererScratch/vcpkg_installed/x64-windows/tools/"
      - "D:/Microsoft Visual Studio/18/Community/VC/Tools/MSVC/14.51.36231/bin/Hostx64/x64/"
      - "D:/Microsoft Visual Studio/18/Community/Common7/IDE/VC/vcpackages/"
      - "D:/Microsoft Visual Studio/18/Community/Common7/IDE/CommonExtensions/Microsoft/TestWindow/"
      - "D:/Microsoft Visual Studio/18/Community/Common7/IDE/CommonExtensions/Microsoft/TeamFoundation/Team Explorer/"
      - "D:/Microsoft Visual Studio/18/Community/MSBuild/Current/Bin/Roslyn/"
      - "C:/Program Files (x86)/Microsoft SDKs/Windows/v10.0A/bin/NETFX 4.8 Tools/x64/"
      - "D:/Microsoft Visual Studio/18/Community/Team Tools/DiagnosticsHub/Collector/"
      - "D:/Microsoft Visual Studio/18/Community/Common7/IDE/Extensions/Microsoft/CodeCoverage.Console/"
      - "C:/Program Files (x86)/Windows Kits/10/bin/10.0.26100.0/x64/"
      - "C:/Program Files (x86)/Windows Kits/10/bin/x64/"
      - "D:/Microsoft Visual Studio/18/Community/MSBuild/Current/Bin/amd64/"
      - "C:/Windows/Microsoft.NET/Framework64/v4.0.30319/"
      - "D:/Microsoft Visual Studio/18/Community/Common7/IDE/"
      - "D:/Microsoft Visual Studio/18/Community/Common7/Tools/"
      - "C:/Users/xukeheng/AppData/Local/vcpkg/downloads/tools/powershell-core-7.5.4-windows/"
      - "C:/Windows/System32/"
      - "C:/Windows/"
      - "C:/Windows/System32/wbem/"
      - "C:/Windows/System32/WindowsPowerShell/v1.0/"
      - "C:/Windows/System32/OpenSSH/"
      - "D:/Microsoft Visual Studio/18/Community/Common7/IDE/CommonExtensions/Microsoft/CMake/CMake/bin/"
      - "D:/Microsoft Visual Studio/18/Community/Common7/IDE/CommonExtensions/Microsoft/CMake/Ninja/"
      - "D:/Microsoft Visual Studio/18/Community/Common7/IDE/VC/Linux/bin/ConnectionManagerExe/"
      - "D:/Microsoft Visual Studio/18/Community/VC/vcpkg/"
      - "C:/Program Files/bin/"
      - "C:/Program Files/sbin/"
      - "C:/Program Files/"
      - "C:/Program Files (x86)/bin/"
      - "C:/Program Files (x86)/sbin/"
      - "C:/Program Files (x86)/"
      - "D:/Microsoft Visual Studio/18/Community/Common7/IDE/CommonExtensions/Microsoft/CMake/CMake/bin/"
      - "D:/Microsoft Visual Studio/18/Community/Common7/IDE/CommonExtensions/Microsoft/CMake/CMake/sbin/"
      - "D:/Microsoft Visual Studio/18/Community/Common7/IDE/CommonExtensions/Microsoft/CMake/CMake/"
      - "D:/WaterSurfaceRendererScratch/vcpkg_installed/vcpkg/pkgs/glfw3_x64-windows/debug/bin/"
      - "D:/WaterSurfaceRendererScratch/vcpkg_installed/vcpkg/pkgs/glfw3_x64-windows/debug/sbin/"
      - "D:/WaterSurfaceRendererScratch/vcpkg_installed/vcpkg/pkgs/glfw3_x64-windows/debug/"
    searched_directories:
      - "D:/WaterSurfaceRendererScratch/vcpkg_installed/x64-windows/debug/bin/rc.com"
      - "D:/WaterSurfaceRendererScratch/vcpkg_installed/x64-windows/debug/bin/rc.exe"
      - "D:/WaterSurfaceRendererScratch/vcpkg_installed/x64-windows/debug/bin/rc"
      - "D:/WaterSurfaceRendererScratch/vcpkg_installed/x64-windows/debug/sbin/rc.com"
      - "D:/WaterSurfaceRendererScratch/vcpkg_installed/x64-windows/debug/sbin/rc.exe"
      - "D:/WaterSurfaceRendererScratch/vcpkg_installed/x64-windows/debug/sbin/rc"
      - "D:/WaterSurfaceRendererScratch/vcpkg_installed/x64-windows/debug/rc.com"
      - "D:/WaterSurfaceRendererScratch/vcpkg_installed/x64-windows/debug/rc.exe"
      - "D:/WaterSurfaceRendererScratch/vcpkg_installed/x64-windows/debug/rc"
      - "D:/WaterSurfaceRendererScratch/vcpkg_installed/x64-windows/debug/WaterSurfaceRendererScratch/vcpkg_installed/x64-windows/bin/rc.com"
      - "D:/WaterSurfaceRendererScratch/vcpkg_installed/x64-windows/debug/WaterSurfaceRendererScratch/vcpkg_installed/x64-windows/bin/rc.exe"
      - "D:/WaterSurfaceRendererScratch/vcpkg_installed/x64-windows/debug/WaterSurfaceRendererScratch/vcpkg_installed/x64-windows/bin/rc"
      - "D:/WaterSurfaceRendererScratch/vcpkg_installed/x64-windows/debug/WaterSurfaceRendererScratch/vcpkg_installed/x64-windows/sbin/rc.com"
      - "D:/WaterSurfaceRendererScratch/vcpkg_installed/x64-windows/debug/WaterSurfaceRendererScratch/vcpkg_installed/x64-windows/sbin/rc.exe"
      - "D:/WaterSurfaceRendererScratch/vcpkg_installed/x64-windows/debug/WaterSurfaceRendererScratch/vcpkg_installed/x64-windows/sbin/rc"
      - "D:/WaterSurfaceRendererScratch/vcpkg_installed/x64-windows/debug/WaterSurfaceRendererScratch/vcpkg_installed/x64-windows/rc.com"
      - "D:/WaterSurfaceRendererScratch/vcpkg_installed/x64-windows/debug/WaterSurfaceRendererScratch/vcpkg_installed/x64-windows/rc.exe"
      - "D:/WaterSurfaceRendererScratch/vcpkg_installed/x64-windows/debug/WaterSurfaceRendererScratch/vcpkg_installed/x64-windows/rc"
      - "D:/WaterSurfaceRendererScratch/vcpkg_installed/x64-windows/debug/WaterSurfaceRendererScratch/vcpkg_installed/x64-windows/tools/rc.com"
      - "D:/WaterSurfaceRendererScratch/vcpkg_installed/x64-windows/debug/WaterSurfaceRendererScratch/vcpkg_installed/x64-windows/tools/rc.exe"
      - "D:/WaterSurfaceRendererScratch/vcpkg_installed/x64-windows/debug/WaterSurfaceRendererScratch/vcpkg_installed/x64-windows/tools/rc"
      - "D:/WaterSurfaceRendererScratch/vcpkg_installed/x64-windows/debug/Microsoft Visual Studio/18/Community/VC/Tools/MSVC/14.51.36231/bin/Hostx64/x64/rc.com"
      - "D:/WaterSurfaceRendererScratch/vcpkg_installed/x64-windows/debug/Microsoft Visual Studio/18/Community/VC/Tools/MSVC/14.51.36231/bin/Hostx64/x64/rc.exe"
      - "D:/WaterSurfaceRendererScratch/vcpkg_installed/x64-windows/debug/Microsoft Visual Studio/18/Community/VC/Tools/MSVC/14.51.36231/bin/Hostx64/x64/rc"
      - "D:/WaterSurfaceRendererScratch/vcpkg_installed/x64-windows/debug/Microsoft Visual Studio/18/Community/Common7/IDE/VC/vcpackages/rc.com"
      - "D:/WaterSurfaceRendererScratch/vcpkg_installed/x64-windows/debug/Microsoft Visual Studio/18/Community/Common7/IDE/VC/vcpackages/rc.exe"
      - "D:/WaterSurfaceRendererScratch/vcpkg_installed/x64-windows/debug/Microsoft Visual Studio/18/Community/Common7/IDE/VC/vcpackages/rc"
      - "D:/WaterSurfaceRendererScratch/vcpkg_installed/x64-windows/debug/Microsoft Visual Studio/18/Community/Common7/IDE/CommonExtensions/Microsoft/TestWindow/rc.com"
      - "D:/WaterSurfaceRendererScratch/vcpkg_installed/x64-windows/debug/Microsoft Visual Studio/18/Community/Common7/IDE/CommonExtensions/Microsoft/TestWindow/rc.exe"
      - "D:/WaterSurfaceRendererScratch/vcpkg_installed/x64-windows/debug/Microsoft Visual Studio/18/Community/Common7/IDE/CommonExtensions/Microsoft/TestWindow/rc"
      - "D:/WaterSurfaceRendererScratch/vcpkg_installed/x64-windows/debug/Microsoft Visual Studio/18/Community/Common7/IDE/CommonExtensions/Microsoft/TeamFoundation/Team Explorer/rc.com"
      - "D:/WaterSurfaceRendererScratch/vcpkg_installed/x64-windows/debug/Microsoft Visual Studio/18/Community/Common7/IDE/CommonExtensions/Microsoft/TeamFoundation/Team Explorer/rc.exe"
      - "D:/WaterSurfaceRendererScratch/vcpkg_installed/x64-windows/debug/Microsoft Visual Studio/18/Community/Common7/IDE/CommonExtensions/Microsoft/TeamFoundation/Team Explorer/rc"
      - "D:/WaterSurfaceRendererScratch/vcpkg_installed/x64-windows/debug/Microsoft Visual Studio/18/Community/MSBuild/Current/Bin/Roslyn/rc.com"
      - "D:/WaterSurfaceRendererScratch/vcpkg_installed/x64-windows/debug/Microsoft Visual Studio/18/Community/MSBuild/Current/Bin/Roslyn/rc.exe"
      - "D:/WaterSurfaceRendererScratch/vcpkg_installed/x64-windows/debug/Microsoft Visual Studio/18/Community/MSBuild/Current/Bin/Roslyn/rc"
      - "D:/WaterSurfaceRendererScratch/vcpkg_installed/x64-windows/debug/Program Files (x86)/Microsoft SDKs/Windows/v10.0A/bin/NETFX 4.8 Tools/x64/rc.com"
      - "D:/WaterSurfaceRendererScratch/vcpkg_installed/x64-windows/debug/Program Files (x86)/Microsoft SDKs/Windows/v10.0A/bin/NETFX 4.8 Tools/x64/rc.exe"
      - "D:/WaterSurfaceRendererScratch/vcpkg_installed/x64-windows/debug/Program Files (x86)/Microsoft SDKs/Windows/v10.0A/bin/NETFX 4.8 Tools/x64/rc"
      - "D:/WaterSurfaceRendererScratch/vcpkg_installed/x64-windows/debug/Microsoft Visual Studio/18/Community/Team Tools/DiagnosticsHub/Collector/rc.com"
      - "D:/WaterSurfaceRendererScratch/vcpkg_installed/x64-windows/debug/Microsoft Visual Studio/18/Community/Team Tools/DiagnosticsHub/Collector/rc.exe"
      - "D:/WaterSurfaceRendererScratch/vcpkg_installed/x64-windows/debug/Microsoft Visual Studio/18/Community/Team Tools/DiagnosticsHub/Collector/rc"
      - "D:/WaterSurfaceRendererScratch/vcpkg_installed/x64-windows/debug/Microsoft Visual Studio/18/Community/Common7/IDE/Extensions/Microsoft/CodeCoverage.Console/rc.com"
      - "D:/WaterSurfaceRendererScratch/vcpkg_installed/x64-windows/debug/Microsoft Visual Studio/18/Community/Common7/IDE/Extensions/Microsoft/CodeCoverage.Console/rc.exe"
      - "D:/WaterSurfaceRendererScratch/vcpkg_installed/x64-windows/debug/Microsoft Visual Studio/18/Community/Common7/IDE/Extensions/Microsoft/CodeCoverage.Console/rc"
      - "D:/WaterSurfaceRendererScratch/vcpkg_installed/x64-windows/debug/Program Files (x86)/Windows Kits/10/bin/10.0.26100.0/x64/rc.com"
      - "D:/WaterSurfaceRendererScratch/vcpkg_installed/x64-windows/debug/Program Files (x86)/Windows Kits/10/bin/10.0.26100.0/x64/rc.exe"
      - "D:/WaterSurfaceRendererScratch/vcpkg_installed/x64-windows/debug/Program Files (x86)/Windows Kits/10/bin/10.0.26100.0/x64/rc"
      - "D:/WaterSurfaceRendererScratch/vcpkg_installed/x64-windows/debug/Program Files (x86)/Windows Kits/10/bin/x64/rc.com"
      - "D:/WaterSurfaceRendererScratch/vcpkg_installed/x64-windows/debug/Program Files (x86)/Windows Kits/10/bin/x64/rc.exe"
      - "D:/WaterSurfaceRendererScratch/vcpkg_installed/x64-windows/debug/Program Files (x86)/Windows Kits/10/bin/x64/rc"
      - "D:/WaterSurfaceRendererScratch/vcpkg_installed/x64-windows/debug/Microsoft Visual Studio/18/Community/MSBuild/Current/Bin/amd64/rc.com"
      - "D:/WaterSurfaceRendererScratch/vcpkg_installed/x64-windows/debug/Microsoft Visual Studio/18/Community/MSBuild/Current/Bin/amd64/rc.exe"
      - "D:/WaterSurfaceRendererScratch/vcpkg_installed/x64-windows/debug/Microsoft Visual Studio/18/Community/MSBuild/Current/Bin/amd64/rc"
      - "D:/WaterSurfaceRendererScratch/vcpkg_installed/x64-windows/debug/Windows/Microsoft.NET/Framework64/v4.0.30319/rc.com"
      - "D:/WaterSurfaceRendererScratch/vcpkg_installed/x64-windows/debug/Windows/Microsoft.NET/Framework64/v4.0.30319/rc.exe"
      - "D:/WaterSurfaceRendererScratch/vcpkg_installed/x64-windows/debug/Windows/Microsoft.NET/Framework64/v4.0.30319/rc"
      - "D:/WaterSurfaceRendererScratch/vcpkg_installed/x64-windows/debug/Microsoft Visual Studio/18/Community/Common7/IDE/rc.com"
      - "D:/WaterSurfaceRendererScratch/vcpkg_installed/x64-windows/debug/Microsoft Visual Studio/18/Community/Common7/IDE/rc.exe"
      - "D:/WaterSurfaceRendererScratch/vcpkg_installed/x64-windows/debug/Microsoft Visual Studio/18/Community/Common7/IDE/rc"
      - "D:/WaterSurfaceRendererScratch/vcpkg_installed/x64-windows/debug/Microsoft Visual Studio/18/Community/Common7/Tools/rc.com"
      - "D:/WaterSurfaceRendererScratch/vcpkg_installed/x64-windows/debug/Microsoft Visual Studio/18/Community/Common7/Tools/rc.exe"
      - "D:/WaterSurfaceRendererScratch/vcpkg_installed/x64-windows/debug/Microsoft Visual Studio/18/Community/Common7/Tools/rc"
      - "D:/WaterSurfaceRendererScratch/vcpkg_installed/x64-windows/debug/Users/xukeheng/AppData/Local/vcpkg/downloads/tools/powershell-core-7.5.4-windows/rc.com"
      - "D:/WaterSurfaceRendererScratch/vcpkg_installed/x64-windows/debug/Users/xukeheng/AppData/Local/vcpkg/downloads/tools/powershell-core-7.5.4-windows/rc.exe"
      - "D:/WaterSurfaceRendererScratch/vcpkg_installed/x64-windows/debug/Users/xukeheng/AppData/Local/vcpkg/downloads/tools/powershell-core-7.5.4-windows/rc"
      - "D:/WaterSurfaceRendererScratch/vcpkg_installed/x64-windows/debug/Windows/System32/rc.com"
      - "D:/WaterSurfaceRendererScratch/vcpkg_installed/x64-windows/debug/Windows/System32/rc.exe"
      - "D:/WaterSurfaceRendererScratch/vcpkg_installed/x64-windows/debug/Windows/System32/rc"
      - "D:/WaterSurfaceRendererScratch/vcpkg_installed/x64-windows/debug/Windows/rc.com"
      - "D:/WaterSurfaceRendererScratch/vcpkg_installed/x64-windows/debug/Windows/rc.exe"
      - "D:/WaterSurfaceRendererScratch/vcpkg_installed/x64-windows/debug/Windows/rc"
      - "D:/WaterSurfaceRendererScratch/vcpkg_installed/x64-windows/debug/Windows/System32/wbem/rc.com"
      - "D:/WaterSurfaceRendererScratch/vcpkg_installed/x64-windows/debug/Windows/System32/wbem/rc.exe"
      - "D:/WaterSurfaceRendererScratch/vcpkg_installed/x64-windows/debug/Windows/System32/wbem/rc"
      - "D:/WaterSurfaceRendererScratch/vcpkg_installed/x64-windows/debug/Windows/System32/WindowsPowerShell/v1.0/rc.com"
      - "D:/WaterSurfaceRendererScratch/vcpkg_installed/x64-windows/debug/Windows/System32/WindowsPowerShell/v1.0/rc.exe"
      - "D:/WaterSurfaceRendererScratch/vcpkg_installed/x64-windows/debug/Windows/System32/WindowsPowerShell/v1.0/rc"
      - "D:/WaterSurfaceRendererScratch/vcpkg_installed/x64-windows/debug/Windows/System32/OpenSSH/rc.com"
      - "D:/WaterSurfaceRendererScratch/vcpkg_installed/x64-windows/debug/Windows/System32/OpenSSH/rc.exe"
      - "D:/WaterSurfaceRendererScratch/vcpkg_installed/x64-windows/debug/Windows/System32/OpenSSH/rc"
      - "D:/WaterSurfaceRendererScratch/vcpkg_installed/x64-windows/debug/Microsoft Visual Studio/18/Community/Common7/IDE/CommonExtensions/Microsoft/CMake/CMake/bin/rc.com"
      - "D:/WaterSurfaceRendererScratch/vcpkg_installed/x64-windows/debug/Microsoft Visual Studio/18/Community/Common7/IDE/CommonExtensions/Microsoft/CMake/CMake/bin/rc.exe"
      - "D:/WaterSurfaceRendererScratch/vcpkg_installed/x64-windows/debug/Microsoft Visual Studio/18/Community/Common7/IDE/CommonExtensions/Microsoft/CMake/CMake/bin/rc"
      - "D:/WaterSurfaceRendererScratch/vcpkg_installed/x64-windows/debug/Microsoft Visual Studio/18/Community/Common7/IDE/CommonExtensions/Microsoft/CMake/Ninja/rc.com"
      - "D:/WaterSurfaceRendererScratch/vcpkg_installed/x64-windows/debug/Microsoft Visual Studio/18/Community/Common7/IDE/CommonExtensions/Microsoft/CMake/Ninja/rc.exe"
      - "D:/WaterSurfaceRendererScratch/vcpkg_installed/x64-windows/debug/Microsoft Visual Studio/18/Community/Common7/IDE/CommonExtensions/Microsoft/CMake/Ninja/rc"
      - "D:/WaterSurfaceRendererScratch/vcpkg_installed/x64-windows/debug/Microsoft Visual Studio/18/Community/Common7/IDE/VC/Linux/bin/ConnectionManagerExe/rc.com"
      - "D:/WaterSurfaceRendererScratch/vcpkg_installed/x64-windows/debug/Microsoft Visual Studio/18/Community/Common7/IDE/VC/Linux/bin/ConnectionManagerExe/rc.exe"
      - "D:/WaterSurfaceRendererScratch/vcpkg_installed/x64-windows/debug/Microsoft Visual Studio/18/Community/Common7/IDE/VC/Linux/bin/ConnectionManagerExe/rc"
      - "D:/WaterSurfaceRendererScratch/vcpkg_installed/x64-windows/debug/Microsoft Visual Studio/18/Community/VC/vcpkg/rc.com"
      - "D:/WaterSurfaceRendererScratch/vcpkg_installed/x64-windows/debug/Microsoft Visual Studio/18/Community/VC/vcpkg/rc.exe"
      - "D:/WaterSurfaceRendererScratch/vcpkg_installed/x64-windows/debug/Microsoft Visual Studio/18/Community/VC/vcpkg/rc"
      - "D:/WaterSurfaceRendererScratch/vcpkg_installed/x64-windows/debug/Program Files/bin/rc.com"
      - "D:/WaterSurfaceRendererScratch/vcpkg_installed/x64-windows/debug/Program Files/bin/rc.exe"
      - "D:/WaterSurfaceRendererScratch/vcpkg_installed/x64-windows/debug/Program Files/bin/rc"
      - "D:/WaterSurfaceRendererScratch/vcpkg_installed/x64-windows/debug/Program Files/sbin/rc.com"
      - "D:/WaterSurfaceRendererScratch/vcpkg_installed/x64-windows/debug/Program Files/sbin/rc.exe"
      - "D:/WaterSurfaceRendererScratch/vcpkg_installed/x64-windows/debug/Program Files/sbin/rc"
      - "D:/WaterSurfaceRendererScratch/vcpkg_installed/x64-windows/debug/Program Files/rc.com"
      - "D:/WaterSurfaceRendererScratch/vcpkg_installed/x64-windows/debug/Program Files/rc.exe"
      - "D:/WaterSurfaceRendererScratch/vcpkg_installed/x64-windows/debug/Program Files/rc"
      - "D:/WaterSurfaceRendererScratch/vcpkg_installed/x64-windows/debug/Program Files (x86)/bin/rc.com"
      - "D:/WaterSurfaceRendererScratch/vcpkg_installed/x64-windows/debug/Program Files (x86)/bin/rc.exe"
      - "D:/WaterSurfaceRendererScratch/vcpkg_installed/x64-windows/debug/Program Files (x86)/bin/rc"
      - "D:/WaterSurfaceRendererScratch/vcpkg_installed/x64-windows/debug/Program Files (x86)/sbin/rc.com"
      - "D:/WaterSurfaceRendererScratch/vcpkg_installed/x64-windows/debug/Program Files (x86)/sbin/rc.exe"
      - "D:/WaterSurfaceRendererScratch/vcpkg_installed/x64-windows/debug/Program Files (x86)/sbin/rc"
      - "D:/WaterSurfaceRendererScratch/vcpkg_installed/x64-windows/debug/Program Files (x86)/rc.com"
      - "D:/WaterSurfaceRendererScratch/vcpkg_installed/x64-windows/debug/Program Files (x86)/rc.exe"
      - "D:/WaterSurfaceRendererScratch/vcpkg_installed/x64-windows/debug/Program Files (x86)/rc"
      - "D:/WaterSurfaceRendererScratch/vcpkg_installed/x64-windows/debug/Microsoft Visual Studio/18/Community/Common7/IDE/CommonExtensions/Microsoft/CMake/CMake/bin/rc.com"
      - "D:/WaterSurfaceRendererScratch/vcpkg_installed/x64-windows/debug/Microsoft Visual Studio/18/Community/Common7/IDE/CommonExtensions/Microsoft/CMake/CMake/bin/rc.exe"
      - "D:/WaterSurfaceRendererScratch/vcpkg_installed/x64-windows/debug/Microsoft Visual Studio/18/Community/Common7/IDE/CommonExtensions/Microsoft/CMake/CMake/bin/rc"
      - "D:/WaterSurfaceRendererScratch/vcpkg_installed/x64-windows/debug/Microsoft Visual Studio/18/Community/Common7/IDE/CommonExtensions/Microsoft/CMake/CMake/sbin/rc.com"
      - "D:/WaterSurfaceRendererScratch/vcpkg_installed/x64-windows/debug/Microsoft Visual Studio/18/Community/Common7/IDE/CommonExtensions/Microsoft/CMake/CMake/sbin/rc.exe"
      - "D:/WaterSurfaceRendererScratch/vcpkg_installed/x64-windows/debug/Microsoft Visual Studio/18/Community/Common7/IDE/CommonExtensions/Microsoft/CMake/CMake/sbin/rc"
      - "D:/WaterSurfaceRendererScratch/vcpkg_installed/x64-windows/debug/Microsoft Visual Studio/18/Community/Common7/IDE/CommonExtensions/Microsoft/CMake/CMake/rc.com"
      - "D:/WaterSurfaceRendererScratch/vcpkg_installed/x64-windows/debug/Microsoft Visual Studio/18/Community/Common7/IDE/CommonExtensions/Microsoft/CMake/CMake/rc.exe"
      - "D:/WaterSurfaceRendererScratch/vcpkg_installed/x64-windows/debug/Microsoft Visual Studio/18/Community/Common7/IDE/CommonExtensions/Microsoft/CMake/CMake/rc"
      - "D:/WaterSurfaceRendererScratch/vcpkg_installed/x64-windows/debug/WaterSurfaceRendererScratch/vcpkg_installed/vcpkg/pkgs/glfw3_x64-windows/debug/bin/rc.com"
      - "D:/WaterSurfaceRendererScratch/vcpkg_installed/x64-windows/debug/WaterSurfaceRendererScratch/vcpkg_installed/vcpkg/pkgs/glfw3_x64-windows/debug/bin/rc.exe"
      - "D:/WaterSurfaceRendererScratch/vcpkg_installed/x64-windows/debug/WaterSurfaceRendererScratch/vcpkg_installed/vcpkg/pkgs/glfw3_x64-windows/debug/bin/rc"
      - "D:/WaterSurfaceRendererScratch/vcpkg_installed/x64-windows/debug/WaterSurfaceRendererScratch/vcpkg_installed/vcpkg/pkgs/glfw3_x64-windows/debug/sbin/rc.com"
      - "D:/WaterSurfaceRendererScratch/vcpkg_installed/x64-windows/debug/WaterSurfaceRendererScratch/vcpkg_installed/vcpkg/pkgs/glfw3_x64-windows/debug/sbin/rc.exe"
      - "D:/WaterSurfaceRendererScratch/vcpkg_installed/x64-windows/debug/WaterSurfaceRendererScratch/vcpkg_installed/vcpkg/pkgs/glfw3_x64-windows/debug/sbin/rc"
      - "D:/WaterSurfaceRendererScratch/vcpkg_installed/x64-windows/debug/WaterSurfaceRendererScratch/vcpkg_installed/vcpkg/pkgs/glfw3_x64-windows/debug/rc.com"
      - "D:/WaterSurfaceRendererScratch/vcpkg_installed/x64-windows/debug/WaterSurfaceRendererScratch/vcpkg_installed/vcpkg/pkgs/glfw3_x64-windows/debug/rc.exe"
      - "D:/WaterSurfaceRendererScratch/vcpkg_installed/x64-windows/debug/WaterSurfaceRendererScratch/vcpkg_installed/vcpkg/pkgs/glfw3_x64-windows/debug/rc"
      - "D:/WaterSurfaceRendererScratch/vcpkg_installed/x64-windows/debug/bin/rc.com"
      - "D:/WaterSurfaceRendererScratch/vcpkg_installed/x64-windows/debug/bin/rc.exe"
      - "D:/WaterSurfaceRendererScratch/vcpkg_installed/x64-windows/debug/bin/rc"
      - "D:/WaterSurfaceRendererScratch/vcpkg_installed/x64-windows/debug/sbin/rc.com"
      - "D:/WaterSurfaceRendererScratch/vcpkg_installed/x64-windows/debug/sbin/rc.exe"
      - "D:/WaterSurfaceRendererScratch/vcpkg_installed/x64-windows/debug/sbin/rc"
      - "D:/WaterSurfaceRendererScratch/vcpkg_installed/x64-windows/debug/rc.com"
      - "D:/WaterSurfaceRendererScratch/vcpkg_installed/x64-windows/debug/rc.exe"
      - "D:/WaterSurfaceRendererScratch/vcpkg_installed/x64-windows/debug/rc"
      - "D:/WaterSurfaceRendererScratch/vcpkg_installed/x64-windows/bin/rc.com"
      - "D:/WaterSurfaceRendererScratch/vcpkg_installed/x64-windows/bin/rc.exe"
      - "D:/WaterSurfaceRendererScratch/vcpkg_installed/x64-windows/bin/rc"
      - "D:/WaterSurfaceRendererScratch/vcpkg_installed/x64-windows/sbin/rc.com"
      - "D:/WaterSurfaceRendererScratch/vcpkg_installed/x64-windows/sbin/rc.exe"
      - "D:/WaterSurfaceRendererScratch/vcpkg_installed/x64-windows/sbin/rc"
      - "D:/WaterSurfaceRendererScratch/vcpkg_installed/x64-windows/rc.com"
      - "D:/WaterSurfaceRendererScratch/vcpkg_installed/x64-windows/rc.exe"
      - "D:/WaterSurfaceRendererScratch/vcpkg_installed/x64-windows/rc"
      - "D:/WaterSurfaceRendererScratch/vcpkg_installed/x64-windows/tools/rc.com"
      - "D:/WaterSurfaceRendererScratch/vcpkg_installed/x64-windows/tools/rc.exe"
      - "D:/WaterSurfaceRendererScratch/vcpkg_installed/x64-windows/tools/rc"
      - "D:/WaterSurfaceRendererScratch/vcpkg_installed/x64-windows/Microsoft Visual Studio/18/Community/VC/Tools/MSVC/14.51.36231/bin/Hostx64/x64/rc.com"
      - "D:/WaterSurfaceRendererScratch/vcpkg_installed/x64-windows/Microsoft Visual Studio/18/Community/VC/Tools/MSVC/14.51.36231/bin/Hostx64/x64/rc.exe"
      - "D:/WaterSurfaceRendererScratch/vcpkg_installed/x64-windows/Microsoft Visual Studio/18/Community/VC/Tools/MSVC/14.51.36231/bin/Hostx64/x64/rc"
      - "D:/WaterSurfaceRendererScratch/vcpkg_installed/x64-windows/Microsoft Visual Studio/18/Community/Common7/IDE/VC/vcpackages/rc.com"
      - "D:/WaterSurfaceRendererScratch/vcpkg_installed/x64-windows/Microsoft Visual Studio/18/Community/Common7/IDE/VC/vcpackages/rc.exe"
      - "D:/WaterSurfaceRendererScratch/vcpkg_installed/x64-windows/Microsoft Visual Studio/18/Community/Common7/IDE/VC/vcpackages/rc"
      - "D:/WaterSurfaceRendererScratch/vcpkg_installed/x64-windows/Microsoft Visual Studio/18/Community/Common7/IDE/CommonExtensions/Microsoft/TestWindow/rc.com"
      - "D:/WaterSurfaceRendererScratch/vcpkg_installed/x64-windows/Microsoft Visual Studio/18/Community/Common7/IDE/CommonExtensions/Microsoft/TestWindow/rc.exe"
      - "D:/WaterSurfaceRendererScratch/vcpkg_installed/x64-windows/Microsoft Visual Studio/18/Community/Common7/IDE/CommonExtensions/Microsoft/TestWindow/rc"
      - "D:/WaterSurfaceRendererScratch/vcpkg_installed/x64-windows/Microsoft Visual Studio/18/Community/Common7/IDE/CommonExtensions/Microsoft/TeamFoundation/Team Explorer/rc.com"
      - "D:/WaterSurfaceRendererScratch/vcpkg_installed/x64-windows/Microsoft Visual Studio/18/Community/Common7/IDE/CommonExtensions/Microsoft/TeamFoundation/Team Explorer/rc.exe"
      - "D:/WaterSurfaceRendererScratch/vcpkg_installed/x64-windows/Microsoft Visual Studio/18/Community/Common7/IDE/CommonExtensions/Microsoft/TeamFoundation/Team Explorer/rc"
      - "D:/WaterSurfaceRendererScratch/vcpkg_installed/x64-windows/Microsoft Visual Studio/18/Community/MSBuild/Current/Bin/Roslyn/rc.com"
      - "D:/WaterSurfaceRendererScratch/vcpkg_installed/x64-windows/Microsoft Visual Studio/18/Community/MSBuild/Current/Bin/Roslyn/rc.exe"
      - "D:/WaterSurfaceRendererScratch/vcpkg_installed/x64-windows/Microsoft Visual Studio/18/Community/MSBuild/Current/Bin/Roslyn/rc"
      - "D:/WaterSurfaceRendererScratch/vcpkg_installed/x64-windows/Program Files (x86)/Microsoft SDKs/Windows/v10.0A/bin/NETFX 4.8 Tools/x64/rc.com"
      - "D:/WaterSurfaceRendererScratch/vcpkg_installed/x64-windows/Program Files (x86)/Microsoft SDKs/Windows/v10.0A/bin/NETFX 4.8 Tools/x64/rc.exe"
      - "D:/WaterSurfaceRendererScratch/vcpkg_installed/x64-windows/Program Files (x86)/Microsoft SDKs/Windows/v10.0A/bin/NETFX 4.8 Tools/x64/rc"
      - "D:/WaterSurfaceRendererScratch/vcpkg_installed/x64-windows/Microsoft Visual Studio/18/Community/Team Tools/DiagnosticsHub/Collector/rc.com"
      - "D:/WaterSurfaceRendererScratch/vcpkg_installed/x64-windows/Microsoft Visual Studio/18/Community/Team Tools/DiagnosticsHub/Collector/rc.exe"
      - "D:/WaterSurfaceRendererScratch/vcpkg_installed/x64-windows/Microsoft Visual Studio/18/Community/Team Tools/DiagnosticsHub/Collector/rc"
      - "D:/WaterSurfaceRendererScratch/vcpkg_installed/x64-windows/Microsoft Visual Studio/18/Community/Common7/IDE/Extensions/Microsoft/CodeCoverage.Console/rc.com"
      - "D:/WaterSurfaceRendererScratch/vcpkg_installed/x64-windows/Microsoft Visual Studio/18/Community/Common7/IDE/Extensions/Microsoft/CodeCoverage.Console/rc.exe"
      - "D:/WaterSurfaceRendererScratch/vcpkg_installed/x64-windows/Microsoft Visual Studio/18/Community/Common7/IDE/Extensions/Microsoft/CodeCoverage.Console/rc"
      - "D:/WaterSurfaceRendererScratch/vcpkg_installed/x64-windows/Program Files (x86)/Windows Kits/10/bin/10.0.26100.0/x64/rc.com"
      - "D:/WaterSurfaceRendererScratch/vcpkg_installed/x64-windows/Program Files (x86)/Windows Kits/10/bin/10.0.26100.0/x64/rc.exe"
      - "D:/WaterSurfaceRendererScratch/vcpkg_installed/x64-windows/Program Files (x86)/Windows Kits/10/bin/10.0.26100.0/x64/rc"
      - "D:/WaterSurfaceRendererScratch/vcpkg_installed/x64-windows/Program Files (x86)/Windows Kits/10/bin/x64/rc.com"
      - "D:/WaterSurfaceRendererScratch/vcpkg_installed/x64-windows/Program Files (x86)/Windows Kits/10/bin/x64/rc.exe"
      - "D:/WaterSurfaceRendererScratch/vcpkg_installed/x64-windows/Program Files (x86)/Windows Kits/10/bin/x64/rc"
      - "D:/WaterSurfaceRendererScratch/vcpkg_installed/x64-windows/Microsoft Visual Studio/18/Community/MSBuild/Current/Bin/amd64/rc.com"
      - "D:/WaterSurfaceRendererScratch/vcpkg_installed/x64-windows/Microsoft Visual Studio/18/Community/MSBuild/Current/Bin/amd64/rc.exe"
      - "D:/WaterSurfaceRendererScratch/vcpkg_installed/x64-windows/Microsoft Visual Studio/18/Community/MSBuild/Current/Bin/amd64/rc"
      - "D:/WaterSurfaceRendererScratch/vcpkg_installed/x64-windows/Windows/Microsoft.NET/Framework64/v4.0.30319/rc.com"
      - "D:/WaterSurfaceRendererScratch/vcpkg_installed/x64-windows/Windows/Microsoft.NET/Framework64/v4.0.30319/rc.exe"
      - "D:/WaterSurfaceRendererScratch/vcpkg_installed/x64-windows/Windows/Microsoft.NET/Framework64/v4.0.30319/rc"
      - "D:/WaterSurfaceRendererScratch/vcpkg_installed/x64-windows/Microsoft Visual Studio/18/Community/Common7/IDE/rc.com"
      - "D:/WaterSurfaceRendererScratch/vcpkg_installed/x64-windows/Microsoft Visual Studio/18/Community/Common7/IDE/rc.exe"
      - "D:/WaterSurfaceRendererScratch/vcpkg_installed/x64-windows/Microsoft Visual Studio/18/Community/Common7/IDE/rc"
      - "D:/WaterSurfaceRendererScratch/vcpkg_installed/x64-windows/Microsoft Visual Studio/18/Community/Common7/Tools/rc.com"
      - "D:/WaterSurfaceRendererScratch/vcpkg_installed/x64-windows/Microsoft Visual Studio/18/Community/Common7/Tools/rc.exe"
      - "D:/WaterSurfaceRendererScratch/vcpkg_installed/x64-windows/Microsoft Visual Studio/18/Community/Common7/Tools/rc"
      - "D:/WaterSurfaceRendererScratch/vcpkg_installed/x64-windows/Users/xukeheng/AppData/Local/vcpkg/downloads/tools/powershell-core-7.5.4-windows/rc.com"
      - "D:/WaterSurfaceRendererScratch/vcpkg_installed/x64-windows/Users/xukeheng/AppData/Local/vcpkg/downloads/tools/powershell-core-7.5.4-windows/rc.exe"
      - "D:/WaterSurfaceRendererScratch/vcpkg_installed/x64-windows/Users/xukeheng/AppData/Local/vcpkg/downloads/tools/powershell-core-7.5.4-windows/rc"
      - "D:/WaterSurfaceRendererScratch/vcpkg_installed/x64-windows/Windows/System32/rc.com"
      - "D:/WaterSurfaceRendererScratch/vcpkg_installed/x64-windows/Windows/System32/rc.exe"
      - "D:/WaterSurfaceRendererScratch/vcpkg_installed/x64-windows/Windows/System32/rc"
      - "D:/WaterSurfaceRendererScratch/vcpkg_installed/x64-windows/Windows/rc.com"
      - "D:/WaterSurfaceRendererScratch/vcpkg_installed/x64-windows/Windows/rc.exe"
      - "D:/WaterSurfaceRendererScratch/vcpkg_installed/x64-windows/Windows/rc"
      - "D:/WaterSurfaceRendererScratch/vcpkg_installed/x64-windows/Windows/System32/wbem/rc.com"
      - "D:/WaterSurfaceRendererScratch/vcpkg_installed/x64-windows/Windows/System32/wbem/rc.exe"
      - "D:/WaterSurfaceRendererScratch/vcpkg_installed/x64-windows/Windows/System32/wbem/rc"
      - "D:/WaterSurfaceRendererScratch/vcpkg_installed/x64-windows/Windows/System32/WindowsPowerShell/v1.0/rc.com"
      - "D:/WaterSurfaceRendererScratch/vcpkg_installed/x64-windows/Windows/System32/WindowsPowerShell/v1.0/rc.exe"
      - "D:/WaterSurfaceRendererScratch/vcpkg_installed/x64-windows/Windows/System32/WindowsPowerShell/v1.0/rc"
      - "D:/WaterSurfaceRendererScratch/vcpkg_installed/x64-windows/Windows/System32/OpenSSH/rc.com"
      - "D:/WaterSurfaceRendererScratch/vcpkg_installed/x64-windows/Windows/System32/OpenSSH/rc.exe"
      - "D:/WaterSurfaceRendererScratch/vcpkg_installed/x64-windows/Windows/System32/OpenSSH/rc"
      - "D:/WaterSurfaceRendererScratch/vcpkg_installed/x64-windows/Microsoft Visual Studio/18/Community/Common7/IDE/CommonExtensions/Microsoft/CMake/CMake/bin/rc.com"
      - "D:/WaterSurfaceRendererScratch/vcpkg_installed/x64-windows/Microsoft Visual Studio/18/Community/Common7/IDE/CommonExtensions/Microsoft/CMake/CMake/bin/rc.exe"
      - "D:/WaterSurfaceRendererScratch/vcpkg_installed/x64-windows/Microsoft Visual Studio/18/Community/Common7/IDE/CommonExtensions/Microsoft/CMake/CMake/bin/rc"
      - "D:/WaterSurfaceRendererScratch/vcpkg_installed/x64-windows/Microsoft Visual Studio/18/Community/Common7/IDE/CommonExtensions/Microsoft/CMake/Ninja/rc.com"
      - "D:/WaterSurfaceRendererScratch/vcpkg_installed/x64-windows/Microsoft Visual Studio/18/Community/Common7/IDE/CommonExtensions/Microsoft/CMake/Ninja/rc.exe"
      - "D:/WaterSurfaceRendererScratch/vcpkg_installed/x64-windows/Microsoft Visual Studio/18/Community/Common7/IDE/CommonExtensions/Microsoft/CMake/Ninja/rc"
      - "D:/WaterSurfaceRendererScratch/vcpkg_installed/x64-windows/Microsoft Visual Studio/18/Community/Common7/IDE/VC/Linux/bin/ConnectionManagerExe/rc.com"
      - "D:/WaterSurfaceRendererScratch/vcpkg_installed/x64-windows/Microsoft Visual Studio/18/Community/Common7/IDE/VC/Linux/bin/ConnectionManagerExe/rc.exe"
      - "D:/WaterSurfaceRendererScratch/vcpkg_installed/x64-windows/Microsoft Visual Studio/18/Community/Common7/IDE/VC/Linux/bin/ConnectionManagerExe/rc"
      - "D:/WaterSurfaceRendererScratch/vcpkg_installed/x64-windows/Microsoft Visual Studio/18/Community/VC/vcpkg/rc.com"
      - "D:/WaterSurfaceRendererScratch/vcpkg_installed/x64-windows/Microsoft Visual Studio/18/Community/VC/vcpkg/rc.exe"
      - "D:/WaterSurfaceRendererScratch/vcpkg_installed/x64-windows/Microsoft Visual Studio/18/Community/VC/vcpkg/rc"
      - "D:/WaterSurfaceRendererScratch/vcpkg_installed/x64-windows/Program Files/bin/rc.com"
      - "D:/WaterSurfaceRendererScratch/vcpkg_installed/x64-windows/Program Files/bin/rc.exe"
      - "D:/WaterSurfaceRendererScratch/vcpkg_installed/x64-windows/Program Files/bin/rc"
      - "D:/WaterSurfaceRendererScratch/vcpkg_installed/x64-windows/Program Files/sbin/rc.com"
      - "D:/WaterSurfaceRendererScratch/vcpkg_installed/x64-windows/Program Files/sbin/rc.exe"
      - "D:/WaterSurfaceRendererScratch/vcpkg_installed/x64-windows/Program Files/sbin/rc"
      - "D:/WaterSurfaceRendererScratch/vcpkg_installed/x64-windows/Program Files/rc.com"
      - "D:/WaterSurfaceRendererScratch/vcpkg_installed/x64-windows/Program Files/rc.exe"
      - "D:/WaterSurfaceRendererScratch/vcpkg_installed/x64-windows/Program Files/rc"
      - "D:/WaterSurfaceRendererScratch/vcpkg_installed/x64-windows/Program Files (x86)/bin/rc.com"
      - "D:/WaterSurfaceRendererScratch/vcpkg_installed/x64-windows/Program Files (x86)/bin/rc.exe"
      - "D:/WaterSurfaceRendererScratch/vcpkg_installed/x64-windows/Program Files (x86)/bin/rc"
      - "D:/WaterSurfaceRendererScratch/vcpkg_installed/x64-windows/Program Files (x86)/sbin/rc.com"
      - "D:/WaterSurfaceRendererScratch/vcpkg_installed/x64-windows/Program Files (x86)/sbin/rc.exe"
      - "D:/WaterSurfaceRendererScratch/vcpkg_installed/x64-windows/Program Files (x86)/sbin/rc"
      - "D:/WaterSurfaceRendererScratch/vcpkg_installed/x64-windows/Program Files (x86)/rc.com"
      - "D:/WaterSurfaceRendererScratch/vcpkg_installed/x64-windows/Program Files (x86)/rc.exe"
      - "D:/WaterSurfaceRendererScratch/vcpkg_installed/x64-windows/Program Files (x86)/rc"
      - "D:/WaterSurfaceRendererScratch/vcpkg_installed/x64-windows/Microsoft Visual Studio/18/Community/Common7/IDE/CommonExtensions/Microsoft/CMake/CMake/bin/rc.com"
      - "D:/WaterSurfaceRendererScratch/vcpkg_installed/x64-windows/Microsoft Visual Studio/18/Community/Common7/IDE/CommonExtensions/Microsoft/CMake/CMake/bin/rc.exe"
      - "D:/WaterSurfaceRendererScratch/vcpkg_installed/x64-windows/Microsoft Visual Studio/18/Community/Common7/IDE/CommonExtensions/Microsoft/CMake/CMake/bin/rc"
      - "D:/WaterSurfaceRendererScratch/vcpkg_installed/x64-windows/Microsoft Visual Studio/18/Community/Common7/IDE/CommonExtensions/Microsoft/CMake/CMake/sbin/rc.com"
      - "D:/WaterSurfaceRendererScratch/vcpkg_installed/x64-windows/Microsoft Visual Studio/18/Community/Common7/IDE/CommonExtensions/Microsoft/CMake/CMake/sbin/rc.exe"
      - "D:/WaterSurfaceRendererScratch/vcpkg_installed/x64-windows/Microsoft Visual Studio/18/Community/Common7/IDE/CommonExtensions/Microsoft/CMake/CMake/sbin/rc"
      - "D:/WaterSurfaceRendererScratch/vcpkg_installed/x64-windows/Microsoft Visual Studio/18/Community/Common7/IDE/CommonExtensions/Microsoft/CMake/CMake/rc.com"
      - "D:/WaterSurfaceRendererScratch/vcpkg_installed/x64-windows/Microsoft Visual Studio/18/Community/Common7/IDE/CommonExtensions/Microsoft/CMake/CMake/rc.exe"
      - "D:/WaterSurfaceRendererScratch/vcpkg_installed/x64-windows/Microsoft Visual Studio/18/Community/Common7/IDE/CommonExtensions/Microsoft/CMake/CMake/rc"
      - "D:/WaterSurfaceRendererScratch/vcpkg_installed/x64-windows/WaterSurfaceRendererScratch/vcpkg_installed/vcpkg/pkgs/glfw3_x64-windows/debug/bin/rc.com"
      - "D:/WaterSurfaceRendererScratch/vcpkg_installed/x64-windows/WaterSurfaceRendererScratch/vcpkg_installed/vcpkg/pkgs/glfw3_x64-windows/debug/bin/rc.exe"
      - "D:/WaterSurfaceRendererScratch/vcpkg_installed/x64-windows/WaterSurfaceRendererScratch/vcpkg_installed/vcpkg/pkgs/glfw3_x64-windows/debug/bin/rc"
      - "D:/WaterSurfaceRendererScratch/vcpkg_installed/x64-windows/WaterSurfaceRendererScratch/vcpkg_installed/vcpkg/pkgs/glfw3_x64-windows/debug/sbin/rc.com"
      - "D:/WaterSurfaceRendererScratch/vcpkg_installed/x64-windows/WaterSurfaceRendererScratch/vcpkg_installed/vcpkg/pkgs/glfw3_x64-windows/debug/sbin/rc.exe"
      - "D:/WaterSurfaceRendererScratch/vcpkg_installed/x64-windows/WaterSurfaceRendererScratch/vcpkg_installed/vcpkg/pkgs/glfw3_x64-windows/debug/sbin/rc"
      - "D:/WaterSurfaceRendererScratch/vcpkg_installed/x64-windows/WaterSurfaceRendererScratch/vcpkg_installed/vcpkg/pkgs/glfw3_x64-windows/debug/rc.com"
      - "D:/WaterSurfaceRendererScratch/vcpkg_installed/x64-windows/WaterSurfaceRendererScratch/vcpkg_installed/vcpkg/pkgs/glfw3_x64-windows/debug/rc.exe"
      - "D:/WaterSurfaceRendererScratch/vcpkg_installed/x64-windows/WaterSurfaceRendererScratch/vcpkg_installed/vcpkg/pkgs/glfw3_x64-windows/debug/rc"
      - "D:/WaterSurfaceRendererScratch/vcpkg_installed/x64-windows/debug/bin/rc.com"
      - "D:/WaterSurfaceRendererScratch/vcpkg_installed/x64-windows/debug/bin/rc.exe"
      - "D:/WaterSurfaceRendererScratch/vcpkg_installed/x64-windows/debug/bin/rc"
      - "D:/WaterSurfaceRendererScratch/vcpkg_installed/x64-windows/debug/sbin/rc.com"
      - "D:/WaterSurfaceRendererScratch/vcpkg_installed/x64-windows/debug/sbin/rc.exe"
      - "D:/WaterSurfaceRendererScratch/vcpkg_installed/x64-windows/debug/sbin/rc"
      - "D:/WaterSurfaceRendererScratch/vcpkg_installed/x64-windows/debug/rc.com"
      - "D:/WaterSurfaceRendererScratch/vcpkg_installed/x64-windows/debug/rc.exe"
      - "D:/WaterSurfaceRendererScratch/vcpkg_installed/x64-windows/debug/rc"
      - "D:/WaterSurfaceRendererScratch/vcpkg_installed/x64-windows/bin/rc.com"
      - "D:/WaterSurfaceRendererScratch/vcpkg_installed/x64-windows/bin/rc.exe"
      - "D:/WaterSurfaceRendererScratch/vcpkg_installed/x64-windows/bin/rc"
      - "D:/WaterSurfaceRendererScratch/vcpkg_installed/x64-windows/sbin/rc.com"
      - "D:/WaterSurfaceRendererScratch/vcpkg_installed/x64-windows/sbin/rc.exe"
      - "D:/WaterSurfaceRendererScratch/vcpkg_installed/x64-windows/sbin/rc"
      - "D:/WaterSurfaceRendererScratch/vcpkg_installed/x64-windows/rc.com"
      - "D:/WaterSurfaceRendererScratch/vcpkg_installed/x64-windows/rc.exe"
      - "D:/WaterSurfaceRendererScratch/vcpkg_installed/x64-windows/rc"
      - "D:/WaterSurfaceRendererScratch/vcpkg_installed/x64-windows/tools/rc.com"
      - "D:/WaterSurfaceRendererScratch/vcpkg_installed/x64-windows/tools/rc.exe"
      - "D:/WaterSurfaceRendererScratch/vcpkg_installed/x64-windows/tools/rc"
      - "D:/Microsoft Visual Studio/18/Community/VC/Tools/MSVC/14.51.36231/bin/Hostx64/x64/rc.com"
      - "D:/Microsoft Visual Studio/18/Community/VC/Tools/MSVC/14.51.36231/bin/Hostx64/x64/rc.exe"
      - "D:/Microsoft Visual Studio/18/Community/VC/Tools/MSVC/14.51.36231/bin/Hostx64/x64/rc"
      - "D:/Microsoft Visual Studio/18/Community/Common7/IDE/VC/vcpackages/rc.com"
      - "D:/Microsoft Visual Studio/18/Community/Common7/IDE/VC/vcpackages/rc.exe"
      - "D:/Microsoft Visual Studio/18/Community/Common7/IDE/VC/vcpackages/rc"
      - "D:/Microsoft Visual Studio/18/Community/Common7/IDE/CommonExtensions/Microsoft/TestWindow/rc.com"
      - "D:/Microsoft Visual Studio/18/Community/Common7/IDE/CommonExtensions/Microsoft/TestWindow/rc.exe"
      - "D:/Microsoft Visual Studio/18/Community/Common7/IDE/CommonExtensions/Microsoft/TestWindow/rc"
      - "D:/Microsoft Visual Studio/18/Community/Common7/IDE/CommonExtensions/Microsoft/TeamFoundation/Team Explorer/rc.com"
      - "D:/Microsoft Visual Studio/18/Community/Common7/IDE/CommonExtensions/Microsoft/TeamFoundation/Team Explorer/rc.exe"
      - "D:/Microsoft Visual Studio/18/Community/Common7/IDE/CommonExtensions/Microsoft/TeamFoundation/Team Explorer/rc"
      - "D:/Microsoft Visual Studio/18/Community/MSBuild/Current/Bin/Roslyn/rc.com"
      - "D:/Microsoft Visual Studio/18/Community/MSBuild/Current/Bin/Roslyn/rc.exe"
      - "D:/Microsoft Visual Studio/18/Community/MSBuild/Current/Bin/Roslyn/rc"
      - "C:/Program Files (x86)/Microsoft SDKs/Windows/v10.0A/bin/NETFX 4.8 Tools/x64/rc.com"
      - "C:/Program Files (x86)/Microsoft SDKs/Windows/v10.0A/bin/NETFX 4.8 Tools/x64/rc.exe"
      - "C:/Program Files (x86)/Microsoft SDKs/Windows/v10.0A/bin/NETFX 4.8 Tools/x64/rc"
      - "D:/Microsoft Visual Studio/18/Community/Team Tools/DiagnosticsHub/Collector/rc.com"
      - "D:/Microsoft Visual Studio/18/Community/Team Tools/DiagnosticsHub/Collector/rc.exe"
      - "D:/Microsoft Visual Studio/18/Community/Team Tools/DiagnosticsHub/Collector/rc"
      - "D:/Microsoft Visual Studio/18/Community/Common7/IDE/Extensions/Microsoft/CodeCoverage.Console/rc.com"
      - "D:/Microsoft Visual Studio/18/Community/Common7/IDE/Extensions/Microsoft/CodeCoverage.Console/rc.exe"
      - "D:/Microsoft Visual Studio/18/Community/Common7/IDE/Extensions/Microsoft/CodeCoverage.Console/rc"
      - "C:/Program Files (x86)/Windows Kits/10/bin/10.0.26100.0/x64/rc.com"
    found: "C:/Program Files (x86)/Windows Kits/10/bin/10.0.26100.0/x64/rc.exe"
    search_context:
      CMAKE_PROGRAM_PATH:
        - "D:/WaterSurfaceRendererScratch/vcpkg_installed/x64-windows/tools"
      CMAKE_PREFIX_PATH:
        - "D:/WaterSurfaceRendererScratch/vcpkg_installed/x64-windows/debug"
        - "D:/WaterSurfaceRendererScratch/vcpkg_installed/x64-windows"
      ENV{PATH}:
        - "D:\\Microsoft Visual Studio\\18\\Community\\VC\\Tools\\MSVC\\14.51.36231\\bin\\HostX64\\x64"
        - "D:\\Microsoft Visual Studio\\18\\Community\\Common7\\IDE\\VC\\VCPackages"
        - "D:\\Microsoft Visual Studio\\18\\Community\\Common7\\IDE\\CommonExtensions\\Microsoft\\TestWindow"
        - "D:\\Microsoft Visual Studio\\18\\Community\\Common7\\IDE\\CommonExtensions\\Microsoft\\TeamFoundation\\Team Explorer"
        - "D:\\Microsoft Visual Studio\\18\\Community\\MSBuild\\Current\\bin\\Roslyn"
        - "C:\\Program Files (x86)\\Microsoft SDKs\\Windows\\v10.0A\\bin\\NETFX 4.8 Tools\\x64\\"
        - "D:\\Microsoft Visual Studio\\18\\Community\\Team Tools\\DiagnosticsHub\\Collector"
        - "D:\\Microsoft Visual Studio\\18\\Community\\Common7\\IDE\\Extensions\\Microsoft\\CodeCoverage.Console"
        - "C:\\Program Files (x86)\\Windows Kits\\10\\bin\\10.0.26100.0\\\\x64"
        - "C:\\Program Files (x86)\\Windows Kits\\10\\bin\\\\x64"
        - "D:\\Microsoft Visual Studio\\18\\Community\\\\MSBuild\\Current\\Bin\\amd64"
        - "C:\\Windows\\Microsoft.NET\\Framework64\\v4.0.30319"
        - "D:\\Microsoft Visual Studio\\18\\Community\\Common7\\IDE\\"
        - "D:\\Microsoft Visual Studio\\18\\Community\\Common7\\Tools\\"
        - "C:\\Users\\xukeheng\\AppData\\Local\\vcpkg\\downloads\\tools\\powershell-core-7.5.4-windows"
        - "C:\\windows\\system32"
        - "C:\\windows"
        - "C:\\windows\\system32\\Wbem"
        - "C:\\windows\\system32\\WindowsPowerShell\\v1.0\\"
        - "C:\\windows\\system32\\OpenSSH\\"
        - "D:\\Microsoft Visual Studio\\18\\Community\\Common7\\IDE\\CommonExtensions\\Microsoft\\CMake\\CMake\\bin"
        - "D:\\Microsoft Visual Studio\\18\\Community\\Common7\\IDE\\CommonExtensions\\Microsoft\\CMake\\Ninja"
        - "D:\\Microsoft Visual Studio\\18\\Community\\Common7\\IDE\\VC\\Linux\\bin\\ConnectionManagerExe"
        - "D:\\Microsoft Visual Studio\\18\\Community\\VC\\vcpkg"
        - "D:\\Microsoft Visual Studio\\18\\Community\\Common7\\IDE\\CommonExtensions\\Microsoft\\CMake\\Ninja"
      CMAKE_INSTALL_PREFIX: "D:/WaterSurfaceRendererScratch/vcpkg_installed/vcpkg/pkgs/glfw3_x64-windows/debug"
      CMAKE_SYSTEM_PREFIX_PATH:
        - "C:/Program Files"
        - "C:/Program Files (x86)"
        - "D:/Microsoft Visual Studio/18/Community/Common7/IDE/CommonExtensions/Microsoft/CMake/CMake"
        - "D:/WaterSurfaceRendererScratch/vcpkg_installed/vcpkg/pkgs/glfw3_x64-windows/debug"
      CMAKE_FIND_ROOT_PATH: "D:/WaterSurfaceRendererScratch/vcpkg_installed/x64-windows/debug;D:/WaterSurfaceRendererScratch/vcpkg_installed/x64-windows"
  -
    kind: "try_compile-v1"
    backtrace:
      - "D:/Microsoft Visual Studio/18/Community/Common7/IDE/CommonExtensions/Microsoft/CMake/CMake/share/cmake-4.3/Modules/CMakeDetermineCompilerABI.cmake:83 (try_compile)"
      - "D:/Microsoft Visual Studio/18/Community/Common7/IDE/CommonExtensions/Microsoft/CMake/CMake/share/cmake-4.3/Modules/CMakeTestCCompiler.cmake:26 (CMAKE_DETERMINE_COMPILER_ABI)"
      - "CMakeLists.txt:3 (project)"
    checks:
      - "Detecting C compiler ABI info"
    directories:
      source: "D:/WaterSurfaceRendererScratch/vcpkg_installed/vcpkg/blds/glfw3/x64-windows-dbg/CMakeFiles/CMakeScratch/TryCompile-slkij1"
      binary: "D:/WaterSurfaceRendererScratch/vcpkg_installed/vcpkg/blds/glfw3/x64-windows-dbg/CMakeFiles/CMakeScratch/TryCompile-slkij1"
    cmakeVariables:
      CMAKE_C_FLAGS: " /nologo /DWIN32 /D_WINDOWS /utf-8 /MP "
      CMAKE_C_FLAGS_DEBUG: "/MDd /Z7 /Ob0 /Od /RTC1 "
      CMAKE_EXE_LINKER_FLAGS: "/machine:x64"
      CMAKE_MSVC_DEBUG_INFORMATION_FORMAT: ""
      CMAKE_MSVC_RUNTIME_LIBRARY: "MultiThreaded$<$<CONFIG:Debug>:Debug>$<$<STREQUAL:dynamic,dynamic>:DLL>"
      VCPKG_CHAINLOAD_TOOLCHAIN_FILE: "D:/Microsoft Visual Studio/18/Community/VC/vcpkg/scripts/toolchains/windows.cmake"
      VCPKG_CRT_LINKAGE: "dynamic"
      VCPKG_CXX_FLAGS: ""
      VCPKG_CXX_FLAGS_DEBUG: ""
      VCPKG_CXX_FLAGS_RELEASE: ""
      VCPKG_C_FLAGS: ""
      VCPKG_C_FLAGS_DEBUG: ""
      VCPKG_C_FLAGS_RELEASE: ""
      VCPKG_INSTALLED_DIR: "D:/WaterSurfaceRendererScratch/vcpkg_installed"
      VCPKG_LINKER_FLAGS: ""
      VCPKG_LINKER_FLAGS_DEBUG: ""
      VCPKG_LINKER_FLAGS_RELEASE: ""
      VCPKG_PLATFORM_TOOLSET: "v145"
      VCPKG_PREFER_SYSTEM_LIBS: "OFF"
      VCPKG_SET_CHARSET_FLAG: "ON"
      VCPKG_TARGET_ARCHITECTURE: "x64"
      VCPKG_TARGET_TRIPLET: "x64-windows"
      Z_VCPKG_ROOT_DIR: "D:/Microsoft Visual Studio/18/Community/VC/vcpkg"
    buildResult:
      variable: "CMAKE_C_ABI_COMPILED"
      cached: true
      stdout: |
        Change Dir: 'D:/WaterSurfaceRendererScratch/vcpkg_installed/vcpkg/blds/glfw3/x64-windows-dbg/CMakeFiles/CMakeScratch/TryCompile-slkij1'
        
        Run Build Command(s): "D:/Microsoft Visual Studio/18/Community/Common7/IDE/CommonExtensions/Microsoft/CMake/Ninja/ninja.exe" -v cmTC_45adc
        [1/2] "D:\\Microsoft Visual Studio\\18\\Community\\VC\\Tools\\MSVC\\14.51.36231\\bin\\Hostx64\\x64\\cl.exe"  /nologo -D_MBCS  /nologo /DWIN32 /D_WINDOWS /utf-8 /MP   /MDd /Z7 /Ob0 /Od /RTC1  -MDd /showIncludes /FoCMakeFiles\\cmTC_45adc.dir\\CMakeCCompilerABI.c.obj /FdCMakeFiles\\cmTC_45adc.dir\\ /FS -c "D:\\Microsoft Visual Studio\\18\\Community\\Common7\\IDE\\CommonExtensions\\Microsoft\\CMake\\CMake\\share\\cmake-4.3\\Modules\\CMakeCCompilerABI.c"
        [2/2] C:\\windows\\system32\\cmd.exe /C "cd . && "D:\\Microsoft Visual Studio\\18\\Community\\Common7\\IDE\\CommonExtensions\\Microsoft\\CMake\\CMake\\bin\\cmake.exe" -E vs_link_exe --msvc-ver=1951 --intdir=CMakeFiles\\cmTC_45adc.dir --rc=C:\\PROGRA~2\\WI3CF2~1\\10\\bin\\100261~1.0\\x64\\rc.exe --mt=C:\\PROGRA~2\\WI3CF2~1\\10\\bin\\100261~1.0\\x64\\mt.exe --manifests  -- "D:\\Microsoft Visual Studio\\18\\Community\\VC\\Tools\\MSVC\\14.51.36231\\bin\\Hostx64\\x64\\link.exe" /nologo CMakeFiles\\cmTC_45adc.dir\\CMakeCCompilerABI.c.obj  /out:cmTC_45adc.exe /implib:cmTC_45adc.lib /pdb:cmTC_45adc.pdb /version:0.0 /machine:x64 /nologo /debug /INCREMENTAL /subsystem:console  kernel32.lib user32.lib gdi32.lib winspool.lib shell32.lib ole32.lib oleaut32.lib uuid.lib comdlg32.lib advapi32.lib && cd ."
        
      exitCode: 0
  -
    kind: "message-v1"
    backtrace:
      - "D:/Microsoft Visual Studio/18/Community/Common7/IDE/CommonExtensions/Microsoft/CMake/CMake/share/cmake-4.3/Modules/CMakeDetermineCompilerABI.cmake:253 (message)"
      - "D:/Microsoft Visual Studio/18/Community/Common7/IDE/CommonExtensions/Microsoft/CMake/CMake/share/cmake-4.3/Modules/CMakeTestCCompiler.cmake:26 (CMAKE_DETERMINE_COMPILER_ABI)"
      - "CMakeLists.txt:3 (project)"
    message: |
      Parsed C implicit link information:
        link line regex: [^( *|.*[/\\])(ld[0-9]*(|\\.[a-rt-z][a-z]*|\\.s[a-np-z][a-z]*|\\.so[a-z]+)|link\\.exe|lld-link(\\.exe)?|CMAKE_LINK_STARTFILE-NOTFOUND|([^/\\]+-)?ld|collect2)[^/\\]*( |$)]
        linker tool regex: [^[ 	]*(->|"|[0-9]+>[ 	-]*Build:[ 	0-9]+ ms[ 	]*)?[ 	]*(([^"]*[/\\])?(ld[0-9]*(|\\.[a-rt-z][a-z]*|\\.s[a-np-z][a-z]*|\\.so[a-z]+)|link\\.exe|lld-link(\\.exe)?))("|,| |$)]
        implicit libs: []
        implicit objs: []
        implicit dirs: []
        implicit fwks: []
      
      
  -
    kind: "try_compile-v1"
    backtrace:
      - "D:/Microsoft Visual Studio/18/Community/Common7/IDE/CommonExtensions/Microsoft/CMake/CMake/share/cmake-4.3/Modules/Internal/CheckSourceCompiles.cmake:104 (try_compile)"
      - "D:/Microsoft Visual Studio/18/Community/Common7/IDE/CommonExtensions/Microsoft/CMake/CMake/share/cmake-4.3/Modules/CheckCSourceCompiles.cmake:103 (cmake_check_source_compiles)"
      - "D:/Microsoft Visual Studio/18/Community/Common7/IDE/CommonExtensions/Microsoft/CMake/CMake/share/cmake-4.3/Modules/FindThreads.cmake:160 (check_c_source_compiles)"
      - "D:/Microsoft Visual Studio/18/Community/Common7/IDE/CommonExtensions/Microsoft/CMake/CMake/share/cmake-4.3/Modules/FindThreads.cmake:226 (_threads_check_libc)"
      - "D:/Microsoft Visual Studio/18/Community/VC/vcpkg/scripts/buildsystems/vcpkg.cmake:908 (_find_package)"
      - "CMakeLists.txt:60 (find_package)"
    checks:
      - "Performing Test CMAKE_HAVE_LIBC_PTHREAD"
    directories:
      source: "D:/WaterSurfaceRendererScratch/vcpkg_installed/vcpkg/blds/glfw3/x64-windows-dbg/CMakeFiles/CMakeScratch/TryCompile-psy56a"
      binary: "D:/WaterSurfaceRendererScratch/vcpkg_installed/vcpkg/blds/glfw3/x64-windows-dbg/CMakeFiles/CMakeScratch/TryCompile-psy56a"
    cmakeVariables:
      CMAKE_C_FLAGS: " /nologo /DWIN32 /D_WINDOWS /utf-8 /MP "
      CMAKE_C_FLAGS_DEBUG: "/MDd /Z7 /Ob0 /Od /RTC1 "
      CMAKE_EXE_LINKER_FLAGS: "/machine:x64"
      CMAKE_MODULE_PATH: "D:/WaterSurfaceRendererScratch/vcpkg_installed/vcpkg/blds/glfw3/src/3.4-2448ff4533.clean/CMake/modules"
      CMAKE_MSVC_DEBUG_INFORMATION_FORMAT: ""
      CMAKE_MSVC_RUNTIME_LIBRARY: "MultiThreaded$<$<CONFIG:Debug>:Debug>$<$<STREQUAL:dynamic,dynamic>:DLL>"
      VCPKG_CHAINLOAD_TOOLCHAIN_FILE: "D:/Microsoft Visual Studio/18/Community/VC/vcpkg/scripts/toolchains/windows.cmake"
      VCPKG_CRT_LINKAGE: "dynamic"
      VCPKG_CXX_FLAGS: ""
      VCPKG_CXX_FLAGS_DEBUG: ""
      VCPKG_CXX_FLAGS_RELEASE: ""
      VCPKG_C_FLAGS: ""
      VCPKG_C_FLAGS_DEBUG: ""
      VCPKG_C_FLAGS_RELEASE: ""
      VCPKG_INSTALLED_DIR: "D:/WaterSurfaceRendererScratch/vcpkg_installed"
      VCPKG_LINKER_FLAGS: ""
      VCPKG_LINKER_FLAGS_DEBUG: ""
      VCPKG_LINKER_FLAGS_RELEASE: ""
      VCPKG_PLATFORM_TOOLSET: "v145"
      VCPKG_PREFER_SYSTEM_LIBS: "OFF"
      VCPKG_SET_CHARSET_FLAG: "ON"
      VCPKG_TARGET_ARCHITECTURE: "x64"
      VCPKG_TARGET_TRIPLET: "x64-windows"
      Z_VCPKG_ROOT_DIR: "D:/Microsoft Visual Studio/18/Community/VC/vcpkg"
    buildResult:
      variable: "CMAKE_HAVE_LIBC_PTHREAD"
      cached: true
      stdout: |
        Change Dir: 'D:/WaterSurfaceRendererScratch/vcpkg_installed/vcpkg/blds/glfw3/x64-windows-dbg/CMakeFiles/CMakeScratch/TryCompile-psy56a'
        
        Run Build Command(s): "D:/Microsoft Visual Studio/18/Community/Common7/IDE/CommonExtensions/Microsoft/CMake/Ninja/ninja.exe" -v cmTC_08bda
        [1/2] "D:\\Microsoft Visual Studio\\18\\Community\\VC\\Tools\\MSVC\\14.51.36231\\bin\\Hostx64\\x64\\cl.exe"  /nologo -DCMAKE_HAVE_LIBC_PTHREAD -D_MBCS  /nologo /DWIN32 /D_WINDOWS /utf-8 /MP   /MDd /Z7 /Ob0 /Od /RTC1  -MDd /showIncludes /FoCMakeFiles\\cmTC_08bda.dir\\src.c.obj /FdCMakeFiles\\cmTC_08bda.dir\\ /FS -c D:\\WaterSurfaceRendererScratch\\vcpkg_installed\\vcpkg\\blds\\glfw3\\x64-windows-dbg\\CMakeFiles\\CMakeScratch\\TryCompile-psy56a\\src.c
        FAILED: [code=2] CMakeFiles/cmTC_08bda.dir/src.c.obj 
        "D:\\Microsoft Visual Studio\\18\\Community\\VC\\Tools\\MSVC\\14.51.36231\\bin\\Hostx64\\x64\\cl.exe"  /nologo -DCMAKE_HAVE_LIBC_PTHREAD -D_MBCS  /nologo /DWIN32 /D_WINDOWS /utf-8 /MP   /MDd /Z7 /Ob0 /Od /RTC1  -MDd /showIncludes /FoCMakeFiles\\cmTC_08bda.dir\\src.c.obj /FdCMakeFiles\\cmTC_08bda.dir\\ /FS -c D:\\WaterSurfaceRendererScratch\\vcpkg_installed\\vcpkg\\blds\\glfw3\\x64-windows-dbg\\CMakeFiles\\CMakeScratch\\TryCompile-psy56a\\src.c
        D:\\WaterSurfaceRendererScratch\\vcpkg_installed\\vcpkg\\blds\\glfw3\\x64-windows-dbg\\CMakeFiles\\CMakeScratch\\TryCompile-psy56a\\src.c(1): fatal error C1083: 无法打开包括文件: “pthread.h”: No such file or directory
        ninja: build stopped: subcommand failed.
        
      exitCode: 2
  -
    kind: "try_compile-v1"
    backtrace:
      - "D:/Microsoft Visual Studio/18/Community/Common7/IDE/CommonExtensions/Microsoft/CMake/CMake/share/cmake-4.3/Modules/CheckLibraryExists.cmake:154 (try_compile)"
      - "D:/Microsoft Visual Studio/18/Community/Common7/IDE/CommonExtensions/Microsoft/CMake/CMake/share/cmake-4.3/Modules/FindThreads.cmake:175 (check_library_exists)"
      - "D:/Microsoft Visual Studio/18/Community/Common7/IDE/CommonExtensions/Microsoft/CMake/CMake/share/cmake-4.3/Modules/FindThreads.cmake:238 (_threads_check_lib)"
      - "D:/Microsoft Visual Studio/18/Community/VC/vcpkg/scripts/buildsystems/vcpkg.cmake:908 (_find_package)"
      - "CMakeLists.txt:60 (find_package)"
    checks:
      - "Looking for pthread_create in pthreads"
    directories:
      source: "D:/WaterSurfaceRendererScratch/vcpkg_installed/vcpkg/blds/glfw3/x64-windows-dbg/CMakeFiles/CMakeScratch/TryCompile-3kc4ef"
      binary: "D:/WaterSurfaceRendererScratch/vcpkg_installed/vcpkg/blds/glfw3/x64-windows-dbg/CMakeFiles/CMakeScratch/TryCompile-3kc4ef"
    cmakeVariables:
      CMAKE_C_FLAGS: " /nologo /DWIN32 /D_WINDOWS /utf-8 /MP "
      CMAKE_C_FLAGS_DEBUG: "/MDd /Z7 /Ob0 /Od /RTC1 "
      CMAKE_EXE_LINKER_FLAGS: "/machine:x64"
      CMAKE_MODULE_PATH: "D:/WaterSurfaceRendererScratch/vcpkg_installed/vcpkg/blds/glfw3/src/3.4-2448ff4533.clean/CMake/modules"
      CMAKE_MSVC_DEBUG_INFORMATION_FORMAT: ""
      CMAKE_MSVC_RUNTIME_LIBRARY: "MultiThreaded$<$<CONFIG:Debug>:Debug>$<$<STREQUAL:dynamic,dynamic>:DLL>"
      VCPKG_CHAINLOAD_TOOLCHAIN_FILE: "D:/Microsoft Visual Studio/18/Community/VC/vcpkg/scripts/toolchains/windows.cmake"
      VCPKG_CRT_LINKAGE: "dynamic"
      VCPKG_CXX_FLAGS: ""
      VCPKG_CXX_FLAGS_DEBUG: ""
      VCPKG_CXX_FLAGS_RELEASE: ""
      VCPKG_C_FLAGS: ""
      VCPKG_C_FLAGS_DEBUG: ""
      VCPKG_C_FLAGS_RELEASE: ""
      VCPKG_INSTALLED_DIR: "D:/WaterSurfaceRendererScratch/vcpkg_installed"
      VCPKG_LINKER_FLAGS: ""
      VCPKG_LINKER_FLAGS_DEBUG: ""
      VCPKG_LINKER_FLAGS_RELEASE: ""
      VCPKG_PLATFORM_TOOLSET: "v145"
      VCPKG_PREFER_SYSTEM_LIBS: "OFF"
      VCPKG_SET_CHARSET_FLAG: "ON"
      VCPKG_TARGET_ARCHITECTURE: "x64"
      VCPKG_TARGET_TRIPLET: "x64-windows"
      Z_VCPKG_ROOT_DIR: "D:/Microsoft Visual Studio/18/Community/VC/vcpkg"
    buildResult:
      variable: "CMAKE_HAVE_PTHREADS_CREATE"
      cached: true
      stdout: |
        Change Dir: 'D:/WaterSurfaceRendererScratch/vcpkg_installed/vcpkg/blds/glfw3/x64-windows-dbg/CMakeFiles/CMakeScratch/TryCompile-3kc4ef'
        
        Run Build Command(s): "D:/Microsoft Visual Studio/18/Community/Common7/IDE/CommonExtensions/Microsoft/CMake/Ninja/ninja.exe" -v cmTC_f690c
        [1/2] "D:\\Microsoft Visual Studio\\18\\Community\\VC\\Tools\\MSVC\\14.51.36231\\bin\\Hostx64\\x64\\cl.exe"  /nologo -D_MBCS  /nologo /DWIN32 /D_WINDOWS /utf-8 /MP  -DCHECK_FUNCTION_EXISTS=pthread_create /MDd /Z7 /Ob0 /Od /RTC1  -MDd /showIncludes /FoCMakeFiles\\cmTC_f690c.dir\\CheckFunctionExists.c.obj /FdCMakeFiles\\cmTC_f690c.dir\\ /FS -c D:\\WaterSurfaceRendererScratch\\vcpkg_installed\\vcpkg\\blds\\glfw3\\x64-windows-dbg\\CMakeFiles\\CMakeScratch\\TryCompile-3kc4ef\\CheckFunctionExists.c
        [2/2] C:\\windows\\system32\\cmd.exe /C "cd . && "D:\\Microsoft Visual Studio\\18\\Community\\Common7\\IDE\\CommonExtensions\\Microsoft\\CMake\\CMake\\bin\\cmake.exe" -E vs_link_exe --msvc-ver=1951 --intdir=CMakeFiles\\cmTC_f690c.dir --rc=C:\\PROGRA~2\\WI3CF2~1\\10\\bin\\100261~1.0\\x64\\rc.exe --mt=C:\\PROGRA~2\\WI3CF2~1\\10\\bin\\100261~1.0\\x64\\mt.exe --manifests  -- "D:\\Microsoft Visual Studio\\18\\Community\\VC\\Tools\\MSVC\\14.51.36231\\bin\\Hostx64\\x64\\link.exe" /nologo CMakeFiles\\cmTC_f690c.dir\\CheckFunctionExists.c.obj  /out:cmTC_f690c.exe /implib:cmTC_f690c.lib /pdb:cmTC_f690c.pdb /version:0.0 /machine:x64 /nologo /debug /INCREMENTAL /subsystem:console  pthreads.lib  kernel32.lib user32.lib gdi32.lib winspool.lib shell32.lib ole32.lib oleaut32.lib uuid.lib comdlg32.lib advapi32.lib && cd ."
        FAILED: [code=4294967295] cmTC_f690c.exe 
        C:\\windows\\system32\\cmd.exe /C "cd . && "D:\\Microsoft Visual Studio\\18\\Community\\Common7\\IDE\\CommonExtensions\\Microsoft\\CMake\\CMake\\bin\\cmake.exe" -E vs_link_exe --msvc-ver=1951 --intdir=CMakeFiles\\cmTC_f690c.dir --rc=C:\\PROGRA~2\\WI3CF2~1\\10\\bin\\100261~1.0\\x64\\rc.exe --mt=C:\\PROGRA~2\\WI3CF2~1\\10\\bin\\100261~1.0\\x64\\mt.exe --manifests  -- "D:\\Microsoft Visual Studio\\18\\Community\\VC\\Tools\\MSVC\\14.51.36231\\bin\\Hostx64\\x64\\link.exe" /nologo CMakeFiles\\cmTC_f690c.dir\\CheckFunctionExists.c.obj  /out:cmTC_f690c.exe /implib:cmTC_f690c.lib /pdb:cmTC_f690c.pdb /version:0.0 /machine:x64 /nologo /debug /INCREMENTAL /subsystem:console  pthreads.lib  kernel32.lib user32.lib gdi32.lib winspool.lib shell32.lib ole32.lib oleaut32.lib uuid.lib comdlg32.lib advapi32.lib && cd ."
        LINK Pass 1: command "D:\\Microsoft Visual Studio\\18\\Community\\VC\\Tools\\MSVC\\14.51.36231\\bin\\Hostx64\\x64\\link.exe /nologo CMakeFiles\\cmTC_f690c.dir\\CheckFunctionExists.c.obj /out:cmTC_f690c.exe /implib:cmTC_f690c.lib /pdb:cmTC_f690c.pdb /version:0.0 /machine:x64 /nologo /debug /INCREMENTAL /subsystem:console pthreads.lib kernel32.lib user32.lib gdi32.lib winspool.lib shell32.lib ole32.lib oleaut32.lib uuid.lib comdlg32.lib advapi32.lib /MANIFEST /MANIFESTFILE:CMakeFiles\\cmTC_f690c.dir/intermediate.manifest CMakeFiles\\cmTC_f690c.dir/manifest.res" failed (exit code 1104) with the following output:
        LINK : fatal error LNK1104: 无法打开文件“pthreads.lib”\x0d
        ninja: build stopped: subcommand failed.
        
      exitCode: -1
  -
    kind: "try_compile-v1"
    backtrace:
      - "D:/Microsoft Visual Studio/18/Community/Common7/IDE/CommonExtensions/Microsoft/CMake/CMake/share/cmake-4.3/Modules/CheckLibraryExists.cmake:154 (try_compile)"
      - "D:/Microsoft Visual Studio/18/Community/Common7/IDE/CommonExtensions/Microsoft/CMake/CMake/share/cmake-4.3/Modules/FindThreads.cmake:175 (check_library_exists)"
      - "D:/Microsoft Visual Studio/18/Community/Common7/IDE/CommonExtensions/Microsoft/CMake/CMake/share/cmake-4.3/Modules/FindThreads.cmake:239 (_threads_check_lib)"
      - "D:/Microsoft Visual Studio/18/Community/VC/vcpkg/scripts/buildsystems/vcpkg.cmake:908 (_find_package)"
      - "CMakeLists.txt:60 (find_package)"
    checks:
      - "Looking for pthread_create in pthread"
    directories:
      source: "D:/WaterSurfaceRendererScratch/vcpkg_installed/vcpkg/blds/glfw3/x64-windows-dbg/CMakeFiles/CMakeScratch/TryCompile-z2gcfy"
      binary: "D:/WaterSurfaceRendererScratch/vcpkg_installed/vcpkg/blds/glfw3/x64-windows-dbg/CMakeFiles/CMakeScratch/TryCompile-z2gcfy"
    cmakeVariables:
      CMAKE_C_FLAGS: " /nologo /DWIN32 /D_WINDOWS /utf-8 /MP "
      CMAKE_C_FLAGS_DEBUG: "/MDd /Z7 /Ob0 /Od /RTC1 "
      CMAKE_EXE_LINKER_FLAGS: "/machine:x64"
      CMAKE_MODULE_PATH: "D:/WaterSurfaceRendererScratch/vcpkg_installed/vcpkg/blds/glfw3/src/3.4-2448ff4533.clean/CMake/modules"
      CMAKE_MSVC_DEBUG_INFORMATION_FORMAT: ""
      CMAKE_MSVC_RUNTIME_LIBRARY: "MultiThreaded$<$<CONFIG:Debug>:Debug>$<$<STREQUAL:dynamic,dynamic>:DLL>"
      VCPKG_CHAINLOAD_TOOLCHAIN_FILE: "D:/Microsoft Visual Studio/18/Community/VC/vcpkg/scripts/toolchains/windows.cmake"
      VCPKG_CRT_LINKAGE: "dynamic"
      VCPKG_CXX_FLAGS: ""
      VCPKG_CXX_FLAGS_DEBUG: ""
      VCPKG_CXX_FLAGS_RELEASE: ""
      VCPKG_C_FLAGS: ""
      VCPKG_C_FLAGS_DEBUG: ""
      VCPKG_C_FLAGS_RELEASE: ""
      VCPKG_INSTALLED_DIR: "D:/WaterSurfaceRendererScratch/vcpkg_installed"
      VCPKG_LINKER_FLAGS: ""
      VCPKG_LINKER_FLAGS_DEBUG: ""
      VCPKG_LINKER_FLAGS_RELEASE: ""
      VCPKG_PLATFORM_TOOLSET: "v145"
      VCPKG_PREFER_SYSTEM_LIBS: "OFF"
      VCPKG_SET_CHARSET_FLAG: "ON"
      VCPKG_TARGET_ARCHITECTURE: "x64"
      VCPKG_TARGET_TRIPLET: "x64-windows"
      Z_VCPKG_ROOT_DIR: "D:/Microsoft Visual Studio/18/Community/VC/vcpkg"
    buildResult:
      variable: "CMAKE_HAVE_PTHREAD_CREATE"
      cached: true
      stdout: |
        Change Dir: 'D:/WaterSurfaceRendererScratch/vcpkg_installed/vcpkg/blds/glfw3/x64-windows-dbg/CMakeFiles/CMakeScratch/TryCompile-z2gcfy'
        
        Run Build Command(s): "D:/Microsoft Visual Studio/18/Community/Common7/IDE/CommonExtensions/Microsoft/CMake/Ninja/ninja.exe" -v cmTC_3348f
        [1/2] "D:\\Microsoft Visual Studio\\18\\Community\\VC\\Tools\\MSVC\\14.51.36231\\bin\\Hostx64\\x64\\cl.exe"  /nologo -D_MBCS  /nologo /DWIN32 /D_WINDOWS /utf-8 /MP  -DCHECK_FUNCTION_EXISTS=pthread_create /MDd /Z7 /Ob0 /Od /RTC1  -MDd /showIncludes /FoCMakeFiles\\cmTC_3348f.dir\\CheckFunctionExists.c.obj /FdCMakeFiles\\cmTC_3348f.dir\\ /FS -c D:\\WaterSurfaceRendererScratch\\vcpkg_installed\\vcpkg\\blds\\glfw3\\x64-windows-dbg\\CMakeFiles\\CMakeScratch\\TryCompile-z2gcfy\\CheckFunctionExists.c
        [2/2] C:\\windows\\system32\\cmd.exe /C "cd . && "D:\\Microsoft Visual Studio\\18\\Community\\Common7\\IDE\\CommonExtensions\\Microsoft\\CMake\\CMake\\bin\\cmake.exe" -E vs_link_exe --msvc-ver=1951 --intdir=CMakeFiles\\cmTC_3348f.dir --rc=C:\\PROGRA~2\\WI3CF2~1\\10\\bin\\100261~1.0\\x64\\rc.exe --mt=C:\\PROGRA~2\\WI3CF2~1\\10\\bin\\100261~1.0\\x64\\mt.exe --manifests  -- "D:\\Microsoft Visual Studio\\18\\Community\\VC\\Tools\\MSVC\\14.51.36231\\bin\\Hostx64\\x64\\link.exe" /nologo CMakeFiles\\cmTC_3348f.dir\\CheckFunctionExists.c.obj  /out:cmTC_3348f.exe /implib:cmTC_3348f.lib /pdb:cmTC_3348f.pdb /version:0.0 /machine:x64 /nologo /debug /INCREMENTAL /subsystem:console  pthread.lib  kernel32.lib user32.lib gdi32.lib winspool.lib shell32.lib ole32.lib oleaut32.lib uuid.lib comdlg32.lib advapi32.lib && cd ."
        FAILED: [code=4294967295] cmTC_3348f.exe 
        C:\\windows\\system32\\cmd.exe /C "cd . && "D:\\Microsoft Visual Studio\\18\\Community\\Common7\\IDE\\CommonExtensions\\Microsoft\\CMake\\CMake\\bin\\cmake.exe" -E vs_link_exe --msvc-ver=1951 --intdir=CMakeFiles\\cmTC_3348f.dir --rc=C:\\PROGRA~2\\WI3CF2~1\\10\\bin\\100261~1.0\\x64\\rc.exe --mt=C:\\PROGRA~2\\WI3CF2~1\\10\\bin\\100261~1.0\\x64\\mt.exe --manifests  -- "D:\\Microsoft Visual Studio\\18\\Community\\VC\\Tools\\MSVC\\14.51.36231\\bin\\Hostx64\\x64\\link.exe" /nologo CMakeFiles\\cmTC_3348f.dir\\CheckFunctionExists.c.obj  /out:cmTC_3348f.exe /implib:cmTC_3348f.lib /pdb:cmTC_3348f.pdb /version:0.0 /machine:x64 /nologo /debug /INCREMENTAL /subsystem:console  pthread.lib  kernel32.lib user32.lib gdi32.lib winspool.lib shell32.lib ole32.lib oleaut32.lib uuid.lib comdlg32.lib advapi32.lib && cd ."
        LINK Pass 1: command "D:\\Microsoft Visual Studio\\18\\Community\\VC\\Tools\\MSVC\\14.51.36231\\bin\\Hostx64\\x64\\link.exe /nologo CMakeFiles\\cmTC_3348f.dir\\CheckFunctionExists.c.obj /out:cmTC_3348f.exe /implib:cmTC_3348f.lib /pdb:cmTC_3348f.pdb /version:0.0 /machine:x64 /nologo /debug /INCREMENTAL /subsystem:console pthread.lib kernel32.lib user32.lib gdi32.lib winspool.lib shell32.lib ole32.lib oleaut32.lib uuid.lib comdlg32.lib advapi32.lib /MANIFEST /MANIFESTFILE:CMakeFiles\\cmTC_3348f.dir/intermediate.manifest CMakeFiles\\cmTC_3348f.dir/manifest.res" failed (exit code 1104) with the following output:
        LINK : fatal error LNK1104: 无法打开文件“pthread.lib”\x0d
        ninja: build stopped: subcommand failed.
        
      exitCode: -1
...
